pca_1,pca_2,pca_3,pca_4,pca_5
0.25733998530953944,0.3589104040068955,-2.7936089862291045,-0.5841676906604927,-1.0835669756687
-0.5605203379780909,-0.18215782032232075,-1.9602570166014783,-0.4024492533707153,-0.29914045467561284
-1.1518082963222926,0.32642230877195616,-1.1638189439723698,-1.3812913089707934,-0.27956016865398614
-1.2734780592821837,-0.11139871035669488,-0.98260191933073,-1.0167027248486706,0.6755019932927127
-2.0466853856863003,0.38242246762203963,-0.3379416144382913,0.07205333841727636,2.2947538706480093
-1.9036260793272515,0.3769709118863567,-0.20501726692610267,-1.1664168588183006,-0.8265529197358326
-2.156198862076664,-0.10284623632263651,-0.14536294006834005,0.6652079835569966,-0.026409397321330515
-1.886874988660027,0.525753058713675,0.14563829074746498,-2.0090869161490605,0.061630005661730936
-2.1685762553499894,0.39091368706116386,0.16289526477260602,0.04147377711427443,-1.7088641756509548
1.4967551012223625,0.4350609821247502,-1.6724994263618578,0.8711284205912428,1.70591183539211
1.567075370123239,0.5683850488464003,-1.330553048258635,-1.0095451534402682,-0.7483446295985533
0.7141910013140269,0.4493146668629996,-0.7883093485140951,1.0073183549994875,-0.8007043831684154
0.7355541988594212,0.5175947139370023,-0.46754395359879924,-0.18068306438656226,-1.2609449167858358
0.6815921067034478,0.5321433203250995,-0.21607890430562204,-0.605037996672793,-0.81833313346994
0.24398299191591488,0.3128739047663118,0.4550276281962093,-1.5798709590952194,-0.1709279884271211
-0.0001238488997721154,0.48050046777258903,0.5221104916536311,-0.07045332281334989,-0.013658960050337232
-0.2198979092703677,0.40911954558106856,0.6143924158926648,1.380967618620115,-0.4864861306997861
-0.5792466744901204,0.493613118552906,1.3582172330860989,-0.5882022896421518,0.1854695495298201
-0.588776260123397,0.3660578000806758,1.6316252315010695,-1.6246637377972712,-0.10932272217892382
-0.5755885209469426,0.5402260973141466,1.6803154722123175,-1.3143110425873574,-0.40706799438023733
-0.6521038707919095,0.448644554804955,1.6582806818638336,0.10951939876828287,0.8425946043665539
-0.8948444999666783,-0.6160076984340018,1.7256285104646427,2.252648267302825,-0.063785432850553
2.7442025481498202,-1.8451469841353967,0.07881461991073337,2.1206887968631314,-0.1485907733066312
2.8817580286420865,-0.24860959305178038,0.5408206258294328,-0.636731460108035,0.08948235596973354
2.174724495295433,0.48563639948498716,0.9731693138581334,1.2204927166292299,-0.7518324900255484
2.4483152157222396,0.6558890260430182,1.558641957396068,-2.6378648734497614,1.5380135174753344
0.1632983319396582,2.3933038593501346,-3.104201458145576,1.2981917307722348,0.16281943674183583
0.08114449413569087,2.5086288397300804,-2.64705893374205,-0.590545354424435,-1.275883543612905
-0.6741657811394839,2.4079204742892943,-1.9901209705268723,0.4365321057176691,1.0439166090521834
-1.3496056865506416,2.3922178114241706,-1.280091792756523,0.5099147377413422,0.9638335016196087
-1.4972415711862452,2.4426290320532678,-0.8673527492204474,-0.5659483507043015,1.0562868067971194
-2.0863072717971742,2.445446495117043,-0.3654097084684937,-0.003694839093209548,-1.890788368635345
-2.1410237668297762,2.445415190003787,-0.10832389293749001,-0.4315725168062484,-0.430796284207102
-2.238676125883175,2.3709930444277494,-0.17325430498070452,1.0409786028629247,-0.5867209591726494
-2.108893421078161,2.390712481374076,0.0030438917710297574,0.18272287995777486,1.3212752613511793
-2.0956524879906215,2.4587880016969264,0.30967154819288895,-1.0071666199760974,0.8612520677121142
1.577498342696205,2.536204182339231,-1.567500764047614,-0.4573165592376869,-0.5131204864023583
1.3170004195285645,2.525824801992236,-1.2586413550868023,-0.18485994688420593,-1.1302431515483302
0.5910176918215015,2.4481689217891462,-0.5717236697276923,0.6311129740412097,0.394939349846459
0.5309930424642808,2.474541424016866,-0.3330336366351153,0.28245257557889347,-0.2541558312234601
-0.12155328000596496,2.4005189681145938,0.13021207020327027,1.580941509843186,-0.5782590867486805
-0.03229093662471751,2.5129512588187297,0.5048627306704676,-0.5232929202332606,-0.7747749596942467
-0.24400101482174588,2.4178202815723884,0.6156258180639834,0.7757949132784637,0.9359204684171116
-0.6308980669134463,2.4918291052964068,1.3358866147136716,-0.7807098381941664,0.8472751697551453
-0.5471800578113165,2.529172985720636,1.436981932905066,-1.3479531180268307,0.42374748490629655
-0.675093861386854,2.527446017931948,1.5990764870625525,-1.0988736357192923,-0.5053200031005972
-0.7554668420874702,2.4674735239604644,1.5517478064610353,0.2569983872711233,-1.2157653333374998
-0.6417351564424248,2.5024424457040455,1.7042557186027703,-0.35355474490044264,-1.2513033855647122
-0.8643233269462568,2.4044531894203973,1.8007956867867938,1.016760836734477,0.38517404926235616
3.038187047384138,2.5963354186822545,0.15738608859615608,-0.7838708940893636,-0.2569728997583214
2.894434397307251,2.5693112668720195,0.317691016880528,-0.24679488279847278,-0.46629274971427115
2.694840762227377,2.5227904786785187,0.4137784569320449,0.7935955667243407,-1.1956819026061394
1.9697476648683954,2.451418466470368,1.1039039930912482,1.71034879643623,-0.4481087162922861
2.2510122971399396,2.560930070977471,1.4263541565483586,-0.7286407803516464,1.060313494023137
0.2592134926783423,0.9030147565200047,-2.7705227233140155,-0.7062453302076174,0.09306751497543828
-0.44917016798692844,0.7599909444296002,-2.1067182853999356,-0.32699974842579105,-0.9876838296187669
-1.3075666423761507,0.8438818059866537,-1.3053703232066223,0.15883411494611832,-0.8122878708828384
-1.3975380147066583,0.8243258679689097,-1.082210628982232,0.1150130736333489,0.5903858864613003
-2.1845929365541616,0.7213265334111424,-0.46473417259543853,1.4565540869315121,1.9099227441925826
-2.0237603854369635,0.8410223641248803,-0.31063302056492803,0.008731807651434565,-0.9879235340165744
-2.1348018134062747,0.7903224241141779,-0.09448669295311435,0.2751609494628425,1.4489215206509196
-2.0082144439708633,0.7420917958145387,0.033467573849458976,-0.7767793301527964,-0.1750743546709141
-2.21219277792098,0.8184431264360053,0.13613978038198957,0.4186364027097231,-1.052916283653097
1.535944613622483,0.9261754793573455,-1.6623357822679992,0.17459679107996218,-1.6096955417594254
1.5791409409686499,0.9679214591935741,-1.2999521072347537,-1.2128237496623753,0.5020108359623082
0.7804448526523734,0.9197419148292328,-0.7313036835628254,0.08911394999109377,-1.8587885082532087
0.788521530172088,0.933667218254559,-0.3940175127982739,-0.8169923909913083,0.43537052841583185
0.6663898372373546,0.9206556680253513,-0.2140949631328369,-0.5196294393064739,0.13471567899705095
0.025340782479087613,0.8723674461681526,0.24892447963929545,0.6138969289017656,-1.372320870387638
0.018758682023514675,0.8827928937814933,0.5598656826402864,-0.3459037074325634,1.311023168783992
-0.005213567078300685,0.8208348716236137,0.8182604143812686,-1.1070893172807479,-0.6128668660323797
-0.598306574811863,0.913734514790866,1.334907284005851,-0.5707521506410574,-0.821589566986883
-0.655914125164867,0.9193455008978698,1.5830791017828791,-1.0227715630427443,0.3241961981473035
-0.7520576784650086,0.874083178324538,1.5069071572640125,0.45682504748004477,-1.8664890790429385
-0.5797987084539914,-0.17989479219681168,1.698414939114049,-0.7087449130904359,-0.054190635529016144
-0.7744586853810522,-0.8863102874915034,1.8291515280490296,0.951830170164639,-0.43910871819659647
2.9026008137509804,0.9666485143070489,0.27864189535344275,-0.19672262535839533,0.04923447221792797
2.9353314129495196,-0.9466250248049533,0.5847665642656993,-1.0990575753149554,0.8552789428691816
2.3909514683470516,1.0166959920092913,1.1875684779904316,-1.2854910331155072,-0.1747300230940532
2.249055024153494,0.9699889508765465,1.3674611495739546,-0.6038180293615659,0.48424242155869884
0.15401560366968653,2.2074334178462918,-2.855498853353943,0.04404008017274433,-0.9315538394311177
-0.3595382382843234,2.269261976678796,-1.9845268027382486,-1.6620396384375236,0.143681663122241
-1.3036210182846608,2.1892472746216525,-1.2758707487274046,-0.24582211162698855,-0.6476955611210633
-1.4481280712381766,2.1476432113100645,-1.1099450542052065,0.28773115423709406,0.16036489003533416
-2.310169553942316,2.0143277044732617,-0.5711653474089271,2.423161839903429,0.6623084517584722
-2.09480132220211,2.1560716604808436,-0.35983019567622443,0.39796525344649936,-1.6409245202629437
-2.1649409897041645,2.121907814440524,-0.1007583682877667,0.23136366487526816,1.2418805140453564
-1.9867521150470184,2.223802671446429,0.08411655688340557,-1.390101336193464,0.21302450533541747
-2.0650909921940936,2.2216849239673446,0.3158786040794619,-1.5016273802026205,0.672535954851499
1.5876089582591049,2.2908330576244578,-1.5827564580493634,-0.7352619542728903,-0.9248165890833763
1.5694526449043877,2.3077748965051117,-1.2847610326810839,-1.473136399441269,0.517949819177148
0.7438361164066797,2.1997285771686332,-0.713900333085448,0.25503995541006047,0.7628967187011567
0.758382353874198,2.2652526085809055,-0.40028918813292624,-0.8607896755788826,0.2283295218102687
0.6498845810952164,2.2577530896751585,-0.2060581385419412,-0.7077703006882614,0.07632799893842322
0.09745600734933763,2.2452930714204564,0.34996655374625346,-0.5124771816424064,-0.46446192789118596
-0.14090273575401963,2.16201398653496,0.4176632580129276,0.981562987524886,-0.3082244400174566
-0.25842239495647507,2.131973299269397,0.6172589316935717,1.350407103001753,0.33384833843510947
-0.7170662321221414,2.2094917015147155,1.2356303591551363,0.3236838139337529,-1.9948771961475256
-0.7337720220078893,2.2316387815921024,1.5267276767088087,-0.5613663288505728,-0.4031314513725332
-0.7640861283463222,2.202447506444404,1.525788488832196,0.24290778653062403,-1.2219201172616305
-0.6161509610797136,1.4228926582635992,1.6914797677861324,-0.735920807142728,-0.2601166576298829
2.858254128830304,2.256125141627993,-0.050637328902126987,0.9055529063113265,-1.3436849504382078
2.8078022673999072,2.2879074118035976,0.19529233486927963,0.4116048907808857,-1.8440181349720137
2.6360260593280516,1.7528607577854456,0.33716779627651994,1.4712138629105302,-0.9298437445821973
2.3816105724128622,2.3077067169956136,1.233588828318905,-1.4082521812849667,2.7442618569541826
2.300719368790116,2.334646529143659,1.4470404737925904,-1.5136767747144184,1.1691213742347473
0.36126733722759674,1.2875859599012618,-2.671360694306465,-1.992076546576872,0.4218134676172015
-0.4678594219956884,1.1623059767772759,-2.094964609189059,-0.19430710848133254,1.6097053349909123
-0.669827485881022,1.2223803840258132,-1.7576845863614905,-0.7598102678414372,-0.8526712649921903
-1.4218310318038976,1.10719437045925,-1.0880569876617685,0.2646884871477703,2.484400518796068
-2.184856568790371,1.0697041020938798,-0.4817068049526578,1.1558491105594253,0.8839848134937687
-1.9951034728516175,1.149029794218746,-0.26117588876558473,-0.3690489517547147,1.1119540819600553
-2.274779650454128,1.0580499722683838,-0.24018032200612416,1.5847423876367615,0.1191662783638656
-2.184244681274122,1.0981498683543438,-0.13193075385195585,0.9453273194069907,-0.23003474321151535
-1.9656379940834414,1.1854088208164506,0.1191476714095255,-0.9181760307518567,0.6839915008945213
1.5429805690656755,1.2201703078701838,-1.6324962718497213,0.036529091279868905,0.5815170736800358
1.4611314611930226,1.200818896603592,-1.3951988391318946,-0.005403869485077764,1.983973491045819
0.6331887945566065,1.2072695809013994,-0.5647787680380636,0.5895931948734392,-1.6715593489954481
0.6197127888359921,1.2471896381653969,-0.27416385669881155,-0.24107202795388613,-1.4860528978678595
0.0626039074560105,1.2117514015273516,0.28924134961841036,0.04701186875091513,-0.7695828675645326
-0.10407500414300956,1.1732661370466675,0.42294516799105425,0.7497410707029326,-0.8130237148058285
-0.13173583152272644,1.224805563399135,0.6866473246362693,-0.0071176988483007434,-1.7190068880857
-0.7969494986134767,1.1193043188559535,1.151964424048165,1.4795314958867813,-0.5458618604682178
-0.9474421635810745,1.0572735260716009,1.3182871440687276,2.0318156704648804,1.5940025510729379
-0.6244953922308824,-0.006632503546129469,1.622165978754236,-0.8882614609694461,0.8062740321796411
-0.7418104402399268,-0.6792464433149799,1.5261173047767678,1.0097264485381123,-0.5013217824198932
-0.8033664742550235,0.3149244915593581,1.7839225961273044,0.503358236946081,-0.9234920865573095
-0.6149800812417288,-0.3623007768651935,1.9942524286201795,-0.9529716946617249,0.8733871024407267
3.0625948238327387,1.3098144276757724,0.17000725915775294,-0.5177191952858531,-0.27202867015370336
2.9147810415269237,1.2826880124899611,0.3232433181954065,0.01841277573112596,-0.48123985012047565
2.8318301306475706,1.297599402047232,0.5353322413762556,-0.16459443207006327,-0.9644560284757407
2.384769177666389,1.2963434322931515,1.206875126213731,-1.305935595962932,2.5708945776275858
2.0800883683822606,1.238079282199926,1.1823913944086168,0.9471111332973945,-1.7713407823995164
0.40700699277350905,1.4400872243836254,-2.8930708107571483,-1.071291169933189,0.16561725684780906
-0.5515993377306628,1.3482766230080825,-2.2019311074719456,0.3884896248850854,0.003196021138505398
-0.6485998427976655,1.3665113381474092,-2.0079263219472137,0.37654643371965385,-1.3317387955928084
-1.289954947819443,1.364588753590938,-1.262125894362994,0.08907012375779416,-1.0401885866580447
-1.533028273545311,1.3764157549558085,-0.9495463503057547,0.023612072871641642,-1.988308567309082
-2.066040816494634,1.358183185584048,-0.361385162584062,0.12284508450057952,-1.7520325290036425
-2.1867902598622226,1.3103695211318744,-0.16130708268899732,0.43730428002044597,0.2962795430963276
-2.0699540259059606,1.387460237182205,-0.04082040718279124,-0.5346146254743276,-1.4015164350748204
-2.0833274827363426,1.3493033452321908,-0.014761459649311422,0.12273720795975954,-1.0543801432938127
-2.302889370448319,1.237375754221869,0.09952112332660651,1.6144520876429929,1.1360745968587231
1.546848971869701,1.4816566916951095,-1.3396889808444883,-1.2707185297228996,0.5897291493404664
1.391599054080835,1.4288983058398006,-1.1791577884938633,-0.5686799523759556,1.5633425932439846
0.6847532309420801,1.4343199422645663,-0.5179865215202933,-0.1505905819278709,-1.2374494220638563
0.43633775197817676,1.3144590909170037,-0.43425144761878376,1.6797295856000698,0.26694834244892995
0.08807058043850576,1.4335222548394322,0.3055714677778277,-0.42768244887670526,-0.9470945830100456
-0.03267886292908308,1.3857085903872588,0.5056495476728922,-0.11322325335683876,1.1012174890899242
-0.15708243577904332,1.4012152863860776,0.6622087163086083,0.06626314570648965,-0.7707949667666714
-0.7608082346974561,1.3122221392920566,1.2007426824233898,1.0006238082272791,1.3110610163434306
-0.6258612743246172,1.386091793135907,1.3463823648324316,-0.14141507362934075,0.46487500655915376
-0.6763386271708903,0.05896214532368182,1.567431561767676,-0.48258073349559094,1.0680060030919767
-0.7055923926563743,1.4027233862660629,1.5806990951820494,0.048455768447013034,-1.4083328191783948
-0.6459807136024399,1.4068088258102824,1.6797486453521615,-0.011443496389245366,-1.3354188657642352
-0.7435234488874523,1.369916960629455,1.9013748558516037,0.01338450526828355,1.010308529418783
3.030301736559995,0.27854203483276563,0.10896426100029687,-0.13047215505852044,-0.40346015347324393
2.887848686330184,1.4621885377865853,0.2968742006444329,0.1417117545421977,0.07822174865267378
2.812628166121323,-0.40943159706212917,0.4833586579579264,0.20215740943863905,0.23311311282314343
2.1316528047677346,1.4651296435630927,1.2291836409263872,0.20692735649608457,-1.3372308554679246
2.1154552461865794,1.3843116439072258,1.2822108457880457,1.101666960052169,1.1354576880547207
0.02526471335649717,2.215985086198709,-2.706872519235118,-0.05492912339895533,-0.15598406316961566
-0.6412215795330113,2.182816236273703,-1.9751543275101933,-0.03309929051054889,1.1698461130776812
-1.2694936659023874,2.2035370834526242,-1.2276496547689146,-0.5354563007847427,0.6672133506988556
-1.467053197428721,2.2148710417515223,-0.8524714869198241,-0.9624639182615018,1.1077809775599716
-1.973899703073241,2.241925335850546,-0.26090180888401265,-1.2929923072572327,-0.2443089267617675
-2.151872381010962,2.2094171492380728,-0.1451967474514304,-0.4923149173404754,-1.0650330791164668
-2.3012376392687917,2.0672972317282334,-0.2313935233986273,1.7460241856451768,0.6986228440285838
-2.1386841097397173,2.1756062166258756,-0.06653324510688484,0.34554133546848353,-1.570702125603283
-2.314384907762211,2.1145797837853757,0.07253519735541798,1.264095278006747,-0.8200686715201675
1.6240764644584296,2.316611975647101,-1.538225621105387,-1.0712915322601182,-0.2385376558299255
1.3382694557528472,2.197448694116663,-1.5029514325022921,1.122466282406252,-0.12304483880764731
0.7612263206541802,2.254695314715205,-0.7109023955433657,0.045313670108102555,-1.048335926121901
0.3596406143930921,2.1262100473305585,-0.5106938337647725,2.018268769513639,0.30525568539999254
-0.04791081930551439,2.1602395121561013,0.2063292340029084,0.7452937613236421,1.9538469958904947
0.052848791787711805,2.2984060369053108,0.5807536304038524,-1.5239032348088575,0.57439782908546
-0.23340656953098854,2.1182972065727923,0.3388676004326863,2.0873345126008034,-0.09131581109936716
-1.5002277306102951,2.2005265887550416,0.6411846409462039,-0.07988450783202597,-0.3572597132146455
-0.7540678097408546,2.1618562895289437,1.2304485937761451,0.8958977155093949,0.4625463486479429
-0.7670598675277474,2.232948345307122,1.4977855048017323,-0.12575988861045415,-0.8488694733996383
-0.6690759330580917,1.2405421810305512,1.6104636061924298,-0.5650870318237847,0.22063787323807202
-0.5552203166597419,1.572812562187006,1.7605968419396771,-1.3275259061290772,0.020832346414002174
2.9633101204567365,1.804181668515676,0.04868804769231394,-0.08558036971067465,-0.6935246151910464
2.8985616439584363,1.4616481097571148,0.2940290113956479,-0.29293963878584894,0.8563428690980632
2.7082389308490575,2.247528088528909,0.41619315498909976,0.635678191316286,-1.0530995165792476
1.8751510667324702,2.1299182244392485,1.0340664605354806,3.1723290654962946,-0.6100748875574407
0.07136991944863967,2.368966498326608,-2.908735926703911,0.8843277556990734,1.9376652427638545
-0.5710869885798391,2.401306714593999,-2.1881440086566695,0.4557771987009713,0.34354285597756934
-0.625422084568952,2.510524357208936,-1.6897802296335587,-1.6511099165660037,0.1449828265772235
-1.5266443493284714,2.3492859105856545,-1.1831668963526913,0.9646909285863554,0.829487717236846
-1.6993858181287387,2.322624541944593,-1.0622380941806475,1.7431146643622872,-0.3056600943902649
-1.9504945701662695,2.468885079315153,-0.21149655304396794,-1.3273629785705943,0.14939157455659752
-2.1096021188107845,2.447735741997552,-0.07625925094637617,-0.693282819588875,-0.8371029105235781
-2.3176994173920034,2.2917614793247068,-0.2355875128804031,2.0242289869400514,0.09227739039149738
-1.9773540243348025,2.4545954710154105,0.1278875192119527,-1.1821832380432895,0.6982819637303144
1.4765253568180283,2.4355975208620158,-1.6627654027431713,0.41691056925660125,1.9614108293009591
1.4490680308115893,2.5188482591277674,-1.417288267104271,-0.40696257838594524,-0.9047889429517835
1.4183126467381924,2.5443186647872102,-1.144275087206716,-1.1209487045345132,-0.16476183655283944
0.7714458860185179,2.5370885756584305,-0.398645421054608,-1.2621933571543373,-0.0220822941433662
0.08614275450255544,2.5004626846308,0.3319073187274507,-0.6010519749407869,-0.6979740776446351
-0.02035359330410621,2.4810370065098546,0.5318445152723176,-0.5246711741479915,0.24184003385851185
-0.12960576895971632,2.4589575761027547,0.7316963311011287,-0.3751745446841781,1.1072188120990134
-0.8349667936410939,2.351500149090543,1.1484671644985542,1.5480281258603512,0.8170235589633422
-0.6363270387503196,2.4616630530816397,1.3548048395580485,-0.2899522403997006,0.011147540073806191
-0.7235354328319408,1.1770502954223143,1.5505844513282814,-0.145492862444607,0.7970203721803155
-0.7643881734654091,0.8935998194099404,1.539607472519258,0.8349791827113456,0.45723292670535226
-0.579895991298581,0.7886104496166877,1.7570904719551366,-0.5817749227635013,1.2388063072784683
-0.7579151180706287,2.437089913693198,1.911557078368422,-0.03883913841632178,0.7964607189540244
2.9262490323944554,2.5090683298663947,0.05743650237533073,0.5370407375585596,-0.26392285584474684
2.7817419794409397,2.4674642665548068,0.22336219689752865,1.0705940034226422,0.5441375953116505
2.8421143753864166,1.4835233171290798,0.546630418949337,-0.4217140093652537,-1.029043572645176
2.17062673929904,2.5486061673248432,1.2984449916526544,-0.3994728999506362,-0.6421503704617083
0.2511284479632875,1.1596682055037266,-3.048539529009365,0.6738868184529815,-0.29146831482162766
0.0524671134302527,1.205264964626487,-2.698569870697252,0.10580495393998006,-1.7365732836815604
-0.7090409465176227,1.1246765385317372,-2.0632355407205942,1.1113193845463327,-0.748251081433698
-1.2617755705270122,1.1585821575777626,-1.2244298636203126,-0.11439017457791148,0.5095457500561454
-1.5184828164086321,1.164897127619172,-0.9261588194886212,-0.035504648669850966,-0.5872275571418266
-1.9287900779561868,1.1962728401585605,-0.20922113243699614,-1.2353638281888304,0.9869284200860303
-1.998657970183139,1.2338276614512234,0.004572035900912558,-1.633251736302354,-0.29047072958282405
-2.0349576885356537,1.18420965683076,0.004029873522664335,-0.8102467122071397,0.22254456491283742
-2.055148105443912,1.1432967492190154,0.02293457109337001,-0.0807230903759461,0.49535419342037756
-2.1441615735245128,1.1700320346159083,0.22224847807361897,-0.18803576435322086,-1.0795689493207026
1.5587068750592559,1.307491667492017,-1.3434404687876451,-1.4209913640443532,-0.2836127587592069
1.1675509084918534,1.120919130342597,-1.4061690063738208,1.8982159199812796,0.3629903888398718
0.6992986880787588,1.22280131492793,-0.49459899070315977,-0.2097073034693635,0.16363158810339848
0.6733588391109181,1.262953895464302,-0.2201377077967127,-0.9192266439172122,-0.11383027659918217
0.007178596484920387,1.183419408238569,0.22879949911612485,0.5236058671412934,-0.586586858671338
-0.2158252480508086,1.094265508860438,0.32156382956957913,1.9206418886177574,0.34682526432661714
-0.13572001856448856,1.192452674711172,0.6927504970885159,-0.0650253642321095,0.7046127066740514
-0.604420591590701,1.2333893104944245,1.3271602941849157,-0.7554686549394614,-0.27595255126952717
-0.8090076594463427,1.0946487116090862,1.1622966467291185,1.8924500683452556,-0.2895172182041537
-0.8455451541605435,1.1314036997090484,1.4174818311187232,1.1301804728193914,-0.17790275039332232
-0.7149256150404462,1.1551893353420895,1.5756226406492624,0.20321606233610626,-0.23023678532736022
-0.6415589458959361,1.2070118309376925,1.6832922907219765,0.004190275619265144,-1.0259361499936177
-0.682225846740889,1.2036572002423807,1.958462243909097,-0.5947514187295312,1.2857745728106735
3.0445610426033274,1.2807848645698654,0.158026293953882,-0.40456284403390425,1.299872286229999
2.8515721949427104,1.2775667608568964,0.23926732523128885,0.5233618788420341,-2.018472114190386
2.789178434293399,-0.050086006217208746,0.47304345001393955,0.4202909901690151,0.7106025555141307
2.166649142138041,1.2618790632116479,1.2740339216318428,-0.0687047302367276,0.28683014451973304
2.3252084930078167,1.3217823858076019,1.4677075857590207,-1.208602115876687,0.4573724159127378
0.17938486334492418,1.4660984514610318,-2.854394582049349,-0.05512106338671289,-1.8933886037392298
-0.4795556702931467,1.4960918526007339,-1.8434149010947396,-1.6469209548399149,0.7512690187863416
-1.3123365589988032,1.4341322299277401,-1.3105377272366814,0.015875686799086703,-1.981163641796514
-1.2727856898496666,1.4669405894828753,-0.9514472837195848,-1.3992093340587064,0.8337167177435106
-2.134827172553806,1.3336250826460727,-0.4126675769233053,0.7362213516076288,1.335660279466649
-2.258264169868519,1.323165021327443,-0.23972851578853094,0.9595244343475338,1.109549433299691
-2.105486929639547,1.3943529263639165,-0.06388284716930324,-0.2286564206697217,0.6516790661045829
-2.0471122810637667,1.4409972102384128,0.0011295764259118873,-0.5268874959018887,-1.4008505622337175
-2.1624270139206243,1.4307416756709355,0.18820637605412277,-0.3016963326141607,-1.6271787483790308
1.4495150748221128,1.4027996911191662,-1.7042998890702277,1.1022657033989562,1.1927782238515554
1.5100590544228867,1.4990026779796473,-1.3513681206395196,-0.566105875473117,0.5499763612976508
0.7623884160040413,1.4556375951216427,-0.7199503117436287,0.22805060024770957,-0.2732647088804228
0.8451042542503197,1.5487217831512199,-0.33479666716336665,-1.6094969147122986,-0.06456527303663412
0.7638743217828422,1.552246326892395,-0.11194861772128552,-1.7451646934101033,0.08073985718539098
-0.13534651800435718,1.3790817210539152,0.40037086251346365,0.7939975776444297,1.8570603822200058
0.07534140610174633,1.4978474586781538,0.6190865282751936,-1.1384082311535535,0.811087367331526
-0.2262361752033613,1.3933943485458675,0.6255174529609391,1.179074171045189,-0.5536597625995345
-0.6946563016691302,1.4337916709300171,1.254874270749989,0.36465287713662664,-1.0709306947454114
-0.8443945637600994,1.3863407896470172,1.4155762245327255,0.9204597971415346,0.05155341568339775
-0.8002730107452466,1.4045970871902855,1.4807295314781381,0.8603071166364386,-0.8924782520580795
-0.5698216557125151,1.4687475613722505,1.76241096844817,-1.030607297969027,1.7416675950218845
2.9245251489727973,1.531326269213116,-0.0066075578208895135,0.37336103236922996,-1.8595597351055135
2.8570319535215183,0.7311048332769122,0.25440986201944477,0.3996276562691023,2.128710501946836
2.818872844576078,1.5319052357612837,0.5196859217951857,-0.3574722795817257,0.5970214379640931
2.4478815925553556,1.5829078445807365,1.2776185994001426,-1.940444055227063,2.2283870722868766
2.1283967862069497,1.5133871085682142,1.2406714961767373,0.48014394524221304,-1.9481866250039266
0.3989110375304328,1.5224756439602494,-2.9064634694532243,-0.9928461188706466,-0.9243325171697816
-0.4892538122797522,1.4297069529739848,-2.1204178855105607,-0.1369066554019316,1.2278704862934064
-0.6117585090476252,1.5113644389716168,-1.69359660611519,-1.5220758866978414,0.28604382415838375
-1.5129807738071444,1.3501259923483353,-1.1869832728343226,1.0937249584545177,0.9705487148180063
-1.5357491208941396,1.3840969682653448,-0.9086609714812504,0.2843693494941063,1.470587495207184
-2.0050005954237022,1.4421650044605285,-0.28685542915333934,-0.4766110647313669,-0.4528140605969189
-2.0005011021991934,1.4871600430244598,0.02008387205082876,-1.5746538272802042,0.3445313728861295
-2.2222323209361643,1.3256737490281532,-0.15355288980874607,1.2872015560429357,1.1252583472542699
-2.1204805306046235,1.39204719255829,-0.04047660641348097,0.6068019249583224,-0.8701702939782814
1.3538497307818351,1.3813172893900865,-1.8096667784802831,1.9893803670668937,0.6159385614127664
1.4490976861771643,1.5141763095669871,-1.4354131435114503,-0.13358497172356995,-0.9123812719175585
1.4643400442370234,1.5703256706746391,-1.1230793401357093,-1.4001130457552682,-0.28058883118163136
0.6555872200602006,1.4855643598482318,-0.5383925468289457,0.23810465225884883,-1.2932278987580912
0.04527064940087424,1.4792546410996368,0.2708569425436273,0.1053563621042274,-1.151526386251216
-0.10212745887304348,1.4432928690083084,0.4278686393118501,0.6147678932796621,-0.657672254388875
-0.26591531515166167,1.3991653133073647,0.5704864554384692,1.3416388299203275,-0.3869067823361147
-0.8008523378861391,1.3606082778384154,1.166113537905245,1.4605467905371938,1.1810645463649054
-0.5681277826059847,1.4845512601381645,1.4082224627786095,-0.7382925177083903,0.7468218438427078
-0.6900030983108619,-0.11188961718105513,1.5329202992794728,-0.2958954225622818,-1.5033944241656754
-0.7850207792737153,1.3914752731126592,1.5321285981548076,1.0557632883342647,0.6044486387524359
-0.5372217719863764,1.5100827543188766,1.804358128522302,-1.1161021644009372,0.48408624555676216
-0.6055746125823119,-0.060677557266827394,2.004428517221582,-1.1818988558318984,0.7888451903670235
3.042921411960551,1.565828558056386,0.1553131090974836,-0.41297931310306774,-0.02534221027391888
2.8158564351958946,1.476572395302679,0.24100857030421932,0.9831126680994849,0.9081785827132137
2.259276875677003,1.5797624213665598,1.3733253647615373,-1.0643285424506457,0.3165039231275963
0.17581914072477092,0.9132033640407875,-2.58420515880734,-1.3090205834257156,0.3707866560510836
-0.6064111697803704,0.8268833613084107,-1.9740938062200528,-0.060656392986027464,0.4330376602351274
-1.1598409990013698,0.8842192673243199,-1.1479077941177807,-1.356517030428864,0.7480240902787488
-1.5141906123188515,0.8321648654034166,-0.9372773754124925,-0.12357351477217306,-0.5209215381498912
-1.955826846406838,0.8524142519203072,-0.25602555745868155,-1.035689580976638,0.7560364559732726
-2.022388009281491,0.875491425087193,-0.02954275363622863,-1.4361561942430583,0.4959089374275879
-2.2256697727571537,0.7341993372912765,-0.18742291256136337,1.285822397986588,0.40780026724113877
-1.9404109618263112,0.8921166041000679,0.1062138650603113,-1.4137526433380223,-0.5236447634683101
-2.2456340013284493,0.7787258736866883,0.10935155822990786,0.8760652787452649,-1.1852179115810801
1.4463906299369236,0.7952429228917803,-1.7080628336023864,1.3666264248897186,1.8981377113538274
1.3935307457391162,0.8497838661365619,-1.4804281613238293,0.8783938147394537,-0.6368733018297978
0.8367941871658178,0.921597420278248,-0.6669317847061017,-0.41488811755048605,-1.339158502909346
0.4147576006711018,0.7848441059084103,-0.48818597281583065,1.7745823470463702,-0.20854688120785558
-0.12913303458502493,0.7637532574993433,0.08575209569636981,1.9450431067985032,-0.04648883618670665
0.10114881798784546,0.9542840798214322,0.5961072413900202,-1.69541786887902,-0.01373140079585557
-0.0010486212282026335,0.8485876723556371,0.5473859604137526,-0.03281840819123486,1.3273748674029444
-1.4587446644880375,0.8536486160094322,0.6493840019695977,-0.1792273535050819,-1.0197156063694286
-0.746669544007977,0.8011982384746821,1.2028767049856688,1.1574138118218713,-0.5715428608741786
-0.6710411207824817,0.9081184978553569,1.5632188655273183,-0.8024770414603621,-0.9167120603666803
-0.7240287140579124,0.23142727085144932,1.5573764560813494,0.38751623694244286,1.885488023562595
-0.5211418360929218,0.792645345859882,1.7764018117853155,-1.4409272021826458,-0.2506397073793757
2.9853748621552034,0.8341438694718349,0.054297699814882604,-0.018837496172078937,-0.48573072966853015
2.9431795756648995,0.9832141911542157,0.3141705302928171,-0.5770001053676019,-0.9113754693915485
2.732329871515575,-0.06904326776987915,0.39828420644448,0.9328074818463388,-0.8337643156645885
1.9302680530104797,0.7885522830171002,1.0565743214844223,2.9286426430290255,-1.1238774541652885
0.02165427893395084,1.7473524445406245,-2.9768735936273645,1.5594685487270665,0.8651475026160386
-0.49809734769275976,1.829300942719165,-2.1275051762501906,-0.16817419941895265,0.6089050547521713
-0.6206020444606327,1.910958428716797,-1.70068389685482,-1.5533434307148624,-0.33292160738285126
-1.4059359878962598,1.7965722483429343,-1.0724483142067942,-0.16446298831331418,1.6151365589257216
-1.469606095450511,1.8140071302895606,-0.8370515126303663,-0.5407878668910863,1.669215359674093
-2.034295011070338,1.8334909472205174,-0.3154054697812916,-0.29136324355706833,-1.2947594819585568
-1.9616259170670691,1.9060461424017536,0.06307633105061691,-2.111123890076971,0.24585258425916787
-2.135638415258908,1.7638519580375605,-0.06048068106953982,0.2455289744664234,1.546866201541582
-2.006618784615863,1.8412494642146193,0.08121260217682122,-0.7235578102066158,-0.15125578659709868
1.3313722752130754,1.7753992478118057,-1.8310625691454612,2.1024563998440855,-0.15168019667540408
1.4470711108420327,1.916526314973898,-1.4353461842883064,-0.2370243041376975,-1.457020040185326
1.498119247703148,1.9750689085741069,-1.0764820048374633,-1.8170718910515438,0.17492702549522993
0.687645445114449,1.901694443563795,-0.5025543377919316,-0.22619362214081137,-1.4662333506585208
0.14549847523388282,1.922944881432505,0.37823765120838154,-1.0806597962664979,-0.5812652054169686
-0.10415403420817504,1.8456428744152191,0.4279355985349941,0.5113285608655344,-1.2023110226566427
-0.10433484861776898,1.8676596945958075,0.7422554137681895,-0.4939234240243565,0.8522943679593419
-0.8778654740779067,1.7326421109662908,1.087483747537875,2.1509971304912376,-0.1811675179110063
-0.6178730784862484,1.8676091559129617,1.3582096722623354,-0.33652933134277246,-0.3181035673393333
-0.7541895930800845,1.8662169747722241,1.5112194672337356,0.03464007361815383,-1.7102480411655738
-0.5097353488568893,0.6547687870456038,1.7709684036006441,-1.8378089444451327,0.14145468916926437
-0.9199219123789305,1.7696594057466415,1.7067236048718155,1.4181722190878328,-0.075291986186991
-0.618108558643168,0.5637378325854753,2.0075224691361475,-1.1513502757631924,0.7993721829394274
3.0352479534560692,1.9711671023974022,0.14638068985059674,-0.46744455153482534,-0.9586226310983877
2.7731457144646288,1.6824314068712605,0.20408351286844825,1.372324314991037,0.8598558119515247
2.809095294003179,1.9419229397325064,0.5313787960843063,-0.042838624527002836,-0.7083223615490783
2.1072771786285993,1.9214800822153997,1.2159988248036528,0.42001146987157023,-1.8633214371564597
0.11833658924935651,-0.17909977010819686,-2.6577439655901007,-0.4222726199554091,0.4035904676771892
-0.6367459720587062,-1.1501068855659244,-2.0383072329253062,0.6995303028646237,0.5365196180973977
-1.3285085858358496,-0.7605532589456855,-1.3489928502403825,0.7985038490936175,-0.5591194340927228
-1.5784659112783082,-1.1649043463375237,-1.0372466417020951,0.9970860778644816,-0.7890987930692619
-2.0248229801725364,-0.7750491554812798,-0.3749546306986045,-0.03461401170515291,-1.3965437999395514
-2.0383254122906407,-1.0794097220138668,-0.09388165346215882,-0.9144339383190069,-0.5091329617212675
-2.290388779988824,-0.6428664655837281,-0.27458703242757554,2.2997992677386487,0.2908026779528927
-2.0053276106002538,-1.076957556272195,0.006176108861726585,-0.29137729425901615,-0.7917069232130025
-2.0934849688243777,-0.454507263417694,0.2509873134783623,-0.41604501428090856,1.076466475541312
1.5850687164863824,-0.019206910900082183,-1.6253009202651423,-0.060529470457670605,-1.0907107851699767
1.4682053685564556,-0.6054880556471602,-1.4241810987430337,0.4407636264926848,0.7321142335819038
0.771022351313964,-0.7098299224344781,-0.7606346014781111,0.655840179573046,-1.5315171733534814
0.4179943569547666,-0.25500977405843017,-0.4974041637187453,2.0134785244295403,0.4933105563644539
-0.046855798167064165,-0.7230565865492786,0.14923730837844248,1.4331393285127467,1.3966843709094816
0.027696818107523138,-0.34190252275137845,0.5015842579579498,-0.6041433883583266,-0.20471180652321777
-0.028903591549123198,-0.9363300239762848,0.4898636206617815,0.666799302203713,1.5059618196574442
-1.512806629627597,-0.6882815412737996,0.5697842153961898,0.7523046361512922,-1.0630756647425939
-0.5864288686697385,-0.4849190475632161,1.3518028338909995,-0.21027833553058226,1.7642394378620079
-0.6543761027580185,-0.717881770143172,1.555434682093717,-0.5995045145889306,-0.21726442801419835
-0.8212595313161212,0.08682824445970778,1.4563739640914684,1.502269509748436,1.0705648902575395
-0.6876962100716402,-0.0840103678888555,1.6130679743808811,0.6131057036473234,0.628667673106457
3.0020016411094024,-0.37623222467487605,0.04899553525951038,0.09016751146499022,-0.33893623554209795
2.8581457195924687,-0.8881400400908961,0.20131091844781915,0.7928739224052491,-1.0877523576535573
2.813529293713695,-0.7945335430386508,0.4705666865825248,0.27578241234792195,0.1324923323688271
2.0766609709295407,-0.19342526805339968,1.197595379799762,1.6519312640729589,1.1388399121498418
0.34497331540643145,0.8695577454077258,-2.950995140472461,-0.18041023519747326,0.906750607097032
-0.38612967733750253,0.9118960819742449,-2.0456804664365444,-1.2157082244045005,0.6082626818728215
-0.8633880734300307,0.7785220862289084,-1.9456015260548736,1.3833418604914207,-0.03834628650536483
-1.463637916611274,0.8248469075561045,-1.1751006197003249,0.595820442055609,-1.261052696902667
-1.5165651593301752,0.8534361120464515,-0.9343093159523238,0.05101025199497572,-1.3725268889014162
-2.011219597002572,0.8085392155401184,-0.28130735043315835,-0.16937769983793918,1.8985557065841683
-2.101334868089874,0.8695373017608738,-0.10720195298988694,-0.4177646208514564,-1.5620400318779606
-2.063818102494278,0.8444909148236104,-0.027202237270363923,-0.36545157470967726,0.08288354790907909
-1.9373421270415627,0.8786879998957133,0.1364063239968258,-1.2211285924619302,0.973608137309738
-2.1488956017538805,0.8080065369311838,0.22520813435112205,0.03667874284567332,0.020955474893671708
1.599321366259371,0.9927815931915938,-1.2961465914222705,-1.6238542415730266,0.24544885371988873
1.429335725308052,0.9687739768366865,-1.175132408534171,-0.9185463344681123,-0.8152636246445769
0.7818497891832022,0.9386679327001395,-0.4150533591063174,-0.9660561691550784,0.5845672049086549
0.705851065853178,0.9480392944127266,-0.18698156892477483,-1.1239776019937084,0.4154486758582685
0.05791367216872753,0.7864734534854289,0.27281616395212144,0.12204645502629188,-0.5376917074138446
0.08004436915477002,0.9559004336631801,0.5883716772230988,-1.2569793078171672,-0.4597954327904931
-0.25884779670485114,0.8198942680356308,0.5595137583093946,1.3669771164101077,-0.7899365854414883
-0.6276341223799748,0.8906820295531693,1.3049275618619183,-0.3596476114243687,-0.02697191571658379
-0.676601185352994,0.8095852362917967,1.3064567920571803,0.651517673141635,1.98329166192178
-0.7721153403651505,-0.6226175216348985,1.455734641230404,0.7675182428592497,-0.5976652622373911
-0.6157284685250252,0.9131507179454228,1.672702369902682,-0.6681175905415432,-0.36370816730846445
-0.7271855705262332,0.8712861348402374,1.885073059783926,-0.3749680088885906,1.3700715755299162
-0.7028046692441732,-0.39850789006672,1.908835731150146,-0.010306804658105158,0.9179773021609238
3.168528928744218,-1.2413792008092368,0.22323206041398178,-1.2240436932681045,0.6199602726635312
2.795731563023195,-0.31137144660133925,0.18826729418916952,1.5846866599049965,0.8485636703584364
2.29010200370974,0.9942817749542405,1.3965050530053296,-1.2580843263050816,1.1537257409657953
2.2145445581146803,0.948991455859686,1.3506244754127041,0.10225448238605354,-0.5742085603726322
0.130287196109079,0.864373547136009,-2.6358212158062773,-0.8283910176800202,-0.464693571330536
-0.7066230987273298,0.7623043056677408,-2.082959273150703,0.9977335251360487,-0.9970299769199308
-1.2718509842601153,0.7339923458173491,-1.2708857086095178,-0.1586948883288063,-0.8310263333607616
-1.4830444359422008,0.7398142727927863,-0.9100160406859751,-0.44135892901135226,-0.5391120330465807
-1.9127383100101418,0.839412638618025,-0.21463636494155655,-1.4932932643933272,0.8868028511467324
-2.0474690736635552,0.834929655167606,-0.05969606074684371,-1.1720419936886823,-0.11659130013362877
-2.1553133960489537,0.7322217866359164,-0.11741672019314216,0.5395315609814726,0.8358733155084692
-2.246013567553023,0.6522596132151952,-0.16636426523566292,2.0371684556132044,0.9940462898478007
-2.045755383140605,0.8291126206042077,0.3152884998908355,-1.2414895378048745,0.6550617388821361
1.4213095655548598,0.7546811529721933,-1.7382161407130015,1.6307406254440944,1.2856374737926106
1.3819392978045448,0.8210330140983886,-1.4962883787384174,0.9985504836991456,-1.1006943164297767
0.7335076879772223,0.5841845213174,-0.7660662643515528,0.8178077020010079,-1.2730792227924805
0.560100538235938,0.8131827275320856,-0.3394830308570953,0.23440183767308315,1.0371194630676193
0.009392942901935394,0.7893358634612883,0.22730078769233122,0.47703438582232255,1.1248508448153005
-0.02329559224195669,0.866739783755628,0.46755418259176995,-0.32458510767939874,-1.4269252681650308
-0.1352010468562827,0.7639296518483621,0.40276465389875327,1.3860444067168451,-0.4743519825337551
-1.4838257288701016,0.8130868460898452,0.6192306948589826,0.0848868470492938,-1.6322158439306456
-0.7240318878449089,0.7799285781872085,1.2228031476144718,0.9163254935965014,-0.6637564555211217
-0.9482058092891636,0.685030124213242,1.317412606575183,2.3365592094877017,0.5839706567600672
-0.7851948572161374,-0.5066934229306599,1.484296002728927,1.1859127405257446,1.6929284261247142
-0.517343581533172,-0.0052820278362238305,1.7824018988803194,-1.2754040447288715,1.5570625661485962
3.0452250585620035,0.5196718420396927,0.1162396483372912,-0.5689497523171115,0.7354427248436466
3.0505118080828817,0.9893744275872485,0.4288619702288836,-1.660008149669602,0.2025372145371766
2.8315690957760804,0.9003227915846937,0.5286951699290559,-0.2620280879192267,1.1358406675459545
2.500804385463049,0.7445269587172599,1.3173536463455067,-2.2167484142390426,2.1204925176564315
2.0960618708089442,0.8251589516259671,1.2267400133314796,1.1719467684644191,0.34476887993058936
0.2862231246668846,0.8063805402739691,-3.0131440596663768,0.4178424675008902,0.6256823649975901
0.22390099169137007,0.9070976126313396,-2.5200894020987836,-1.5936751649542413,0.6671106616070102
-0.6125936291131415,0.7961930142575543,-1.96345182171264,0.20572893802028305,0.8378395678467287
-1.3221183349136794,0.766710273083778,-1.2891938937561604,0.6399705120294886,0.38612314404681597
-1.5106559800165391,0.8005853997424925,-0.919380349996729,-0.0028618460335160904,0.03261646958352042
-2.0361861624554565,0.7560639802374596,-0.3239938540316933,0.02241927988937534,0.3430997599186984
-1.978674936507575,0.639213146592033,0.019074933847854806,-1.6870643944457033,0.4027417930867936
-2.1882045622453656,0.643173100166272,-0.16062312095154063,0.9477417740124622,-0.9419059528650188
-2.1851381934816194,0.48804988980175407,-0.11995603014071597,1.4532435962170478,-0.44661987592629326
-2.1227008169766672,0.8112323380626899,0.24333544749105923,-0.299736538511099,-0.3110715960484201
1.7140570555791834,0.9547928945865266,-1.4621348656428674,-1.4820093993032446,0.09839576840033123
1.399023451788535,0.9223653889456876,-1.2105094563842478,-0.6321784797729115,-1.113340202933382
0.6185050434584639,0.8226613834487538,-0.5808257707273299,0.7611687483293561,-0.18277100772633392
0.6539178351915071,0.8876181049407005,-0.24197623815591657,-0.5978966876924513,0.20870709703229431
0.09252532550086885,0.7388433997346482,0.3145452533390107,-0.24441824053783262,0.850395838122174
-0.038888385377135244,0.8736636421696847,0.4599893798569599,-0.032378203959581665,-1.724118633634378
-0.15516102248389949,0.8171168841875703,0.670911966729312,0.25630459199265143,1.0271500803055276
-0.5745395004287652,0.8073580011812422,1.3555727383375853,-0.9436306086003252,0.5665837273395272
-0.5946792670309904,0.8733492751012085,1.3491830823149138,-0.42400767137051276,-0.9715561686746406
-0.8842669614050569,0.7535444167960913,1.3723354223639403,1.6448280998207354,-0.39266035586548287
-0.6995629808794734,-1.2831492177806807,1.5426781881492362,0.5192406511390236,-0.37915024189984575
-0.5319744304903479,-0.896183992210105,1.7587738741447085,-0.7208056731865154,0.2555968501882039
-0.634997103324346,0.832082897953451,1.9774227814592291,-1.0638644105201311,-0.6261973888559101
3.008382890549144,0.9461260027618639,0.0909646071782707,-0.003324983953346853,-1.503731896781501
3.03941344480432,0.9206683663593515,0.4303823900205039,-1.3479489023670161,0.21926243042519025
2.698814875487955,0.32463916377873236,0.3902508801869011,1.3427663917652695,0.127362364081451
2.0585876572062425,0.8507150690855498,1.1591901417565766,1.190858475150418,-0.35687910440387
2.339852289477786,0.9602266735926528,1.481640305213687,-1.2481311016374588,1.1515431059115526
0.038157643223081,1.2843284722654935,-2.7167728938261826,0.07969053982498568,-1.0309854739246342
-0.5503827595875648,1.315840858818962,-1.9244975928010029,-0.8324995064171106,-0.7733432673794199
-1.2803583456217307,1.2780900706599945,-1.2717024147328455,-0.18174256721658574,-1.4480396809997356
-1.695297525478127,1.143553458552784,-1.0908553321871506,1.8115781057819538,0.2201929297729243
-2.1754953662163183,1.1587558602909631,-0.45621927102449716,1.2860973811306546,0.4225609656888142
-2.082722792109494,1.2884218147826063,-0.08710399607907063,-0.8877301321900017,-0.7168998751064539
-2.0399748173764447,1.2692222458167546,-0.001880539620086087,-0.8576707401890478,0.6136000454081744
-2.2192954698929026,1.1534318687935368,-0.14383333417866911,1.578199403605069,-0.1944736028075738
-2.266644103344278,1.1390251789300805,0.13301098608359696,1.1486870610130449,2.2826814427546616
1.4548446232928565,1.2586094242122656,-1.7085309596932337,1.0995997850388521,0.17144424441070408
1.5177287567106819,1.3663015202644182,-1.3592894482770392,-0.6151671826626947,-1.0999875967096686
0.8849115901786563,1.355748105553582,-0.5955756444688135,-0.9274758519182762,-0.1055894159241469
0.5186490351172987,1.2867948264931224,-0.3884945994278416,0.49715066963601245,-0.8946670623224319
-0.0593264005282081,1.251923899775403,0.14967221927048882,1.0284703713736782,-1.1042423336686213
-0.06556977213904945,1.2857646157956135,0.45121701830308425,0.09891292030770167,-0.14134390743845185
0.04830713259498616,1.3284902676465054,0.5898433340995497,-0.7328757784247409,0.04664138010062665
-1.4863682252084638,1.242903217504378,0.6476641588541978,0.09855183906849167,0.4136404857199733
-0.5814254688608961,1.3279531000149687,1.366956328038624,-0.7695639611624452,-0.5887230725275462
-0.7715145899157707,1.2468347243496545,1.4973370368132053,0.28981081274322307,1.0306373561209812
-0.6376024789800042,1.306663780091255,1.6536504647674233,-0.7317728113389942,0.7385373216513496
-0.5746157966719462,1.3362789269293962,1.7383360123778455,-0.9585227227791284,-0.37126467881560404
-0.727806437545901,1.1912393434616404,1.9079012914933364,-0.16437385139957406,0.8417744655952908
3.0061932051260123,0.9420910503370737,0.07433056951406376,-0.2351221782278391,-1.2710877816642312
2.920236322578576,1.3954470110325046,0.30507017314838997,-0.3920116904529749,-0.7352793344350822
2.6635971091711266,1.0432273089223867,0.378805750021119,1.5425701607328204,1.3226341116870743
2.4749673256397067,1.4444341357484491,1.3018337671961213,-2.0855654698335577,1.3554890794146057
2.197766529325701,1.3566473794833442,1.3279676939789877,-0.08091195591188854,-0.026157716716641015
0.43497870241008385,0.6603791938201836,-2.8897272089815047,-1.2217457063682413,-0.4083457800985357
0.08448883867650114,0.5814099335427123,-2.6714310258877045,-0.11608809555365708,-0.19677436705554252
-0.5172036550844246,0.6338880971057607,-1.8991140992372164,-0.8796826230867328,-1.1051168727203722
-1.2814675428812485,0.5506459187248565,-1.2638651499766143,0.19894763619063788,-0.1912300037351549
-1.3541168666602161,0.6313733116329892,-0.7724293568500245,-1.6708051246231774,0.7188165974504996
-1.8603669878642628,0.33899314001350045,-0.1746768319823898,-1.8769831956368437,0.23400480934675943
-2.0594552043779095,0.5776440167146499,-0.05956372922571838,-0.8198688170598522,0.5230101359579413
-2.091040926839576,0.11935423689014366,-0.08624558214680797,-0.04207736972932666,-1.3146556409049384
-2.095290958031776,0.5270924633809175,-0.037963465151253685,0.4491300855839228,-0.4284015501913257
-2.061599144710609,0.6034360306889597,0.2901269411589277,-0.9572747795412692,-0.6654447540099878
1.481733649519019,0.19376576966057132,-1.6947016340060008,1.1971812728059608,0.0038044133621957
1.3247524980323209,0.6334820110198989,-1.2904230694728016,0.1975357308156251,-1.3083450166746653
0.8549488016672114,0.6203706932812035,-0.6182858887869911,-0.2081803606663452,0.4651632857006842
0.653173242870832,0.49919291999754994,-0.2662608882810196,-0.6163767686331556,-0.8151375773104531
0.02703749327982047,0.6082915289407979,0.5484546562769197,-0.5781413429479506,1.5275177470773857
-0.058185297514759864,0.6517211647260953,0.737180198428048,-0.8790251033706458,-0.5270560377156941
-0.7452430906906067,0.3597904949752127,1.1938490164067121,1.0313643422053318,1.2164344145074704
-0.6224938707548746,0.19500262002716823,1.331243812835001,0.09002934882549728,1.1636523744912535
-0.7822267793072994,0.04000331424713422,1.4760558243345139,0.7603764889068274,1.8227250526673815
-0.7430474724260614,0.3470327885505695,1.5549879379013376,0.7397804593960281,2.21155036832282
-0.4884959141975504,-1.59281547053092,1.7799484075589487,-1.0953910092226784,-0.08370876396701378
-0.6370500729035639,-1.1481359091396763,1.955599423500267,-0.6305541051673867,1.5037678986766192
3.0236989933405654,0.6671040711211232,0.12043613610483718,-0.06802733885061821,0.9134115217219331
2.740349242756982,0.32252143511516496,0.1385532986378346,1.9896614601853309,0.4739429696752438
2.853320365321034,0.7056599437656055,0.5337694754892477,-0.4082653548853636,-0.7559774768285331
2.3663755374686146,0.5828255512964243,1.4859726549396797,-1.555298336166589,0.42500508466267606
0.5282978728303507,-1.9320591812681633,-2.851120583490777,-1.6742589108141626,-0.4540530050604719
0.2670217386875554,-2.0010956604591645,-2.539755797715106,-1.5084216238711383,0.7236585675010234
-0.6208438051552639,-1.9580418510186028,-2.0084971389817334,0.9499772895483061,2.26062656952982
-1.073457183465533,-2.24300284339384,-1.1101903822540466,-1.4233484984350941,0.9512808622102725
-1.4172484510795291,-1.7389473891897842,-0.8919079786210448,-0.5182098442650032,-0.9609147582634736
-1.8088528662252499,-1.9302348825330415,-0.17266590358490458,-1.9479840399224237,-0.18195027381732462
-1.9409311482241383,-2.2140396296588283,0.001013327603661083,-1.5016154313260248,0.699429757834105
-1.9772496058423925,-1.8651090945893671,-0.013321405160355893,-0.8190325856718654,-0.9862866544169888
-1.89548987624148,-1.9082196412187051,0.1148346317363428,-1.1512043665797076,0.7155825339899845
-1.9109091010129884,-1.490075510361972,0.3991228674349089,-2.102616818860159,0.0340525687663988
1.5994265692129221,-2.2613208734796952,-1.627787069378459,0.46372326571772554,0.25592320846986605
1.4466382421384256,-2.004622280443098,-1.2230607520652892,-0.5471390340144843,-1.0569786562714545
0.7918172172478987,-1.7499500075415697,-0.7377645105580114,0.9444149196918289,-1.2145680700132895
0.6939154679012361,-1.900475050605177,-0.2782528235902499,-0.550690599248517,-1.3802595992384747
-0.056112060248342456,-1.7891938785410244,0.40755951530614015,0.7898111670029557,-0.3752712876998985
-0.07869149384038589,-1.7773001426796162,0.6608111430640613,-0.1640716488339309,-1.76113673207081
-0.6678266153948358,-2.1391274172198975,1.2179048589188672,0.7292642029684425,1.0224810121790235
-0.6692738151795514,-2.2884350796469155,1.2263639169788403,1.091010534464993,-0.367913370478484
-0.6147713102589154,-1.7301378222953685,1.5839340142369995,-0.6982263980778274,0.15747364960889507
-0.8582637436726966,-0.7643710971847145,1.4146085466637504,2.2336536692794087,0.9427259734583437
-0.680208343052298,-1.7607725789313937,1.5925352755823854,1.1066166824822203,-1.0002703265274973
-0.7764253458488817,-1.278037515781379,1.7983334960212045,0.9016149022934056,-1.0926910360337434
2.982706907040042,-0.26706847214747587,0.054731917508549506,0.593860781624994,-0.16589278279336034
2.8472336166224426,-1.9135779320572648,0.1921860217383085,1.3445945845944125,-0.36479349531028094
2.9111442148142923,-0.15071994829984714,0.5789519743799523,-0.7796204386293485,-0.09155475318870697
2.2639616008636225,-1.8747187482026428,1.3237414704121953,0.025995389557286155,-1.7009768660081663
-0.05180068678491508,0.8797686510062873,-2.777942751402673,1.2855504639739535,1.7669710458649637
-0.5922153663038724,0.9939957710184373,-1.972037742650705,-0.26587085723051473,-1.3755333026212913
-1.1377722709647378,1.014910189331312,-1.1260392900138465,-1.5647173177506886,-0.04347454889373719
-1.4638325536742194,0.9548249522292463,-0.8666748668016372,-0.6023995988485686,1.3339181383260008
-2.005383035113294,0.945223213011851,-0.29642705530395025,-0.47833422792590913,0.8673462047806818
-2.081516985914772,0.962890618230852,-0.07718388216032715,-0.7335132241242048,0.4584566896988842
-1.9857508075973132,1.008837332288224,0.03628942673330262,-1.395181946494801,-0.20516799114890835
-2.1037188194128866,0.9178510962205807,-0.04127511816031441,0.39114210172535707,-0.3443016699034475
-2.212420093565146,0.8786402654015497,0.1711809524369855,0.6111758547072919,1.4639134061975785
1.584055193928624,1.0285406829627706,-1.591664243749331,-0.23180109363507276,0.17026950386176556
1.526921599891805,1.0492708939702302,-1.3440602129027786,-0.556319757408741,-0.16461935791409704
0.6428434860136149,0.9107781424579174,-0.8286737652181336,1.8455444277051953,-0.2744061085572411
0.5728730448964302,1.0264099129645918,-0.350324633074453,-0.0403605366697407,-1.7134350988795146
0.11078593057481567,1.0383912524962908,0.3094644349910358,-0.7359612376828859,-0.6594570945767538
-0.07269840306080193,1.0005755613115084,0.42499873499150664,0.21094780957590717,-1.6290519134567436
-0.373783365146847,0.8550364689613176,0.44837733910678645,2.4447461468232072,0.13277719321188244
-1.4525950956629603,0.9742502569906558,0.6643713753192643,-0.2224440020459421,-0.6281075406575124
-0.7268860550271478,0.9273119107793666,1.2321725782608837,0.9698535864867984,-0.03128146861532696
-0.6832057797472592,1.0002298891297765,1.571278252980464,-0.6085593355480625,0.5835026359312367
-0.7610264339722052,0.9111998355311632,1.5422599741013174,0.7412112368626484,1.9077092379298506
-0.6187885572053053,1.0029447299372,1.6944861195426573,-0.34549868476305945,-0.3448247354910077
3.177139553108267,-0.3816490763468074,0.22965747490634103,-1.6821586106976303,0.12900801202196496
2.927695226913206,-0.9481209080279849,0.2751303852572508,0.04901851666410765,-0.3284500625782203
2.3556045028764334,1.0490724545639334,1.1975121457767337,-0.6116373813580035,2.5245523257039295
2.258807499182709,1.0990184816165443,1.3732919102951506,-0.6905949506147482,-0.7705990900002562
0.11117571800388136,1.5070018944389014,-2.892327661822743,0.7091254588488226,1.0469733885956407
-0.38055366543469643,1.6145543667657167,-2.019963010832299,-1.3036816974588146,0.07065729271329671
-0.783792076205836,1.537463300616864,-1.8575672133591719,0.4576620313923582,-1.404259989346383
-1.42996271633317,1.5208585411834639,-1.1132148887838447,0.16571893572977905,-0.09522080931009468
-2.036198171528495,1.546756633037895,-0.3423169569309314,-0.6030715739920156,0.013876740677362057
-1.8941637961348736,1.606790215530648,-0.17186579048327666,-1.62276711752641,-0.2784406337706247
-2.0443177322577397,1.568174691153165,-0.014939474431109434,-1.0402397576799576,0.140978164829071
-2.035586284012246,1.5752023992983593,0.007459094169770584,-0.8135933651444502,-1.1001428160279219
-1.9630950876791884,1.570219958664687,0.12643791050325687,-1.0213589522017297,0.1388047650455202
1.3485947073734939,1.467378922297503,-1.7980743681710636,2.1371590951139736,1.4869753115629816
1.5688880979876425,1.6613353335772243,-1.2987344908868121,-1.3312938236538796,0.6679054385886065
0.6382157535347055,1.5230158037028079,-0.5121244891777273,0.6445807642948403,2.017893432395351
0.6446397265443685,1.588335308363928,-0.21265108271864203,-0.4731369472419256,1.4835435754828177
0.1753882520148056,1.6464033445591117,0.40915445960926905,-1.2341173614673986,-0.4398579803212849
-0.04836999539755201,1.542669533679628,0.5075395563005495,0.1593959145822572,1.5109344437890173
-0.1453705004645548,1.5609042488189548,0.7015443418252811,0.14745272341682567,0.17599962705770347
-0.5733045404949646,1.6266730220790044,1.3700510216604056,-1.0732788610328312,-0.5983766372764803
-0.8805872872537106,1.50125386907485,1.3718259925371659,1.1389564466787185,-0.16802548102508028
-0.8051367616984263,1.5306364926406164,1.4726651685803929,0.7910606528591078,-0.8148591656618644
-0.5773729606128184,1.6321405699561253,1.7272075867901346,-1.1910098745263193,-0.45513623684882815
-0.6814247912741807,1.607946283604748,1.9285485995732272,-1.0380759132271975,-0.6073154868146583
2.996160550723381,0.1532180058462401,0.0792387608430639,0.3671096375717764,-0.9208422916987409
2.6992865475912176,0.0017987624589253775,0.35996255892999135,1.0868247768219765,-0.6527670456047918
2.706919174114128,1.569816684181278,0.4482801332133161,1.2883775567379065,0.609724838890059
2.2880170121247287,1.6741793994148688,1.0887119755755927,-0.46667189821853855,-0.9749733730336568
1.948776125802839,1.4987051917667245,1.0919606740134729,2.4455344706609257,0.43157873352192927
0.3161320334759756,1.823710843723187,-2.991216490981286,-0.3597876270764854,-0.8815345105852799
0.09213600970193207,1.806350025564129,-2.6371040475221523,-0.5515489706479074,0.6678570868401918
-0.7048391002024681,1.7467836353836923,-2.057696497588992,0.7977281581089462,-1.0644209487980347
-1.6013839740672677,1.7080778631392508,-0.9846408786055343,0.7034911812498448,0.7190938604889189
-2.1349474185199413,1.7069766941794215,-0.4090839456523302,0.7321870693606612,0.012533600933833601
-2.3271731920185887,1.6460805212357201,-0.2932380008695504,1.7709428540044894,0.3003074091759575
-2.1098718092078874,1.7358909626084051,-0.049143064138731575,-0.16662036509928727,1.2888776565338167
-2.2812054247379434,1.6286011558427536,-0.1857867372417975,2.173880295882986,0.2408156823083023
-2.150286918012811,1.7721494520186254,0.22616865676421766,-0.35986211914929134,-0.5271205121088051
1.4994537032181612,1.8069325214763001,-1.6543267650743483,0.5466335135427701,-0.23869179033345417
1.1933737119491616,1.757038828775579,-1.3810123418611533,1.3449116339378366,-0.04451447798729613
0.889034583668602,1.8786997519417166,-0.580521311896003,-1.0741318328732636,-0.25862011847999783
-0.2747652947502389,1.6629479551532156,0.27900913481921763,2.373529270101923,0.9331817039280637
-0.18212794811486785,1.800909953151273,0.639295792726725,0.10244419342160123,-0.4460501228986156
-1.3525194888655958,1.849930473378676,0.7804242197133998,-1.486382499522833,-0.28740021361286366
-0.7351187353138299,1.7012178073489663,1.268362336756008,0.9714947651315012,2.726317454716349
-0.6599707305232264,0.8930485430281692,1.624623182877855,-0.4556230099100936,0.7645504495920263
-0.5323468705636928,1.8731129150017591,1.7962304640112448,-1.465093605445737,-0.15277073499329422
3.0073102269478755,1.9034872678633685,0.1080355825403514,-0.35566046360677334,-0.40509385863566794
2.940884291544676,1.9182683975238404,0.3433470034007239,-0.6588695135135275,-0.4254503911499415
2.5199920795969084,1.9839218761069666,1.3598135995455762,-2.6652521811711845,1.6484183564995603
2.1802685656734933,1.8655864242904514,1.3234044051707334,0.012145122739180008,-0.08785341980966097
0.1921601075178539,-0.40546187937576517,-2.6016741066339497,-1.2041738681374128,-0.5009287485506356
-0.49356913612940384,-0.7999428721982723,-1.8977159347739823,-0.9151252841455056,0.5261546462296277
-1.0933121148773841,-0.5229348142295281,-1.115033306055391,-1.763478496223361,0.39615221216879154
-1.4842157253700166,-0.48098834668967505,-0.9404378233135541,-0.16307037627808327,-1.2439836162046751
-1.9512412332631726,-0.25344511161915817,-0.28117612754722765,-0.8454597526851204,-0.18911937905689133
-2.1269537641348615,-1.1719250551227758,-0.18844866228343643,0.07084089959328753,-1.8651092102841818
-2.195721554725325,-0.8781074968294202,-0.19701247351385082,1.300331753544386,-0.39080704424901974
-2.081859586059101,-0.27708195634301624,-0.01847429357029945,0.5248025621355068,2.14825629516509
-2.0136195088291045,-0.34396592078507954,0.3205549230624858,-1.321979572370787,0.3219630249906773
1.3932740597243478,-1.0953992473125833,-1.8100643502343785,2.304506289428029,0.13228676535793846
1.6216171326005253,-1.0023984862059552,-1.2889230750994216,-1.147337846531364,0.6443625054839061
0.9535736338963333,-0.6835017198435551,-0.5672215843595244,-1.2216794988074786,0.3999470845825673
0.4843996496943075,-0.4578825383295937,-0.4485527640150388,1.305357586309348,-0.4854274214105778
0.016086205574252888,-0.774756073429583,0.1977188625736455,0.7342834751812539,0.4185679070777131
-0.11900877048577665,-0.22191764786939355,0.37625705995378134,1.066326153957122,0.12023941887711793
0.05619410603213635,-0.4535414770905324,0.5728425123637871,-0.3610024232855711,0.901619442442031
-1.320906345769065,-0.06236424958366156,0.7669888234495558,-1.4241762152768773,-0.4777842804021
-0.7172852873385781,-0.18585611464845228,1.2060794485986377,1.0655621488280167,-1.2189489263879605
-0.8082598410415394,-0.6892153147312576,1.4305860730250013,1.1586296087833208,1.3647748800199724
-0.7734906872853223,0.09680484954076883,1.4903826425795663,0.9518750486728,-0.055928671701936376
-0.3973247346571567,-0.9491929130021411,1.870953321109524,-2.326748327116783,0.544887888802105
2.8768718130794366,0.17608645887263272,-0.06304694154148678,1.3293557602918842,-0.8977671528969899
2.9217412543315606,-0.8953231734027457,0.2641688537203024,0.11860474510853425,-0.734016043487479
2.9551993440818665,-0.43541668229827846,0.61296715603889,-1.3147747081152361,0.43650277475099697
2.5095445689680043,-0.6085957679573406,1.2944165774915404,-2.018910174737228,1.4893922635539818
2.1907849842142144,-0.3770059226924497,1.2965265292428867,0.4386078071730211,0.6803885772890836
0.13425681171141354,1.3462983770598067,-2.618612933478472,-0.9532245628395851,-0.3042878797872651
-0.5565379922673724,1.3364705286873175,-1.9336513818949026,-0.7828377831250838,-1.1615456223440654
-1.191076137211274,1.337303959792577,-1.180696704347909,-1.14248588148405,-0.7956687501358343
-1.6673679577685545,1.1779632067297923,-1.0642378714671803,1.5003808870884479,0.20362389117561708
-2.0248605171049774,1.2427738903791203,-0.30082531097459453,-0.32419202871076824,1.7438718660139247
-2.068427144555673,1.3173195316361535,-0.07479503528464833,-1.0545837740892943,-0.8821222402506965
-2.1824692516137723,1.2347316024505002,-0.15411932796946623,0.6354267510451093,-1.2611355750258249
-2.0345758203921815,1.2512299771903463,0.047331875685103546,-0.3929489482218866,1.4984706138848751
-2.279616296101961,1.1568988331367056,0.11670294702692317,1.2705205727021782,1.820152424516548
1.550943791781189,1.3205793290065786,-1.610370999345523,0.06668468237428114,0.8981418385480735
1.377921876420478,1.29445727376462,-1.4843892178661293,0.9690864213514236,-0.7003002988767393
0.8719393974209727,1.3736217597602074,-0.6118836835254873,-0.8056423402291427,-0.5681184341622602
0.5806634032162511,1.334984652978783,-0.3261058888940012,-0.1749054910430259,-0.539602784552401
0.14584412920614068,1.357990055157404,0.3623001790225837,-1.1591933456445969,0.8116818728442305
-0.08535892497460902,1.300882254340508,0.4277547292836364,0.2929182203939415,-0.6781995889500326
-0.0532855411750855,1.310535718250634,0.48053004552681355,0.32719098242677724,-1.3821342606925662
-1.4039029768758833,1.29936109097523,0.7315156192763603,-0.7900196868018662,0.9916847533104074
-0.6557503023194637,1.3210226132660194,1.286260039316984,0.0018156461006468099,-1.7201920602268685
-0.8662903036079665,1.2316361906155135,1.3951779982032433,1.2777057851976346,-0.3238116213987439
-0.7226522426497429,-1.1054367850592788,1.5198827163445412,0.6139146840522536,-0.12864213909201397
-0.7126334246484494,1.2930551900332008,1.596941731005753,0.5087983688873954,-1.5430436574096673
-0.722178637923295,0.08067731364500628,1.8708766136055826,-0.08476716563715381,-1.3457175533542578
2.9970320007781224,1.4011652913435897,0.08382746087364115,-0.15934275935975886,-0.6402655110444625
2.867328944888884,1.3708178139512983,0.2622165268141302,0.20666923529537404,0.0021332773756360893
2.6753124206790457,-0.7307864341602839,0.35622172828287757,1.7463636796005424,1.3327847113938875
2.4006424921811393,1.4375036489994997,1.2211374784744813,-1.3141858625704652,0.22402009171528334
2.1847943365680176,1.3745210336899694,1.3116596549223138,0.04092155577724475,-0.4886867349547544
0.22101326317624193,1.627812957118872,-3.06710249649543,0.9099122152789492,-0.5026959396456948
-0.3942014082437999,1.7170035599348095,-2.0401655730923545,-1.3523061766788889,0.4623694107790447
-0.7283036427009317,1.6415058930858135,-1.7898473834924296,-0.26886364812220426,1.3766203711436795
-1.3490043661158033,1.6795626674278181,-1.040809227026203,-0.8398697013666967,-0.06906602907402574
-1.3951146487568284,1.7109078875798958,-0.7928636733154281,-1.4568516798244364,-0.10621355779930748
-2.1488135693885133,1.5612823959278035,-0.41172320638167514,1.065288327432696,0.340455833294506
-2.2942871978772765,1.545645089933664,-0.26217740435853526,1.5550249096202022,-0.4973853252387342
-2.010537192699691,1.6744025337397495,0.04270090573879168,-1.1515956225580242,0.6059302462765114
-2.095386979661132,1.623163133298207,-0.015472281840013122,0.23005280000002482,-0.807471725800327
-2.0891665080247472,1.656771326046043,0.30222614562538697,-0.8206505334454278,0.6183950162600117
1.5571648349636935,1.7841089928435059,-1.3264029478919512,-1.3995932518618823,-0.27207773374122624
1.3955136311288487,1.7197592344209496,-1.1692503677735309,-0.6521033259593768,1.3302743587179378
0.7328762978096488,1.7272393166903213,-0.45246396553877205,-0.6696233910468277,-0.007286045825927944
0.5887079737008646,1.7090505217856033,-0.2959346749849696,-0.10582693991439233,-0.9196712076109909
0.1770954077733305,1.74297772323557,0.4140195235359931,-1.379745988378301,0.7290287728686885
-0.23912347275997814,1.5651662761373137,0.3101551120462884,2.084495497046618,0.2099243027760174
-0.23283472722176846,1.638781824304848,0.6007999014674541,0.8695202221501868,-0.5641965401679265
-0.7106924141429084,1.6654733352346984,1.2317457056155936,0.29764410866941443,-0.9904584828185047
-0.7051237964929195,1.6064246672671698,1.2905089355130477,0.7314350860585662,1.6144184010076004
-0.7000051278632355,1.6742956608388682,1.5829988534414703,-0.46034249442312897,1.1546125473468902
-0.6080296268317973,1.7035480245078358,1.7070605271642205,-0.9284401303483045,0.9706385085510977
-0.8034269022112906,1.6488334561834972,1.8190454535003753,0.21015192280808603,0.4809116717014631
-0.9191899876812661,1.5776323728139394,1.7289620345543255,1.8528230188391053,-0.5266229716509552
2.8860936932451637,1.702309873207967,0.0016874486678541004,1.1795288379223505,-0.6378769300731875
2.82639694973885,1.3028075235585337,0.2291122204089831,0.8264417066916728,-0.9741662095016924
2.193409791791055,1.7635610493123086,1.3090146968334566,-0.45644902941708526,0.041585847316939005
2.172388026819003,1.7403188555115983,1.3203681189430234,0.3265154720971979,-1.091735147833747
0.5490080082811255,-1.1772374774797256,-2.8159262328454018,-2.1154630870944824,0.3863817762408072
0.13457279372608563,-1.8914202048910647,-2.6749387908911935,-0.17971018570679922,-0.2965514249322566
-0.453986678547388,-1.738522563972481,-1.8740602650740452,-1.0599732524030767,0.2758193452621172
-1.5686556228598942,-1.565917277222585,-1.0235123879717927,1.1013022293370518,-0.2435723980768362
-2.053503636256019,-1.2909152297178201,-0.3913430012404091,0.568194299985358,-0.3544748627339746
-2.208753136626383,-1.7645624301079579,-0.24584329060931615,1.2922906678946613,0.22886334539532666
-2.0489055760946,-1.5694226303016334,-0.0592939826665581,-0.060091552219563124,0.6233439696102311
-2.0347221986940482,-1.6659887560643032,-0.0026170922317911268,0.3278674761344845,1.5818400622459503
-2.1248378871998526,-1.1841018553087188,0.18651978693101257,0.05742276455860768,-1.4884804404419614
1.538518002142546,-1.4433103146972965,-1.686095391909569,0.8735595905646346,-1.1269450642447332
1.317133004546963,-1.8866629252123406,-1.3330474531086427,0.8519757754454306,-0.11691670909712397
0.9271474930429028,-1.0296970088670414,-0.6059652727909955,-0.7985954443405209,-1.0711526388145178
-0.18116531520284582,-1.5652467557265373,0.3044745076861891,2.1230810399469355,0.6395417362045261
-0.1080088072066929,-1.4778953199087965,0.6434020066927099,0.06591624683887617,-0.9628441618942573
-0.46647046023271865,-1.8601749805175383,1.3987325607121064,-1.5907099981137969,0.03806291927435669
-0.7559560231350546,-1.6371679735018383,1.172360418674893,1.9440850387765036,1.1688638085111507
-0.6786861337471917,-0.7291360190800265,1.5799508756735445,0.25969242069760884,0.6029512924753075
-0.4907725174843098,-1.6003316063391342,1.768670049127215,-1.1047475476896842,-0.41326443759661
3.1029603566569004,-0.02624559552962795,0.1697913794498344,-0.8411327236369367,0.30685837516220726
2.9704487583177794,-1.818257987755119,0.29128509187305085,-0.14472461255349892,-1.5386489049892556
2.442216667647317,-0.9713271509512099,1.2127473892834253,-1.1627953898876302,-0.4276674394839097
2.2733795159873407,-1.3412620599206848,1.3488175544821057,-0.23699484312851463,-0.3814056274625064
0.21672440523725733,0.8732803234460709,-3.0748538967760988,1.1910255564332812,0.5135728263925402
-0.41033493402483556,0.9855794045421505,-2.078519985081574,-1.0437817710779378,-0.24148142615664778
-0.7666773010292963,0.8731931811043602,-1.8333700335869685,0.3731086350176607,2.0212558208145763
-1.3328423438211598,0.9332980807402087,-1.0270978774185497,-0.7752717254036837,1.1701827267846125
-1.392586546617937,0.9591312695688253,-0.7934608236333228,-1.2479101270672106,0.9843818715123954
-2.0712989063929856,0.8398219501957687,-0.3336236071090556,0.4803402078217504,2.248644558614353
-1.9978071356112637,0.9669644122980561,0.012183789440792157,-1.500169634722323,0.571888738715448
-2.048910851028056,0.9060898217582961,-0.000821744355747136,-0.5096233394181593,1.250565695947408
-2.0792249573664887,0.8768985466105976,-0.0017609322323598705,0.2946507759630376,0.4317770300583111
-2.134357126430988,0.885702598402859,0.2515492455680741,-0.1065064619084563,1.1887038026574408
1.3147207352946297,0.9780085861984927,-1.2846826649122607,0.3085458803684293,-1.0597880788021334
0.5732564289074715,0.8456295809339774,-0.624607300420309,1.2675377373346044,-0.700792376599842
0.5780751511721873,0.9311155220666721,-0.31078981392053806,0.24619281926081213,0.022186012462451443
0.13872174944496588,0.9746650112541169,0.37049687344145427,-0.737773705238436,1.3736642225395854
0.08131770046524006,1.0119873092744047,0.6004436702121675,-1.2568074957314361,0.5592333887009007
-0.1689539843819929,0.9118093472493521,0.6645910008145255,0.428915679333454,1.195338858604985
-0.6877134317703889,0.9219647642088197,1.2526113051860208,0.2900702962353209,0.32311693631360106
-0.6141191120984342,0.9710302770970956,1.3338627379300965,-0.20242249004734025,-1.192009042931885
-0.7540867451512365,-1.2979013630303777,1.4695959330916306,0.7228659178885428,0.4183566978155313
-0.6157604415945342,0.971789082467226,1.6777908743610879,-0.7420056474007415,0.7298646574347522
-0.7677805752182667,0.9368036737985277,1.8378396604972924,0.014417849903202757,0.29723880769086664
-0.8621803783105314,-1.3818172889352804,1.7282727342310145,1.8558117450962202,-0.38811969919651457
2.9120320048399098,0.9931663663815267,0.004413407948022164,1.031824818725926,-1.2100827766513085
2.7664901024493216,0.9375217049676888,0.18101284801539633,1.6858333423644107,0.1520636498197345
2.2587496054587857,0.9728998303930714,1.3729616107234623,-0.9009569181401681,1.8008594045674575
2.2026569647575815,0.9789199497630501,1.3484384797840991,0.24550450088976325,0.296082051880501
0.2931633972009062,1.0402078126980467,-3.025742586140365,0.1399885660766607,-1.106504630663907
0.09705438914354175,1.0567470121936777,-2.6574625261058813,-0.4341947490160454,-0.516957667288323
-0.4954119184245781,1.0798610918651559,-1.8634274772895003,-1.2500712721723872,-0.019435804722519667
-1.5419299140026497,0.9805229750626434,-0.9477653574870708,0.24347109570485478,0.12889241254814546
-2.0073237576765632,1.0069819627201193,-0.3006659249061266,-0.44955090015539384,0.16559878572773667
-2.213183451330963,0.9405737584529567,-0.19912848004889463,0.7335484612826475,0.3047192674229252
-2.207207830934418,0.9449477143119963,-0.17681529216407046,1.0333106824891727,-1.0108370466967131
-2.0581443228043015,0.9671906436476784,0.022790782983242476,-0.018262711192559827,1.4344541529307526
-2.1317346184154498,1.0280584699716353,0.22011867810603705,-0.38685147431164213,-1.5632819396903845
1.545273843127027,1.0738656020762318,-1.6317597438814329,0.23095700479199308,-0.977546564821163
1.3959839336491757,1.0873602695953122,-1.1938975715244353,-0.6307160079463902,0.9261440028147513
0.9599176375433738,1.1368717424904846,-0.5168184167995583,-1.5348425430233272,0.1682327247240432
-0.13350771375110906,0.9684652550173742,0.4017356554909694,1.0474477237916557,1.2349002152689021
-0.12267388805025006,1.0733550650746655,0.6761713138451885,-0.35757589212338864,-1.0362515708393891
-0.909355806064614,0.8756866942900585,1.0467490405020488,2.6664973041555182,0.9244570996081349
-0.7847360364952284,0.9295666686846711,1.190769858470087,1.6662232939402157,0.9468893944000922
-0.6397679355824473,1.0697916392784868,1.6208093901322196,-1.0385831377278194,1.030671838359033
-0.7027114311529962,-0.2286707135153137,1.5622805636789083,0.31278743341149323,0.24092850156547577
-0.6423502369107279,1.050690878064441,1.6706296285594158,-0.07700229738648783,-0.9552371550811217
-0.7440310496118332,1.0459473748204249,1.8720149281131748,0.0038452891070270994,-1.0329120146794997
2.931391660990221,1.0948453092347028,0.01820599690239263,0.6715719024669435,-0.8359269623561569
2.8551894362869183,1.0725053590340057,0.26450280809025034,0.5806648477196271,0.9551711075663282
2.602836400260072,0.9426259358762569,0.31982260944872315,2.2400801455873993,1.2769249505183249
2.134138808253988,1.0574408173197911,0.9441817471361617,1.709546931284888,-2.9046152396187317
2.301075266438995,1.1628356771694186,1.4246681759541628,-1.0974210583797686,-0.009114898289225466
0.38130765523313165,-1.7338643187121645,-2.993864878247738,-0.12122466718456766,-1.6970632489398696
-0.35721063299226113,-1.2217605763947201,-2.060728904819418,-1.0840150167060552,0.6697196762072396
-0.40356625898553977,-1.311961173492872,-1.816331884345537,-1.6089888654194622,-0.14545361934427045
-1.0493092116628282,-1.42267103076994,-1.0774263011938217,-1.8307918145096223,0.07133400334293144
-1.4490226360649243,-1.2709587352871166,-0.8901899663311496,-0.13208649405433048,0.7064441215714924
-2.163278867057308,-1.3403593911050844,-0.4662798141636871,1.9609261287265132,1.599335333828505
-2.0337923448246227,-1.2548575455726942,-0.06308260336871269,-0.6008613669007625,0.516930978594948
-2.0434998719668958,-1.6210956434067272,-0.039536102388985576,0.009266362975059231,1.5659291672029136
-1.8563130484365162,-1.1432650339982178,0.16205617827415209,-1.7067230297105636,-0.015961330335346822
-2.1640144048000165,-1.312017117137544,0.18338487916574453,0.7219382818032907,1.2081604658811007
1.563024054689953,-1.4178978361714916,-1.3910274128912596,-0.8102197151730941,-0.7516159087536824
1.3478885839008394,-1.5594990429882252,-1.2947277995388042,0.5374401648859286,-0.44720571452344954
0.6439108502187998,-1.526268305744149,-0.592091644035538,1.0725376945249876,0.3583628491248097
0.5781496733025066,-1.9637679515040793,-0.36292658368186836,0.8872284994753187,0.18740711334862056
-0.019968741170161376,-1.2967652285277826,0.16645398130201708,1.4606267537310416,-0.01917347650333216
-0.027211541735991114,-1.6470853906723955,0.4403151009103039,0.48379099921894986,-0.3893060172856297
-0.0766285537293152,-1.601262522394541,0.6755710191365344,-0.1306122740858932,-1.4437251771340809
-0.6292284612131396,-1.8196872702525486,1.2645485876322011,0.2894309135551572,1.157806005774816
-0.5551451123076393,-1.7919679840328895,1.3458522439318759,-0.20437013701479723,-0.3574077335413622
-0.7508854557414572,-1.567197351077489,1.4648451998601422,0.7524361400279849,0.7090665869885415
-0.5610651452650036,-1.4502113986234946,1.6671365409352412,-0.8391117021334686,-1.023156285793424
-0.5337882067871793,-0.13212072076548104,1.7829498902628131,-0.7259707522091491,1.3298454754344373
-0.6528508344441094,-1.477975168289494,1.9286809498397477,-0.31869808826278956,0.48664452740347075
2.9164589783815593,-0.23297750000265122,-0.010671053315932051,1.317539999908866,-0.906447650446798
2.9448278683552895,-1.8873406448892796,0.28793481798156706,0.2835783950951708,0.04961920673944586
2.940915461256891,-2.196352746242322,0.572518018854836,-0.7159668443438504,0.3826490404218216
2.213515705446222,-1.4458503225344737,1.2838550177410746,0.13096344180102562,1.5964613546431594
2.1004770857197608,-1.9573037587336586,1.1889879605811584,1.9691170070608675,-0.6535967963353446
0.29039549740079557,-0.01003739045811102,-2.7699077369913,-0.8927511403151657,-0.791747870320196
-0.4862408812660978,-0.7544886995234759,-2.161685109445684,0.434717829177013,-0.1778407398607534
-0.5082455684908583,-0.7370696170838424,-1.616744260318564,-1.8449046683345407,0.4745177619786352
-1.4902240681218173,-0.3647568156394363,-1.188100484771741,1.403058421212354,0.8813594426432672
-2.0981172496042246,-0.8478154758894991,-0.4081392325254337,1.1938075386931202,-0.6246892729466159
1.6818014433979345,-0.4645504636917129,-1.52425857078343,-1.009299897309465,1.2071703116275856
1.5224048390028069,0.3118400778325768,-1.3570190031146663,-0.39849679014596207,1.3153830315138961
0.7969099736227216,-0.5359616674599936,-0.7416887056111576,0.20412112640857055,-1.397087843545703
0.7015899142700963,0.2575779982997653,-0.5048959884142916,0.21557545690689606,-1.0088387461134285
0.5730223496443045,-0.23868227350377452,-0.3200575894506391,0.7702388994925298,0.42581152380211373
0.06492937617214459,-0.08417628615658845,0.28568556830709296,0.46938011499204413,0.40591536693320635
0.06394161250628483,-0.657627007195689,0.5456991597148146,-0.616267667190071,-1.2223798598403355
-0.12097738575192507,-0.325586003095571,0.6800519404457686,0.35255547236101387,-1.173232036313873
-0.6889643594387103,-0.3638825187709227,1.229234027553498,0.7118671171890103,-0.5309799992948363
-0.808087668220974,0.22467990027264545,1.4258527064241302,0.8019604340331601,0.09699510787034414
-0.6612960400060841,0.2754410758363541,1.6020954005417225,-0.36748951227007826,0.970928701059995
-0.6464437522750552,0.29459946994789893,1.6329255606821573,-0.062316465088922295,-1.3622252541503455
-0.7183813433761519,0.3040730950360621,1.8680662201104181,-0.2192938576536408,-1.5314524531899096
3.009383418281927,-0.6664720434137134,0.3453755893369578,-1.0051476950467337,-0.24412773769780163
2.5300901710202677,-0.713975256441429,0.2037910788183249,3.2115918242732735,0.8430420203411592
2.7101646698369133,-0.5693131865892418,0.4188322314149403,1.7865885523876794,1.3113031783404265
2.37333178892802,-0.4527876685885876,1.1414122061282292,-0.8096249147124975,-0.08466267475388611
2.0735029272391143,0.25807152731925626,1.1635774244418746,1.3669830676990231,-1.9262134755256413
0.2290051647076613,-1.1752079448861188,-2.843086594479598,0.08084936615492948,-0.5141946702030133
-0.28798513535177483,-1.5640127341390508,-1.9853340542366364,-1.5081673030945175,0.4105574925260245
-1.241795000213218,-1.5197559062725494,-1.2841430231505728,-0.011992743029705082,-0.45462415063564443
-1.3902275405057058,-1.9906470910009568,-1.1314890625567058,0.6399318364824917,0.20304072076712446
-2.096929995373971,-1.9972354338963247,-0.42831656503569604,1.1192932879661979,2.414757940612729
-1.8484363696671504,-1.4995153860731434,-0.17488635367275757,-1.3181304820098567,0.5588804772250934
-2.207309455989682,-1.5437505709893855,-0.2165515741272162,1.5529600226672633,0.3204001383321624
-2.0096477595659983,-1.3908952136610557,-0.01031834617891941,-0.2824038150182021,-0.4853003604159891
-2.1283993679467845,-1.4308952817791398,0.17857042479609142,0.037792607067987156,-0.4718366506114058
1.70686212969246,-1.822653103730989,-1.5399122167358967,-1.0326073676014513,-0.21320078889037708
1.49590950301272,-1.4986911128188254,-1.4360147153723972,0.20153365547908772,-0.775686117258487
0.8374407995042847,-1.661470342871165,-0.7238660723717842,0.049633813758669286,-1.6506499605011382
0.7320689032941171,-1.5005750644423015,-0.50151534464042,0.3099861248490216,-0.5449320116404008
0.6732379511217685,-1.5738174422482931,-0.2569965072114837,-0.047408629233745864,-0.17699649319105804
0.17145687474857704,-1.394509336286543,0.355846964705699,-0.41908804393298593,-0.12247534933643857
-0.10978101609950722,-2.0086466050915996,0.36755447336593106,1.6211425590714166,-0.562943022450229
0.00013277331578908353,-1.908403242529678,0.7687722304605371,-0.5769160503269029,-0.9998595527541029
-0.545217463254598,-1.7972613041566368,1.3355014181961242,-0.5458457433335463,-0.6882999268633831
-0.6237649230747755,-1.7785721383662076,1.5621582625292316,-0.7800415262566203,0.23459360852109262
-0.7479080960994985,-0.2120599931438037,1.5200057585954305,0.7932630684615226,1.1025282269032157
-0.5686526405009935,-1.4334289693080757,1.6737971096564792,-0.5440314846441928,-1.3208940710378712
2.9878344910671117,-1.8373713402782155,-0.006174223147656538,0.46644262134144887,-1.5006874548214424
2.868439556518499,-1.726343883856154,0.18243693202580474,0.7226167239010841,-1.4121784073284185
2.849404629421053,-0.058217777335031674,0.5173438687945285,-0.225097206400354,0.020081005586234754
2.509300055899847,-1.5397121247355319,1.2593943388464388,-1.9745172649218898,0.7023484941192262
2.233504157742779,-1.447717237849931,1.3028888175084525,0.0901297560961249,-0.0501001388567279
0.3235500185428691,1.800019954421934,-2.987529057501343,-0.40661423425136106,-1.5111517543250375
0.10699013025187665,1.8082911069323733,-2.6407117473551813,-0.7642821841527476,-1.1445847807698564
-0.551924799683127,1.792458184170451,-1.907460071905309,-0.8111013942346397,-0.7618082423614394
-1.2616530068569431,1.7312641310833907,-1.2149771229425146,-0.309845442134121,0.7466919328115192
-1.5865298535173231,1.7100189445074951,-0.9882485784385634,0.4907579677450048,-1.0933480071211295
-1.9155844956337165,1.791598245399581,-0.1980641466021388,-1.6456997960573743,0.42989163152781507
-2.25096643076776,1.6728257435595388,-0.2324574510376133,0.9086635449256908,-0.8431944889728821
-2.1768212095924553,1.7047598560358834,-0.13860176352504885,0.4867078821611509,-1.4154841703578436
-2.1845477832534868,1.663614425151764,-0.1035434375215383,1.0950856216128684,-0.6797062260201341
-2.0826863691535595,1.767518149077111,0.29608946841638334,-1.033037127483389,-0.17348279710411973
1.7256335861822618,1.89431008835819,-1.4361527160613827,-1.9034251402723719,0.2529929035339948
1.3036652735893703,1.7975641294080502,-1.2844605422153461,0.12177338287350518,-0.8163830597687973
0.827044617146385,1.7816967960076244,-0.6194776114923094,-0.21177092021135852,0.8827985793330848
0.5586279308941675,1.8028242008227615,-0.34298096203124917,-0.008216766497013573,-1.6943233448074038
-0.2121924536551623,1.6841811461535734,0.3254811847256067,1.6555935378173383,-0.358973520767711
-0.07245556187983433,1.818559298775977,0.7502969756482778,-1.0269592397098721,0.03923258246364171
-0.9130539851120311,1.6217187577052932,1.0491913193272004,2.4807534458130296,0.148176659579666
-0.8020681356983974,1.6700867007764448,1.1789036373696904,1.6248230123919394,0.021955627824688084
-0.6968317183443467,1.799520131995713,1.5641725407479221,-0.6701503833081934,-0.6545368971404109
-0.685276061525784,0.12246993713061276,1.5655256393202632,-0.06369823153338339,-1.7200145373220033
-0.7567738020464084,1.7157101377819708,1.5837270368011047,1.1061925343319878,-1.1095069450266695
-0.728448425334148,1.794502930625015,1.8977650853339052,-0.3752162400120451,-1.2718974756043315
2.9192029279891387,1.6270808119705151,0.023165708833300342,0.6628144407644286,-0.11570867656701632
2.7767779805085144,-0.08243266501295639,0.1516900122960448,1.5317562674364145,-0.7779467777359936
2.697884473678527,1.022770658423055,0.39167845344528135,1.0764792052429402,-0.570656113260508
2.230928465024694,1.8699207381512528,1.3663270814128063,-0.514107603647808,-0.9001406624750806
0.08714478001002915,1.1593280516151303,-2.6779930839564883,-0.42912193758877554,-1.5319241404620347
-0.4747469578942878,1.1789885458077536,-1.842651399804467,-1.5362643194864403,0.28017600632080875
-1.2047225439284537,1.1412377576487862,-1.1898562217363096,-0.8855073802859149,-0.3945204072995072
-1.619042548379675,1.0295771005493426,-1.0234585224663604,1.0140784747797662,0.016560916329394645
-2.1605930298187497,1.0199753613319473,-0.45321071096867327,1.138143845702426,-0.4500110172159245
-2.1208386592963353,1.0844950328003669,-0.11234528845789189,-0.3439555532466805,0.40465274335122814
-2.1068760019133883,1.0973695589169727,-0.08472297911755029,-0.13956281485199837,-1.150891896778176
-2.0612369718599375,1.0725276987308616,0.009414475095409141,-0.08536168816239652,0.4938143430305084
-2.3199113677254695,0.9726845233537595,0.06447704651168061,1.7224514095558814,0.6668428271152461
1.5788183209364406,1.1639251758409377,-1.5910544002330254,-0.2031023647430808,0.48809887388144785
1.4126133656536055,1.1405591362607097,-1.4579183687908575,0.6271275858369553,-1.0360166002698972
0.7807627746568275,1.1040389642324253,-0.6778246724835738,0.3586356002579504,1.604283190205262
0.6426227327608828,1.1921105781217947,-0.2710180399676334,-0.8055514801459204,-0.578012432851688
-0.01715622381913598,1.1241674634633092,0.1812977791774088,0.5918296823570235,-1.6795076634794892
0.017502165037278725,1.1745442734539027,0.5257680779866483,-0.7707584990915921,-0.27064925760851394
0.11774514961556233,1.2117578939813336,0.6500858938575657,-1.4582036210298213,-0.23131729661637077
-1.5396354895896558,1.0765625619280572,0.5791302192822814,0.6723161876113282,-1.202198129919442
-0.6503194070848191,1.0957685915983,1.3186334213304773,0.13249085461351215,1.178467860685967
-0.8179648942190868,1.0832500844350643,1.4359573472040632,0.7914033728889531,-0.5108745962449663
-0.8004433000899518,-0.18053593402952767,1.4651066702101891,1.3003605637438416,-0.09435277199032492
-0.6448134681379625,-0.543490870521724,1.6310994549548175,0.1840916669092568,-1.3314249859098304
3.1191738941151126,1.27735080284634,0.2051486879722317,-1.4163371496218755,0.30457979940069313
2.8476199809704577,1.1865755076471298,0.2402819932251293,0.5393422703174237,-0.6884253441738516
2.21402842832673,1.1293366342074906,1.055036990037559,0.8604971154761188,1.3558484302542586
2.362641987436542,1.2784992250823994,1.4883697532158402,-1.8166448360764604,0.7364568923949085
0.22327725802123713,-0.09524299546186564,-3.0915392251482836,1.28367518173952,0.3533672187674754
0.07983213422308014,0.5932351498756082,-2.68592586818301,-0.06354968896613652,-1.603186702867409
-0.6744145152844753,0.14578157508046466,-2.035300585173989,1.0146172022876776,0.640872554565352
-1.089880809816985,0.6418845382323441,-1.0816167614013878,-1.8895644463293144,-0.07073932864298801
-1.4369473687711412,0.2406380261529685,-0.8482305827126873,-0.6352432071997826,1.322328029429528
-1.9785482704637691,0.5741490558502588,-0.2898086435050694,-0.6314477879886152,-1.028864915514366
-2.019630845340619,0.5796297820604639,-0.018414328048517788,-1.203669042495867,0.5797804954608121
-2.094950977379301,0.13103678362019663,-0.06810734577561411,0.10126855362969783,0.5709481687356252
-2.0005151695852037,0.339382849470796,0.03755248208484829,-0.5713676537838921,-1.4237876944962562
-2.116352102369241,0.18838105550290524,0.2430291836574506,-0.21256615821476949,0.23522802340487958
1.7125251843411144,0.6759308057193686,-1.4632826992330938,-1.3737566617215187,0.6461096198124908
1.3225050196938297,0.6131871277994941,-1.2903540395649884,0.26996393017698606,-1.3832196475293665
0.8761115327845748,0.6427089212454289,-0.614893749281115,-0.49239773325863484,-1.2725126210438404
0.7875585855771862,0.2777027256434837,-0.13147184980580998,-1.9543024372788373,0.20681333569203914
-0.010779934544475895,0.39764478741502424,0.20613503773891048,0.9451245056687273,0.2831234190513101
0.0891019848644399,0.6471658508754062,0.5947722955594399,-1.2953894459228792,0.2358018199736674
-0.13624201348834047,0.5465228423056039,0.6912268830274076,0.148041964383058,1.7978439215380904
-0.598125626436677,0.590215493750587,1.3327909300865814,-0.6145731147214005,0.8916053268679798
-0.5825772181133073,0.5999992175575115,1.3623437486502354,-0.4600985105829998,-0.27518899071554564
-0.8312631520201177,0.4967304532227773,1.4284215884759062,1.1757065302256093,0.749666801734418
-0.6887160523622271,0.22715022677310415,1.5799558199489159,0.13656329428480335,-0.5612277658064209
-0.5830684539359553,0.5743970302960275,1.749847183340348,-0.3858931025100527,1.3648650128980984
-0.679043585228797,0.1363122751947643,1.9326611902896496,-0.40412891157490355,0.3426109318057362
3.114201402145215,0.7227470102984894,0.19352564673119652,-1.0971602898287096,-0.395312741571149
2.908892609994165,0.6392074056193956,0.30766734635691717,0.15647619512745264,0.686644037984564
2.8180542242696305,-1.2811869058749006,0.4672949286975939,0.3603053843086534,-0.32462693931284553
2.112194155736036,0.20424246422371983,1.2129694455367706,1.2205679338228002,-2.789663808922488
0.28856178635975105,-1.6799037303821738,-3.051017420740495,0.9596402207931637,1.2584867600582383
0.158277618144754,-1.329320494527996,-2.64814767946823,-0.5286715046755566,-1.2537091287020488
-0.5687386880313304,-1.0997435883205882,-1.9454815282369033,0.20498223991544398,2.0675937011410888
-1.2538155417409929,-1.1481109965194036,-1.28406635221585,0.23339981941207305,-1.6931852806591552
-1.5295805209970526,-1.9588266019998173,-0.9852294741490983,0.8115592911556658,0.3670366329773722
-1.8483596268266556,-1.1407301350685282,-0.18451932656132677,-1.6145298458084527,0.5445572557078243
-2.045057550102641,-1.743828833582139,-0.10688542680479096,-0.5342187585153756,-1.2787666236266513
-2.0742078697052504,-1.3112881287532494,-0.07089972137794365,0.22000124087632641,1.0307608955018814
-2.0043995708358295,-1.829852585353228,-0.006427461853704082,-0.06314155587929864,-1.412855487428268
-2.169280788432131,-1.3416498844553655,0.1616804627780201,0.6965389006932099,-0.12278849094509874
1.6131392070187756,-1.529089343232015,-1.6074289916413806,0.14504604938680113,-0.38351994943060047
1.4849720490681184,-1.3093793392901647,-1.1559126453562267,-1.0152096284371501,0.4866099957345204
0.8590261225029746,-1.550935204575914,-0.6731359624566524,0.15901380584158406,-1.4103114297656956
0.7985533380468419,-1.640057653429962,-0.1545840499403224,-1.6476860704726333,0.4417254219104483
0.17162144760124376,-1.3467911726926047,0.32725168227778434,-0.7337984114949351,-1.1552995133933353
0.08395353602916757,-1.1665759210415494,0.5570836287304868,-0.8377166052417611,0.32251088951607
-0.17458260957063945,-1.920598952744014,0.6050097628974817,1.072055440424656,1.361659442459755
-0.7297899894961909,-1.4071173790299247,1.1594925604132758,1.206321097181218,-0.43443171441680783
-0.5688914147217744,-1.735543813718311,1.333092661453609,-0.1067464446375529,-0.1163098537352105
-0.7154835094411863,-2.634598304445146,1.4852182277368406,0.5886484520534313,1.4827196338180333
-0.892564904689531,-0.26582605868582443,1.3927356884431032,2.5012382647125966,1.0394691665196765
-0.6453931393081834,-1.3896311312713434,1.6462461847875256,0.690085531006764,0.4677796150647536
-0.5766103523465027,-1.0975347452173791,2.009797460733089,-1.2113567444384754,0.7520489377408353
3.0092957393291035,-2.012429139821145,0.04184761951943315,0.6044809958004084,-0.6327367695525182
3.006707126679219,-1.123528922411152,0.35912134376658295,-0.5367933264376918,-0.07205417979394957
2.9086449592747434,-1.4067799058269868,0.5522878181425354,-0.4975024025226947,-0.4651035747093687
2.2731620299189643,-1.652885570291655,1.3472507445832866,-0.060595044107338826,-0.9195651306877907
0.105805292409916,-0.3787754024316323,-2.9189557451079966,1.2691763047746665,2.37900408222895
-0.5748081704853204,-0.13497259142224136,-2.2402712296775413,1.2179185024176016,-0.6032658308475657
-0.5896959821828281,0.23164085030928291,-1.6925020948483143,-1.3062997975538764,-0.35498473209404974
-1.367085990720528,-0.6410614169447799,-1.074718455882574,0.05777930432638373,1.9045125806566323
-2.031304381791723,-0.4867380492775504,-0.3614226569926318,-0.12441470734091843,1.4196154610202436
-1.904894729277723,-0.6456352753192884,-0.21191885386820877,-0.9405059529126899,0.9034520055623995
-2.0892110162178166,-0.3943280601304085,-0.08434580418869543,-0.050847057722530724,1.0268014241960166
-2.079867667349598,-0.11369221433152779,-0.05545562549444351,0.1202274899956227,-0.13887934757249593
-1.8939668784471526,-0.10040270062073037,0.15999880325747953,-1.3861057945287483,0.40326612554064395
1.5230194778604558,0.33031076071722215,-1.6785457474102066,0.4609547557472953,-0.5893644274035079
1.5204700083468567,0.1530088012753086,-1.3620909704639608,-0.386406339460638,1.629911270920708
0.7158911270020527,-0.560056824077037,-0.5227496097556171,0.09215242028809824,-1.9542643613537927
0.4886067281865587,-0.32797965284334835,-0.39674629183707966,1.6765376815957898,1.1805114044126184
0.14645249071905944,0.29534408973130416,0.3506717115288169,-0.6153000021109588,-0.8258435253446564
-0.0747621015029687,0.2348106999567761,0.4271415301992686,0.6648035070179107,-1.4638976787736937
-0.29742189337462527,0.07142684203373847,0.5307268595022107,2.1786059099177204,0.023352964913347995
-0.6672954471013182,-0.29493247839402575,1.25041768885909,0.4250052340553975,-0.23259256619824994
-0.9699071373617523,-0.023608757197448527,1.2655440131833733,2.5168746612545987,0.3480203716662147
-0.710836600696353,-1.6051923191471253,1.5007267488837432,0.45858388342836576,-1.019500023380498
-0.6455432283008687,-0.28831334536969866,1.6217301165002698,-0.003876360463884985,-1.1237558603959101
-0.6684469581574205,-0.8989714240369343,1.9017009353250085,-0.6129216633844919,0.48224734805748404
2.9531463570782557,-0.10562553356059165,0.032314018388837164,0.9814636213680316,-1.2281312024531517
2.815974019310701,0.15002604417146861,0.4784125154879649,-0.08069881029184318,-0.11783021768846276
2.627538014334565,-0.7460081981031276,0.3386033253600564,2.7137098615619,1.3625421074588617
2.2281884563356025,-0.5373488406245239,0.9984319091469309,0.7244806615259836,-0.3131199219893478
2.326397742696731,-0.46310274689697845,1.3961225517976399,-1.2824525628185024,-0.270205876194637
0.1797417268207781,0.533357054687769,-3.1202237460625635,1.633932613382921,0.37412914936713704
0.22538915208457883,0.7124331784566901,-2.5379095986275635,-1.673407880462157,-0.2808885373690089
-0.7033487030337359,0.43734770490450436,-2.0559995598552248,1.2718778517149285,0.734564180755823
-1.2754820459924234,0.2640564246549857,-1.2797028766043075,0.13518793733715526,-1.8376830757860585
-1.6035034577068934,0.5330739454797534,-1.0121515364673677,1.0688847230543017,-0.07028341949999732
-1.9335246753585342,0.6406200036892876,-0.23834699713000124,-1.1113897244246536,-0.19294539054069054
-2.0594448959354477,0.2515550020616594,-0.08246581281064651,-0.8137086578468149,-1.1979206617831955
-2.2222327310020553,0.5110462397653842,-0.18927659289769244,1.3767194854736107,-0.3754112465473481
-2.056372472120682,0.6048775765372497,-0.011726679121405561,-0.026342069855979026,-1.6274645850560452
-2.1882804543555183,0.5547449464468728,0.17918126087151665,0.48332287698829307,-0.11666483203806732
1.6961961387454652,0.717597612602823,-1.4762093025229919,-1.2041525025835984,0.8130891753249577
1.3538946946433126,0.674146044315062,-1.2532008931154681,-0.06563442946483918,-0.6959534491026262
0.8529655271110494,0.6816197124671527,-0.634974602533787,-0.25062178572360794,-1.1798597288048411
0.6852706606992651,0.16736186574442916,-0.23711946948949442,-0.853585418214292,-0.5929313763254886
0.01759539627692311,0.5901804453633773,0.24296628161621467,0.6175902013059551,0.9709305647990385
-0.04311538205510162,0.6419803915094421,0.4602234429023835,0.1011351159658517,-0.8607719001628161
-0.3161781009530141,0.5220452733075263,0.5065982806309333,2.049769045051534,0.1809835584873333
-0.7394660324914896,0.08229939260016245,1.1779890305585998,0.9681622641956134,-0.42998125161166273
-0.5920893036310808,0.6444220401026964,1.3565713953231116,-0.3626661398421858,-0.033882771929611165
-0.6140564563429949,-1.2059953900584912,1.6021229951119822,-0.8560968403304484,1.0299570293674023
-0.7850205665626847,-1.6041985415953717,1.479100435952058,1.5581442570806807,2.2554937020563326
-0.6346523768295105,0.5965392042749936,1.7029944587438368,0.16776769302813666,1.4745262413264608
-0.6408274745385271,0.6703872757149025,1.9774856197321977,-0.9260616994888187,0.23743708255234752
2.9149379561309967,0.4705034843890168,-0.006535480439433694,1.0782788989793055,-1.293039689229658
2.9108777921883706,0.709364462209654,0.3016687289635399,0.08894599981221361,-0.25498303708897
2.825949107528635,0.2667892851614198,0.49872383372344187,-0.000967943441949477,-1.203049337380395
2.1735132727271393,0.16004598020619717,1.2790238249596626,0.5891620313567897,-1.805568602376792
0.03715648146856922,1.1091082480991368,-2.9838500360287585,1.5366049694226573,-0.16837813941320484
-0.5234969056253974,1.1745206523072942,-2.1774071184282286,0.2419929516592771,-0.8705805669178779
-0.6193529374869415,1.2443262459440811,-1.7075194559060167,-1.338128615292201,-0.2579492888152714
-1.3358981047386334,1.1803761771952903,-1.0221907569059965,-0.7647008747945755,1.1762242230842195
-1.5290904537725287,1.1454467615690374,-0.9227247046222746,0.23023822617267597,-0.1819035783632943
-1.902353585708477,1.2249676166165169,-0.18815540804703867,-1.4706101020941673,-0.12189555047832541
-2.241245751568098,1.0889614509889676,-0.21701332696074271,1.1533463221331077,-0.4520367031293206
-2.1746718933472975,1.1035596363022286,-0.12469112317312613,0.8000397023388662,-0.08127274667540259
-1.8684113006794765,1.2526135496842805,0.20301265910535954,-2.045513580658943,0.153098510296076
1.42186103860433,1.1674712236493534,-1.759342261956341,1.2857031481715047,-0.36761254269650295
1.4812349412965782,1.2579296559139987,-1.4045653650183763,-0.3594707362858319,-0.6960994159671736
1.262911404394952,1.191753974919211,-1.3191815485939493,0.9447745075316859,-1.0199472501021547
0.5817563419126193,1.1390324955684945,-0.5910981112493963,1.2314031749887075,0.7113155749128519
-0.0024624653437287413,1.1380022848709856,0.24861350648152958,0.833165425660397,1.464638729796832
0.08858913035121956,1.2790550851787243,0.6069696551657244,-1.3880015167636441,-0.30334341957572664
-0.18427008717341475,1.1908312788900925,0.635119471887959,0.4936180342307254,-1.2218045598984488
-0.7328410300636442,1.1467622120976824,1.2164380544291868,0.7568695716418048,0.19751344225563622
-0.6637235166525142,1.2045608185158994,1.286844980195975,0.290153184926777,-2.020569178829785
-0.8290565348682335,0.04283346001962781,1.419869399457266,1.2832997601576694,-0.4056514239238413
-0.6899451325129945,1.156941958105564,1.6292951355361602,0.13041329394176296,1.8784207867099088
-0.641110593282818,1.267957379739773,1.9604525092962373,-1.4132896571240257,-0.24472969278651235
2.983547130747175,1.2793959920211608,0.0842416403205205,0.2752264368084071,-1.0895132961726701
2.799379249274619,-0.14781930793279902,0.1856094568515319,1.4943650905959112,-0.40162557708650887
2.842708222954374,1.3004576810845385,0.5495553605857478,-0.23582218019325843,-0.8902380351914506
2.0968255165170335,1.197402353484326,1.2276145508250245,0.8672032294415979,1.3548007742434602
0.13712622071423405,1.6746207974661598,-3.1375000672928737,1.8239161355787454,0.2539214963146668
0.14545906142352114,1.822143865739818,-2.590474763457323,-1.176950336237801,0.6335097868585867
-0.38767871737971876,1.8282601134881968,-2.033852406156739,-1.4934680178890716,0.6137671928674938
-0.6407731836455289,1.7737317981031018,-2.0056727113525903,0.003841481036191315,-1.2643212415267606
-0.962163806876212,1.6276813888750306,-2.017638453470902,2.232919616913935,0.4980512150877525
-1.2003247677327944,1.8048814014873966,-1.1740212842150823,-1.1496962896909464,-0.08085107331038535
-1.4601592488893154,1.715346445128184,-1.1398237976747427,0.3628213725215257,0.39024475379246554
-1.6629826681343232,1.651052679748073,-1.0432539514088055,1.3488269020873382,1.0670948945480012
-1.6221578528542326,1.6998393990308431,-1.0135004933311262,0.9727597968145966,-0.9104560505817664
-2.0854819976540013,1.7543795828928186,-0.38774855184053425,0.03882728540554302,-1.9819216280314658
-2.103178370370877,1.660454533847971,-0.3461900278864124,0.6080282681874688,2.5092798714507536
-2.0844927351550693,1.7821409576692426,-0.0752738651145956,-0.9896223938990844,-0.24163122669871537
-2.1660258011466746,1.7324766827156484,-0.143467630592045,0.07095419358552549,-0.6540092139175048
-2.0621956406556485,1.7546733417181994,-0.011513158543933205,-0.7430476367068111,0.86588870399551
-2.210312556485591,1.674358107837619,-0.14931891442581022,0.9893287004925827,0.09899440658792309
-2.221065412938478,1.647151011680173,-0.1320032032141942,1.476307141895986,0.28079504560016477
-2.0156669802541156,1.736115349527027,0.08583214646911963,-0.588066201230735,1.7329856287232586
-2.0071733083703083,1.8295160503926466,0.3639580618378523,-1.9466944283163061,0.09046382118143527
-2.295758831888523,1.6539708844821819,0.10305207549801088,1.3924455780022855,0.037132513297955784
1.5007934007924124,1.7716206767310154,-1.6466210789893407,0.4925050045500238,1.166999535732716
1.5636775342102378,1.879312772783168,-1.297379567573146,-1.2222619631515228,-0.10443230538765653
1.2487564709273586,1.7848610915420424,-1.3330203355034878,0.7970928827196803,-1.1707860823330714
0.9371264262527378,1.8886467741459938,-0.5391157685706353,-1.6772795443223318,0.021456240810808394
0.6285383751140129,1.7657791100524176,-0.5443242862245378,0.4608958944442882,0.5263514003140312
0.5850486928504827,1.8080741259970639,-0.30512196883562653,-0.3264594760441354,0.3238682188199832
0.49118701108310464,1.7503463308094303,-0.38064074570796136,0.9525205571796169,-0.3117070981975642
-0.03382850326227999,1.7566671053089613,0.1901193500860598,0.6378909560761692,-0.3316670321670121
-0.10448347694708167,1.7098611093926737,0.13614870381810276,1.6272397954375841,-0.6698270261015115
-0.04007187487312134,1.7905078213291719,0.49166414911865525,-0.29166649498980707,0.6312313940631574
-0.11416880538167538,1.766475517045075,0.4161752503282342,0.6030034861648385,-0.9639712170259227
-0.01481545115147388,1.797405269577567,0.5372852153990584,-0.18522194455986485,-0.1470299409528438
-0.3439896099952804,1.6745656020052138,0.5017853308189144,2.0722112960384087,-0.10488575730143547
-1.610843449655808,1.6870140784798653,0.5307177904887403,1.2957517685073263,-0.4489708047947061
-0.7195928957482802,1.742597347861022,1.240044884408664,0.41775835660103927,0.5837522491500015
-0.53547669136134,1.8409643525337185,1.428866208742517,-1.3766587416512732,0.406832218794466
-0.6800833764657055,1.7778827824406453,1.2855250673388696,0.28612451230391056,-1.3030070464628227
-0.8550880538958588,1.707481679295525,1.423316168224392,1.0539800117994187,0.6139860452471078
-0.89861041474061,1.6799957895325734,1.3891339047696116,1.6573841342127416,0.3333617183750679
-0.8553784920738393,1.691968219080903,1.4510793609149308,1.4964511449211715,0.16693936571452653
-0.772481839417967,1.7630355869298917,1.5219131902619973,0.6641556148510541,-1.6789665890576693
-0.6866271778720641,1.7801572646325088,1.637543272445193,0.11753132428022958,-0.7709076535001141
-0.7086994043667186,1.804753570244898,1.9145882322214842,-0.8425227277229368,0.8954907645158787
-0.8648255738226739,1.4662284440089997,1.7895171641621597,1.312007908300031,0.6983195116716454
3.012914558124333,1.899988998406944,0.10458511686576248,-0.4758593104169213,-0.9597278015315467
2.8976011955995222,0.28107017172470955,-0.013231952767388824,1.2809059260207223,-0.16136376849635337
2.9184663795330006,1.889166153919141,0.31690030411286496,-0.4939039521620576,-0.26001068602734384
2.9529568623367406,1.8780581017085511,0.37915740504049333,-0.5629902040685925,0.8309355884342284
2.6984118726019615,1.8183245451267234,0.4142352076592488,1.081494992472618,-1.1961321824744944
2.4453786407792766,1.9442606164000946,1.2724426435410114,-1.9693077014723352,0.5906147768679488
2.2458619508865674,1.8654892028942065,1.3817021252914932,-0.9858808770594195,2.2847365487466544
2.1482778657349932,1.831074412737867,1.2897180752040447,0.3223983011587743,-0.07117571122317612
2.0953179444348713,1.7898827115206166,1.2571247981083538,1.168347603999888,-0.2607910485999176
0.13492043096249,0.49561061321521716,-2.8887499970016757,0.6921842423392035,1.336357085120858
-0.565522031240822,0.3561726688414761,-2.232186756597244,0.9041720595927135,-0.9273095207936978
-0.6306603492390369,0.5867323604724733,-1.7268874162833177,-1.0278007280219505,0.05755932334330832
-1.5158738233204738,0.37724544705866503,-1.2202274752268096,1.3452248391424,-0.3667488196345741
-1.5450047870414874,0.0883104967598302,-0.9554371694562003,0.6607604183110393,-0.01666825733524726
-1.825591417951535,0.6203333351593368,-0.12712237367676624,-2.1690525875044235,0.21702338637480925
-2.2116514028529375,0.4479036594877427,-0.1934557875613996,1.0306434790207188,0.30943188867006516
-2.027326528571481,-0.17258834896871242,0.007835053093607743,-0.44669693176844333,1.792314807067833
-1.975156153521836,0.5564354449484455,0.08348519924922207,-0.724780655829201,-0.5719661633738915
1.5741606687212588,0.5760217140592777,-1.6070082232270657,-0.13609188608880118,1.7317359880253005
1.417254543658238,-0.1036548148705878,-1.493820937597637,0.6311180699171607,-1.1266384237014355
1.4322120411936838,0.45884247696703845,-1.1521794379169696,-0.6303718248451798,1.2274503574995232
0.638618530939284,0.5089987667141916,-0.5389235719989571,0.8200131782878928,1.7700908198061085
0.033948843449308,0.4997005090314913,0.2793252958436467,0.6382907941509014,2.3004339848696853
0.029562998053992155,0.602169090075003,0.5375219450490052,-0.5724711107136484,-0.5081214503314204
-0.20921141908126215,0.5277253620950239,0.60144301158511,0.9482894982951888,-1.0549492742868043
-0.6830068581035268,0.22286742282253902,1.2550095398165937,0.4721508603789806,1.1064498803027705
-0.6545800481709815,0.555234980029483,1.2889397697069958,0.38396570700570776,-1.4820805768508025
-0.73250325128616,0.5442818756448814,1.5244774546336215,0.24571922315500633,-0.3195038155056078
-0.7816824869177982,0.5037317512023101,1.5040060260919992,1.2165905694712418,-0.9725221486692289
-0.6524851448182365,0.369795086294775,1.9326810326570498,-1.0689147569198654,-0.31886406120433564
2.9640466370908136,0.07847864028050969,0.04471994344031812,0.7692772942655299,-0.9991844303605326
2.756052834537227,0.5354042228331528,0.16479226035944747,1.910418557158015,0.23373410225733252
2.778265464999495,0.25937305899617374,0.46667667750231395,0.7020686732333193,-1.2451440494196457
2.1332368253100706,0.5591005776448317,1.2583263401871414,0.6723285979321026,2.1905960293163136
0.016459247846253598,-0.9557199274691505,-2.774029940084247,0.8066278534562116,-0.23391909621759333
-0.7493286187657965,-0.8588028121621001,-2.142883899539776,1.849200156469278,0.052031242628592766
-1.217865812771107,-0.6029174664632556,-1.2240907355174002,-0.3749208958147738,1.3339332859301118
-1.524125311101164,-0.35157347683510426,-0.9569146406951902,0.2978916649106996,0.6607576701947301
-2.0816353478637333,-0.515587430668316,-0.4221654545360914,0.5343787035711226,-1.2866404274318708
-2.10125727213646,-0.8531486312260701,-0.1481722444864017,-0.27513531977668254,-0.4736814184895172
-2.2534739187697883,-0.570487133691364,-0.22824725584873,1.9168970231803146,1.3660362276872768
-2.018785216759577,-0.007080561470139687,0.0214315366183951,-0.3237822593932048,-0.00963372290470222
-2.201033019487754,-0.3829643432579886,0.14694829264940235,0.7201561512512852,0.5910746029512824
1.614351676888826,-0.5146467152243535,-1.5990549515188388,-0.26121003171619034,-0.2407576900598784
1.4234341816564404,0.029326827222781186,-1.4508272466237266,0.8157388329279772,1.066506781387957
0.8848959240691793,-0.6932192012217614,-0.6353874688386313,-0.5262276884136919,0.36095575472691116
0.7116327295222139,-0.5951720655131209,-0.5133716162574041,0.336684581414443,-1.8656531031862893
0.20099502195518296,-0.1736352260454756,0.3747045418622724,-1.4449312566323458,-0.011630864800291671
0.008667809386435327,-0.8307390141917371,0.47768712379902695,-0.2980343561279254,0.12506110870918408
-0.0464522590989666,-0.8891482606567405,0.4789771026531955,0.8610783422224657,1.9865691149969356
-1.3606207462811124,-0.5421047061896643,0.7376803198047985,-0.8558665955820899,1.2758219397463686
-0.765724663626597,-0.5850673090943691,1.169412937511885,1.711147932335907,0.46067303863170844
-0.5604468575517022,-0.624928483574689,1.642787573243908,-1.67855801684724,-0.1190075758318446
-0.6956780829144964,-1.2679712038438478,1.5453458355513452,0.3842150641215312,0.7741066124663099
-0.6636087503577778,-0.9788343133964996,1.6058986647032978,0.5133999548244743,-1.0207618747113931
3.026368799768118,-1.1278699543716035,0.07420052317184728,0.016775126865444526,1.378664048607886
2.837078299804451,0.2610989119777165,0.2036260980984682,0.8403027535121486,-1.3971084546221606
2.790899743261601,0.2524367767100958,0.4786252898534776,0.3875927165053879,0.7657316016568404
0.2810276448156272,0.4692579711549672,-3.0066025579798383,0.6175107241222489,2.4297775783585736
0.15625106813252773,0.5794337033806257,-2.6031446596141885,-0.8855350597951667,-0.0834066902142638
-0.6786178726662588,-0.18923648610404223,-2.0340951548758355,1.1614115435448995,1.821800759218544
-1.2571514602991976,0.5174796820989682,-1.245629425231199,-0.06602600575912564,-0.5981978852573879
-1.37290980283168,0.3777005336626168,-0.8037811106232184,-1.4429082472225985,-0.20926517355400726
-1.9549440387654535,0.5269126382453369,-0.25350230837720816,-0.8287194225374085,0.5248230995283284
-2.1199435714120556,0.34207902084263314,-0.13392573903792182,-0.1568179606792238,-0.8508891844087075
-2.0045544825431714,0.07529845072476611,-0.0035342831024743285,-0.9587846967170469,-1.0528302993136776
-2.02035126671929,-0.21421608210609303,0.017809692935908065,-0.22094756760851775,-0.4667041321632378
-2.233603189846854,-0.017163937783488348,0.1293419771155308,1.0996144873387372,0.22764320576559474
1.59979021448191,0.5735740748798368,-1.570061363360713,-0.12759252832818183,0.7132643693858324
1.410421221315256,0.6251199153495853,-1.2077990950624202,-0.716984006708097,-1.0463729287356898
0.8713764435068769,0.030583340986150183,-0.6201713678377105,-0.2902460167393531,-0.16703901237596358
0.5648303141136423,0.17149263055873826,-0.3528169675819753,0.4490767103540841,-0.9150930777965018
-0.05090082530626856,0.5337850573889523,0.45937663158072456,0.2394618410588835,0.0056499164531379695
-0.131380276688208,0.4339011677832608,0.6591840586891632,-0.02216799249500934,-1.4209449457733234
-0.7108605962958814,0.4878587629110551,1.2260122659589623,0.6315910186719363,0.958760076441321
-0.6680443476610077,0.5086665493649016,1.2841820843737124,0.4973784692219111,0.08927241195166633
-0.6711466202769213,0.26862031586212537,1.561180389285042,-0.5188605923864527,-0.9091930668955355
-0.5489135468258348,0.6109671512810777,1.72412693513652,-1.4289302466325606,0.05722283186144592
-0.7764368678211461,0.4447126661115655,1.555372391152184,1.7031347972338255,0.225784813906594
-0.7530039714016074,0.5410739093900678,1.854790294977127,0.27422286229897086,-1.342627670340117
3.112838411464374,-0.28007044089871364,0.1802117890496313,-0.8701623042976291,0.31990068864611215
2.990127079009169,0.6400881340013421,0.39189665793463063,-0.661042390000858,1.1889350795361844
2.8805275032234867,0.6668514159194577,0.5609191979886381,-0.649097262146479,-0.8487390390567098
2.1280594869981524,0.1944929172995418,1.242023076457696,1.0979344875569943,-1.3101370078396612
-0.007210344581615557,1.335673566869174,-2.7530045519770883,0.5358343657438381,-0.14305367520957898
-0.7895849587950163,1.2556524506947497,-2.142908609619322,1.7845846013830549,-0.08077677461123269
-1.2747008835289961,1.3342496267700112,-1.2451646876597884,-0.23337996523037555,0.9774503917527629
-1.5472469759119658,1.315267412789874,-0.9486832694012122,0.1335020896610371,0.6004247226057348
-2.088178281945866,1.3285416285802456,-0.3928848411792708,0.16383264265083874,-1.1232984980833427
-2.116177838170314,1.356665786525843,-0.11978628056566018,-0.623269312168747,-0.30883605842175366
-2.34052965728478,1.1842296967369679,-0.28467980610337124,2.408959463185076,0.6372265687151526
-2.1302574072105736,1.3118307912667238,-0.06973977807221074,0.5032740942286379,-1.1118117580024405
-2.2377886044543076,1.2783645150435285,0.14087116401783223,0.7001101527958358,0.3820883288153518
1.5302487658194328,1.4114963153619915,-1.648745903512323,0.16901805245663382,-0.8945472373310979
1.3330622381262385,1.3281612374340501,-1.5204664653931659,1.4245426179606189,0.18719220224625993
0.8991752646629676,1.4432841869289323,-0.5781781792159851,-1.168217550676767,0.8227610436748268
0.8171139841316961,1.4644794444811418,-0.3628814052350427,-1.2504444496914826,-0.43806444976137415
0.198965587192495,1.4734786591960165,0.40446715295355457,-1.8275519535156795,0.15090108225643747
-0.08869762739641704,1.373998266988088,0.4201535982574981,0.22160886868763985,-0.6018983953299858
-0.10909154567795304,1.301374047463059,0.45728331683451884,1.018146868610147,1.631127832150426
-1.573604549015664,1.3036789754551237,0.5521271084275898,0.9439097116934064,-0.7902893048954148
-0.6502036661214472,1.336665083434019,1.3274015602896556,0.0432254367100579,1.9620100020773326
-0.8131688456216122,1.3471247946541263,1.4373449721342142,0.6093471773265523,-0.9845924119865367
-0.661146008269269,1.4037327881892467,1.618811406991268,-0.5823564231175112,-0.42508247806929766
-0.5489231283774808,1.4095418869301217,1.7825608516086553,-1.199955046142693,1.574140071928184
-0.8578685712638149,1.3194641615480363,1.769233271563138,1.119162020935035,-0.8077700191368683
2.7962136287565293,1.3538101809821839,-0.10924626033605954,1.9026236906997969,-0.056155641552993005
2.860673333675061,1.292922079138729,0.26919451710728526,0.3677984774731481,1.18621011153525
2.9439502528644064,1.534364262342301,0.6396836596521982,-1.6290718026999178,0.21269857357682626
0.21092179898703256,1.3647179730004277,-2.5416069017713454,-1.7709995589321503,0.19855112934558916
-0.5759296214871925,1.2934299503559445,-1.9423554663908669,-0.49647292372530005,-0.4421286118960001
-1.2650034470541023,1.2722152561673599,-1.2466347885460654,-0.2787467149074141,-0.6708650458755102
-1.6316047309601918,1.1798467087000302,-1.030157339536698,1.1156366213785216,0.2605029206676654
-2.0913516914647547,1.2033171574234005,-0.3740585284857226,0.3736405315359034,0.6858509464039582
-2.0788651612538445,1.2568127662448982,-0.06181010582603733,-0.819771713824777,1.24320805387724
-2.0444516236372694,1.2779553393466956,-0.012725046597373646,-0.8318943406214147,-0.08935659643176135
-2.0328973939731987,1.2393334008519319,0.04564115780171565,-0.41683427194628014,1.1837163270095852
-2.2847548297608546,1.1422462411365606,0.10785797918076126,1.3188070373748912,1.4310714743677901
1.593523978667428,1.325218846638547,-1.569136217452267,-0.39023137173275146,1.0293475313135891
1.5432073447084849,1.3487050733077375,-1.3143779366429407,-0.786921823903526,0.7687853328111944
0.8872517439957077,1.3672372147452538,-0.5992659014833273,-0.9738712407477493,-0.7342193944906149
0.5823418296352341,1.3230880766403685,-0.3277966067773891,-0.19879081476741947,-0.8543570714276909
0.05208511453485942,1.3075092595547624,0.26044996166035955,-0.17267363180949957,-0.5436456998596068
-0.05641265824412204,1.3000097406490154,0.45468101125134464,-0.019654256918878146,-0.6956472227314522
-0.017522314366722563,1.312419220220872,0.5146105774572958,-0.05755328328314887,-1.325255231200518
-1.4431263109241563,1.2709284206664326,0.6868994016163283,-0.3808742801436206,0.23097048679431129
-0.7446851105998479,1.2129660118082215,1.2260836047068513,1.1001104619775457,0.530489905742626
-0.8305270767996035,1.2335196925857517,1.4292585301337255,0.8929615194877084,-0.2669325919066956
-0.8370395184896253,0.06105245331478178,1.438532538476241,1.6480873035630015,0.241357277405504
-0.5311653126377313,0.8182987820838865,1.775316340755422,-1.27869363285409,-0.07624199451233137
3.0389930122591857,1.382928853967791,0.13951162604264283,-0.5225239955339336,0.7480914688648118
2.9016849302849397,0.3441007584294625,0.275315732223183,0.09891352842481782,-0.6313499965679515
2.531843160079766,1.4779713702339647,1.3553775098838,-2.709335165839883,1.3214724070358785
2.2614593238436367,1.3929406296305904,1.3886656866294402,-0.7768534403153203,0.01415227417809998
0.09755084778104499,-1.2804741880364205,-2.6869687585583097,0.06871001333772031,1.5186283669816023
-0.67036934498838,-1.9914337744324173,-2.075329224876859,1.278791388157436,1.5783113100806356
-1.2309688766852227,-1.9214566058254665,-1.2563351321873009,0.05604620515499945,1.8190343791968628
-1.3104657254037746,-1.2102303259787877,-0.781182323675721,-1.8901842909273643,0.14253985414287812
-2.1036291235811597,-1.4460451704322324,-0.4553592925692568,0.9891304782229963,-0.7999438273061416
-2.0937172128483925,-1.2708579915097922,-0.13965456637963106,-0.22300249256676416,0.4610152232481914
-2.0764586728887173,-1.8912409012529625,-0.11965880561774722,0.1379271363328222,-1.634635693462518
-1.9885788401031508,-1.1138616130405778,0.038796021563660514,-0.38622185166200906,0.996545292602236
1.673244880321306,-1.6723427553010686,-1.5529219327988544,-0.6161328887021238,1.0624733304669545
1.6280471191376729,-1.4652569115493606,-1.3076763276898467,-1.192598215962312,-0.6946026511766517
0.8785460154485794,-1.729039534460565,-0.6828802597143938,-0.3396099581836636,-1.5930652496113171
0.7702373255381753,-1.7402703324739313,-0.4672694179964617,-0.017466185172432272,-0.562370289830851
0.8193706331760325,-1.607453949393921,-0.1123409714384336,-1.5667827515607367,0.3667804989914022
-0.04496562055264351,-1.8817079656073896,0.40898315372998595,0.5110350390730151,0.239685592114114
0.1426789377263795,-1.5374948769864076,0.6145644786355718,-1.1660439522628936,-0.7140770295572126
0.030087292366532393,-1.6028795251335393,0.8125074200077992,-0.8961942293129557,-0.3120637433356703
-0.6880935724152752,-1.3594051033207495,1.2432520402935032,1.090357482444825,2.0627414780756346
-0.5973813036718956,-1.5038583374983858,1.5951456870956435,-1.0759668116498615,0.2192702041653565
-0.6338290906171719,-1.1516758872457593,1.5896113192820907,-0.29541865310356635,-1.2266277452947714
-0.6834032846616266,-1.7049716676442062,1.5793659492882355,0.9083333874641737,-0.45890992605451203
-0.6345050407916982,-1.7010653713500867,1.91820153651124,-0.6210134595849769,-1.2507219101968552
2.8873690286706744,-0.4979859767343181,-0.05057367688501181,1.4116955051047304,0.6656530352627141
2.8131103661385484,-0.09618828046489143,0.18701413201329695,1.2326010516004333,-0.13074751795687012
2.8764101735882712,0.0026684586817440803,0.5400312811600605,-0.5088863559426581,-0.6991140472481296
2.4004321501308694,-1.6679136608830025,1.142986652322801,-0.7759816921278797,-0.8752533870072412
0.09767470761564857,0.5471602345700495,-2.910843916659145,1.1502161488058782,2.2240715438575576
-0.5368260275696339,0.5800393471793176,-2.188677420941566,0.651987094972067,-0.31317353787241375
-0.6352035217636427,0.6868641743589239,-1.733365616356544,-0.94772400737584,-1.0320598230714038
-1.4639146069550308,0.5527488343294206,-1.1531938935085684,0.8233249908781547,0.8588973561314198
-2.145136623006992,0.5483307539048162,-0.4609927112461694,0.8484241535245316,0.15040161011073228
-2.0031022476133704,0.608364336397569,-0.2905415447985146,-0.17127139000986302,-0.14191576433725459
-2.0510017825680964,0.6110890469460437,-0.02630147930473722,-0.671320856120008,1.392402983364456
-1.9877346536995948,0.6401648803850818,0.05333108899833481,-1.022048770761353,0.7458953086952045
-2.0622572498575824,0.6089151593927772,-0.003223234139466482,0.2178347801553796,-1.5361249679578683
1.4736291536030384,0.6547007090934324,-1.7262501775476171,0.8838527485986793,-1.3412927420784837
1.5054584904690556,0.17802768024822724,-1.380419018884436,-0.27121894975225486,1.1740134915903575
0.8006417295059288,0.7096400206816126,-0.3918394132558664,-0.9721632293588841,0.5785303262443937
0.49479951459861554,0.5733733352604661,-0.37425233681052417,1.4113895106572605,1.174108465275382
0.27053797860106765,0.25510456105351886,0.47572316897244527,-1.950926133046818,0.2042970515432294
0.0992519835093937,0.7180371647391359,0.615361260804119,-1.2898068078625176,0.23723300037435893
-0.27612793713038913,0.013292933951263335,0.5484072072054561,1.926993550958929,-0.06131001509198775
-0.5489634555053573,0.21628701541600176,1.3812809940494428,-0.9491638590074748,0.8741305393867991
-0.7812596414074673,0.121184034690883,1.4617527145167173,0.469181776335903,2.1220749916463433
-0.713288814224839,0.6382040883907466,1.5521516399332618,0.10670187345690069,-0.16887134097674736
-0.5384749428218164,0.7145692381027301,1.751390567664124,-1.3479124810079557,-0.015011395805573095
-0.7997016651630184,0.6437836223527579,1.7881427373580248,0.46600206729002697,-1.8766348439563527
3.1406028922836375,-0.6231198162354123,0.21948316921318475,-0.9150384839231849,1.0232471257701736
2.7176848109066833,-0.8082699408396656,0.3587374079901863,1.1064333394499466,-1.0638234434227312
2.72633288720675,0.6180105480252428,0.4673802566980413,1.3918069991241664,2.472771299802549
2.4040382432161405,0.7667020371188965,1.2061264700318974,-1.3968451878065062,1.6143313844241463
2.288443063798839,0.7569858159505221,1.3982562489674584,-1.0476760213175678,0.9247088724811311
0.400637679797039,1.3698574872945748,-2.9015379274477593,-0.9519517645184286,-0.29921691933976197
-0.657951171960046,1.2081884047650475,-2.294348592574446,1.7082824088779494,-0.005180497713265733
-0.7804558687279189,1.2898458907626795,-1.8675273131790755,0.32311317758203933,-0.9470071598482882
-1.5998746125529262,1.1616796320801641,-1.2750629803449198,2.0728525619691194,0.6294176900929463
-1.4206182098774867,1.3473959928959165,-0.8274772198752322,-1.0598271897757607,-0.8753831485536459
-2.071443553935856,1.261986691177549,-0.3534723867756146,0.2860011735919161,-0.5709650955015758
-2.1010288611007275,1.2932016514328277,-0.08230433538531644,-0.4511826469713886,-0.14525297838586584
-2.206871758513806,1.1785676236859397,-0.13431884787773307,1.1837523336009406,1.8990272716312246
-2.1255708484158933,1.2366730202308847,-0.042705314370789935,0.7198680677076469,-0.31938135942172946
-2.032247372805718,1.349207574310597,0.33901421534312554,-1.3834223220948882,-0.5160059023564733
1.5598956896897869,1.4056544034890004,-1.316019602101601,-1.247439231725056,0.9019609382879434
1.4319818861142497,1.403927435700312,-1.1539250479441143,-0.9983597494175177,-0.02710654971895005
0.7868361038064512,1.3853105007554365,-0.39753625553077426,-1.0922649729339569,0.7440943012678136
0.006095531200224619,1.310100390463579,0.23285698477244818,0.5792814468390844,-0.9723707680620024
-0.10040081660643706,1.2906747123426336,0.4327941813173151,0.6556622476318799,-0.03255665655885549
-0.02594247028946729,1.3918504171274728,0.794981470366221,-1.281030911235617,-0.06341086676812299
-0.9013800967876727,1.1666498862467833,1.0637253304691,2.584017970846009,0.69128019509291
-0.7095573019747746,1.2740567745761493,1.26290875556582,0.8182093929830643,-0.18892248707009343
-0.7502242028197276,1.2707021438808372,1.538078708752941,0.21926769863426784,2.1227882357341983
-0.6380099942132803,1.3487692233537978,1.6616024736271289,-0.5056392407319958,-0.5014877240431763
-0.7761157611208171,1.3187565326094575,1.8309067803815315,-0.01753732342347518,-0.3221659214424244
-0.9193501882755747,1.2048200746796938,1.7304313825907003,1.9808353042872833,0.33320938108415826
3.0719158945386615,1.4242344640376334,0.1888556509540446,-0.6607721123392757,0.8970800406499715
2.9788412942291327,1.4508674860589503,0.38110068868757524,-0.769028826590462,-0.6777344321019312
2.8730993492991,1.4460217194393579,0.5754171189946161,-0.6891252803708584,-0.7553006217111314
2.2473695977878574,1.421632233377424,1.3639424068414543,-0.8790906113042147,0.7929661944106804
0.29725837885112166,-0.05766863406581146,-3.047714922349782,0.3025609221469214,-1.3466921586001073
0.030147937749845654,0.005017381026685038,-2.736764268853281,0.5497496686842517,-0.24286346246280124
-0.5661851207495151,-0.10340179125948429,-1.9495684164183562,-0.20184754570980162,0.17980229902601416
-1.4177538738377546,0.4445332460851116,-0.8550320050075642,-1.0265006572668027,-0.9716793090652615
-2.041930552989795,0.3472720520058988,-0.3379607887811049,0.12437537044530622,0.8871966842244376
-2.3031034019414767,-0.6082005252744865,-0.3130191655563607,2.0487335753823803,0.205193325428224
-2.1395602250795096,0.32657803852373357,-0.1067964065974386,0.5246601271332749,0.8256608009020028
-2.2339431459460664,0.1638695592205421,-0.1645335797637325,2.066016611642674,0.5948396437121802
-2.1411551800395023,-0.13040027219743047,0.19836598864214722,0.011826156576984888,-0.6951038664806417
1.6825802864804107,0.33809191400030464,-1.5168913369151045,-1.1017414111457466,-0.6729545600797913
1.2727566573235556,0.3918221552785953,-1.3241976849154757,0.8814435118166946,0.6814952787563725
0.928563360597997,0.1509016514042095,-0.5729465471808506,-1.0534368995889978,-0.05430835923009596
-0.188565389297969,0.3004872973179624,0.342978041727669,1.837889359583675,1.7335181239452
-0.12158972816313303,-0.24331920680256638,0.6619666913207198,-0.040935649175390415,-0.09440863161057908
-1.353154920116798,0.07340196979680658,0.7451522480472377,-1.0346299557646326,-0.5291807934546477
-0.4958808505637206,-0.14711750289572947,1.4242204171911657,-1.2973397244117764,-0.48131492380731145
-0.5221483921700579,0.4984010340126709,1.7467559401079802,-1.7233748456624964,0.3515630718001016
-0.7007146418098867,0.39719056849080603,1.599182379311571,0.7160180435584286,-1.4738908775279935
3.043730165264449,-0.8168371744146423,0.10387988364588263,-0.08457417431149283,0.8295457873662501
2.9516819621084127,0.5343269243150688,0.3248435229880916,-0.37389931182205993,-1.1457725789700626
2.1368693316979908,0.08525080454216857,0.9238248665687395,1.8300936327336852,-2.755523007205532
2.40845956792344,0.31153968950333655,1.5310618786575703,-1.982050659369423,2.1980019894499763
0.22042137321677402,-0.30407803287678004,-2.8263915779891997,-0.07342628968094836,1.0541235110895477
-0.5021663096306268,0.2228097347991447,-2.178619496372215,0.2517398949418739,-1.2811189834236634
-0.5597206660725461,0.12232794399552822,-1.6725102628845752,-1.700521712603599,-0.2976111397272286
-1.4291008166088628,-0.7782868000825096,-1.1641594772000707,0.6301461173901935,-0.724760694829982
-1.5374059290007869,-0.31411340142978844,-0.9656605844402686,0.6429043742746396,-1.0404218948254902
-1.9574684594225071,-0.5943309788108267,-0.2874991280401279,-0.5012659589012189,-1.57641550867282
-2.0993662509469773,-0.619968071884755,-0.10895828080940355,0.0315744869410245,0.24904173960920972
-1.9871901265688483,-0.493694107422744,0.03321765601799022,-0.8212726553732019,1.1404721530538398
-2.0250760441958793,0.24472079599245952,0.06277807044664342,0.027601360761018913,2.3593925371415025
1.6145349586053608,-0.05578562511193852,-1.588026481266654,-0.45736914216232216,1.004300623816378
1.5702434905376,0.054921685237840384,-1.34071401157006,-1.0161915364898872,-0.43883298917201524
1.3178351532465937,-0.025034074065599824,-1.291101444959503,0.6489126493131627,-1.1343141396743344
0.7092964375820536,-0.5446145021231432,-0.4974269039234854,0.25586224867742435,1.263867295796593
0.4868648834861265,-0.09295580938692909,-0.41548809553117844,1.5483118618849898,-0.7040781290010923
0.012708716108804717,-0.7461198234556892,0.22103830281582154,1.0751296886225195,0.7530055902605755
-0.1362452139439431,0.24360217486959848,0.39519256687926807,1.4068313086273825,1.1596839745350234
0.025867037850167186,0.4065728405743824,0.8340052129451783,-1.5119117830790758,0.4491747771911978
-0.6377129886679997,-0.02304512455330832,1.287369175064259,0.029842868171700343,0.5292316983267251
-0.6145058795508326,0.3168044011851135,1.3411677409069076,0.10790240192749302,0.1409931579635655
-0.5771698243033482,-0.11375141947967833,1.668922380775466,-1.2598577110130256,0.8449908651165954
-0.64245714510853,0.35283036732295886,1.6326330902426618,-0.20648523450198736,-1.212036694848887
-0.7412469024892336,0.34244457285868285,1.842932387550396,-0.10149591331982444,-0.9755052351532082
3.048370869599744,-0.05298646813600416,0.1360819031164398,-0.054652522390406466,0.5159682731418171
2.8835211702953183,-1.0815793030054435,0.2469710205242971,0.8305961534907544,-0.4575908062429246
2.905008878708457,0.4353446954891446,0.6055823664537399,-0.6329536635048766,0.4771413302883112
1.9857720094608073,-0.5827051923678792,1.0708870094538445,2.417674897029042,-0.6940807194441668
0.36451832251386307,0.9536251402034354,-2.9444450057314913,-0.48859753039267995,-0.1261027974501554
-0.48501664674429257,0.9059107894155805,-2.1388373030419046,-0.18356534992810997,0.9007025792160236
-0.459311870409527,0.973753786466056,-1.8160560181872403,-1.4946007322414587,0.9036477014071276
-1.1961044165215688,0.933246982645358,-1.170415090081857,-0.7716720046438271,0.15462462451334402
-1.3369233410792964,0.9864142189361859,-0.7505217965830073,-1.9197068814865776,0.3214045929643221
-1.9040206844179997,0.9544015712557729,-0.1981318586751845,-1.4596149278721071,0.186047314902423
-2.0929397285643483,0.8790277501862945,-0.06959627840786013,-0.42343784838117543,1.4910927542677164
-2.1192596562434822,0.8982421373402845,-0.09934885211990856,0.12025080246328783,-1.7675631526462525
-2.044012632061476,0.8959134489927667,0.019715344929633512,-0.16063061326500977,-0.454180238310165
-2.1954049189946927,0.8115460145997501,0.20554042753329183,0.6093663824471585,2.4795411345770475
1.4770924612985508,0.9841705448679974,-1.419680175669928,-0.39933773659396443,0.0007024419486313651
1.328659503587561,0.9341681746744191,-1.2519947333565289,0.23052905235587262,1.0486425491256177
0.6354476006045582,0.9451018424226457,-0.5765149664574105,0.5042748460097446,-1.6034961396352885
0.5370052433539271,0.8858733356331544,-0.33538639337487264,0.7468156688013419,1.5360882168937864
0.12738543111337194,0.9801323586000081,0.34004827235677265,-0.7110502701014745,-0.346894678026398
-0.1632188162407609,0.8385726945148712,0.36133088797670826,1.4061809015034676,-0.15685133473064658
-0.035964064169665036,0.9808975780874196,0.7825365204408417,-1.0831661362835578,0.7213248974985882
-0.8708973077755059,0.7733542904048605,1.077886772615528,2.303512597896266,0.27597218234326276
-0.7092517050515192,0.8830936149853339,1.252082670081444,0.8743092962938072,-0.2728050273796165
-0.5790876012030158,1.0120619996598528,1.6696588303252855,-1.6629558641652784,-0.02336092068437677
-0.5651932177218937,0.9849291703567604,1.7243347777098612,-1.2942911843196172,0.6210820241905015
-0.5396663390573393,0.9752345315923276,1.7876130780661035,-0.9933315071703432,0.32236266123732304
-0.7289327833337605,0.9487034228480649,1.8853193825586239,-0.09470592928884612,-1.2756447962307798
2.979502736107741,-0.5026265303745822,0.045820154936106534,0.6023907217121272,-0.5306838836785276
2.9927808113081404,1.065416357791596,0.38458310312874733,-0.8572725000739322,-0.6129636458645189
2.2595881364549886,1.0475679509261653,1.3566656950213944,-1.0146737138910695,0.22921567207080243
2.1138683363941895,0.9143856536974189,1.2737621505903465,1.2513298692100385,1.2896976133975624
0.4177368857905342,-2.1746653685506265,-2.9430514584180325,-0.3411599711235025,0.8694037075047804
0.3193097005100091,-1.9995439626905738,-2.4859837938776033,-1.9864140287996939,0.5395612375470991
-0.4931398628007901,-1.9587493652898318,-1.9010733754329985,-0.467075403290778,1.0081751501334468
-1.2487344316731221,-2.3798149098239967,-1.2831453803801474,0.5218924928562373,-0.03967383615996143
-1.4436801763471232,-2.3665426440745456,-0.9204424242665138,-0.04986187154166018,-0.4675805470705821
-2.0264691578216505,-2.0139297841026114,-0.37615446543700526,0.5061436502409583,-0.6756718589263375
-1.8845729779359508,-2.2103885115661996,0.05304099387948413,-2.0763074045398646,0.27542687544528915
-1.972215043285443,-2.1211265855857477,0.002032113776068929,-0.7384058377656172,0.2688058147636097
-1.9615139934303516,-2.3091874707835993,0.04994077918361972,-0.3072633934221368,0.8382718086280879
-2.1255514884320306,-2.0108152305012688,0.17698020063388195,0.32547896354928746,-1.478687887168294
1.806280447644473,-2.1131266747722544,-1.4347956832748496,-1.812291945606407,-0.10413204535966387
1.339803224686576,-2.4597708957561193,-1.3000782245834455,0.8680704737121008,1.5228495736291103
0.808103179528083,-1.6906021859860805,-0.44026767366998937,-0.6925713042101214,0.8060268391373495
0.59810540845759,-1.724862028316432,-0.3589711397584408,0.5465476420639058,-1.4782549339488582
0.17854627640997067,-1.7580206111782462,0.34764834051746524,-0.612042719458362,0.7245311196816165
-0.025217235666972395,-1.7860658041128066,0.46174614615603776,0.5717164271117214,1.8811404746421798
-0.14998418608654437,-2.055015328173037,0.6118402445381127,0.8061098153709926,-0.06635678968308392
-0.5689457866519942,-2.0829709945690054,1.2965455345872243,-0.3949406269095129,-0.5269979545126254
-0.46401267611257113,-1.7703997542059584,1.4256114791136958,-1.2346786089059092,-0.6521327755565768
-0.6743062797538979,-0.32144310384840746,1.5609857471102755,-0.2235810532583014,0.10470862451075102
-0.746655543332687,-1.0863955427775032,1.5012435614739468,1.0872087207480876,-0.6084168867703235
-0.6381917469605204,-0.3437929237901557,1.666250359366549,0.4486220088895305,-0.5668394246907188
-0.7639688980922843,-0.3657420943004567,1.842879677515837,0.718320480458909,-0.16432029229120884
2.979411240629911,-0.24873733445007243,0.03861258719591058,0.6240352715979918,-1.8873505180351748
3.0140696294863254,-0.19836052445947885,0.38308288600514995,-0.7385529098506235,-0.4784921121641993
2.193650112652853,-1.6845966256431286,1.242514239111725,0.3144927297877927,0.03730543627207215
2.2295041821208605,-1.6743015849583236,1.3074114039089706,0.4736875352957504,-1.1300322312573408
0.049615366372777095,1.378526305905742,-2.6833897380380893,-0.04274338796659691,1.469709857285444
-0.7872949284636318,1.2764570644374738,-2.1305277953825152,1.783381154849472,0.937373451696049
-1.3951161345993799,1.3054459586015863,-1.3615603727529144,1.0645087793839587,0.6577206791376266
-1.4884285112705944,1.418451973343329,-0.9135879882515306,-0.6290225544883055,-1.3184946202991066
-2.0858882516144814,1.3493462423229696,-0.38050402694246416,0.16262919611725604,-0.1051482717760611
-2.1820574086176903,1.349910243651262,-0.17894796595659374,0.09724512526873515,-0.03395246484914852
-1.9883784079214621,1.4376342426581183,0.03982320243927796,-1.5239664601311596,-0.045862852403450546
-2.1143334567234375,1.338147436332909,-0.04305046390985605,0.3577270709008418,0.054991794851776694
1.5734405566180734,1.4488370230750987,-1.5934395894988727,-0.26521612445958803,0.56956296861699
1.3421692285354991,1.3517218668385045,-1.5009314011935855,1.3511673830299298,1.2796690918270093
0.8196617740598401,1.4310166127308903,-0.6516483645324667,-0.3033595364450717,0.9489913107004968
0.6694308927498085,1.4246517136657948,-0.5078940901792645,0.3361314485112781,-1.0551008154703811
0.5632732737878784,1.4286413039517196,-0.3173532976027931,0.44275543457242644,-1.8357323169086948
-0.011421036208396395,1.4251190530098474,0.511231162084819,-0.5734842502141145,1.23384512698544
-0.19542199635895663,1.2863504576032867,0.3766588815552632,1.9551766712389487,1.6830314359026277
0.03402850815011962,1.49455199373641,0.8794627517877748,-1.6318434247554854,0.3096582476352525
-0.7569849970360788,1.313373446589055,1.2253143751220779,1.1967706045301791,1.7909336160091314
-0.6522994811853785,1.4599382782202546,1.5979790237318208,-1.1687399146880748,0.17160479318350866
-0.588346223342073,1.4635866677409473,1.699044463841301,-1.3516731424516326,0.7077044024061924
-0.7250441369793981,1.352945538872017,1.610776295320594,0.6985057000632298,0.9741120424085409
-0.7712313648075888,1.4165413843364818,1.8455498073324041,0.13848734671538732,-1.4865464110873146
2.826383337470813,-0.08583797663861156,-0.10228451457724325,1.860703170124649,0.5673363319412774
2.953695910568909,0.34018515972784497,0.3392506620085555,-0.4618863511868544,1.2975028066665595
2.90650859963706,1.5443773367104778,0.607293845605104,-1.220442213265598,0.4705738309600681
0.1438879312570779,-1.317245656867144,-2.6434300831248385,-0.3675628947403358,0.9501207829344934
-0.636599251817108,-1.4958779943147356,-2.0494092531711603,0.8297355410538398,-0.6340160996841164
-1.4409356952947976,-0.6071011842154788,-0.8984187708967096,-0.5527537011927337,-1.1895737552860015
-1.9819169787735165,-0.6415485315225754,-0.32811017460480085,-0.4302110641126612,-1.6562478357988475
-2.1817369061913707,-1.0620910523556402,-0.19316548343939985,0.8952788994163878,1.6990090136439127
-2.0649743137950596,-1.0885076083201253,-0.05620108564366418,0.03570285778591813,1.5723714323074927
-2.2141869212748606,-0.9601130652052164,-0.1647773904152154,2.1012853106296374,0.8225397499526426
-2.0287327339267205,-0.7945166437355008,0.3044120032929919,-1.0098314115794915,0.6492168617232766
1.5989703829797706,-0.47838610714440377,-1.6181413535452154,-0.03485663558071914,-1.4844048755709154
1.322966201035406,-1.4608186599672743,-1.3083368477783546,0.7273729213087716,1.054830340587831
0.8612303269388998,-1.0757473617667639,-0.666032087690701,-0.08403131994576461,-0.7931296652742575
0.17619483762747884,-0.7408285951793184,0.33927366156436467,-0.9914406282991145,-0.8520277959573067
0.02516264262905652,-1.29423363811529,0.4775523288749855,-0.2931530386591474,-1.6007963434730617
-0.20144511695006734,-0.9233648420001083,0.5675438853379935,0.96197007500476,-0.8309827043691463
-1.446254020597075,-0.9295061021414418,0.6300363475283757,0.16551032058591003,-1.490028238059066
-0.5971196951142509,-1.095041797047811,1.301809006272254,-0.021488912001776758,-1.516251647887423
-0.7239688917731381,0.0367562442839313,1.5300619428704898,0.522708073559747,-1.6474737498273389
-0.6414407953704965,-1.2504734744297743,1.6288637257727425,0.4298286409080482,-0.9510824360300163
3.0283564538471905,-0.4073908601210823,0.09988453822990397,0.044675083805284836,1.0635502317997176
2.893017624140729,0.13055846348266972,0.2583887749688556,0.35657605106094664,-1.583949471854682
2.5603574236459665,-0.9429650809842088,1.3458453233786183,-2.3968695522147505,1.8571754424399776
2.228057533825225,-1.3853432523931677,1.3102288997002436,0.26066787087539306,0.11957143948385432
0.023545056567944093,-0.5050740441543174,-2.7385691625964,0.7883950845458491,1.1711331499046103
-0.7198189313707348,-0.8025528591523666,-2.1084526118850486,1.6167061822088507,-0.04191567973670001
-1.5116088071267533,-1.3623894889567671,-0.9754010736817899,0.362456636194602,-0.8263749718961878
-1.9541090181711542,-0.890472299950886,-0.2917554176075641,-0.6414179128246971,-0.10192193096167546
-2.0598597529796905,-0.7812970817410252,-0.10138008860668404,-0.6016257974644538,-0.8076965630600843
-2.108267511073767,-0.93671073690011,-0.08527562492792187,0.5001216025715866,2.4595068143385665
-1.9546504008122467,-0.9821420112578201,0.06380771943041733,-0.7886520256585645,-0.2734194945842004
-2.248334155724445,-1.3557258150550309,0.07657404210881794,1.4364282901282464,-0.5474084270576257
1.689025738161223,-0.44815976333080265,-1.5234219546764527,-1.023949031577246,-0.12868471377166016
1.513230146828651,-1.2541634689071308,-1.417015169969061,0.04767753564889749,-1.9532791517689476
0.7388940312269329,-0.7771979627188973,-0.7742365752397848,1.1851292567059504,-0.7228596022714878
0.13958231359106912,-0.5803267596817286,0.31733881813722215,-0.5988290736665529,0.10945870707185373
-0.005696547097096569,-0.7842305776016124,0.4690844156167732,-0.023802703535402127,-0.4892422819381059
-0.167229056776564,-1.1516857495191561,0.6110092299810281,0.6796852326276165,0.7977432369153507
-1.3939108700645446,-0.8845846628263778,0.676260616144233,-0.4592865500510118,-1.5231554761629793
-0.6669379438198768,-0.3860564244408353,1.2570493198919075,0.6217601140693738,-0.7754561793922504
-0.6846957145656098,-0.9348500785327767,1.518905094348221,-0.1990084904419951,-0.9806967564189106
-0.6915548452110645,-1.4440390697835632,1.5352932807195943,0.4547159665289232,-1.3384895500338885
-0.6484880279407196,-1.365912212836979,1.625424799883032,0.5414067640974772,-0.3964616145294608
2.8756916552013614,-1.317399641957555,-0.07530536741058362,1.8201827214098603,-0.48300222550212374
2.9453665288342967,0.18214429604917864,0.3171590819305669,-0.19622530308185504,-0.6741425811995948
2.2198784054419676,-0.7326081831117182,1.0087048370207656,1.181788253144373,-0.451007719308218
2.325868178775559,-1.0860858876970432,1.4311744419254973,-0.7850305200626497,2.56793505481672
0.4151759665733579,-1.746892248318844,-2.943300870627234,-0.38740910539209766,-0.06939512164925411
-0.2793277080340931,-1.1998975990157628,-1.9890938906488767,-1.898162686059598,0.1543990586317946
-0.7837202759015106,-1.6504480422777958,-1.9240439406924823,1.0431518303778695,-0.8650905700693066
-1.358420507823963,-1.818415832346396,-1.1315357896732037,0.02547478303404196,-1.8657319972848982
-1.4616712126191143,-1.4450065967990977,-0.9201606264268808,0.0309788984601827,-1.1644352005082352
-2.0680246695681865,-1.3693988413314213,-0.39642277375206725,0.8802907600375196,-0.33914783522008235
-2.1380467585848115,-1.3750163872888166,-0.1681305669544013,0.5748937464361492,-0.35947914174682005
-1.9973192465060075,-1.6102876572488463,-0.01990349664950859,-0.5625419514497205,-0.8925975062034396
-1.869125042000579,-1.3507738981340254,0.15031481980404712,-1.4767504938823839,0.07336875310937976
-1.9289549364803964,-2.0378663425701,0.3838445311055325,-1.703535634177822,0.60448851066007
1.4308128362152073,-1.7486752487784678,-1.5080714496833425,0.8339549071612165,-0.42899374876272756
1.426999249887945,-1.761683171382881,-1.2170514306438873,-0.21978957194127727,-0.020431629852128704
0.8816371568664629,-1.7678901214488563,-0.37849466961379646,-1.4679403630861245,-0.09468765206228612
0.7012008247000832,-2.004879256462653,-0.26439603924424226,-0.48350952186704105,-1.453864356125206
0.2547711426944372,-1.3521309513394988,0.42256123542719876,-1.5024802608309522,-0.025566233553134535
-0.07209494113775138,-2.1267153768170988,0.39892774748920784,1.129438607917118,0.27034446044954363
-0.016826207744517683,-1.7885445708745509,0.7462132427760082,-0.6480482339742943,0.09183393564399181
-0.4739097212258231,-1.4673791021899167,1.4050825864467997,-1.4912394670646818,-0.03595601526909742
-0.5704618362073596,-1.8739203899531778,1.3501200763284633,0.0787056142341875,1.3784469122259484
-0.8601931485052773,-1.4030453085280492,1.369832937872062,1.9936533598906208,0.46239346800660375
-0.5518044249062802,-0.15492274533103462,1.7197377962798135,-1.0477242260014112,0.2954429852266892
-0.5799875147645068,-1.9892145500431089,1.9613121764469612,-1.367430738907035,0.5073986009979043
-0.7294556775603541,-1.6443667436458969,1.8705375041534165,0.6338186218233633,1.8676526347815505
2.868147362274174,-0.31946604821467145,-0.04402816047909415,1.9384914682839403,0.1434730765667753
2.905289896907365,-0.4099716398909481,0.2681540775801433,0.47645264698547446,-1.7402644549571213
2.9009635237645046,-1.838450725217064,0.5375633531717852,-0.25430221534639325,-1.0805302579490328
2.178563608978845,-1.7977127647084008,1.2112819936518557,0.47735692007417446,-1.8296556774826431
2.482572720076626,-1.893686468546474,1.5593800036041976,-2.1441489733715398,0.5295449385825995
0.19636199092524736,0.7842463667678452,-2.8448367213278165,-0.034855588324202554,-1.281451933670891
-0.37698120155683723,0.7530328469336227,-2.038085976223945,-1.0955713676887444,-0.8754369450670197
-1.2151939708098702,0.556536277711517,-1.2217300609096036,-0.7716032437785644,-0.5525630692555582
-1.3206110765220527,0.6105543284868261,-1.0130723506036359,-0.6662336963474774,0.7017825054101116
-2.104216124817731,0.6572850292763471,-0.3888012162762242,0.612143249875926,2.0962502760819226
-1.8343122124545164,0.821077110577773,-0.12023206484132967,-1.990427643757856,0.3876306102482478
-2.0612419617477196,0.7235249043176518,-0.025707986596674257,-0.4970780991956374,1.560922389266792
-2.0671110091932254,0.7510073384568334,-0.03399781042040048,-0.1699048135424937,-1.4747535278267738
-2.077280285561541,0.7764497475950539,0.269306736403396,-1.0031487415227154,-0.27197544557601566
1.3721264039524723,0.3352682396652868,-1.801213351909825,2.184004200177138,0.6883992741693357
1.5165273270970236,0.53845148872423,-1.380666966212525,-0.4881355402477224,-0.9481013228789503
0.6702941823383484,0.729689259840768,-0.8248604504264802,1.4030646896639245,-0.850554651187567
0.6984743399616187,0.8007253225765012,-0.4969408055484102,0.14289148188076803,-1.2364685215315194
0.7126818485844053,0.8428340855819034,-0.17393325662749287,-1.0031813343765277,-0.0505901054809472
0.051181913592510356,0.7862778167395134,0.2676234362563175,0.34686039902303123,-1.7806066446860391
-0.03720370779757465,0.7636310764120879,0.4927136397040201,0.25312122345398036,0.010817435203978841
-0.079736806143394,0.7639065614255605,0.7710060629751783,-0.17192433343732408,1.470483509664689
-0.7390318147896912,0.7271354452812561,1.2000438818065555,1.0344644477730958,-1.127933994138282
-0.6028051537399404,0.8442799341161524,1.6303950582509972,-1.5784952465099045,0.21321707694277292
-0.7450613475286219,0.31188921008330556,1.5181054469032123,0.5424795640388642,-0.2993079969723161
-0.7665951768269232,0.1522450089212131,1.5302315012165113,1.2637886276716812,-0.026877414278297748
3.1223825122721935,0.8190941985513494,0.18737935957509216,-1.5126433476108199,0.3701120743672386
2.8840299536715706,0.8467891271205192,0.2599507377155911,0.03886465838971934,0.13793368612842274
2.923088203601644,0.920683468893559,0.6020935018031532,-1.292536297516632,-0.1737621909312397
2.301251678266655,0.8349113840060179,1.115474461015099,-0.1880556586339963,1.0564838237919916
2.213543514566033,0.8590951804923327,1.3217718565260106,-0.22130846366634174,-0.5929833222009114
-0.02134195286660873,-1.858265248889506,-2.8078085622678435,1.5573599507113072,0.9683426589448008
-0.3440147535275875,-1.6383487205965561,-1.7730103609002208,-2.3024862514241002,0.20436346969368493
-1.1681797668127334,-2.0694775146426028,-1.2266676716682234,-0.5907281235295496,-1.5866802148502257
-1.3768178872172743,-1.849345234184037,-0.8390909347513221,-0.913369052081475,1.1295405077933427
-2.0518856310301317,-2.0372455126582243,-0.4116267669095943,0.6465827584369674,-0.8240711099899143
-2.0377422264732026,-2.356390535707111,-0.10562767129025658,-0.49732713052117833,-0.3425613607855373
-1.950850726213692,-1.9230622983356618,0.006897908487833111,-1.135254073120733,-1.0045934121537186
-1.8915777760044892,-1.9423921271983122,0.11534386262634055,-1.225396523225344,0.7887661542019015
-2.085676748351345,-2.1581062947474448,0.23513884550021344,-0.07575119720384206,1.6301562544950894
1.7216105201144392,-1.8795156198405816,-1.5136992063600763,-1.055522393994072,0.48567209747479645
1.6111892592938961,-2.2356273207498174,-1.32962216457304,-0.7520705994563541,-0.519604055583855
0.743166161121142,-2.474289359855428,-0.7996686675564394,1.4989730282934912,-0.48117196396447426
0.15011934255107054,-2.0870241707135797,0.2805463532414052,-0.4878935307165739,-1.4596781109765278
0.10539530602265736,-2.17540086758051,0.539424201903764,-0.9908972319697887,-0.943174148671575
-0.07862825302909539,-2.0249752259751883,0.6909765941499335,-0.04109242917771007,2.1575477344566383
-1.4293166993921416,-2.050995878625917,0.6208862442376782,0.1764442622844608,-1.5765473993198111
-0.524747288449976,-2.096965322338124,1.374870883231602,-0.5120569325245062,0.9524813025164708
-0.5572266557371238,-2.303475983972844,1.6287282695969367,-1.239507050486784,0.6743326102442533
-0.7400661915519552,-0.7803022159342499,1.502254346302562,0.8897000544145645,-1.4014345194402948
-0.6209916974283416,-2.5820716805014317,1.6220587273248712,0.4514352549921682,-0.7241268027826795
3.006000918755,-2.4528646899064177,0.03927729777406768,0.6980836240031005,0.9329624539280675
2.939363515190133,-0.22921601013761742,0.2993331571072859,-0.06864124068366251,-0.8327910823746415
2.4900119783733405,-2.322214969440759,1.262288493252298,-1.3190677227552399,2.689419786664035
2.1546093968492332,-1.7282068323498398,1.245619527554877,1.1849654904889497,1.1790226438183757
0.20858797463542247,0.3303525040780813,-2.841469567401489,-0.11122179894637818,-0.8956552940712958
-0.48298757646527024,0.6780621812152744,-2.1213430314190065,0.12573218800263808,0.9117873243656492
-0.6250038758709583,0.5282937659953126,-1.7048910240040944,-0.8620042954188754,0.2257824875489711
-1.4661509449682415,0.159004710043616,-1.1455350530747317,1.0383750365281368,1.9672512297616744
-1.9728400975795202,0.6640884288396204,-0.2390934256971179,-0.41244730240917343,1.8029410188253001
1.4653781847256813,0.6464426645604491,-1.7194425559030553,1.049249934926803,-0.15692960867185704
1.3914676261004328,0.6945269757477467,-1.4788112610640343,0.8920097341757447,0.6914421742328151
0.7315340976030044,0.588772094307704,-0.7793644709522096,0.6720177218675563,-1.1261939562464438
0.6947262496989904,0.3298303193716048,-0.5041918945331169,0.2572642368822788,-0.3706952299123917
0.687318499034838,0.6985896827159062,-0.21262184641629767,-0.769515600169159,-0.9781128966253481
-0.049413072256197926,0.4750989050979474,0.18494426466829209,1.553687259732071,0.0056465092102815475
-0.06232732417253184,0.7225595759701817,0.4501104884487852,0.44601067118057774,-1.5449583978098183
-0.12937243498090673,0.7144647506228867,0.6998712925849031,0.2365364392066814,-0.3081636431803334
-0.71781028890132,0.6679001879623434,1.2275906298043104,0.8123634492259973,0.11110840401830031
-0.7513884543932943,0.7390202402617444,1.464636173903656,-0.09003635306219797,-1.663058393881095
-0.7351446844078837,0.21852120330871624,1.5458990059399151,0.48482640461511317,2.1226331664913314
-0.7345109691440321,-1.0641360115680112,1.5280479094776687,1.1197706285423177,-0.9759944138962262
-0.7164134190545891,-0.25267432960589087,1.8613170952168334,-0.16736418538197784,-1.2845488631139375
2.989232628900617,0.6432201135255046,0.35554319662300693,-1.0558500541052962,0.2333952844178472
2.7293167147269224,-1.31797419151993,0.3758557581916149,1.1190285628065875,0.5815564721765
2.7254695660734467,0.6943196263580802,0.4649174856953088,1.3713598219480576,2.160213500887539
2.287505032674675,0.6636780461939186,1.0822736908988553,-0.1252129540621926,-0.03674877727502977
2.257514144848537,0.4074922869195498,1.3646005172807218,-0.6121382274445764,0.7930766123324902
0.5472475338514696,-2.959256013673862,-2.8497894846504517,-1.6831806822244155,0.1631748133935434
0.12272357109865416,-2.882841991766587,-2.7179686627721513,0.13354865762056317,-1.6994380360017258
-0.3625393065581397,-2.734096074396147,-1.8096650914112968,-1.8320793392511336,-0.012354346364189387
-1.4053294563395122,-2.9961554272790982,-0.8936048740129089,-0.3485098056950608,0.1353048802036579
-1.8932050673343286,-3.1896335731073013,-0.27461133533728166,-0.7656484804179328,-0.1261542974516585
-2.0957030730363955,-3.1024624224639825,-0.1662886299019168,0.35452273045617166,0.0879129227705771
-1.964462170553856,-2.8599070155724653,-0.008499294495255163,-0.7055906944962175,0.18532715506875191
-2.061509311449493,-3.206639468149575,-0.07294724546366377,0.8968280554460616,-0.12056590665058031
-2.0478328489382123,-2.8572571710466512,0.2401531863265973,-0.3481614562835179,-0.5051172400281285
1.612903012743297,-2.895379142671968,-1.6492273724212385,0.3628386829160822,-1.7142568609319793
1.4880563860942486,-3.0478856229377147,-1.1894761004925054,-0.7260302788672598,0.4116972290619653
0.9835559324112113,-3.0143863479702677,-0.5839676974828236,-0.9077311804406619,-1.0894332050038644
-0.1297911855199488,-3.214156799807728,0.31318012909429216,1.8896589525007008,-0.2458406577985182
-0.024150633371667122,-2.7428342208057104,0.6941341978220666,-0.5780172676841322,-1.4007559520888426
-0.7976261437813393,-3.216647275189038,1.0725485051599355,2.35679091664074,0.6331327459544164
-0.6111246199141187,-3.16105907721801,1.28101407696785,0.705555311786538,1.3244100566884731
-0.7520798927429152,-0.6373853806350752,1.4580866041475518,0.5593095454507766,-1.7374070217071607
-0.5709540370195103,-1.2342702121681657,1.67179015949607,-0.7717184906636012,0.6140552588092381
-0.6551816061806226,-2.9372043812773985,1.5817610081957578,0.9436830793621299,-1.2521383597884819
-0.5963319482777654,-0.5824678072648265,1.997533533212978,-1.0969733031278472,0.6693239393357154
2.8845521939985943,-2.8939536519591975,-0.09014901052479025,2.099313516941433,0.14159982081364827
2.9608642652056365,-1.5704874489309326,0.2990840641920268,0.025014535456488456,-0.6789416511206356
2.785938579001164,-0.5846296375369134,0.4553350801009085,0.6938794267962201,0.059027639190456525
2.6281473484952698,-2.9036521924815566,1.3706757138843035,-2.643195105532796,0.9662585965226294
2.422283490530262,-3.0429217398279595,1.4579061236970994,-1.4864196235274136,-0.22659023364439132
0.2576716989967667,-0.4538775140979344,-2.7946733328313544,-0.36407389133182305,0.3291851701225015
-0.41328150707215294,-0.4288420166849881,-2.088314096772996,-0.4085725081884072,-0.30498324219795153
-1.1931479628797048,-0.4693076416608432,-1.2078909782420424,-0.7261078715286624,0.6873701117060236
-1.3240210956774685,-0.5053996736489702,-1.027656783794296,-0.33689818245879294,1.6440838894093563
-2.006262208254083,-1.0346841439517875,-0.37039496201468697,-0.24206451011500546,-1.878648997453818
-1.9986702900478035,-0.7774041670734985,-0.3126608086961295,0.11785227862274499,-0.5299351187950708
-2.213283504603914,-1.1122579231583,-0.21039517951917844,1.5243174232946912,0.7166963823740741
-1.9988775034000132,-0.1887062861406951,0.029757502328884168,-0.6255155915662225,0.2857410857786261
-2.192693061089492,-0.8562799561667,0.12708872923894246,0.5966472778821424,-0.6694746512266331
1.606110641846775,-1.158236166363094,-1.6274185747701495,-0.10654545596506232,-0.7820462537266331
1.5341347678366286,-0.8942835109700071,-1.3801544094004807,-0.3228962491958248,0.14152835446874557
0.8775659011778169,-0.2390378331981544,-0.6485240871288538,-0.6416832010125401,-0.5071263710259319
0.7931644668294939,-0.22933168483761646,-0.42953705613339765,-0.6775147111977821,-1.1393218858956653
0.667776982359125,-1.1647208355121494,-0.25078532067626025,-0.07742383376019905,0.21920767471111102
0.08766892752025308,-0.5696012601162718,0.2894309426796778,0.29978792816737093,-0.4677149943399781
-0.020047830227073064,-0.9497108237780054,0.4867517088999381,0.4735034202126439,1.0249781296695246
-0.010926721937406897,-1.0183462927430078,0.7702364714650257,-0.6978322336776326,-1.1559308181179957
-0.4884573507678382,-1.1009504393587033,1.4126198604532787,-1.2816651908282528,0.45223838151860396
-0.7831354600128893,-0.3573280009089758,1.4298343709827035,0.6264488874823735,-0.7770323317554805
-0.6399612737471104,-0.03742077165757165,1.6105647709883713,-0.4758391980883311,-0.2908643269414424
-0.5202151450600985,-0.537374551639013,1.7684824453400299,-1.1253727121274018,1.7063879864525897
2.85575920544774,0.1444327263573549,-0.08251015229868311,1.5683811905882834,-0.806871451026215
2.7597252759159847,0.13670068417923328,0.12787452572510677,1.6002546830994282,-0.49590465806789125
2.9687640124121275,-0.36551471233358535,0.6253983030790738,-1.4783281723284343,0.2707154487736409
2.4880725168724953,-0.14208375601809584,1.2703480744244033,-2.0162881841191407,1.1769321141332239
2.246881000733024,-0.19576596787735942,1.3247873562760568,-0.3921685611709332,-1.1647766560262658
0.21703753037892204,0.9425219157545655,-2.806522295239757,-0.32371193966967543,1.0550082975682342
-0.38451761718230076,0.9913982259923397,-2.043004877415871,-1.1852932270504166,-0.09315410957724501
-0.6845350512500527,0.9296806374519964,-1.7569154380020757,-0.4627096404792647,1.1927301671547277
-1.394610658553941,0.9173292966901514,-1.0952617648140852,-0.09900518998818054,-0.20182255450570966
-1.4310129257966884,0.9457882412836998,-0.831247963386561,-0.7640172221543786,0.14956289933653272
-2.1666011200117965,0.7929416874251276,-0.4249544895499725,1.5880028087409075,1.447842258817217
-2.0204629421904894,0.938911212614779,0.003239913604903253,-1.1400013173418642,1.217309713492924
-2.1243130859165893,0.8846090063847778,-0.08329413167683072,0.310986772791557,-0.2700929118898492
-2.0894169206984885,0.8486128236549457,0.005448820364555938,0.53367321096402,1.5401663206659566
1.5335724867359224,0.973324734687477,-1.6535570207950794,0.14710412305023704,0.1125072615502593
1.6270311898175507,1.0775632452607748,-1.2630088740432444,-1.858928703392632,0.1556537046469268
1.4632433335389328,1.033435689559831,-1.1203910579166254,-1.132057766751967,0.4264191766996872
0.727552590433592,0.9586660849152705,-0.44954162027426453,-0.26805479211809263,1.5630686955269524
0.5845543432333334,0.9462218446063884,-0.2948574582277189,0.27254396459960595,0.3363685444586556
-0.08844285947054037,0.8639313417189247,0.1469254987223446,1.787548264055218,-0.21071470088696784
-0.0846977691226602,0.8943464687815031,0.45948556616433905,0.6859827560795726,1.6040110337084275
-0.16799608013208625,0.9581005706639891,0.6407452135703844,0.36542404666894884,-1.782258041480234
-0.7165670230223157,0.914031503871579,1.2220637961116123,0.6286755840800282,-0.36294003932614877
-0.6243110754304337,0.9427445541414436,1.3410724905270124,0.03659994495364201,-0.08361975232423931
-0.6527263056867795,0.9797040689925581,1.6103954134100538,-0.7237815700243995,0.027777375508236706
-0.667386077978039,-0.033119834146914204,1.6047016907566283,0.09254851740500641,-0.86937060083712
-0.7511674766939506,-0.8122608773255926,1.8205438971168424,0.1975220156510292,-0.007322487050022125
2.9779966792730717,1.000941370300746,0.08847478162819546,0.45375988694399977,0.40158482068124757
2.9114010055077157,0.3494530468162857,0.2966089556072087,0.23253964910941358,-1.101811348910415
2.8996804890896803,1.0525517549155339,0.6163316230511323,-0.7300325200463607,0.9554850618404418
2.0108451223902217,0.923331410332265,1.1259265430658394,1.821586067836419,-0.3205526564403397
0.5451905816100917,-1.9617305232193707,-2.8338017955652406,-1.8669454877499279,0.07991777136925761
0.25437104957747747,-2.315823350373768,-2.5720298724179647,-1.3787335620391978,-0.4467890213493271
-0.5160577385567151,-2.3328712451175204,-1.9640823737813131,-0.31621336087312474,-1.8816309218221696
-1.3203959710217232,-2.1919677268280213,-0.7912122732355166,-1.4122122522133704,0.9430369652357731
-1.8503624579395583,-2.6503945580484842,-0.22169748534798925,-1.3392041709381333,0.16028118450838072
-2.1215271105266114,-2.569087399211745,-0.18497035921982594,0.5040146351498592,-0.36882902924368444
-2.0097055300008053,-2.6801454960913427,-0.05495987840309144,-0.288408205677383,-0.5701299272395064
-2.110363043877679,-2.2686489736696713,-0.1069408518737088,1.2157993688144144,-0.72427504090274
-2.0938859125259497,-2.6421518992125734,0.19360613390867107,0.07118717504378556,-1.2604290146783554
1.8087838075144733,-2.128980716886585,-1.4321664392556892,-1.8606309655498106,0.28236518308968445
1.3591949122121105,-2.2213534602308735,-1.3091289347106887,0.45419837722778633,-1.0842541309609053
0.8919004969961771,-2.3439954164495207,-0.6367237872559857,0.04176938866511517,0.6888038615435155
0.7390113727972034,-2.2602685289900837,-0.23864341400156955,-0.9806317473725278,-0.6247000459122664
0.03492556881672164,-2.2887124996045505,0.5012079862116791,-0.03470032198947952,1.4541739363154458
0.030792797288037865,-2.1810661812308334,0.7757083328923531,-1.1997367641353367,0.2916481541858072
-0.6526493863086448,-2.630818953072636,1.232763262732904,0.7009801044968831,2.034489757361723
-0.7174694787098751,-2.716746344643894,1.1766183279146172,1.7176771643608002,-0.024482044956757102
-0.7043061336434623,-0.4270293696603127,1.5154672154944429,0.01269685509488711,-0.8236464527235688
-0.7681782024091623,-1.01128074384032,1.4839983469533589,1.2850168470695593,-0.13015305195310037
-0.44079760089562253,-1.9731933197712443,1.8124052886790667,-1.5056180037623126,-0.36353672922487584
-0.7268779382857868,-2.856039383711856,1.8193484023303612,0.6873129514553152,-0.6395102851985857
2.9324187642654347,-2.874329288456322,-0.04312491555368945,1.5662524615014213,0.3515836948377213
2.9081553519994663,-1.4788080022880998,0.24934012947087034,0.5562388938852003,-0.8803989816591076
2.8226220731351943,-0.3365852367806562,0.4764919135014226,0.17820054631375715,-1.7647116959122264
2.356776226304722,-2.215220116955436,1.4134306297402939,-0.9091482773464702,-0.42513066976768443
0.42068421370823056,1.104498269486125,-2.89551798380154,-1.154636839370537,-0.7861136628430138
-0.5651899571074454,1.0016636054636598,-2.232995280367434,0.5938311090361633,-1.2458415516461883
-0.5599360610063077,1.061238555528944,-1.9316767454010915,-0.5006889080858661,-1.465876419275487
-1.0922198047820693,1.103412221560161,-1.0714083184124876,-1.9429138324014297,0.014900402034759237
-1.4724550088439106,1.0055316427693701,-0.869239369328668,-0.404186919321281,0.7976150420309994
-2.1988860891640916,0.8669302137642001,-0.459481902543819,1.8292659343474256,1.5415910862186835
-2.1662960788496255,0.9775365818961045,-0.1566000057706153,0.2817868221859911,-0.5811247133210276
-2.23103371442217,0.9111499600328835,-0.1839140394927026,1.4166766942843678,-0.051101082636002715
-1.8719584195432166,1.0936388445248746,0.1902646162267432,-2.053590324993678,0.14936217194592655
-2.1460559878782015,0.959663128220709,0.24731319950046907,0.01549886186640787,1.7452036059107214
1.4650887517141584,1.107483517533382,-1.4422956533677167,-0.34365916160075644,-1.4025750561789037
1.4325441153270606,1.1043334135892222,-1.1529879616871594,-0.94071277540173,0.9089183266470328
0.5873663369438066,0.9943029152624907,-0.6003821611797522,1.104759253427393,0.15327592126970238
0.6340728950155504,1.053282558886227,-0.2435338716682772,-0.35225437055915415,1.3220373311417337
0.058853287218992266,1.0210653844546618,0.294718327746109,0.10594950250749344,1.1868973930581896
-0.10762212300674967,1.0142914318872618,0.410197125112438,0.7416643263681976,-0.8167600531559779
0.020201827024702475,1.131770707370109,0.831463542370793,-1.7492054452614147,0.06131403210572974
-0.8016666943857426,0.954585059100712,1.1410615096768055,1.494652445966783,-0.23528320953513315
-0.5576483727668876,1.0725509635322503,1.4011691914902316,-0.8021350502435413,0.10775739305607229
-0.7019519243471254,1.0626582121339465,1.5488698650061148,-0.33559616247077173,-1.0443987547604021
-0.6307660323940468,1.0602272604108525,1.6608651928089384,-0.6174216184729805,0.2690928295648631
-0.5487789933213301,1.0929052130374526,1.7739115981222895,-0.9135111974884872,-0.7667085175961557
-0.7133212524765767,1.034197745835156,1.9221501804867347,-0.1901630062746298,0.5214372555689522
2.899917469360799,1.0759622531048936,-0.0035982758501520743,1.180550582342335,-1.356648285227141
2.8306004786371974,1.0963856739856253,0.22279914725624508,0.8531997977469326,-1.6912111370354708
2.300127353806625,1.1325972273685068,1.4258037498151153,-1.3524225556358058,2.952234355530873
2.245020788445193,1.0955749552591436,1.4013859221108118,-0.20859911213599008,1.447280044012848
0.0021797460781586937,-1.5242491010249413,-2.7819117966450317,1.134433748887857,1.4227946983288529
-0.5129416375806821,-0.7689918477008881,-1.932778038685123,-0.7881946413760711,-0.9568436011134165
-1.3970537080815235,-1.4811044733329366,-1.4102398279302892,1.74242420414031,1.1314906801376328
-1.3206686192677557,-1.3666186338444621,-1.0680636158484575,-0.2859608671647651,-1.1739943879159
-2.123268257243861,-0.7910879108539046,-0.4522471836306183,1.0971657929048977,0.14833208911164794
-2.1462733017880002,-0.9809752154418846,-0.17861525785080937,0.2967023847904979,0.9618982251004295
-2.046364232664373,-1.004622569257817,-0.059825515170420354,-0.31856512980002,-0.09088469573658318
-1.9169572176724592,-0.8049638009949286,0.09797689376434753,-1.3080291259672718,-0.06807124601465368
1.4471301922164983,-1.3145345572120115,-1.7710736177695332,1.7162524581947947,-0.29424772185125836
1.555702770122212,-0.6119302372116775,-1.3551764775329624,-0.5660203761613807,-0.2657185126900119
0.8085852959183607,-0.6794410518751666,-0.7236995960905744,0.22665625962791766,-1.0890588524562455
0.8209483820234863,-1.152936090931803,-0.39238194373954394,-0.6369823263655916,1.1287809357277085
0.6880841038377272,-1.1844662332403932,-0.23039822234380927,-0.24317247360307515,0.05074207291768103
-0.02446197835382706,-0.8767670521044437,0.46136597535819107,0.13413520795045036,1.7096077131970648
0.10355938284296257,-1.3540369941232255,0.5812859469536913,-0.8220305634463699,-0.37923042018574443
-0.06723468967260895,-1.160862658539732,0.7302085770583595,0.06687881099211425,-0.25644727269680095
-0.6023118462793784,-1.5143672380853188,1.2817581579498005,0.02406380265668072,-1.5928062994319563
-0.7521464728183113,-0.6566586141591166,1.4617286161618441,0.4183239044921115,-0.24365483752398773
-0.5431022939701305,-0.5821736991805565,1.6930230846463663,-1.3719302390037904,-0.42132759609243187
-0.6558274330280726,-0.0010592326832393638,1.6352972226743332,0.23856331866431268,-0.3347520906970082
-0.6132748679807786,-0.9713367418892696,1.9622655981399242,-0.9659895263710416,-0.1705851999689716
2.9515482067330687,-1.3426725380946485,0.00450318495372668,0.8978862213505705,1.8136322343606248
2.6688128569341685,-0.05133820894219486,0.045175793112411135,2.6496629991678975,0.1063485826488068
2.864381607847543,-1.1193471138110649,0.5098547179013799,-0.17160415389105865,-0.4440590128308993
2.269118789899767,-0.6431193192531791,1.037779066281654,0.4398306212576601,-1.0401869593133786
0.09792180916742112,-0.41182561769836773,-2.665579802683955,-0.05542761681349963,1.366543056735969
-0.6265145043470338,-0.6345481387106162,-2.014163165618114,0.560443037208768,0.376747567954923
-1.528605103144027,-0.5841836723101392,-0.9828583805343521,0.356361184305511,-1.445617679359942
-2.0708692482275084,0.33831933062401987,-0.393407986144753,0.3205311526344572,-1.6854114823204733
-2.1061173103313013,-0.5277375414062793,-0.15051980338786514,-0.20583149839958906,-1.8749882275850562
-2.161790973373394,-0.6663106762690205,-0.1416175326081644,0.969288719543204,1.3179690531624018
-1.8833789582150997,-0.15271071275592266,0.14931799264397716,-1.732037060666747,0.07364772285319812
-2.0704472951964448,0.22563961656971618,0.28914257406072114,-0.7630048962803551,1.140426179496933
1.7325857941504434,0.08929063388620799,-1.473002312806253,-1.6235254542457658,-0.1543945709999657
1.3274898571637783,-0.056428297285945575,-1.2672583655058893,0.41902272840398114,2.1421420083716303
0.9157975966899157,0.2464530493352218,-0.5746255797587574,-0.9038036487338256,0.8140514254156058
0.14119039879181314,-0.0135705598188912,0.3247208080048194,-0.7625652147780827,-0.3620226614487221
0.12714137346436027,-0.23964690443499967,0.6125795091597417,-1.5633710257197169,0.4511765108346228
-0.16488881786287884,-0.3165704841342588,0.6248956717999313,0.460055542365792,0.4016804971380031
-1.3301657558188726,0.4101497489318402,0.7858490837263933,-1.304258489842227,0.7860626096086535
-0.6372683479122024,0.15707996200018512,1.2931330658729663,0.16721357077200766,-0.9497733250976201
-0.6654532897412581,-0.5372009802586051,1.5410227899486424,-0.5177902391569065,-1.3042427045446074
-0.6594918324067023,-0.08819818245139836,1.6071880871628508,-0.12163563281192859,0.35948891438967856
-0.6198958468267799,0.40690665377826973,1.6796360531587151,-0.07478010172833778,-1.6746651478054861
3.087294197311287,0.5118236894034011,0.16138342300319714,-0.7937834045056844,-0.38302800890522465
2.9560519703761527,-1.733327592680936,0.29680326113469774,0.039701159956222164,-0.030028017900555058
2.505853332150966,0.3351390795300888,1.3227838319061778,-2.0618932666491068,2.2751299207543583
2.1753544584087123,0.4147816371966936,1.3002122693326308,0.4829562860082121,0.6883027503179856
0.4412351189374162,-2.7112710394043256,-2.924008692093159,-0.4159971732789205,1.2502408738248683
-0.38268492612321287,-3.015493415731642,-2.1414855371172434,-0.5061112444519885,-1.7359857868863884
-0.6841923699165025,-2.8185757886796714,-1.8326433646577023,0.27866944091505064,1.1968610842587128
-1.3900957682826611,-2.665217430024441,-1.1698192042623692,0.5828183575803004,-1.1401352708148087
-1.4004216735259187,-2.6942790176907065,-0.8859209024789213,-0.3995693174352039,-0.80595448538565
-2.0723277083947362,-3.110685819713855,-0.4253568367955816,1.3104725522093,0.4570867541750342
-1.9437390759023305,-2.9859909022653164,-0.022255511873182213,-1.2489128843986836,-0.6251564678139732
-1.947685251861666,-3.00307771322537,0.014758775399337442,-0.7620678209872077,0.5739078406101041
-1.9683524420658038,-3.153041136875628,0.021276049208882306,-0.037536269304994284,-0.17106201946379354
-2.0109810700225825,-3.0893837757226112,0.28877401347028336,-0.5800130632410564,0.7347209349276423
1.490505169493719,-2.645882053382671,-1.4838484267204106,0.3072352061013088,-1.6407586307887776
1.4900831068134621,-2.86374933344264,-1.1904961446960634,-0.7355148962826747,-0.9187001370248443
0.8809415487706058,-2.7656890162762013,-0.38776469900363164,-1.2092138825384025,0.9275496141782231
0.6845063190075573,-2.904958430691461,-0.2882271250989972,-0.07411261264393418,-0.5798560029750057
0.17747496403408475,-2.6101118883360073,0.3279958308706928,-0.3916113936565303,0.10381736380118457
0.011849342312536612,-2.6539792839669056,0.44356537736642304,0.24183005291805804,-1.8999925835194318
-0.05268349546798216,-3.0534352694219438,0.6946306982949187,0.02835295679701888,0.667081120430324
-0.4771358808141455,-2.955354355160955,1.3826897886806693,-1.1178734431309605,0.8356353392128578
-0.6397118549706683,-2.882482410576621,1.2692664533654985,1.0601794326183855,1.657486602836588
-0.7656287089128807,-0.6418779509138978,1.4686777925112435,0.8461026279005459,0.0004908426510651324
-0.5464753161651957,-2.7537500047982473,1.6605241547636382,-0.6676542021537099,-0.9464012186036085
-0.6275700211612196,-2.758521504563486,1.8922008212436388,-0.7060644174918487,-0.561325102350172
-0.6425491219171474,-1.1657910911036937,1.9394353696327236,-0.4317782805375325,-0.3900508320764536
3.072697635076931,-0.5118911590607705,0.15207363636026602,-0.1843822104469156,0.9580879063492909
3.0177689673857095,-0.47137579535522506,0.3871587931543851,-0.6525538264097227,-0.2452019200244511
2.9643168438893355,-2.62882125838335,0.59939577574448,-0.7062698836276267,0.685713127523461
2.2051358411944917,-2.7844875968888236,1.2306289641131165,0.44739624703347014,-0.5101117581482633
2.2818202922814477,-2.8681780656420046,1.342384168754544,0.21388622257344292,-0.6032666166508268
0.25053403001116326,-0.9245305168448317,-2.7958755325813534,-0.17706921906450954,2.136141425915462
-0.33136031059249577,-1.386024997743548,-2.029533596248206,-1.1396415583538786,0.042755836888416665
-0.6315720821191486,-1.1551664541549256,-1.7533153167628517,-0.5168754393872449,-0.24185006077443721
-1.4023185532819045,-1.4400473448421318,-1.1443655130572061,0.5492126729335622,-0.3459051544687411
-2.0860632659294405,-1.034031474048637,-0.4460074651315853,0.5271257503745794,-0.9783981637347077
-1.9895509879663371,-1.089173052125719,-0.32540147048508483,0.006756259804875774,-1.7913963820702414
-2.053053975457395,-0.7056721534880905,-0.06925396670713643,-0.39761555464794474,-0.32982749374890535
-2.048624807566884,-1.1114844740806176,-0.060167369856114795,-0.051589841554441594,-1.7212764359444033
-1.865955921557822,-1.120662127737571,0.17339759097475022,-1.4170637228284821,0.7066992183282013
1.7227061720378445,-0.5121463863878134,-1.5046127052965097,-1.509859887714671,-0.31323957758690457
1.4982460498721084,-0.6131699202141214,-1.4174963053743024,-0.03764368511637992,-0.47174091986241845
0.7272239839128757,-1.095812828718517,-0.5195282269428698,0.1396795967791837,-2.0374932841184688
0.5309982775938915,-1.2117790572153513,-0.38741493467050847,1.3670253294656252,-0.252786363610475
0.22700532070565393,-1.1596539024129806,0.40626896827960807,-1.1304960791294598,-0.39264437092615084
-0.09933340135580443,-0.990177047938044,0.4037317591307637,1.2925314718563794,0.5188566398635841
-0.194137283308193,-1.067825383736438,0.5979711225937593,1.2747118148758931,-0.816472377841003
-0.6185492979326481,-0.8554760184080763,1.2732801854842621,-0.009376859248288454,-1.515930677441809
-0.7733362263825472,-1.3306967780722585,1.4262917898788288,0.6622651889322779,0.4736043340711586
-0.4920891429524186,-1.357196495097405,1.7238581464129363,-1.8549558979194043,0.02122948304450078
-0.5954752485699885,-0.023056045664621192,1.7110814154388205,-0.4187158970729187,2.368509183396839
-0.7709212024510758,-0.9149712774823922,1.7944047716194556,0.5280209630736061,-1.0279133125647608
3.054827517854097,-0.9719819832648116,0.12603014808179047,0.11446168434548626,0.28216631455384855
2.927676732195172,-1.4134967541562746,0.5485258312260529,-0.9870457697320923,-0.6450612440210209
2.8705410812008205,-1.4094587731717438,0.5295926460654741,0.1566649942700893,-1.132406502767025
2.2810232105716204,-1.276360833113895,1.021731028941864,0.2791606209023054,-1.597191764971481
2.187757477894282,-1.0594910960965294,1.2419504354293587,0.352853958408926,-1.9886213909756028
0.10193438287483582,0.8486243909378896,-2.637693398860877,-0.3740566640213012,1.4388659557639885
-0.6901905190575147,0.577345424781828,-2.0577678939910395,0.9622450566402673,-0.2942824871327431
-1.4600706057277406,0.8630483476027778,-0.8838190134408697,-0.6742273821074803,-0.6293735437912631
-2.0357058875561957,0.8396665300767298,-0.34934245175705286,-0.18930306919928827,-1.4675787937039202
-2.351459619235065,0.6745748083008282,-0.32959860202214486,2.309294102616628,0.6996829617324152
-2.290948318215512,0.7009968894537119,-0.25005141443512846,2.0316820166463008,-0.021260046199481457
-2.052238150921276,0.8453666012262255,-0.008339515060128614,-0.18588820031330014,-1.7873067091064379
-2.1064037444505272,0.8282038957010386,0.2613505552393635,-0.5432287545082176,0.6155216731823298
1.5611002030669492,0.9086086152774485,-1.6248211354711706,0.055595400212562956,-1.1474925334888444
1.2236229653556936,0.8075812411345311,-1.3601389433115556,1.305888575373123,0.9494743807569032
0.7840269133295587,0.8268802018814153,-0.7026173358804784,0.32738553750768473,-0.7513587483124213
0.16612422992207587,0.9342977089642275,0.3676939283442548,-1.2450331213563186,-0.14235420479604993
0.10534517768822647,0.9460902996905941,0.612004727674658,-1.5972162652454427,0.22593091524637818
-0.09052605400745191,0.8762565064657994,0.7245574409412888,-0.5861249607170705,1.2168787053067927
-1.356355035848444,0.8866928074289756,0.7655263684491275,-1.164546616102014,0.3349553287639973
-0.5390661849780167,0.9099477290196215,1.4081931806165497,-1.0506124834939892,0.012246757651035911
-0.6627054411167248,-1.1989588924094332,1.5927430911507767,0.1108833371153786,1.3992335023549767
-0.6894247024030619,0.38891376033370406,1.61955164472658,0.6587564476097946,-1.0763198931843652
2.967804128635225,0.9295603259146968,0.05543597223889637,0.3769524960558598,-0.5431219551720243
2.983028258746948,-1.288568033276753,0.33750839356147316,-0.35416096627000054,0.7419339045572971
2.449069209647245,0.9458824043553178,1.273488825374971,-1.6245937527757683,1.5273130430344755
2.288470622828658,0.8169678963483048,1.4232913191398877,-0.8287029817395812,1.7231964197597955
0.13630344392019475,-2.9406742546664657,-2.6983651008672163,-0.018880559197354218,-0.5321378111562856
-0.4376891152490567,-2.943542784989902,-1.8916837017961894,-1.0778591351640148,-0.12600628868805244
-1.1994197275844842,-2.8033666076086012,-1.2805301351639946,-0.19842171072825146,-2.0401392566281755
-1.4092476926118238,-2.556830728337674,-0.9130883815040263,-0.5386736100479145,-1.672919984055761
-1.8327044397338896,-2.729484237072825,-0.21704264139475657,-1.60729367683176,-0.24812440043619444
-2.000928631407016,-2.8234639132980424,-0.08329492903496456,-0.8346871364936633,-0.366217823082341
-2.0184724518819857,-2.6134560215238563,-0.055920169211286806,-0.21185452324575096,0.37070177043728403
-2.085854321031566,-3.110631439288149,-0.08952501670262954,1.1155308723122574,0.675790134185908
-2.088426794266121,-2.7893925369977914,0.18410572410770318,-0.056397759095390035,-1.817745451623209
1.5575492442707468,-2.564751294529444,-1.6767837990208168,0.8809630628815757,0.8205738304476866
1.6599616346284012,-2.6808871186602903,-1.2911897296882664,-1.2092253296099638,-0.0802015646004302
0.8498121846100337,-2.4657085778104406,-0.7196153359406655,0.2292310232788077,-1.8856653825931255
0.6833075622471537,-2.538007111951148,-0.29229497980078795,-0.3726406697599274,0.42329459144949855
0.10033499662237473,-2.655070012589221,0.2389119290515053,0.22598236146967168,0.13906607427169185
-0.013769188459640626,-2.718166206615077,0.4261180033829201,0.4479350344724608,-0.08747935401582665
0.08586451379488134,-2.654357287287403,0.5503707538403044,-0.2378801188455345,-0.04803805260773909
-1.3354985571142646,-2.8809653640172233,0.7231124675224812,-0.5725465551810567,1.5074265985445297
-0.5388629408090475,-2.5730524191406943,1.3344445137492786,-0.3418930780307019,-0.608750698093978
-0.7219934163767503,-2.9579171021561614,1.4655683380363158,0.6988657384754505,1.0093609479092893
-0.7715788942161598,-2.68041694489727,1.4514797918575564,1.616889003326565,0.43196553742395105
-0.5844118259330161,-2.6655821342959385,1.6650993655885697,0.0871006609211047,0.6597787569776551
-0.6201382691755156,-2.6852408466077478,1.921722842841063,-0.5285025192015308,-0.395236886498823
3.0829077488250882,-0.434282576134368,0.13388131697043582,-0.5424846446029864,-0.703508764388888
2.9440475790409226,-0.4788751783800613,0.30880638996266485,-0.05790547272127391,0.49319333932421106
2.8515238802347445,-0.46937355677067566,0.5136556824646841,-0.09562506345433865,-0.13878483556716711
2.4875866406162164,-2.35773043798346,1.2278738254636876,-1.4340611134162193,0.09569975565990062
2.110197533574144,-2.570127138444954,1.1594600649834028,1.7196528753851128,-1.4582826040630141
0.3371406240252361,-0.5577679764131606,-2.729453735343621,-1.31577703270147,0.28214564191820324
-0.538128312099764,-0.1705210721146589,-2.190116510328949,0.875107568495814,1.1005679822085281
-0.6162580972363347,0.19002377546166332,-1.7175127300270279,-1.0464536789389727,0.05141801540689784
-1.1928324759118027,0.35667085024082745,-0.9130771254308031,-2.118592774132613,0.14390785536376507
-2.0014110183107854,0.03489860384303907,-0.35066517124484786,-0.6678209932118145,-1.034868117299009
-2.1476114133139466,-0.4981762193940281,-0.44865156482716473,1.6215271977834167,-0.36457509036545777
-1.9412616090114314,-0.5779147735233299,0.03738297372439501,-1.6990356799910196,-0.0015129217979125158
-1.991995058579073,-0.5482298033062879,0.007931394221230325,-0.8216257859057472,-0.8940475929189688
-1.9437429454500945,-0.2662626832849316,0.11737942653282427,-0.7964741572810882,1.140464869827119
1.5311198392866547,0.0175345469585111,-1.692396460639677,0.34586142357259125,-1.8471621304276424
1.4656915747667159,-0.6954500282171076,-1.4245233463943312,0.3784123796731949,2.1413576703667156
1.4775355084329933,0.25459930186372304,-1.125618094875281,-1.0678903745167012,-0.36666998337535944
0.6961511777087579,0.36554228083609186,-0.5107513013011973,0.16995164645674107,-0.6180556752068641
0.5874996693973914,0.05512672369235212,-0.3266941820331654,0.40292558785355675,-1.5487195361718027
0.036945809595773836,0.3341958978595476,0.25026356683921436,0.565603569496602,-0.6823258163310283
-0.04226966895589612,0.08172649299104913,0.47042280821191373,0.3871297600795875,0.16513758079275132
0.02507943220359073,-0.10980657631443802,0.8278125450914255,-1.3250554821909593,0.22425439439022696
-0.5988663728813604,-0.18107350920967508,1.305302063528904,-0.410897298490067,-1.0598215385667111
-0.5973633944350322,-0.09510511674145385,1.3310777794808766,-0.05903479828324928,-1.7463651826640758
-0.609294550423237,-0.10400026793614478,1.62932016130501,-0.9450496798357798,-0.15485615126009028
-0.6204462358434107,0.3185099871010899,1.6955298315431506,-0.23742203967083064,2.5429567979742584
-0.8305792343853571,0.2925461882771526,1.76799774841678,0.9044393432435304,0.01890403885663977
2.9470738788917523,-1.1483412149312535,0.025977063206392613,1.2986411629143375,0.7457397028443999
3.0318500467393785,0.4086942161710062,0.42015237502532843,-1.0037902706520254,-0.16501593145313503
2.76565559977188,-0.20703170606857807,0.45316300175198065,0.9658778140812112,-0.5313929842376981
2.3543765139485684,0.4817884676482638,1.4582006099914777,-1.7098558554296055,1.5862894528665648
-0.019780158266060343,-0.7139060872517418,-2.7913512962776745,1.2537086513460531,0.34012989270988875
-0.5311778788873635,-0.3253220741115876,-1.9051174666234958,-0.480198088863982,1.8052536235126089
-1.4727137856226207,-0.6553858799991656,-0.9230089114532831,-0.20121068109383028,-0.53888299446988
-2.064732774936436,-0.5642509461054693,-0.4031345001797749,0.43541351435515785,-1.5252481003680394
-2.110213146856033,-0.3830299377553902,-0.14848649823533633,-0.17144512686208896,-1.5618885398979696
-2.210994810223982,-0.05421820552763615,-0.17653264758013576,1.3940235969191566,1.2614136227969337
-1.9823963757037526,-0.6697401805141721,0.03839435700903967,-0.5807559512849266,-0.8050184891265384
-2.1170400878761755,-0.4775114309740918,0.22880123287235815,-0.12951566857403607,0.7812020995872679
1.6044486387609587,-0.3579271856919066,-1.6127407129044724,-0.17860294454822898,-1.3300350987566896
1.2743392626309296,-0.4733299445850247,-1.3283000160135945,1.0700555657333461,1.7840947766230502
0.7709374068635019,-0.37175405330852335,-0.7354286321493402,0.7476613918338615,-0.5852380828643384
0.16221388070005766,0.23594452856399017,0.3551416718133542,-1.0111182127471303,0.2487692481674074
0.012950796265189158,-0.6950002802318838,0.4871829978176992,-0.26362852408203985,-0.5758667992728213
-0.1740431390735773,-0.8520121603168253,0.6071099848797091,0.6697791244781711,0.48903791081240683
-1.3287859063266403,-0.5851106459812563,0.7691883435612024,-1.1227162072954742,0.8715295850389657
-0.6615156601066083,-0.3201850036420998,1.2608830644842617,0.5251840755849501,-1.0108073964477586
-0.6260232301330594,-0.19018361865287223,1.5926880920606188,-0.9773896286572776,-0.47010393923878746
-0.6479556775148689,-2.054375733244548,1.5930660016159224,0.1669409889059775,1.6240032828443818
-0.6389750564166475,0.30468839752599053,1.6607904848969945,0.16149481132943377,-1.5855266363029352
3.1618800889191347,-0.2617632189952343,0.21928912774879666,-1.4415024480144674,-0.10785822953592794
2.935399284496072,-0.37891196121342974,0.3138611489297397,0.050646067038105085,1.0653529828603412
2.136033459754644,-0.37401653995076284,0.9258905307440521,1.9712407910230954,-1.5769394755500188
2.138437869079247,0.19021549963186135,1.2601830475616904,0.9287548567547202,0.5539922591633193
0.11683462588916256,-1.4196183479290714,-2.692173619307195,-0.1766133343710157,-0.6083653764708593
-0.5734267691218653,-1.9165877269142229,-1.995125702109252,0.1784946556921197,0.343981328476145
-1.2621804373446428,-1.35805746713073,-1.299063728296136,0.21548371740047007,-0.6766476828408554
-1.4821549829114675,-1.2692567110004478,-0.945558060681625,0.01024596921973285,-0.4587075668276899
-1.8059216249204262,-1.125097540697467,-0.16092808076211282,-2.266304177923288,0.19619795737558196
-2.0022740496653033,-1.8569146260090872,-0.07931712249720088,-1.1467824319030848,-0.998977904436391
-2.218448820620865,-1.485327373244702,-0.22405862377973537,1.701766267174925,0.1722673464263247
-1.840152231830363,-1.4843978191351814,0.16305512760611615,-1.9478592958087675,0.2062762202563586
-2.10839376160629,-1.4101327040871356,0.2086996759837035,-0.080584542854245,-0.008633428960384161
1.795111751377488,-1.7844941440942097,-1.4507779430277754,-1.9449123875441627,0.05032054983948521
1.4401490665533732,-1.8881751907626105,-1.4871515572874807,0.973201286623388,-0.577276307041845
1.0032664010063443,-1.3419719396652294,-0.5387569167549523,-1.6654795968431235,0.134380153832768
0.4800069716203832,-1.8654109457469483,-0.47364095900789677,1.6577429126441579,0.07435668595865001
0.08505789980063361,-1.4805239928120206,0.2640067133869375,0.18924910872612002,1.9473364634696813
-0.0381641132089575,-1.4759984382371514,0.40244530812753654,0.29910460112354886,-1.8850681115011705
-0.13213100445629722,-1.3403245065983758,0.36745549959364265,1.8318157330439342,-0.39433883990877056
-1.3984016196195732,-1.582444292675542,0.6634050679738183,-0.282941251123304,-0.735931561116634
-0.6030478736316831,-1.6662111004174849,1.3029062973338366,0.1836922136209624,0.6038964247584678
-0.6876487705775165,-1.4725557382920775,1.4983334315947667,-0.10704676260571039,-1.4501688321495774
-0.7845026709716557,-0.1962727813030074,1.4783739512038094,1.2314482138545382,-0.3604814262470587
-0.5677407748091505,-1.4570338334884732,1.7114306357460705,-0.33111052306981953,1.508095842136579
-0.6265953472578456,-1.4249167766649178,1.9482755403313907,-0.7029686159468723,0.5446856717834262
2.7597564686546545,-0.1989803390914784,-0.16743759286868762,2.7308556494060765,0.3461707242470348
3.027602625937164,-2.0761897504962223,0.35834005632084065,-0.6951814845088402,0.701297555274977
2.9236797071843212,-1.6827471374959362,0.5659121858730011,-0.6622706266642141,0.6995750782923982
2.28864670730843,-1.7431940951838467,1.378752083691639,-0.29158369244876664,2.3550726337603263
0.13225105495629957,-1.810982195253532,-2.9347618499700636,1.2401464775544797,0.9594286301320528
-0.49852199640807454,-1.0398640712208025,-2.1929184787408715,0.5701404077636694,-1.3518353550977789
-0.6793713604651763,-1.5144332879656992,-1.8075594814918081,0.06456189767397365,-0.524611467443162
-1.3880197837434987,-0.9060940374095182,-1.1148630306863498,0.3173051659207586,0.2667896973861377
-2.0109434256102743,-1.653341792239121,-0.37787855986616675,-0.13716629531429345,0.0011319743931065536
-1.9224239697102008,-1.3595950426340575,-0.25812612071035607,-0.6361531712211888,-0.8104318703279985
-2.1082794962050606,-1.041099704160351,-0.13071744681239994,0.2576235394306144,-0.6868062232751534
-2.0685924462147693,-1.1840194787381313,-0.07930806138377665,0.18571717883417346,-1.631282348292676
-2.025477527708338,-1.1079922506441977,0.010828594522834863,0.27227929466955114,-0.6892630449263495
1.6654122981384625,-0.7572898963960879,-1.5662970653582404,-0.8490874791095274,-0.6698471251748148
1.568916525853279,-1.0382645695344044,-1.3498425488524475,-0.6900326704864376,0.5085876910397269
0.7465226637053077,-1.0804243584155195,-0.49591806796179216,-0.0516689342868436,-1.5012457241305066
0.665119034643633,-1.1029965477625094,-0.24229639079595527,-0.048391159265803,1.5472058177543406
0.09884277823295336,-1.0142249786940751,0.27918013952838877,0.20527996126303535,-1.4164841633209806
-0.049399794725817306,-1.1107385346736822,0.4563184899850936,0.8034880658795799,1.3518066032783562
-0.1253533907060383,-1.7108880061151608,0.6589971453281402,0.6813047402523634,0.08864477563233494
-0.649320900679866,-1.0570512185533414,1.2401332057544356,0.3647029626326629,-1.5750977737952854
-0.7085929995874445,-0.8964303293244114,1.5061651041022772,-0.08213680174026616,1.6060966743479277
-0.7075146966554424,-1.0065318845433968,1.5103352977582187,0.3614869799538881,-1.8935505209574919
-0.8005506331388351,-0.18099709991632146,1.500633945281451,1.7901054001193677,0.7659767716029212
-0.660921046053962,-1.1412709102916871,1.9008759824586503,-0.5933280272102185,-0.2295526200227398
-0.7025349096223006,-0.06728110567445694,1.9153138685856366,0.10769734491917152,-0.19207351075662754
3.055231750221762,-1.2032561295470667,0.13425401297727546,0.19566712582040996,1.5374696006911517
2.7772488032095803,-1.2945451461157151,0.4199973152876583,0.6566372909118894,0.3827296899524434
2.753608095330995,-1.064299274539919,0.44713881663727834,1.4272671892554833,0.970883641293672
2.366757228344737,-1.4580290039520936,1.1102722201165913,-0.5753313755433174,-0.3929163647816352
2.152520477063706,-1.0661507510873758,1.2083265947082444,0.738879734519751,-2.0469871371753805
-0.013550750978586852,0.6023825969626241,-2.7503910279603185,0.9387782232918866,1.4281796613274136
-0.6264679387803348,0.6172286296489107,-1.97781872903226,0.33941706532686444,1.702721534072814
-1.5619218194254114,0.6223185849509733,-0.9822081426147635,0.49426392841149447,-0.49140651168090255
-2.055753580319354,0.6320089553656913,-0.3618805813776583,0.11312678055440857,-0.43769180231194793
-2.178411737636484,0.578243467778417,-0.19258959551797422,0.3599547067619783,-1.3670823250708577
-2.147388969109646,0.5594836906242053,-0.09088754494915754,0.6019889448694418,2.792466863755715
-1.9495805622826663,0.6873173084263359,0.10789885464919816,-1.1825505417075206,0.5804602212079526
-2.1124353254682053,0.30905788503832365,0.2567354748098563,-0.3322300592170251,1.7184433845120055
1.6866133781561892,0.3466281589827255,-1.5058349056166693,-1.1820914802843259,0.4243376627877957
1.6396824827676226,0.5226439261360719,-1.2442887958576234,-1.6417744238856253,0.23871788674339756
0.7326335723349838,0.18556026780669668,-0.7570604656338943,1.0372813466529804,-0.16914665466396184
0.1119917367695373,0.7128600559445365,0.3193845489097792,-0.5817443296170891,0.5158994702285843
0.0512126845356879,0.7246526466709031,0.5636953482401824,-0.9339274735062133,0.8841845902710125
-0.19237726770512253,0.635526743813995,0.6261683117673951,0.5823663498019044,1.3548457374171532
-1.4796046358521624,0.542276500744313,0.6206913720958847,0.14471639638588546,-1.710687802284842
-0.566406451606198,0.4199770525773218,1.3820237450454569,-0.6208035987698318,0.8923424189564412
-0.7936889686876001,0.30776764204729884,1.4351426317606035,0.6830653665962769,-1.466247887027966
-0.7717778498311106,-1.6114801533841305,1.4767901159588577,1.3664277821901603,0.7591863749927266
-0.6924378622034629,0.5091044511770831,1.622201188455519,0.6936080185053604,-0.7651548519351656
2.913041768600044,0.7193920282438985,-0.009217342492421718,0.9955238319862779,-1.5308303148037339
2.8096506689645295,0.691890060459318,0.21220214937269355,1.1674842631180775,0.6660868388207
2.2954214674845304,0.2632222353546417,1.1117319461799442,0.16787888232612513,0.9946251875809198
2.0336800445257186,0.6450829017185636,1.167191924955923,1.9355030470616132,0.2265091750367548
0.41931216050673004,-0.34756163660123335,-2.6489730600111128,-2.239663831788901,0.22994417637541964
-0.49353955079556133,-0.12172521710602209,-2.1522068994941024,0.3753724602018523,0.6018109194959781
-0.4945475066675762,-0.4247045541014868,-1.613530873890117,-2.2379210443332154,0.21877101954815356
-1.5417005878547512,-0.5702148293111264,-1.2517517668029718,1.89536924452498,0.36015883237753915
-2.0833151365942775,-0.9624907949353073,-0.42254283142912247,0.5222241575703529,1.0620598169309206
-2.0426721203939944,-0.38083395566625744,-0.34646071981013643,0.47492686335667117,-0.19421234740636373
-2.231132968534412,-0.8495689685111982,-0.23860906408307483,1.5374780161913582,-0.29676921340934626
-2.062736161480019,-0.3040238821131738,-0.03850316463601958,-0.011388486880347753,0.32220710912558154
-2.0697625741644567,-0.27831864255106226,-0.023586902550511907,0.5085787243297891,-1.2164256848594024
1.4770720971037563,-0.10979178392060816,-1.7325921475269772,1.0374378460812235,-0.8724581713891164
1.4980519869333175,-0.413201942946983,-1.3943458691292951,-0.034674245241317916,1.5692450599170469
0.7143781672902085,-0.5371891843643503,-0.520640726236664,0.11828436741221353,-1.6409320501504758
0.5888831910273524,-0.24347536596241293,-0.28737331406052824,0.6213367261840121,2.6088271087195922
0.24066835978875226,-0.256558635457657,0.44011868174983265,-1.4924828775066832,0.3769097411600689
0.013884821328132204,-0.6746418275167677,0.5031412611001865,-0.08961142884617315,-0.41124506063748373
-0.288499503154675,-0.6615284157327342,0.5275238716100089,2.2307557971396816,0.25926255264435005
-0.7483164838619238,-0.10501589881119709,1.1733469689292049,1.257122936466264,-0.7360421300215955
-0.9540182467577399,-0.1597000129522822,1.2823637748431442,2.3885829624856845,0.8093298252652316
-0.7402357659579564,-0.0148652546350189,1.4917684173525343,0.4133045102850362,-1.8826534693020636
-0.7183563899204625,-1.2614422384593738,1.5693858082678513,1.112836449298652,2.065651840794136
-0.8451313672335906,-1.2085508022242433,1.723930567541752,1.3443427842601428,-0.19496994601935808
2.8768380071910116,0.2519421361377361,-0.023520577109616785,1.7733739641186819,-0.3249064157540654
3.0074359700691002,-0.12741899831479697,0.38612339833693415,-0.599697742711505,-0.6150549734231285
2.815654515872697,-0.021029379307879216,0.5123832197942764,0.42406946099597614,0.3763991375697209
2.298220200801251,-0.6342450021221987,1.0724437204396426,0.019865556401157666,0.7428733335919006
2.3589695833742668,-0.42645502887563924,1.434002685130463,-1.61717955767992,0.41475975137601784
0.17445429278770788,1.3389390549777844,-2.586137738715322,-1.4349699809449226,-0.4877278039078617
-0.5329337605690566,1.2892341110823957,-1.8973450467670412,-0.9801094176738772,0.39214239269862905
-1.133938006626929,1.320979020908239,-1.1212233741746662,-1.7711535815364972,0.18681628341367412
-1.5360063404895428,1.249632509355222,-0.9606727052087964,-0.033007547100060666,-1.6024159879292394
-1.9980934548111573,1.261613848886921,-0.3008836371433075,-0.7286082481132059,-0.5484379836264787
-2.078288537841562,1.2791789907303461,-0.08870933324640262,-0.984731284585413,-0.9572188287190988
-2.2134007005384646,1.1654470595517343,-0.17504699254379708,1.0155294236731678,-0.3020608661708711
-2.10640902978413,1.1654093403211976,-0.01652128866587144,0.42018445478881117,2.0115853430990227
-2.02885612677348,1.2926540657990613,0.3363549771306948,-1.559381347481351,0.3347208532109398
1.5472801831680008,1.262318848754735,-1.6026816640687578,0.15810020141391384,2.1545232004968975
1.5283607956513139,1.3369387568661215,-1.3392911522058515,-0.6906053055223547,-0.00882859990508751
0.7995552865256739,1.3049325233029898,-0.6883411026449512,-0.06304606073656623,-0.9978400028086372
0.5633658744473109,1.2712121414034783,-0.3327250535427841,0.06085360479081983,0.5681252508494876
-0.08277916197695594,1.2087810580684537,0.13389926552780618,1.3138911904995505,-0.3847166532313782
-0.17082605452230942,1.2095495861478984,0.3495930650071133,1.2503952001988523,-0.31373818628282074
-0.029681309476769762,1.2632993006457123,0.5168363806546747,0.12991934787798382,0.17155375435012826
-1.4416513858784517,1.2273205324147338,0.7034337047392554,-0.33774522577670085,1.8764327988918927
-0.5707934299202639,1.298590336616672,1.3869546241098116,-0.8450020840221051,0.5024359242770351
-0.9176726327662867,1.1540836007315565,1.3527875837405903,1.874323823017013,0.41228309763580645
-0.7334981460950587,1.2764051872102262,1.537265483413398,0.2341279132342635,-1.9483768714588916
-0.6196895152628478,1.2791234836414198,1.7029454372540977,-0.4333888440471999,0.43959600108447
-0.8082698305644652,1.2271649309788115,1.8220846135530266,0.6330314207120844,0.024195827508302955
2.9993675620003235,1.1901548911789714,0.06685768646283817,-0.2937415659243194,-1.195901181362488
2.9338307331365883,-0.27412141184181094,0.2895222484835564,-0.1800920546744263,-0.7255419627178503
2.8092875700878257,1.3359412969930688,0.5175952736535031,-0.09954973810967929,0.9980611108112427
2.5123163033884923,1.4432268354090056,1.3378448083499164,-2.520227869799765,1.8011184314525333
2.3515547299017294,1.3851609449813882,1.49820523926843,-1.6719576351107854,2.625861208830761
0.29485560380845216,-1.2439503993213514,-2.7629512577776545,-0.6054488010759705,1.8777276543781054
-0.3989428343723962,-1.0252561555934956,-2.09852729933646,-0.5135640561484686,-1.253276151867621
-0.5115345740270367,-0.5751542877803804,-1.622337607181517,-1.9029005483558825,0.5438486301381119
-1.3700784066149936,-1.2321104471611861,-1.112731416913958,0.15315365290490118,-0.6021508206530944
-1.9168986859992911,-0.7965197475069997,-0.2712258726909105,-1.313934665349858,0.2517844112033978
-2.1839693463204535,-1.1427594928664484,-0.4750898670471367,2.2620642530755726,1.305493279922778
-2.0438914629887504,-0.9919804032307278,-0.07221566231485274,-0.4622623026329342,-0.9596817972360141
-1.8691259775716318,-1.1689689513713104,0.16269263218701363,-1.3947831770121404,0.0035080700698586413
1.4193791836631762,-1.1607491282646973,-1.7835743346126651,1.9875636473304072,1.1291892199489832
1.6568794013498722,-1.4175565334958236,-1.2759706708401293,-1.5808563142006506,0.38258146841828733
0.7459711954567776,-1.4539260458154328,-0.7856321427969918,1.0171721678246732,0.7534793029550975
0.6841721371068937,-0.9223140682533589,-0.519554649136454,0.7232107194216435,1.437912875528129
0.7287989647650452,-1.323286126781271,-0.19029648987812742,-0.712447793045645,1.1989072989812013
-0.012456902992870516,-0.7486549812000829,0.21963900058395402,1.5149888443354542,2.334578663496847
-0.11662362648415735,-1.6234064872765976,0.3658138436260646,1.5683261641929376,-0.48400061256953497
-0.08986340323024444,-1.00099851393447,0.7015603700663647,0.14659747831099812,-0.33014485971811686
-0.6998966485787151,-0.9259142947858994,1.2345467489515722,1.0403476110446461,2.1412578095957455
-0.7822838293004474,-0.8264947647918599,1.4213961104662298,0.6460671134881946,-0.1529999694209709
-0.6243551621579221,-0.8027961837065625,1.6044270811774455,-0.5440864872071475,-0.6111746684022095
-0.6463716554987001,-0.14714056413203816,1.6522659733789526,0.1288550533861425,1.459137771503352
-0.6676867355469126,-1.4034092602562933,1.8850304897541497,-0.48944296383375735,-0.6924993024815554
-0.7733996358409579,-0.04766242408484658,1.845153265593546,0.854675811233944,-0.6197072614319018
2.970768176139952,-0.9471813187390931,0.05818500182607435,1.0530279438176031,1.3508312588040787
2.764549393669525,-0.9243145532447733,0.42425101452548564,0.7487965515711726,1.3283679379157196
2.9653955223814186,-0.9882901097359954,0.6341460705910539,-0.9261827306403206,-0.33028358367660504
2.4110134917744643,-1.3349238433415305,1.1904740184584575,-0.9348071224587798,3.0321510943019945
1.9879155492971512,-0.9493806958511728,1.0773762640919722,2.596336214184835,-0.2227284866187604
0.5933739226122327,-2.6702622226204498,-2.804829848703407,-2.2953802295692847,0.13325164326694008
0.2807574178258008,-2.7234512443820043,-2.543722654760336,-1.5489083239783217,0.7163966181373325
-0.38570135838650194,-2.774045666611012,-1.8282781961755472,-1.5735545972521372,0.39614678717424007
-1.5118156166128272,-2.7024855239801893,-0.991805097184441,0.7262094424226795,-0.2722910449952386
-1.9363076998194844,-2.6594904423523302,-0.30178016482685266,-0.39984328382020823,0.21037530782515856
-2.1034728912928866,-2.913333000023211,-0.16397919893494173,0.4100651362028976,0.7203018593196848
-2.111553467005227,-2.5957209175019527,-0.14959334086052722,0.8013657466495742,-0.6682819812892393
-2.1319278854822388,-2.685420771188875,-0.12873821154750464,1.5514490873653888,-0.08133432232953308
-1.9606714176764892,-2.8010441475489585,0.3196562088849565,-1.3598808949653505,-0.47875937833241594
1.742282100185114,-2.686473159349542,-1.503746473688693,-1.027220821787791,0.40452003342845033
1.3403504087453981,-2.4565508514709187,-1.3242095237153337,0.7286357016571756,-0.366251578685973
1.0581240161997008,-2.578927073251184,-0.49989927773865345,-1.8255581352634787,-0.11850034004706794
-0.08524337858712638,-2.6058429502551355,0.3789129581334479,1.3198259815550974,1.0571096514850795
-0.0325217170792393,-2.5274594377068036,0.6963794194993711,-0.5208663402727015,-0.7682591138134737
-0.5849020456056377,-2.5537276063888497,1.2574921921732691,-0.20247454320234162,-1.7724023527178074
-0.7039447925409573,-2.8632768951640735,1.197125778217315,1.6358451952879474,1.0654617032777778
-0.7169767703868323,-1.3576390270601146,1.5426307131513761,0.8527841388414493,1.6448844202600201
-0.6577972728344822,-0.5891307311228501,1.6285684772938396,0.6051748203011165,-1.42255403598671
3.1885348109462766,-2.540024616775459,0.20477614405215233,-1.2273533231997595,0.19805322190445399
2.893734766013806,-0.6327962827928403,0.2747436223542692,0.6294367674176019,1.4709798011698199
2.3005147876890746,-2.6307978418045725,1.0326433858248063,0.6971134550736722,-2.448081671655166
2.1707838724585056,-2.4257390800022947,1.2156945752511037,1.0549409984152638,-2.1191627620751166
0.30193490249540217,0.8732438541589553,-3.0084554042409066,0.23200150592332575,-0.8707959929501775
-0.34054760923614363,0.951410394327971,-2.0101354806889273,-1.7415297324460859,-0.20303729561930853
-0.8290268468074208,0.7071929864845237,-1.9241073469502596,0.9954083956297001,-0.9987326361391572
-1.2705866093721014,0.7339708283518138,-0.9888557900965489,-1.4571470844000285,-0.5122667607016878
-1.5193209871791236,0.8507823597602971,-0.9343946966683795,0.12412608066599368,-1.4469622221640615
-2.1150975707628965,0.7650251422408314,-0.40310107193938427,0.8912075317029373,-0.5480229390639928
-2.1656468380129845,0.8103680966058608,-0.15345056236459384,0.3719116814848334,-0.34519873562894315
-1.922798593302655,0.9225894464415634,0.1085022479560892,-1.9016781203107542,0.3121568562454962
-1.980380539952592,0.882374108646943,0.07894606022838035,-0.8087168513411309,-0.8039384627374715
-2.1309501501073553,0.8525939411749774,0.232096738549978,-0.19946905165313397,-1.0875849759668887
1.454375952310274,0.9062847546916506,-1.4300913288575225,0.00868582711380474,0.2560552014040603
1.435533509980753,0.9486540374906499,-1.1535287752956516,-0.896983304932361,0.5162143257726493
0.8410657774403131,0.9836942763773266,-0.3651998734331525,-1.6362212539908771,-0.07807944603653982
0.053508244756210445,0.9057281504237387,0.25803911690729586,0.10749695417927112,-1.8688711786398238
-0.0627643923505538,0.8491813924416242,0.468961703779648,0.3961797501315042,0.8823975353000821
-0.15873004798048426,0.8814567056832009,0.6522927437592035,0.26378130119167,-1.006623256745877
-0.5820520542786161,0.9301963419068955,1.3404725476095352,-0.8854691194659543,-0.8382718932087138
-0.6651039176410153,0.8353194703368703,1.306230527990927,0.4865551070855821,0.8003583680623118
-0.6491071567045278,0.9060487429458751,1.6129435651288422,-0.7764502215193082,0.4147705076858918
-0.6930551831987126,0.8713454364747157,1.5976958773266814,0.17216747065610155,-0.5526714847501407
-0.7939815930231895,0.8811818447320524,1.793460410642614,0.2565378025764246,-1.647726645460866
-0.8342072161331783,0.8231655332295991,1.7946779960555672,1.1758563497573933,-0.8948316949446153
2.939640130800385,-0.8442788336815854,0.009425157141485329,1.1606042211443288,-0.11048941677023327
2.8361319949366117,0.7161048601513228,0.22646997009439282,0.9302634611283725,-1.456161321360625
2.7969841046748645,0.9374539305673173,0.504497156081592,0.2989316141414165,0.22768691490525952
2.192527910175703,0.9759197584116261,1.281810789534692,-0.2682982780074304,-1.2184341652691555
0.15369217926542328,0.38735596630942265,-3.144069614532064,1.9642017506332217,0.702377391695342
0.0941297576165219,0.05346221854044242,-2.6822373594796693,-0.1447856852262013,-1.218109905348148
-0.7042228140473468,0.3937045342633909,-2.051451876801683,1.3190574907699757,1.3604945741852867
-1.2481477242918813,0.49069799048803375,-1.240011482527944,-0.1627707471902827,-0.8390648064512665
-1.5041120193131248,0.16426527685942438,-0.9480873635568999,-0.03193791194933627,-2.011521461294227
-1.9391660453426298,0.20443321655274443,-0.2471609410103295,-0.9435868413909054,0.28274048555191
-2.1556576272681864,0.4653317909049478,-0.17164081106975454,0.189676779104251,-1.5370312689540557
-2.07785827661051,0.43394554293030024,-0.034266212297841915,-0.09730608720375117,1.8110035776175484
-2.102872899909665,0.4506084411737119,-0.057035297479227455,0.5204424325856415,-1.5221963325482433
-2.1917867179074846,0.32567804996340727,0.17702159061839284,0.5914789936541021,0.4341879021031527
1.6095369013496026,0.21404469959888356,-1.5707903458181052,-0.1723899604264529,0.39671410054696526
1.3414790672437098,0.5336569872601767,-1.26273826165942,0.12029113099124873,-0.2190518802274859
0.9125810148235207,0.0998171910793591,-0.5789833644282204,-0.7428096656066345,-0.03593452512688622
0.725327759344671,-0.16134839994866557,-0.19606940684369817,-1.1855804211668817,0.4034036924816222
0.22059068874821577,0.5041258402487135,0.42091457745699423,-1.6233542243803392,0.21990032174442434
-0.10677699200371815,-0.26478824015372987,0.3809508522039572,0.9635040372704492,-1.1301740379441767
0.010940299875863627,0.5941664689818297,0.8075642419518204,-1.5542629996337143,-0.17473621548717688
-0.7291247006000693,0.4500530086531985,1.2030132088111212,0.8235334308292055,0.4205865021535719
-0.5772370907191795,0.5149570456947331,1.3756510266302557,-0.46542773297452394,0.7403254500393999
-0.6878715159419343,0.5276797295105988,1.5553473122294394,-0.3330273473457426,-0.7432626932388493
-0.5808115712857748,0.5676493656997602,1.6868193780631309,-1.0926442576810784,-0.6296040689732385
-0.49486274456388407,-1.1809158977228862,1.7846431248172665,-1.0175123043890277,-0.47272130511181043
-0.6832667700985823,0.5162204037269409,1.939245870621094,-0.37833315677328694,0.3425966650709721
3.0834789553695803,0.16643819352155356,0.15602785647639955,-0.6485373056876752,-0.2162817391197019
2.9196674478990245,0.5917233636413131,0.307973344070084,0.06187894050378984,-0.5724817795057738
2.1999364512167934,-0.17417631681035853,1.3057653876799107,0.40151060519841264,-0.9578868601166168
0.2485049457886956,-1.1869209453171141,-2.8354723227801135,-0.21320035622002917,-1.2298023155034157
-0.5059117660325975,-0.4987234782493897,-2.1734667308211426,0.6233469838342938,-0.015482520742127904
-0.5440141716251631,-0.6795888539598471,-1.6495237563251282,-1.4514058453384027,0.41311478277872876
-1.4780360628295213,-0.5986855236005122,-1.1772010920028575,1.344653192959984,1.264650396162705
-1.9286074306248662,-0.7412483045560019,-0.22620904175799894,-0.5799061979547591,1.5435695318478935
1.6096419608168548,-0.9208244049991001,-1.6059081135120155,-0.14090310369661796,0.6234478209906498
1.3704408170595566,-0.8653974598505553,-1.537158603790649,1.4384834777440534,-0.3117181898343715
0.8931809099899181,-0.5359971833851787,-0.6382686294322608,-0.7803783741765454,-0.04673596911033685
0.7804725777436257,-0.7853621823999473,-0.4418904007239818,-0.39879723386329996,-0.1086665281605122
0.5116401622455511,-0.8650696413510162,-0.3941299570284861,1.5558691086767482,-0.08429501626499347
0.02420127109880022,-1.3118008716213199,0.22024512047830921,1.1458210905354185,-0.03234768825411807
-0.012282424524099325,-0.9364823104540817,0.46361556218805466,0.26300273287617987,-1.8053729348077476
-0.13502566249423803,-0.9158842304894925,0.6560182286619504,0.634012616630898,-1.1629828763618997
-0.582204735305706,-0.5214336881200573,1.3402004584240919,-0.35462687742567583,0.8930396185389646
-0.6469766458666585,-0.46973600534956855,1.5503887504635423,-0.8720260030396904,-0.9385541764337126
-0.574174605876589,-1.266293807857903,1.6499130518194354,-0.9845619156956922,0.14861745105287763
-0.5206482507507,-0.4028628387969375,1.7486198549919034,-1.2080622101734986,-0.5692116598133533
-0.6792564213483282,-0.26152304624924744,1.9030910895633544,-0.4914985992131668,-0.612240469214557
-0.6633306715302462,-1.2259821859689939,1.91537549062403,-0.15616138144137323,-1.691647551826718
3.0017258549652777,0.20005257511191912,0.35882076740410146,-1.0187205005439772,-0.17076022212085293
2.8910854635214025,-1.1331578106992637,0.5387295189826927,-0.5895681732182941,1.334982634495846
2.804957110326006,-0.6914924741330538,0.5117279909410408,0.8198442900022026,1.9581603409942367
2.4287009648279603,-0.46935927848415565,1.201906782530482,-1.3610936849149744,0.8197292200406743
2.3091756725037915,-0.7214802931606548,1.3911307612759871,-0.9073407562046228,0.6834719977170314
0.0354514437548373,-0.9405986619638899,-2.75075288214771,0.614082273078687,0.30342767571464874
-0.7079695100528082,-0.9190487156355723,-2.097939478111833,1.435013388528908,0.8120141575468864
-1.3901066400147364,-0.34901398663763705,-1.3947446574324995,1.400366835728387,-0.13425222325455935
-1.5558820516353673,-1.1244279507488555,-1.0033197252336665,0.780459734138862,0.45171153671009556
-2.0714936174192644,-1.015094703779204,-0.4191123352591623,0.5273147437338811,-0.9743554292920259
-2.1896931405500633,-0.05290068793683377,-0.2199089026468279,0.520866906680141,-0.8992061031149127
-2.0249413108345307,-0.8047238036643463,-0.049210729657198006,-0.6454138237009127,-1.4347754222015632
-1.9561332942056568,-0.99676217038371,0.0686498230245446,-0.794932141219651,0.7465280322142709
1.49957530709576,-0.06621909552055227,-1.705735843842176,0.8749333776847691,-1.0393054652868532
1.4903136144122495,-0.8445687461280229,-1.3967312382623185,0.27934452934041953,1.8974598965481617
0.7240549278022458,-0.03596751197048808,-0.7855452047059185,1.0567582907308377,-0.8826254839847087
0.810779588891972,-0.17468791833881855,-0.397993375603369,-0.771446263086424,-0.3605404523932136
0.8101151876613357,-0.27073310253875876,-0.09979295954492766,-1.7560636730157495,-0.026853235361637685
0.057848605561397266,-0.6317677333131066,0.5363193553523676,-0.841015658103696,1.0347404001949354
-0.0956244273712162,-0.30118027886092347,0.44356475032167014,1.282366893421767,1.931748353203351
-0.017127721341466565,-0.4111220704025685,0.7824441295821166,-0.6603154530646178,-1.1521854564433531
-0.6438635476281848,0.04520576544446681,1.312921899663243,0.32651180498731114,2.2639095182588713
-0.6050894927591451,-0.2346755520701582,1.6078589308945688,-1.2693869955220478,-0.17464119729659494
-0.5814619709743828,0.2618010584705156,1.6771517486827225,-1.0830243420783323,-0.32253979877660205
-0.5929109480196103,0.24396863261768997,1.6957448014711194,-0.44534745763217365,-1.3070987973911756
-0.8161449190068384,-0.014905057154435903,1.7906635528162842,1.0381150404309933,-0.1344702543167155
2.9888949320549054,0.26437300873313074,0.06180233296857858,0.15089363429951735,0.9957339940945964
2.9962085354126504,0.3359763813891896,0.36448359022775706,-0.8660437684507748,-0.3162251778988725
2.722019807591891,-0.40157121965319736,0.39612448455732824,1.2391481238647242,0.18559741519490625
0.372750254014469,0.5213299603771165,-2.951429247112056,-0.48001186356646963,-0.8400418790914921
-0.5040525555551907,0.46259154694233956,-2.174438544273565,0.11370747048652644,-0.11054315551918387
-0.4617556330453569,0.40681940087825064,-1.8370328497881727,-1.3495854152113826,0.04052441672565184
-1.2492251257218467,0.47614766186346474,-1.2417875811273875,-0.11354024224365825,-1.2282544265892015
-1.5885585693164321,0.3948031770430568,-0.9966931322669239,0.9921559404538514,0.0004201930478444744
-2.0048601141634097,0.47801014084176613,-0.3195840994601334,-0.2962806466921926,-1.7171183791143962
-2.221046998621263,0.39161225712536574,-0.21966551904390522,1.028583586387165,-0.7093795928429736
-2.0949097520132787,0.4023940737905987,-0.04666055380831991,0.1426633833665594,1.9017906094991457
-1.9654224935401772,0.39564531298814026,0.08450732499121077,-0.8796178492693896,-0.42524544950041493
-2.124142040128104,-0.26983890702163427,0.25027113246909366,0.07178584543247657,2.2831407985545398
1.4035208718646448,0.5188031771009125,-1.5125154166037806,0.47530939099752395,-1.6051565989743173
1.261904874231531,0.4715568225690649,-1.3376757243276076,1.0330043915502547,-0.4828898285238633
0.7868356937405603,0.5706829914926673,-0.43325995861972066,-1.002747043503282,-0.7565752925338043
0.6172682899666071,0.012264691473927272,-0.27684202810591857,0.07728789528843781,1.4891727700552644
0.14024849672467504,0.0453694961810626,0.32713232588876506,-0.6609190673741355,-1.1372148718092105
-0.0804384716062237,-0.1449165262664163,0.42014407613841714,0.7299187839543331,-0.20421853012978095
-0.13062510337693084,-0.06549959634614852,0.6553178064738691,0.11757441838031205,-1.2584995757686184
-0.7882480133786199,0.39622089094727825,1.149538496031256,1.5197313261968917,0.3797285436775974
-0.6638430786056022,0.02929895415986736,1.2747735976457495,0.5676993724972578,-0.6912156763758628
-0.8929565531301314,0.32046896575573647,1.3629453165338508,1.940945096272232,-0.3849171530179887
-0.5380961569280824,0.5639928398253145,1.7368827769943065,-1.452302748428445,-0.25862739017631126
-0.5285433522363314,0.5372970605457491,1.7895428344395141,-0.9606041056554848,-0.07737010110995717
-0.6087384352667367,0.5548622023891743,2.001717138336419,-1.216727142127692,-0.48615094620257726
3.01579405290934,0.5906496317907015,0.09396743893959357,0.05603825852453264,-1.586953181885267
2.8428490827357944,0.5322769512363557,0.23312126211795217,0.9014763723917779,-0.7618843945395061
2.1655656667874545,0.5739325361738888,1.2423677041992198,0.07648877889173858,-1.5996233586725492
2.187314422928994,0.03802099387646129,1.3251522658965265,0.6539738840942411,1.1684555032855728
0.10055772845398489,0.23639257582043974,-2.94030964218063,1.139543190254667,-0.8315092747287349
-0.5345764144274793,0.4998249493005392,-2.191567688874311,0.6756112128210812,-1.0188055781490561
-0.6881396287928767,0.5537640222628448,-1.7827750445009158,-0.22729977844098218,-1.7782882513259495
-1.4546689131768535,0.23088829312717293,-1.1447617056787034,0.8801764410922108,0.7808399666203386
-2.0516967758532334,0.4748271342779631,-0.3379350830035181,0.4261188759976956,-0.42495853678327566
-2.004110336531427,0.4789108705139338,0.04171844963985855,-0.714782230132072,0.7598908247990103
1.6740872421357622,-0.08241313342741877,-1.5305243926862473,-1.0388824189686772,0.5855657199160528
1.3671466284497276,0.5273138064799333,-1.5204189186682422,1.1532016054057619,-0.9418440751880197
0.9155646026017773,0.6368224612757787,-0.5995080016633277,-1.2961590267113228,-0.4548198903172103
0.7499105488222928,0.5963250212836193,-0.45376771545267125,-0.3953919526131655,-1.0360990666080312
0.5863897432586016,-0.1761254459347889,-0.31121957235985354,0.5763885793522953,-0.048476284078436224
0.01190691474287995,-0.1268658827529883,0.2231711452675637,0.9924864546953489,-0.8119584627917525
-0.08327439638179207,0.4474383578815003,0.4539619003598948,0.8629924212181063,1.0562351754542803
-0.10597471208647974,0.5665436909871869,0.7083433847201132,-0.00747420834304724,-1.4211632496868944
-0.685123628868492,-0.1858026148310047,1.2306284248160604,0.5974376564148183,-1.0791081933358382
-0.6770335555032608,0.5559062867126829,1.5629312893070633,-0.6775562830935896,0.96148785865407
-0.6762781158919258,-0.756433946026099,1.579616616441208,0.06993475904385615,1.4690935821037003
-0.45913298052245777,0.636487135865685,1.8379972695285143,-2.0718680602891397,0.7254021113984119
-0.6406045615520153,-0.08290550864473992,1.9534394056045925,-0.9504629299798651,0.5472812111580205
3.130582991351294,0.6976427075510792,0.19619188078252542,-1.5140328260593943,0.36473565210384395
2.9322946606513987,0.648570430447,0.2992628093647051,-0.3995825075916517,-0.43919750403984703
2.918846127769205,0.5099197718601013,0.5832454746269999,-1.24212971801288,-0.2543161146616553
2.4238168171283156,0.6924363035298796,1.2120504104483192,-1.5881871838613257,0.11433864573993006
2.299064523816087,0.6684749575081033,1.4007161964356196,-1.1204508401458078,-0.020980550910084578
0.004356213061181069,-2.5749814667047146,-2.8084210024228122,1.3237130582404304,0.4818999770069642
-0.6971849218121174,-2.579587879743248,-2.1125776514990933,1.708996914733426,1.4362709183386235
-1.308271613428026,-2.7083775981949185,-1.3503852159612777,1.0527953263654968,1.0816541429769524
-1.2288882142315365,-2.724768623855012,-1.0078888135549549,-0.9836109063075725,-1.2243689950182022
-1.9883546208602931,-2.8307414214501962,-0.361761112362574,0.06838507518098916,0.3924169682196117
-2.1562448532399774,-2.7027149797851564,-0.2321268138754322,0.7342198896030558,-0.279016518058371
-1.9875302320968218,-2.426243853756422,-0.03530039310234418,-0.6584016946424691,-0.5130969131412774
-1.8107063574469022,-2.794752137511268,0.15969699962925962,-2.0443909198406396,-0.12104268799563521
1.6450397662247795,-2.5001609984810647,-1.5967450135291015,-0.12827516262242833,0.8451322825357594
1.6737516866595552,-2.5160707078617164,-1.2793439241069637,-1.4418143940127295,-0.16970716818654144
0.8845379379589678,-2.5479768333214268,-0.690920104896699,-0.21291143146691213,-1.4387931228307425
0.8043575120359061,-2.2854235134395466,-0.4401741133945683,-0.23569151248287207,-0.03539590024811356
0.6426087655318204,-2.8580470247391174,-0.31983256210592526,0.5590000843237186,-1.5615513385344824
-0.0784644889176421,-2.778770471449725,0.3581684865707972,1.0669896319992318,-0.05225547013040993
0.1559478177749309,-2.4943080123666204,0.605122745436497,-1.1446237760431845,-0.8002859310849215
-0.06479628419007455,-2.5233464193630155,0.6973010786881954,0.309392247009337,-1.2729390202826691
-0.7133029944280437,-2.618303648103244,1.1933226052079084,1.6241359233536459,1.7693128106983924
-0.6865488500068969,-2.673831127051202,1.4805497620898427,0.1143279853799717,-0.7426308585259631
-0.6645524686327596,-0.4909289684212936,1.5778595527031263,-0.004754994093274566,-1.1406966622776247
-0.6386099159363081,-0.5094589640912435,1.6449134907899376,0.26948424321445485,-0.7363507134016902
-0.6979035902580221,-2.6485030413811073,1.8606757301592989,0.3372739703612758,0.7488927775906083
3.2072700871122364,-2.1472172705832926,0.21495372094594786,-1.687780263468015,0.01695253185717209
3.038591147499944,-0.9749597869815179,0.3774707778924643,-1.0265363836474555,-0.5763088692957029
2.832888231773083,-2.4130226766861442,0.4717755726268873,0.5040963766849312,1.1458335911154558
2.3655223121740017,-2.5033870537142473,1.0920213073638514,-0.2162524350284892,-1.1669412398674726
0.34899030858334606,-2.1314998885574457,-3.004480726367472,0.431355608722045,0.7564630504751731
-0.4004590357469897,-1.7822532404608151,-2.130463380492412,-0.5591378351040234,-1.2609777003896634
-0.6787844640213687,-1.9965999093365716,-1.8062930645873516,0.05575594943329182,1.8188090178893497
-1.3969615324864606,-2.208446502617173,-1.1640584077408185,0.5545443366498769,-0.7426347904817238
-1.3687694687234948,-1.5162835570568705,-0.824636641732007,-0.9623666283947457,0.1890338031227676
-1.964994093111386,-2.2330222416183507,-0.29172788836197394,0.005861559947648384,2.1939936231847086
-1.9053875458132834,-1.499786917384192,0.052596701658411106,-1.937502155619511,0.5197296138175889
-2.0583127512734376,-1.620898402523767,-0.06767635089117549,0.13446283004266324,0.08342893270462644
-2.004840388850379,-2.3042090218814613,0.004594690143666623,0.17524039208153114,0.005104332046788585
-2.162037334413427,-1.744386909375791,0.1634638987110005,0.7482829477952192,-0.20180283530996676
1.5495508662715807,-1.762664976829579,-1.4003600128204428,-0.4906505335380098,-0.4240362577258501
1.3804310475698176,-1.824465912532201,-1.2792533685552174,0.21234110236972964,-1.4849041145761315
0.7509161597211808,-2.0383764602259693,-0.5044026561923242,0.00888488794714727,0.06280171040527338
0.7129064537762194,-2.185644895411555,-0.24014268387598267,-0.520340154219831,0.26461585584637093
0.12783149115565834,-2.0879915296457403,0.2906307946318267,0.018163903389564112,0.05569451787939777
0.05072474940060778,-1.791278089372801,0.5056210057132485,-0.34029096497346994,-0.9063005544158289
-0.015363361680039295,-2.1228460752587965,0.7565202386124626,-0.5496073517218061,1.6610522553325215
-0.577322793696196,-1.7285910690306503,1.3077958803386796,-0.3032086043974832,0.4188328068439151
-0.4596626671469245,-2.1014184647587677,1.4258844371051596,-1.1832617922997752,-0.726451024690164
-0.6278665543739661,-0.2170065589779395,1.6048270881163915,-0.7225103093726112,-0.3906278433190983
-0.5420348335655084,-1.5892281738060923,1.6931974085264925,-0.9419144882135314,-0.24872965401684596
-0.6356074082851887,-2.080153038377364,1.8919262559078494,-0.7914064996373146,-1.1059293950916376
-0.6470194181165411,-0.2222562836210122,1.9545732611351796,-0.5487220484559393,-0.5450201059528496
3.0083195489166497,-1.3514131378271972,0.047934397257366396,0.5558181872204653,-1.8905259241648336
2.961501649828246,-1.819165986088765,0.30607262068527963,0.1725533342798769,-0.5068811915885794
2.911764318514999,-1.4521278242790878,0.5602660208588496,-0.4229169735512604,-0.5427576868965821
2.095561332378695,-2.0489069938534,1.1354537568127463,1.4489796523277003,-1.15187967210081
2.112528584791706,-2.2287889845522835,1.182995361057112,1.860640544513635,-1.9142679927600124
0.5293581403969368,-1.234353411036179,-2.819875338000203,-1.7071965989816904,0.6435446865584272
-0.394549437987412,-1.3647164172651132,-2.112906740289051,-0.6307112819108002,-1.496568388033475
-0.7034385143956469,-1.159737860572278,-1.8363699670304892,0.08372999879663334,-0.5238171680916833
-1.4304101106404303,-1.1187929729841068,-1.1440654689181264,0.8310640600366876,2.093717598930036
-1.368557056249815,-1.8147508170631725,-0.8375425431412218,-0.9088376327264969,-0.9010146902182868
-1.8986733202040038,-1.7634172394853818,-0.2349743855533789,-0.8567611685799175,0.7416415354873874
-2.141233247256369,-1.4453480710154727,-0.1793378998448654,0.5938566478090158,-1.0609269892951787
-1.8470212232299827,-1.7732599026609415,0.12665765189273273,-2.1407521613350733,0.04051109218312662
-1.90759346338996,-1.6829483134491023,0.09678212996439478,-1.0397911779529851,-1.0750475955479035
-1.936956947334316,-1.5976817664356349,0.3785492124536792,-1.7256249887289083,-0.020545134884092264
1.4195828059455693,-1.7682224124242585,-1.5265640194875092,0.9283709811271872,-1.2045481400629814
1.516968011891509,-1.3934948288904654,-1.121916714676425,-1.2590612019991438,0.3946533844922765
0.7989895891793198,-1.8367647327954855,-0.4504209192144858,-0.510904107987699,0.27232438244161516
0.19716272471345966,-1.312698696533051,0.3790139832438926,-0.8281689056837809,0.6391524097766444
-0.007595621666167462,-1.547733804349972,0.47206378003056293,0.3201081372119729,0.46335010471540383
-0.06232018987727338,-1.2134163626526373,0.7047828216688171,-0.3001636904398547,-0.9042215831520303
-0.6783978951068744,-1.9482926969797683,1.2325693359519216,0.9293831067247879,2.5237260365045855
-0.6154186878704834,-1.3222380372525322,1.308747015520045,0.4251532117481578,0.38229500122113325
-0.6852989541721063,-0.09218108220194461,1.5445126749159914,-0.1628326621332404,-1.2960417580536254
-0.7115458005408574,-0.6966396588043454,1.557798399975597,0.771032919146666,0.083174744513876
-0.9118330126684857,-0.23067419259503288,1.6882328176575938,1.9407827024285185,0.6128106253242731
-0.7169156611619075,-0.09719828357264244,1.8781052195019743,0.13210148116290785,-1.913402336517546
2.912666565204261,-0.12643783291473884,0.003239211393123537,1.418419307498445,0.35196923940592834
3.008543252643584,-2.2774786695794793,0.35476304892109795,-0.22207901929209378,0.8830765385899444
2.8539879661973946,-1.4259260540797738,0.5038550395146699,0.17781577059076392,-0.8198998567958274
2.143634761836834,-1.8472952664229163,1.1894354937905847,0.9291906563928539,-0.9423570000644679
0.4447760099060299,-0.9024276062501995,-2.894095719490211,-0.8945221848243221,0.8456144479778179
0.1427433106032224,-1.1497331167542495,-2.6579853565164036,-0.3231042203650201,-1.789740041622551
-0.5936480492106401,-1.4257174945709377,-2.0006900125635787,0.45341271693190466,-0.5792751669500703
-1.2470818010880416,-1.501040110019913,-1.2690319968756256,0.3061192743915552,-0.43665739036083684
-1.3040288515595402,-1.5050847264523048,-0.7630668238670204,-1.7135103777430576,0.6216713554334153
-1.8412608878380714,-1.6394532695289403,-0.18178250197672405,-1.5490543913085375,0.7831545950079398
-2.196218866550564,-1.0741833983711142,-0.21235609311043033,1.1178817317996472,0.45589657648263665
-1.9006691842951715,-1.29002832971768,0.08787206353872033,-1.680508035640185,0.6147795750154629
-1.9608019552479201,-1.689673344806755,0.057527451516416236,-0.4665854418927597,0.36590703161575466
-2.0052072493836457,-1.5078699506396616,0.30658893217752003,-1.0707792159043743,-0.6881712566138619
1.5137013811686078,-1.3691463238627846,-1.4254022729258677,-0.2570130494576746,0.3758526405986987
1.2746543594466058,-1.0676388638199192,-1.344508710290399,1.262485404384247,0.5334539084562165
0.8163296457116438,-1.0987766627109428,-0.42545226859840085,-0.9259310262089081,0.4078635593960212
0.612544950968983,-1.4042385651753588,-0.34349223869358797,0.2965665295298369,-1.8775331981948826
0.040246876133120994,-1.3773008335678216,0.20543837966880424,0.7331547124015542,-1.3094373886398962
-0.07145167995332653,-0.9192344129565584,0.42576180132003355,0.8615961134929023,0.963900490010384
-0.12301983212414178,-1.0798315590475642,0.6543617336713349,0.3068825004670571,-0.16568265050731987
-0.5518528212589567,-0.9772168089619356,1.3315865905661453,-0.8138248633596418,-0.7001023378409235
-0.6339001817643786,-1.659757236001817,1.2826292306033569,0.6433143602819853,0.47314260893168786
-0.5836455779929836,-0.024393942313003496,1.6552932408404333,-1.270754669312069,0.5228020980616148
-0.6282573970768708,-0.9855010587461626,1.6138517765009373,-0.23610842088811032,-0.5968610735002313
-0.6168707228868917,-0.08004847346789255,1.6908604819762232,0.14636397122156464,-0.5776975945912975
-0.6413600483857631,-0.03469065173478756,1.9584236570680633,-0.7103310668422311,-0.7061801227794102
2.991575150808612,0.0007619910187887302,0.05975871685732451,0.4403444111566056,-1.343905372642753
2.979481394655142,0.005879934059820477,0.3705291584262038,-0.37322456783568747,1.1905680000035865
2.154157858291282,-1.1120632120001042,1.2072498944438954,0.5863355265687515,-0.8811444863835298
2.3734659661118975,-1.301313824244371,1.4588210542665299,-1.1475575567833425,-0.11710389330747993
0.2613056148712377,-0.9401631930892365,-2.810485882839647,-0.36642543855557613,-0.3786316977347024
-0.5228559889442204,-1.0558191502608165,-2.1966406109208703,0.9272403459815859,0.3121759118419519
-0.5347674334635093,-1.4789721887357477,-1.6506219018511443,-1.3793838685414777,0.9627231033698405
-1.3590954091789278,-0.6494203107989964,-1.1019212363701631,-0.07262697637451956,-2.0229266837774946
-2.0683505191114664,-1.043549564319346,-0.3717431499941676,0.9693948426096832,0.608914839290182
1.5847423819066433,-1.4309848764928552,-1.636357813162961,0.2382075145329551,0.8769838842363161
1.329293817499563,-1.2669901283404097,-1.5821958997462446,1.9689293802704224,-0.20636644029882636
0.8274383070201816,-0.7649398793901452,-0.7052112913129753,-0.02232903045015882,-0.1636204068288359
0.8522610720619259,-1.311528784798397,-0.3720470455735757,-1.033437378255804,1.1852183853230784
0.7489054187548841,-0.6587541631694497,-0.17426474418293947,-1.1023814487909889,-0.3871309415742575
0.0021128342248915143,-1.3440328199451783,0.20294815353883858,1.4095415219354632,0.37178393261118015
0.14912849791593247,-0.5696027295096932,0.6458499602529623,-1.4743557117557131,0.6812288522234459
-0.13440785961217358,-0.7379773133067092,0.6668511270959404,0.6212492121387431,-0.46072598797283093
-0.5822922552437853,-1.2136924619356286,1.3316792400425468,-0.2036987681954138,1.368773024417221
-0.7194261735771971,-1.4274261019945436,1.4548457979547542,0.03389453846587037,-1.5956102043598905
-0.7327497147939424,-0.6897548484647765,1.5003977860396298,0.5950515844998572,-1.0967627000277875
-0.534508595979073,-1.3948881319740567,1.7193490378993128,-0.8584840497079042,-0.3176566722618377
-0.6659656260748369,-1.9517030623851326,1.8935124424104084,-0.2822907047494578,0.41375209525643997
-0.5204068820198905,-0.8962699734826998,2.074386766555724,-1.7023254038940934,0.25751682582217406
2.9951901510926517,-0.5110593689023724,0.34318468075744746,-0.7966071628709609,0.230580340758496
2.769596869604131,0.038015186358583114,0.4430326004508891,0.570770755018265,0.22338239142688598
2.8069306872057482,-1.0922124449424717,0.47335963674233417,0.7783836940136628,-1.411286271643622
2.4720297231042405,-0.6542057239014342,1.2494321200541518,-1.7577929555422922,1.892071394697658
2.142370564096432,-1.3441074437196718,1.2105753677293023,0.9840316933016013,-0.6240763033707459
-0.0896410224799673,0.47492314973124333,-2.831608955947637,1.7015652689963177,1.3115638591772798
-0.6001445254987188,0.12765578569691682,-2.001260848558712,-0.07161238601671306,-1.2955532127256315
-1.444391792382917,0.07797808541721354,-1.423055344769652,1.920880080941611,1.3900271768339256
-1.3835540379967144,0.5707905460000823,-1.0889657015366134,-0.011977467394845013,-0.9882178214277664
-2.197876800155722,0.456767148795393,-0.5001062450009158,1.6182506994917447,0.03401238320964525
-2.2258763563801702,0.48489130674099046,-0.22700768438730512,0.8311487446721587,0.8484748228712345
-2.188987437475091,0.5092269455280454,-0.17278426513523593,0.869888292405714,-0.8729488199728236
-1.9561768282468883,0.09942798334541035,0.07960208571763225,-1.097357138920129,0.11345830852784991
1.4955368084662133,0.5700380078561745,-1.677270557743454,0.8295464369293681,1.0803569399700343
1.460643346976723,0.6276567754524286,-1.4244982887915822,0.1715798956167859,-0.6030182084124174
0.7675083891808858,0.6063398178882679,-0.7358464801934991,0.38836206416076047,-0.8316459724027497
0.6119780248315763,0.5541207454320622,-0.570262308535524,1.2143786447089147,-0.32132685429693325
0.6097022321920442,0.5284131277959249,-0.2722339733734001,0.23407207284099768,0.0126495393610219
-0.1302265448275127,0.5297839438205405,0.38447469406359336,0.9543090415574805,1.2986791186976787
-0.04224390212317735,0.5989413995336302,0.47441386049539086,0.3209954239074143,-1.085173835113219
-0.09159396054687272,0.5964608688853724,0.7455520338037751,-0.03187834458678366,0.30016557607402383
-0.4795786710318389,0.1290129904608668,1.4477612207298483,-1.6008313644263874,0.5239600814471012
-0.8597254708168829,0.5287749654284509,1.3782173061945329,1.2972866262459053,-0.7298078376593322
-0.6836062950338812,0.6025886262298562,1.5844397224560578,-0.08326785927402226,-0.6504918957399808
-0.6265790357927302,-0.41326549150646164,1.6504552119133444,-0.06380894526199206,-0.7300745816079462
-0.6900048773512495,0.6126198385290307,1.9225763312171116,-0.47309661385857954,0.10513083698901858
2.9315013280329714,0.6623456026572317,-0.002915982971608435,0.6782694887453313,-1.549648704019139
2.7803894876601984,0.5774388548651119,0.17785612032469977,1.3242884812562887,1.8473669946657758
2.8102909476469264,-1.164832423223051,0.4779773356326924,0.43506306584817683,1.6366742584931975
2.343930204486184,0.6895138167596738,1.1472544315458877,-0.6253839769603079,0.48077919638906724
0.32638340781152486,-2.5226592500838687,-2.773357970987891,-0.7193873037405197,0.21729291874824022
-0.37128758482574714,-2.209200021398169,-2.0603086338205783,-0.4121917543920429,1.9502793918402046
-0.6812961554570066,-2.233696648766329,-1.8160269252649077,0.34392616839157975,-0.5187784002828344
-1.2187740980377078,-2.6336870305968936,-1.001100660683832,-1.198107025942216,-0.9997300451304968
-1.9903909731791292,-2.532747130480796,-0.3915188716802158,-0.17808431241925313,-2.0453238364269763
-1.937176877117854,-2.2076480494366484,-0.25686792991516183,-0.15367202126133186,2.0240282586402474
-2.039504104732639,-2.6016587537862668,0.22448129715738097,-0.7979611489447803,-1.3855219261070326
1.624457569958768,-2.5070334629062554,-1.6147909104472633,0.060966122081730946,1.3263599771792531
1.4862120939952759,-2.3535763038101813,-1.438866343349975,0.5612502843615667,1.5063269831849706
0.9070372746848565,-2.6809704752892873,-0.6601063944667972,-0.46807320829595883,0.5052482921417509
0.762176046389532,-2.12749039735695,-0.4800143118059252,0.10739397608440485,0.2979877797134769
0.8411442143628579,-2.52588039812368,-0.11495750677013566,-1.689809780945357,0.430569481464016
0.0830825251422393,-2.4189425906409685,0.2674782254811206,0.7983257330583067,1.2670567028488504
0.055139417223646583,-2.116104714365321,0.5181869837840296,-0.1612755084368587,-0.4319511987132596
-0.025429279121909468,-2.21448637949839,0.7267990564622439,-0.32504726387626254,-1.6187347915971724
-0.5596127596631516,-2.4470827438724294,1.3321481016352523,-0.17356119851084123,1.5945562457345932
-0.6440602766639197,-2.2577291113565128,1.518777439317305,-0.562329828496238,-0.6993317900334685
-0.6580380346628479,-2.148955264567493,1.5533771146008073,0.1285146122373138,-0.03736191025640734
-0.5229404859344072,-2.1432641489485165,1.7186313118189032,-0.7986209996595883,-0.08987942704316375
-0.6982844953853315,-1.0847211259117548,1.8816817496280578,-0.051085143936107365,0.5738551782980539
-0.6397988139395353,-1.0336145495426534,1.950437278247076,-0.3752216746997019,-0.7755544680031612
3.040375464612232,-1.5255623317798197,0.37176200462705655,-1.0424172551903528,0.7545247968417254
2.831397906192497,-0.34626511085644346,0.47690246627345867,-0.041834569008953416,-1.541844993716347
3.0135452334998543,-2.5461446683348523,0.6605538607921649,-1.0858534424935797,0.7457888888982044
2.463008209756527,-2.606064523403073,1.2015317673842676,-1.2653038842257074,1.594693471113165
2.2227095403709383,-2.091168664734962,1.2814643505663037,0.3205683377141473,0.3468596728563438
0.3215706774433505,0.8170993991497241,-2.9828391654664643,0.059818641632508766,-0.020503917339474858
-0.4845188761572195,0.8291215634372078,-2.1562212410210617,-0.1815896752063468,-1.1365851385718293
-0.6822819090568313,0.8087442098228218,-1.7628180521656558,-0.5415829145917924,1.2641990872621582
-1.2757147921601988,0.8578250468117482,-0.9851628958483332,-1.4012761214247107,0.1158193401383239
-1.4717981965144962,0.8285379224057549,-0.8946108413185867,-0.43047875514610745,-1.5565147806032464
-1.9760139830206593,0.6003604183848577,-0.2554824648029327,-0.5174181835937424,1.5651836339761955
-2.2346315440774243,0.7183954379941331,-0.22083957310621358,1.1379620663564012,-0.4611532825733199
-1.978149379211343,0.8361288191532965,0.0554217371400174,-1.2799713122333993,0.344855635848055
-1.9062090843816357,0.8482777789315555,0.16179629870501508,-1.5582740228088001,0.6409669190609725
-2.1549605243825534,0.5993888003425295,0.20806813850703884,0.12265554942686133,-0.7583103976296669
1.4262930067130901,0.8308481900503057,-1.4545548398224983,0.3417054816027333,0.5860606341004896
1.3324640035269328,0.8429013005702697,-1.2566890358511416,0.22992602192473913,0.02862646246093412
0.649375789974105,0.8421133358544499,-0.5613653835047048,0.4289213220286079,-1.5319139319033344
0.621095787189213,0.8707768071991505,-0.2832138435837439,-0.23420262958976762,-1.1807458180394472
0.10851953659519167,0.807023732843696,0.319564441437435,-0.4289978119373114,-0.6471774157008227
-0.09766429802561354,0.770988812138549,0.43734394285189837,0.8013711930175391,1.1380763047230436
-0.09137555248740385,0.8446043603060831,0.727988732273064,-0.4136040818788927,0.36395546177909954
-0.5692332394085439,0.8712958712359336,1.3589345364212035,-0.985480195359665,-0.06230648087147852
-0.7613564640169591,0.7323227490782206,1.2102245173982111,1.5412926455455758,0.38709716802406435
-0.6736798715761345,0.8478458420920377,1.5829446686420958,-0.5130236502745896,-0.19816902746738108
-0.7904778064831822,0.7626041606202302,1.5035349952412222,1.2501027035308323,-0.6516176955051541
-0.7997554581576779,-0.2179537613472854,1.785894797199495,0.6219539821841378,-0.06468457811542835
-0.595055140411394,0.8926694459048635,2.0291600841252064,-1.396035815746882,0.059382017160946966
3.05770587214469,-0.6353270366354464,0.13997665168408294,-0.10399171022300886,1.5412839223320578
2.754074475049719,0.7970326479128034,0.1714754794714444,1.8717589028204988,0.6289652186948749
2.908334917328881,0.9432066998536068,0.6138076211197568,-0.8543571427144505,0.39821533339222687
2.130360164189139,0.8867031154616288,1.2215760287558461,0.42558031846703065,-1.2600620489400645
2.143423199606467,0.877240999969571,1.268700700679283,0.8476858779957813,-2.021749727723412
0.4551804033308575,-1.7687793356722452,-2.9148779104642846,-0.8450466320323281,-0.954896099173794
-0.5660367302376074,-2.0601429781575926,-2.2715663149935676,1.4455353476114645,-0.2898162239501862
-0.5545298988002256,-1.2211263066639244,-1.6890560790269609,-1.4847123399617608,0.4064081370908869
-1.3789029079663455,-2.033991041027305,-1.116399608655347,0.4400854445783169,1.7570720100535535
-1.544119313593839,-1.7884875140582515,-0.9818146729408098,1.0905081836734358,0.771673806512189
-1.9186281966574277,-1.3611872037814727,-0.2534975692302417,-0.7329532591775907,-0.035479747956479096
-2.000873236237936,-1.4339058940734202,-0.03936318455836295,-0.8977813601579221,-0.2047175904144445
-2.2371896027049525,-2.1600183915322493,-0.2402625583189124,2.2188320931061383,0.2764267237805612
-1.9076429371491572,-1.525817722421435,0.12205927493095677,-0.9586910827791056,0.8843692121230246
1.4411601036517956,-1.462977681478606,-1.7762087520652987,1.7305288788237303,1.0331045473602387
1.506791275040066,-1.2386108483108451,-1.4308229612392092,-0.0974653484081942,-0.7921004029866971
1.5351813042968858,-1.7563600402610857,-1.1170851147293346,-1.3991664295081023,-0.1626674133316756
0.8806477640795501,-1.3651994107969414,-0.36169884335872043,-1.4679572680996187,0.6102181432744421
0.22143137429201046,-1.6395637687416353,0.39091850138684076,-1.0384084608145534,0.1562949507460904
0.02514670036048735,-1.34352324526331,0.5041519990115919,-0.07460503154920106,0.20562203789237055
0.006738403418854143,-1.6934653398134476,0.7600280596616135,-0.9538357493850232,-0.9418168270382657
-0.736584913424757,-1.679128156568363,1.171405741744553,1.4790799103184646,1.3001656897553138
-0.5593340128712964,-1.5362905369357671,1.3561805004238388,-0.13987579695332805,0.2714780077383421
-0.6482141802056498,-0.17493228494774207,1.5972814597243954,-0.48262543768082405,0.7197359776351265
-0.7414666781853895,-0.22583689874133364,1.530023512959504,1.021112907530613,-1.156742980261059
-0.8383232844955978,-0.2881562078405062,1.7730825952653544,1.213735596065929,2.3715916988138956
-0.7107282015867585,-1.4204975824567496,1.8657979240159024,0.34024493931821703,-1.2002400335764323
2.9403124565106755,-1.6246195836263584,-0.003565494340997174,1.4266928416945321,-0.43307423769809045
2.9208344185277055,-1.5475908562072365,0.2854746076577457,0.5947349825848385,0.7701341106041779
2.9452978764113444,-0.05383719314109926,0.6279181481358029,-0.988921496176738,0.13318704463526607
2.3479982181388324,-1.3261216625132235,1.4069340689762821,-1.3269546948669826,0.7334166996907765
-0.015270107967675866,-0.4600041607907388,-2.780520573431753,1.0990458745288005,1.1915480629403108
-0.42080688855312104,-0.5840069454778402,-1.8361428020559285,-1.8178995536068836,-0.22560578746917703
-1.3136414785067612,-0.014426624991972272,-1.295257276147597,0.574249397889651,2.0909438753604555
-1.2533406926143997,-0.3991285563917365,-0.9805037711289859,-1.1953670227905058,-0.5138548178954013
-2.0802898672703076,-0.8629596272794847,-0.41227148759202836,0.6304442806907128,0.28399123579053187
-2.074562764077061,-0.505104738176423,-0.0970136580585111,-0.5704933793127026,1.5457012823596408
-2.150358197698198,-0.06683981143220497,-0.15121780539287397,0.5787254835211947,-1.2887505743082261
-1.9142953564604435,-0.9189170957648098,0.09508958706823943,-1.3432855355524638,-0.3784771033234698
1.5718638399126865,-0.4502742093402745,-1.6259732810051744,0.2217939853126784,0.9599901034502965
1.6554722002411186,-0.459883009821963,-1.251299666307042,-1.6700846662532978,0.5396992178799805
0.7854544213921899,-0.8688070274399287,-0.7550463758471198,0.4761407638137431,-1.6970360817606924
0.8311699921979636,-0.6959208062060719,-0.37518314771787065,-0.8542673966508338,1.0436684812503298
0.7453963382134587,-0.08010685274811813,-0.1503342210081597,-1.0718495055754802,0.6371290168484205
-0.18240623032915063,-0.8875381514504942,0.29352340455983694,1.769038682330701,-0.30962658311217156
0.10355948034907105,-0.45085057820919416,0.597393185050962,-1.011970765431632,-0.4625085453166875
0.0051839511332286425,-0.4155833013258851,0.818312060430377,-0.8561461613947929,0.4027787293746887
-0.5924591742240213,-0.14029455131869745,1.3181963501894636,-0.35403888931003913,-1.4512024869809372
-0.6444457373188595,-0.550496772860749,1.5728786785673954,-0.7608933008154982,0.6358895784534687
-0.7695384733130693,0.18779610275053504,1.4893679745857258,0.9358946571974105,-1.3859754417184713
-0.5766138754934701,0.26094019025603854,1.7137599092194238,-0.6888396736292922,-0.3805055281604257
-0.7559018494287066,0.21493071894041826,1.8451916955045322,0.356270977263078,-1.1104380309981818
3.106953786530123,0.3637707835153412,0.17018351072895868,-1.091491342702757,-0.08934902417232579
2.949228487452752,0.30781933197477496,0.3255763430561779,-0.44031493988600606,1.2731234122662496
2.608470124092265,0.17544328205601012,0.2998408942265113,2.3575376217987603,0.09093761127167321
2.314157516152356,-0.804925138200636,1.0779747861528488,-0.032402758527579636,-0.904897555883149
0.3146006586394743,-1.0322356750138753,-2.759819303267423,-0.9509446096197676,0.2148879780793216
-0.6011397451269672,-0.9806249608135449,-2.269787892020671,1.7257544625586876,0.5117230999815074
-0.660221440773307,-1.4515331388869488,-1.795149961421981,-0.24676475121394442,-0.540845193508069
-1.2235306754363524,-1.2632768782473345,-0.9764452385978728,-1.462260863247445,-0.2996358472788261
-1.2945548735381116,-1.225152156441171,-0.7482600472829911,-1.7649770074076412,-0.31978731759512896
-1.9909783503587934,-0.9853226030378912,-0.2928003078680336,0.10472440625776532,1.5003137666921014
-2.090779848937973,-0.9154737242913789,-0.12221540754793284,-0.023679838464231936,-1.4058837029579176
-2.061104551441819,-1.6927875769105971,-0.0852437309655,0.15320454675370707,-1.6328981699953948
-2.0961150300753078,-1.3802039029662654,-0.06180251275012851,1.0483209820499944,-0.4900438250085259
1.6620136663134255,-0.8476775209289229,-1.5714252285537862,-0.8324087066736291,-0.35540426569792327
1.3595256400488749,-1.4237573929538963,-1.5473607986679974,1.6681165986224677,1.1069570802999469
1.4659199222125716,-0.9970375208847678,-1.1612433106546391,-0.6783482756244463,-0.511438130757248
0.7564089874457522,-1.0202058069492075,-0.47443848822844337,-0.17213263207665008,-0.02022186448784351
0.6890681001083765,-1.3319321153700965,-0.2474122068667913,-0.3732832157944727,-0.5049991189858334
0.02021022200690016,-1.2945872631316004,0.2012390546760459,1.0767125784108513,-0.9772751787037071
0.04053666138241323,-0.7866805299915085,0.5412749088607218,-0.2849512914325351,1.1366749823336366
-0.10715982879627434,-0.9012787868723107,0.6764856554221427,0.25014029397285975,-1.107667213533251
-0.4488496862112655,-1.5806846095718812,1.4347416957061634,-1.6942602938710172,0.5040546007723351
-0.46526163793238257,-1.3133612805411974,1.4457517415901322,-1.1866015426172887,-0.3303741095809869
-0.5614131713397994,-1.3796941053249177,1.6455485181251455,-1.2063568703154075,-0.6482163631366495
-0.7157902526690384,-0.07049072293515114,1.5625435878430542,0.7887889629496347,-1.2447809389657967
-0.7212288140728926,-0.8903812990663237,1.8629333756803892,0.01960967924519178,1.52643296664793
2.9694201222470697,-0.03510710452536714,0.07949016704124452,0.9162417943510761,1.8911321048689973
2.955652223475119,-0.736083102747469,0.3160627723747757,0.06954624504655098,-1.6812843800464443
2.9607186828639316,-1.0729726320708424,0.6186064362844759,-0.956010936240309,-0.6454857024459023
2.2169424814271586,-0.98388407432722,1.2870401741437851,0.0410417295530923,0.028650028655023387
0.1846619706260667,0.38519010406620685,-2.855590953369808,0.18689451035225024,-0.18196188252888992
-0.4494515793472353,-0.2737397628762486,-2.0971967103910574,0.00045023299201450343,1.9929188331583685
-0.7629581247664063,-0.4458667967390459,-1.8597148165191786,0.8198609045835735,-0.5510612397670984
-1.2951238230101008,0.4238508917663438,-1.0120899306659432,-1.0060581083407518,-0.6552161109734161
-1.8860043796377977,0.44387416912814054,-0.21612437262625014,-1.871852765753375,0.23105607413826634
-2.1501756814075743,0.20766033618423912,-0.42382782121919793,1.5905114009866193,0.730964498527097
-1.9850380914489807,-0.1488533857795838,0.336708379173987,-1.8727668652898626,0.2198664435083601
1.4051923515072018,-0.4188302612065138,-1.7952725238474152,1.9297833689923798,-0.11667926529994983
1.2948532853949455,0.3184127202177747,-1.5778102337542335,2.0318023158027274,0.5115798363234935
0.706932057989475,0.3728010617790101,-0.799984316004799,1.0258774516277736,-0.4879292442750505
0.6572919771978164,0.07335344130860323,-0.5390346271250267,0.7533228478837697,0.11877228654371838
0.7036610845267244,-0.1033517576029165,-0.20316414430874732,-0.7409315301305175,-0.044995936160099476
-0.03239445116013804,-0.056033902704056275,0.2009004258601126,1.5265279093091235,1.0141921692465428
-0.07042262293573061,-0.21393409115985307,0.4312534024286231,0.7557111195057684,-0.9096559478967083
0.0031023130142666,0.46940863072529565,0.8169777998687306,-1.1686678974479183,-0.2353423480586827
-0.8212415896846831,0.2890299167706411,1.1214374071513376,2.0243278192500864,-0.14308059716448915
-0.7110354971973832,-0.21002568816804815,1.4959367448943794,-0.287490096469928,-0.5076002218149082
-0.7834986357521253,0.34942297384053395,1.4793068960914262,0.9373601243193488,-0.36398482470720817
-0.6607629427221094,-0.006241542913127791,1.623962172398237,0.20509989948460522,-0.6409339692049979
-0.758568245529062,0.3705805121622066,1.8531293739502943,0.25978825642027664,0.6888358911264842
-0.7499468642563806,-1.005538657569606,1.8394447004833336,0.7162685155928459,-1.5582254541553238
2.90648405571301,-0.16076622642755067,0.2646601326630902,0.05865694118314663,0.05166475903645304
2.9217153741059168,0.5416168856411583,0.5929581342021654,-1.2125510704814955,0.05710955563452723
2.9197964384863595,0.06959533844593525,0.6220014794334202,-0.6315185735603761,0.7912251429610514
2.065211150802741,0.36778255947504007,0.8541805969258193,2.3216286392141137,-1.5539573002341986
2.056472830478339,0.08487103297501623,1.1580557855822358,1.6160433050874705,-0.5012957897746237
0.11941904542528949,-0.8094781290943511,-2.9359575967852902,1.100543094113768,0.49131079792938026
-0.41478962094436017,-0.3967945971481686,-2.0945593154116398,-0.5344889170156303,0.1621127580604009
-0.66768703792492,0.2212275297241488,-1.7763937086371444,-0.5618568006509572,-0.7836240820480276
-1.3397334871745172,-0.28351210731489274,-1.054181654926157,-0.37714759737155035,1.0203138883199625
-1.5084398507172412,-0.18598892498258457,-0.9263956777715493,0.3365464435759757,-0.04000803471351361
-1.9871775483401577,0.2930702647204733,-0.29305774775071963,-0.3270452588085722,-1.0187720531733762
-2.166748918940375,-0.19033143004748182,-0.1635239270599809,0.6841246705350835,0.2845958740209807
-2.145935046031561,0.019793175413129787,-0.11464603410954811,0.7768456361742953,0.210271696782281
-1.846491413441616,0.16609107313345098,0.20590349820616352,-1.9965358584264072,0.3703162904802919
1.5571386956736177,-0.3623753447957508,-1.6479519418646738,0.22240001103922882,0.9625126013781092
1.4260838807807237,0.23207492403233607,-1.480593867712278,0.4889728667525181,-1.2961008724733976
1.3101403967111713,-0.09856296876416024,-1.2943091485442835,0.7642400095220874,-0.580621326045724
0.6469055009942108,0.26776748823052193,-0.538606951772049,0.7871886735379594,1.4496256642340897
-0.12137122836478942,0.1923248546662896,0.10793991696397831,2.3375892109315237,0.1961289107344429
0.10993720132976066,-0.08282521973633461,0.6033731647924678,-1.2835591844914018,-0.16157304192840863
-0.11703637921895328,-0.6723778928999827,0.6685544456538437,0.2056315059781639,-0.7105186170978737
-0.6747599724120054,-0.01661416495058853,1.2553218794241907,0.4394335904066941,0.7859919181791692
-0.6135950347247096,-0.5126371690646692,1.305600752403946,0.15579676521265698,-1.657313609943199
-0.8179327439096211,0.25307953208088924,1.4353937016429257,1.270639185067949,-1.0520209483288834
-0.674047942640096,-0.7636310374764136,1.5981663385488718,0.39671605794895093,0.46316938126748847
-0.7691764701988061,0.3080348246816748,1.816314926830426,0.20970130537368126,-0.958936196555901
3.13283996458033,0.4526922818156259,0.2188935423366423,-1.0814449142370928,-0.0879132261362883
3.086864909410758,0.4757414584612893,0.4756677130853367,-1.6011693293351663,0.11471023116984104
2.8365506968001415,-0.29865206207300166,0.5214655577203927,0.2638216681170869,-0.49245151128236886
2.059720274430485,0.2847971112203959,1.1727919608607615,1.5055655539474473,0.9782109144626829
0.04511738648014853,0.2634836841965549,-2.9747611354733343,1.7662501103202464,1.2342271212322744
-0.4964497901903283,0.14392427995396231,-2.159128795601788,0.31824934524923526,-0.3375453529923296
-0.7909000485582528,-0.17702613708733664,-1.8887215077392954,0.9795369793873528,-0.6987352180420299
-1.496021047856903,0.2773403309411174,-1.1956483624344354,1.2228435872012031,0.09203292332653921
-2.095386043164548,0.0033414350085894523,-0.4240167324315512,0.43567303659071605,0.19989751625525437
-2.0147578082816144,0.34122387999445736,-0.31153326383605956,0.011731841121866147,-0.6858002073217322
-2.1214926859153675,0.20926387296529778,-0.1114126251144936,0.15449412654944913,0.17912682235815708
-2.1149338101664448,0.3111248176218871,-0.08924606608029054,0.3869526440334227,-1.061604273594613
-2.018594094679037,0.029325453902948675,0.02667640198384482,-0.12469622133450456,-1.5610866458480104
1.5937299235934943,0.04208837216100604,-1.6174988334147196,-0.2564498242101973,-0.5489215267931908
1.3869414451400173,0.37096485708545934,-1.5027902139045615,0.9527512305683551,-0.4083941044237095
0.7854160421956436,0.29801860106283995,-0.4196386520919634,-0.7256742268194539,-0.04026344933536077
0.5900962424896209,0.14250936250774807,-0.2874286178231648,0.4992479998921659,1.7442808992384005
0.04194335493609445,0.04082760331889941,0.24883584178960208,0.5965652485303294,-1.0715614215127336
-0.05086185140313732,0.18795662816412015,0.44463198113161373,0.3962360636682224,-1.8683544435074586
-0.18416099167678357,0.3284101012235303,0.6477278680257864,0.9158902212998239,0.660560012788208
-0.630750132460261,0.3075246836660912,1.2949635697177388,-0.09313011599709835,-0.33711850785547803
-0.7776191709760135,0.08732185064870933,1.4616732577240503,0.44946003468171425,1.8020956159487453
-0.7023568422156816,0.3591094762512138,1.5671574347758401,0.09380872865915027,0.8418108262655817
-0.6280224200347939,-0.674793081430856,1.6727556235628755,0.037375764219368196,2.8710224857909656
-0.7823684071078821,0.3762803827804728,1.806527144432808,0.4076575739367148,-1.494691325269669
-0.8580650829653697,-1.6548778703442348,1.7448794244267354,2.0698143071572237,0.39307891383900706
2.8731105205071006,-0.2016022995105264,-0.021195361801900004,1.932911826086741,1.173174033316485
2.646785196825421,-0.14521539776838926,0.3214745917441178,1.8242071410364216,0.6135639183618872
2.820645459805501,0.4411553022488801,0.529941880574021,0.35562594296377487,0.14062523909751254
2.354444546673674,0.05334493771133701,1.1360994723669113,-0.7348047236408949,0.5484050971115505
2.1845968954761656,0.309536192729253,1.2774517606152989,0.13704623038424701,-0.6603315256537028
0.17143806064748154,0.5120740266868079,-2.86029023130902,0.3109627220560854,0.3758558135005587
-0.6541784678502266,0.4040277073503292,-2.289429531713384,2.0391390769074142,0.6208027130245671
-0.5803735719268397,0.6004117617611111,-1.6752905336271942,-1.4561082617396157,-0.5145176356986441
-1.3831551423715842,-0.08803680806844681,-1.1083193567065148,0.019290248148318232,-1.0661238998236815
-2.0850071901309115,0.5077325146981136,-0.4247475258215923,0.15351430356895132,-1.8464674467932025
-2.164481869198105,0.3817859079894836,-0.4286426758798169,1.7174749516869228,1.2889764176638152
-2.0969400019815927,0.09496431740704595,-0.1106297915160298,-0.16558282384828787,-1.8697817440506908
-1.8891988248798364,0.5808041222360545,0.17278384094252836,-1.56386526578868,-0.38365948350262624
1.388630642218536,0.4543847395811809,-1.7874757160775183,1.9549112087577338,0.5928374633363597
1.5708015088867977,0.21017308512494917,-1.33719080826954,-1.0340111969990622,-0.7482411641034135
0.7708967305558577,0.1335647311448866,-0.7321779549712096,0.4040999543899728,0.8115365585951607
0.6439424155552975,0.5060398106568704,-0.537321058366196,0.8237923346789553,0.7521625511125276
0.6168802353276976,0.23113043989727192,-0.27998123711114914,0.11926691966013694,-0.22947807339802936
-0.026760220269665423,0.44895919363525244,0.22392007384046883,1.3844068237748692,1.8708257038478315
0.02552626740180009,0.5532536972509954,0.5538854867398209,-0.38311039900469296,0.988470195240871
-0.15327775859971476,0.5384162244495563,0.6620392727112643,0.4710078705951536,-1.238384580772055
-0.7504599570404243,0.05254960179824813,1.1963980181477012,1.3303785336151797,1.2307118689791896
-0.8339588647658626,0.5008139699992956,1.3895549231253412,0.8851372866801944,-0.9877963826670975
-0.7490038251855784,0.4955990060932486,1.5246873678916326,0.5562258172434383,0.7141195142365141
-0.5233322968095312,0.15152998218632444,1.776729164168347,-1.2604342247679012,1.5519480302176432
-0.5948985936129433,0.6179635543130162,2.003611319268403,-1.630161531810092,0.2760939354326959
-0.8187664647936873,0.4766994630383221,1.8154397934170272,1.211074862251208,-0.27476571060556726
2.93463481446845,0.6600595396386716,0.2955725523501915,-0.44597789642112495,-1.067827482606315
2.6834809743448025,-0.042841803270414903,0.36501990019475533,1.4164449533937873,1.3775163371952035
2.716443215486586,0.08676657532199487,0.41706282205572726,1.5113651463982076,-0.7322375308071579
2.422305106717792,0.24705490229532814,1.2296197063586918,-1.4035357590992672,2.941555023395122
2.0090384684464393,0.5037773240146309,1.1239981045271965,2.0473717338681885,-0.23953884157315275
0.27691722254025225,-1.1029055638202352,-2.806942023109279,-0.5706925004180643,-0.8577711525205207
-0.4772229758263969,-1.1978693746651856,-2.151849188401359,0.4331872653093033,1.147714010861334
-0.5585007736276659,-0.3995954007863032,-1.6731553200974731,-1.5338872047995504,0.1746789986097358
-1.515013121886822,-0.5974618842047813,-1.2181552202809718,1.6557652021028526,1.2819508841939644
-1.9228713424138102,-1.1615568002961536,-0.2976621435844335,-1.264786904001707,-0.8397866682513239
-1.9397767486471518,-1.031712246931334,-0.2468895261063721,-0.4539644832353861,1.3938537818877836
-2.0101833173553803,-0.7433694767427136,-0.04103420843183292,-0.930681200958219,-1.1398687379300618
-1.914903818338409,-1.3811429672699165,0.06720600814241157,-1.4686516739419384,-0.6231561915341493
-1.8968190351325198,-0.6833188659982852,0.15415366844460449,-1.2009909700243317,1.190119973287912
1.7432836152012292,-0.7049680773173693,-1.490172115033255,-1.7412116134320856,-0.0895101506034797
1.4055134942430643,-0.6419304334268633,-1.4891542641809996,1.0155059247847142,1.152532781488424
1.4353553070783522,-0.47749223237954913,-1.1883270145911387,-0.4789452445686768,-1.3587247305930619
0.7520513671301718,-0.7436480574926796,-0.47944474534350645,-0.20464388028230665,-0.6455614536959923
0.7784483438746725,-0.9426032605223456,-0.15244046276182072,-1.4116527469873883,-0.08946042015253731
0.19247364622068983,-1.219631305981658,0.37575083037587315,-0.7766718763466913,0.25443970679950645
0.09107024436256228,-1.104228744543879,0.5806880876619754,-0.7879182074196269,0.954784859268623
0.055563678902828526,-1.3108566881171884,0.8306998658102062,-1.4159181020688714,-0.1008903745096555
-0.48698222915641837,-0.730797714916266,1.406849810843675,-1.4746113367954974,-0.3418738760022743
-0.8069742811078066,-0.9357671578009064,1.4252071984877748,1.0179748685215833,2.842773264878376
-0.7122166822803615,-0.052727944259130716,1.519805838554792,0.1756790324916002,-1.9783453042551962
-0.5666181773814104,-0.8300931769866093,1.7142785950910877,-0.6127416924085088,1.4979578301507048
-0.853913002329904,-0.888835200387855,1.7280342995015467,1.4153661309330137,0.4309872322493954
2.9400972120668882,-0.9983080053794825,0.034714330072501014,1.4083323607625178,1.9978426337826454
2.743467133131643,0.09137404282929987,0.4176589765509425,0.7623721573327563,0.705333573792998
2.801565692348969,-1.053594555512917,0.46575103227160713,0.7782384980252042,-1.409551332047417
2.1989509409558257,-0.712838356194153,1.267725417103174,0.15287405814164878,-0.7453428871000607
0.40078307612598596,0.6060820295695138,-2.91089466489576,-0.7678395757595076,0.47673289308582845
-0.4828366935215498,0.5445876004730063,-2.1410582120200434,-0.10194845330940511,1.1319049533846692
-0.4980336776540403,0.595894503553099,-1.861202426942023,-0.9799531052401148,0.6888900959349672
-1.228009263688206,0.5581437153941314,-1.2084072488738657,-0.32919616603958984,0.01419368231465121
-1.539252190192834,0.5424105601416968,-0.9673702044443664,0.32706366704532275,-1.677192931071062
-1.9350729628056889,-0.058551950108921134,-0.24888550157360773,-0.9115501611152756,-0.10563666610125197
-2.1204218803099963,0.010555192037261574,-0.11354240150773126,0.061141146967954835,1.2743181058593183
-2.0998327915847868,0.08440544117632023,-0.09330169399045135,0.10179342154114157,-1.4639058504823457
-2.0807408563073655,0.13071613224086986,-0.031644433663281346,0.40261859800663435,-0.7448456270179367
-2.0626765461405743,0.5888857020643907,0.28835084255948407,-0.9080442745946448,-1.0546343741479232
1.4343569811155739,0.18087346010141436,-1.4781077357155268,0.23391712056631697,-0.3644349176906394
1.3853751374333119,0.5948931110256891,-1.1969816426324753,-0.26522835820227464,1.874458229482004
0.7876006755405731,0.6444109980381425,-0.4213423762545208,-1.001887602107894,0.26289282654964563
0.7633230994924688,0.011369572108091515,-0.15955610894439812,-1.6079841569116176,-0.16596738461594845
0.18690435209853512,0.2181755087593826,0.388934461752784,-1.1603722388977908,0.40286791143634615
-0.14355144540163312,0.014237854087652857,0.36740372982203373,1.3870801119154395,0.14676280674275585
-0.17694027258231843,0.5616980602485051,0.6300763622444486,0.5140583166743837,-0.6083326570755871
-0.5502034045182668,0.6412189152959846,1.3646456588196847,-1.1867900115924592,-0.5483246291906184
-0.699557323827647,0.4940818233410532,1.2570904938420975,0.881888519384348,0.032598844060033896
-0.7126959480344427,0.5784870970707373,1.5369571768601553,-0.06736607608632218,-0.33585551412456005
-0.5377468491599666,0.6465562032763068,1.745024721628937,-1.4247228671915124,0.0577754170780255
-0.644705718431085,-0.04792757507773512,1.6688447606907932,0.39789258705569014,-0.1582638251256925
-0.7363256180378422,0.5819704659576057,1.8758588429016556,0.13219858439798302,-1.193204418598247
3.0381799918515062,0.678390239917204,0.12550264268585878,-0.18281535968613558,-0.658820062264648
2.8866352216414115,-0.9715596763182923,0.25605934980796696,0.733309574219306,0.3254132652068198
2.173147608665343,0.6504165583810946,1.2614395365271933,0.005176431890019976,-0.5058285763156318
2.3674540328442353,0.05090595281927804,1.4782094348719172,-1.3921571100913468,-0.11505133501830188
0.26657747630726386,0.9317961704684786,-2.7778255617417478,-0.8719589139378173,-1.089744160687701
-0.5454051320346922,0.829261882455461,-2.1926563622205637,0.7118738641192991,-0.6961439346167573
-0.6850698694458621,0.8771650280516481,-1.7695269658341655,-0.3360884534694472,-1.3070207580062698
-1.5726423242876615,0.7324472580423042,-1.2536863640225553,2.0120985612199576,-0.010520738242455504
-2.0216237329931905,0.8208001614032678,-0.29609825657312683,0.02935079691327459,0.3436630863898291
-2.131717248330131,0.800338671193477,-0.08108750282226523,0.5507814359807198,-0.18084111276277495
1.4903625455211242,0.8866611670036194,-1.697880768015616,0.7004182991215477,-0.798395564267295
1.3972196713097709,0.8732868336052381,-1.478582092237851,0.7564335263213406,-0.1732224520149149
0.7851491670657338,0.7805251752393563,-0.7290401421570872,0.030852950033877308,-1.4705978359942027
0.8140683920717159,0.9560781267175765,-0.3761596392084098,-1.1530189736831191,0.10415587293241203
0.6548925695253758,0.8949214339802777,-0.2138686990665836,-0.3546668732504209,1.3176489728565193
0.14336575624675305,0.8989975096959586,0.38508149299825517,-0.5924044845872052,1.222819025667716
-0.054091226389348136,0.8322545187808452,0.49570369704157335,0.46860495419744813,1.8250164931822515
-0.06908470914856064,0.9152727337742221,0.7573344611132785,-0.47641407582457473,-0.5782149632403221
-0.6779734433026019,0.8604401241284874,1.263591048444364,0.31592829938606065,-0.3819229058620913
-0.6810453130325977,0.8880992355293352,1.5689968659235844,-0.7134654201924779,1.3584761654598363
-0.8007343032600474,0.8084998452777874,1.4806731947687355,1.0255191989242953,0.5908211781280068
-0.705248571503032,0.8549858727342624,1.5991994829697154,0.48782847975490995,-0.5360978285174876
-0.6119084135241848,-0.16382888543940313,1.9783365003125581,-1.2758127050894097,0.5368398700792582
-0.6243933009790945,-0.058613819557746506,1.9934971661787735,-0.8042681601991013,0.4048463254736853
2.7638766549781875,-0.29236056997296794,0.12608273211966262,1.5809787874734542,-0.16792569049523828
2.9204537805707975,1.0176948975935443,0.6049426757905093,-1.3151309615002351,0.5319389064502096
2.688183198371755,0.8767655929668011,0.40768639075304647,1.6481953552144526,-0.48199772540740055
2.21159786065776,0.8030668295526913,0.9966672704012712,0.6048862536491523,-1.793359259218674
2.247334045741618,0.981375796692642,1.356702023312723,-0.6511574584649505,-0.1442788870185917
0.284593493252755,-0.6801323623250328,-2.7711588813220507,-0.6462655961626651,0.9414310836601654
-0.48095309417304083,-0.7073844379685819,-2.1360469118794128,0.4357961759994091,1.8555481429947396
-1.3556649070099274,0.056518483433060436,-1.0797463353789578,-0.2772852345729346,-1.0895755038108668
-1.8928515237305379,-0.2287199001810656,-0.24363827495329296,-1.7162109171769084,-0.3129191264583412
-2.020924161038818,-0.03526198443594691,-0.29128080369594717,0.3013695386319224,2.3779459004540104
-2.0618426298439516,-0.4069181148247497,0.2544626659085976,-0.9926158133141904,-0.36267438565984483
1.457856554782071,-0.32187768923011006,-1.7351669360072952,1.3848786939146143,0.7885461280599403
1.318753435417495,-1.03193739643233,-1.5786127520789255,2.0492618620719245,0.7420169866588316
0.7518521242302177,-0.09316636847170412,-0.7599845217312927,0.6634947172272345,0.19203583611612202
0.756053036413068,-0.9408780563347998,-0.454727549161162,-0.07670600312385394,1.2423753014265617
0.6122659998279901,-0.6254893155145661,-0.3062467809191345,0.34005716254448554,-0.8515684373073306
0.04613480168283796,-0.7877783407156492,0.27019441395977584,0.8584934794964059,1.9903258991919537
-0.06197900344229129,-0.8896034698248265,0.428800277297462,0.8145203960356416,-0.6764450038516222
-0.12705664544484047,-0.4629019415536294,0.664771703873088,0.3935670646804949,-1.5638085084966336
-0.8201921451021571,-0.36419993132425243,1.1117683911393184,2.156853064975183,0.015907269264339868
-0.6191903808069348,-0.62205713271791,1.5859315326449384,-1.152952101052802,0.6927939317692025
-0.7821642743393632,-1.1441536136528159,1.4646961015433677,1.2572627876694056,0.9002719122419498
-0.6329813604230723,0.2097618248362727,1.660370577155614,-0.06575760693262386,-0.3469281533737551
-0.6668261142203575,-0.41031645421552493,1.9223803084902311,-0.5777983879317846,0.4817284476201626
-0.7012065397575096,0.17986967127941678,1.9346867231821778,0.06645898542875883,1.2204292368040843
2.8712400453809965,0.24262836497398188,0.2525693896113032,0.4224801864167186,1.3980357865157513
2.606225107146149,-0.05813807787382096,0.29389340792413104,2.2893820554285527,1.4960319789553496
2.7611762851950012,-0.9921050833367673,0.4469611889046499,1.2827984552526772,0.10798151596040644
2.4441622608594082,0.03685989664912038,1.2447386393752524,-1.5771717266446448,2.7680142805568893
2.1756847699272184,-0.9210924176831954,1.2638256134344226,0.5694990888885275,0.8452872149286226
0.26048519236681483,-0.0828206057045508,-2.7927374975066095,-0.5932254026489918,0.24833874049719304
-0.3737496019841389,0.6121287023443482,-2.043383481421324,-1.1737006320213241,-0.8058839684315913
-0.6422953187380386,0.2573822119051899,-1.7368333702922931,-0.7829264893707619,0.4618274017303168
-1.420818499065561,0.5299219859537669,-1.1403256163873836,0.24930461233779647,-1.6003920490214505
-1.2977476504679637,0.20433657670684865,-0.7179038090020332,-2.0289014068670803,0.38447514956215756
-2.172358080289788,0.4138024236739347,-0.44855559123494876,1.719797245875565,0.2722527541218794
-1.9994837940528918,0.2936884924357364,0.001772762916274013,-1.241536658533573,0.2635722659061417
-2.0209986849485646,0.5495659932212728,0.007572766042577478,-0.7119674044274896,-0.2564558042097046
-2.1229734531838984,0.1813419781820592,-0.05325233002626542,1.0095121769491633,-0.008184433108567073
1.6028020873145665,0.6245016432153195,-1.5984613728895414,-0.5149911121832772,-0.24548894713693442
1.3452294944557357,0.4903956670143551,-1.5181902919362922,1.4338962325712432,1.8132121326688522
1.535551413227109,0.5502363515180206,-1.0649666584479731,-1.8023886329087688,0.06787051117403764
0.6604429894547158,0.5547226802085031,-0.5375309716242068,0.5132857405905233,-0.2814607786295943
0.5746634569266615,0.14689385113319686,-0.3317525530614454,0.5232673362261417,-0.9895791340585403
0.10096147101740681,0.07454017401422355,0.3176748775815201,-0.0589996189402141,0.6185231175897025
-0.1559412961302161,0.07021433435273715,0.3582022216656464,1.5862522232800673,-0.3908766142699773
-0.10448163662461715,0.5722586627062387,0.7138951210501261,-0.08342515313121629,-0.3289083177198461
-0.6326238427749381,0.22327535808430865,1.2851569759842667,-0.12671669074704778,-0.6480266940781017
-0.5848798666557589,0.09272104187867147,1.3544283702051594,-0.2221685933054468,-0.8895685258638574
-0.5782058245813384,-0.08014962924026132,1.661808806868572,-1.2602854048338448,-0.167543219798794
-0.6121138527371441,0.22729937979177584,1.6583068270179426,-0.5322075682518289,-1.2248620507853767
-0.8709122231947657,-0.33099039854509366,1.7253855618918803,1.4620853901684938,0.757888853357211
3.0645487782853698,0.5441328616417024,0.15257150455504861,-0.3570057653806783,-0.8256649229955112
2.908550367139481,0.4202755130866204,0.5709545002300573,-1.1530646876245811,-0.014185531561396438
2.952520341663624,0.695562879833761,0.6570333903150667,-1.174668349814644,0.3744001933436677
2.1005256032024944,0.5827763658452991,1.2024849408596994,0.9429754674115853,-0.4555688753071303
0.11518140161259735,0.5014127472090594,-2.9282833572724436,0.840997600129553,-0.847278801264473
-0.30265776909650516,0.0389920093742517,-1.9844902370155526,-1.86043744944659,-0.13965997406846903
-0.7337928023074348,-0.005452186459385724,-1.8345019155430566,0.23767806081993545,-0.26569600028536955
-1.307529208053803,0.03731678601337938,-1.0297632430995858,-0.8420532566311105,-0.17371545647645373
-1.526052094485137,0.5074350883999242,-0.9458547754564736,0.328520529247743,-1.6783975362227068
-2.159385887532105,0.3959287694673096,-0.432247552178275,1.5979637341864317,0.7347817723599926
-2.156403871346194,0.4840219657606204,-0.15429239824165353,0.3855671644428966,-1.0566107017071211
-2.1210740603109195,-0.23979484059113906,-0.11029060965647684,0.49338956981549165,-1.2090898954670264
-2.083687427963759,0.21613502553326394,-0.008429169858106482,0.6015436993796022,0.7518224422957508
1.5729352166909285,0.07402011437859148,-1.6381382488199983,-0.09074142481294738,-0.3796722833347583
1.2869509890261634,0.2791346663061473,-1.5801800487503117,2.0959581119735824,1.4574774255063199
1.4436424508520145,0.005045361947047176,-1.1691054106955518,-0.7267484117889526,-0.735129067172216
0.6879523906821494,0.20261461081315135,-0.5132442353253868,0.298627022329475,0.2540094447167963
0.7361791497614228,-0.04826190567398017,-0.16462994955106736,-1.1285860859179824,1.0328430134550959
-0.01987498628996475,0.4917225647166812,0.20402068575900845,1.1479630939267835,-0.2548352178829834
-0.06215165777779246,0.12845525956621948,0.4602559570405484,0.6009952263557715,0.963749322080816
0.026168129770659444,0.6298577843526348,0.8355308976909558,-1.549111579918755,-0.174292300259775
-0.6684500300753681,0.5335546798841438,1.2576962332599542,0.2056057791429133,-0.6300405461425673
-0.5624585612818436,0.26302712917612897,1.3845980125312731,-0.4771503710024484,-0.2776351850640328
-0.6387023854446044,0.10572567186950765,1.606008448424541,-0.6462245949469821,-0.44732986041457756
-0.6523231749037752,-0.45614299889731774,1.6209496195810562,0.07398276248576555,0.1377856761512928
-0.9738838588397104,0.39402244881017723,1.6432843818123133,2.445651106097936,0.8117346351560086
2.9937498502425153,0.595297622188563,0.09909509522389903,0.43888845309580204,0.3913723060747811
2.789274581705955,0.46901652962399604,0.4510407078808509,0.10365774511130395,-0.9633739610267857
2.886029167303847,0.6561061468780414,0.5838001728039384,-0.47683578956797246,-0.6836207262662988
2.0871332439626715,0.2141322024795644,1.1838461773818758,1.161347479533176,-0.3660586316015458
0.2956933034931184,-1.250988089294785,-2.765432624038813,-0.6317912375572307,1.5655607348445082
-0.39194817646866525,-1.3010463387062348,-2.10035116247139,-0.5563777544763054,-1.56654798507813
-0.6659851826431945,-0.4108153340939688,-1.7827800827443934,-0.32724430858481,-1.402551030151627
-1.3331999515825559,-0.4097927179965333,-1.0599538612231965,-0.40108496434689417,-0.3163853768991642
-1.912167566466377,-0.37287056349518005,-0.260438929519187,-1.4585626276571149,0.09001882618216316
-2.098340612465989,-0.6464951108556057,-0.3785486663185622,1.2537983359778593,2.0358102261173885
-1.9330257759100566,-0.6963610450734506,0.046299394247822694,-1.6998474173730167,-0.007243758962037755
-1.8758027058880948,-1.1483180386430374,0.15298253318706287,-1.3470879399652367,-0.38286034673474356
1.5191683329713803,-0.9822720687634833,-1.6790946744634714,0.8874805305706607,1.9325149896669942
1.6206071593696398,-0.7056908111530463,-1.3016938123754207,-1.3461166119005061,-0.14957584377344316
0.7545209646848459,-0.8966439809933148,-0.7680111399869857,0.8083935784883036,0.6665784511489515
0.6926098320932177,-1.2610931169456228,-0.5212244099761744,0.6765365690985153,1.1243820781745935
0.6441961016169554,-0.9043206517242944,-0.2725909912462089,0.08306627285159886,0.07102313478671667
-0.06138484468597349,-0.9859539910219005,0.16043302831865772,2.0532597764910543,1.4269424174138376
-0.036657423041494094,-1.1802892133911054,0.4553240762280328,0.6291436738960973,0.1717824990371867
0.012143639535862873,-0.31869750874733266,0.8191294097612248,-1.0672887505691016,0.6238829306561039
-0.7087405508180316,-1.1109835201422704,1.2181789518289676,1.1477754022816065,1.6797282895012569
-0.6625861668261741,-1.2167106756920487,1.534428070845295,-0.5612106700481629,0.7223030833173866
-0.7409413202985942,-0.4568930025774128,1.519139093594718,0.6994695019626648,1.1810808579318894
-0.5396110562869568,-1.36060232553568,1.7278448935105348,-0.8142737346661191,1.330802363310461
-0.7318104596939379,-0.7432190660143152,1.8288668546272342,0.08122115686991985,-1.9108934265234714
-0.7743130804599281,0.037962158799043196,1.858761565842134,0.8794205763537254,0.714515144526838
2.9633371760070597,-1.478017273824917,0.05181849545897681,1.2570132654186135,2.4595732322725294
2.7270521161807326,-0.38625038853408955,0.40627737640386286,1.0670833936970938,2.0528505076033454
2.764892393720305,-0.3397075339207171,0.4711777340263853,1.1552212782648559,0.9600862875461916
2.16733573812112,-0.8796143580034407,0.9433877726458249,1.526770458897792,0.19516370137754482
2.180411166386128,-1.2137473216767134,1.26887125224715,0.6010237771398317,1.4705606244113312
0.24143690389250524,-2.056244857302983,-2.823135826534743,0.16985106488022575,2.381620561803138
-0.430766859560285,-2.1795271573653774,-2.1435532371727595,0.09609540617282412,-0.6021585367513469
-0.7265719694113107,-2.4413380283903443,-1.8732906342429916,0.7610075757954096,-0.9631052632445393
-1.3458248933261445,-2.1313180104701193,-1.0939324345866692,0.1273791163905781,0.7188534217361178
-2.0122184751928742,-2.1823648427454247,-0.387295189943243,0.004939105868861889,0.1587966374995271
-1.8573945695739764,-2.380279160461752,-0.20905196125541828,-1.1029062079320395,-0.060265897489184074
-1.9742146730405201,-2.0720169847184557,-0.010008326352596101,-0.9331636524484759,0.806471003812522
-2.0139956157355847,-2.049637510136636,-0.0377742637534996,-0.19919149253581284,-0.9547941896800802
-1.9097326117403126,-2.3769723218048133,0.08542059936640403,-0.785971826163903,-1.38014843783633
1.7669209252967446,-2.169028876859494,-1.4876222197344509,-1.6291702213120804,0.3759724463115528
1.5002122080533322,-2.227798896781962,-1.4435751483977501,0.27967980019778843,-0.22824717573794262
0.7972633784248958,-1.7777221434598502,-0.45479606590927,-0.4262616200471902,-0.8240655557801573
0.4986389672295122,-1.92872972032469,-0.43001193330804,1.8840469837953782,-0.1542326879598751
0.1577152201501134,-1.7661566033824645,0.3275967958570983,-0.24500181360123874,-0.6652132768052541
0.1708601932849967,-1.7390088271232913,0.6311013577412297,-1.5377948709189952,-0.34776958564204774
-0.19319466653118328,-2.337458841660464,0.5782092403957791,1.5408386343007043,-0.49724493193261704
-0.5597253463256592,-1.9487821198435595,1.3175358513188824,-0.38350960365320713,-0.5271403094392677
-0.777243817577587,-2.3886176600206595,1.4060119527441715,0.9413674164523739,0.7937021872380493
-0.6310791003514531,-0.8299141988774369,1.6156707047047751,-0.3472435964824137,0.8790138194952251
-0.6688755362846998,-1.1968699150830189,1.590504604274138,0.5329737562597446,-0.7183622747872743
-0.5611212032010727,-1.9439132052638144,1.9904597102370087,-1.431033236262259,0.5786387469615342
-0.8543637618103719,-0.6153651966293452,1.7647183999211704,1.8855380369324202,-0.02341616286794656
2.9506429127683877,-1.5569210101899924,0.01150025733532075,1.362981034367709,-0.36189060003456147
2.7652573518940606,-0.7957537931811277,0.4405355610692681,0.7860117234466861,2.65359761190531
2.964602716851619,-2.3120337953875043,0.6018623531855355,-0.6616808093463741,-1.0286097520693507
2.238247364295563,-1.8389452860782607,0.9715953807273965,0.8779837466618639,-1.5723187809264667
2.319149513107186,-1.7165962698822883,1.3710708461279248,-0.8626333539914063,-0.10625369317608133
0.17835293648012301,-1.8078593339591242,-2.9086353333955515,0.6683864454145713,-0.4846235571622899
-0.22864218576624104,-2.142989567016723,-1.9508316443171851,-2.1699286404315554,0.3721492605904999
-0.695700663485271,-1.5203211955662033,-1.823958391787205,0.18609485919802488,0.025909915642311338
-1.2596270353689685,-2.206079945488137,-1.0245983684161466,-0.8659456556238823,0.04057995377422385
-1.281452171754351,-1.6126448592899574,-0.7333228112115101,-1.7856943107754726,0.691549506479284
-2.0419298133936477,-2.1806505404555976,-0.3618186131187605,0.9025850041131289,1.6165453725256798
-1.9993608038601773,-2.018631394886115,-0.04107836371890835,-0.7393249953062241,0.2713488232074627
-2.060059226170393,-1.5539733140282435,-0.07159410518288287,0.1647434645020876,-0.6193975566370292
-1.9933282215115402,-2.078613611566913,0.039827292631258594,0.14045986063148835,1.4117987263886391
1.6596199151804614,-1.4597000425859357,-1.5774216578237403,-0.6498648633673076,0.4320634583316969
1.3547615129012764,-1.6319947880928711,-1.5471840959213463,1.8030668645683707,1.9704002059803016
1.4029748620595108,-1.9760757655556862,-1.2505141041051624,0.13352188045036412,-1.411539362110294
0.6341425292664026,-1.5051613382277294,-0.6024826604251073,1.247990750878592,-0.4955923873344844
0.6256664337998147,-1.9838061180933482,-0.31776007247563365,0.4578845039980433,-0.3865332280738117
0.10658665416830132,-2.1776338423401085,0.2818375965956984,0.3745575565968491,0.7008622832725817
-0.05765250983670892,-2.022296865567837,0.4222282213023133,1.0168250078708105,0.732533623871933
-0.011618366011873132,-1.5975765142479375,0.7458246157082095,-0.7284248303492513,-1.1659447710640147
-0.5938331812940236,-1.6746722571649661,1.2914190352479924,-0.10549393350675615,-0.11833921320985923
-0.5053317484158476,-1.782391592842268,1.4036005190160081,-0.6335905212482652,0.08610483105949353
-0.6307348738831611,-0.6948326102436468,1.6004824254701417,-0.5093478322507117,-0.3014178863549157
-0.5791963296024618,-0.32665094002150374,1.6935869152684115,-0.6708773726265498,0.23628950750713124
-0.9702889341942378,-0.4023519356204462,1.626924981490836,2.6080254579399575,0.2546712644098494
3.0657178770400266,-0.1418052937114713,0.1360531735238472,-0.18746945712455462,-1.382641030909573
2.8823431671727957,-0.14209070450104352,0.5381440960669746,-0.6882835278774053,0.14941622035900298
2.940346683426682,-1.453366615168976,0.5921362460747396,-0.6119605069962705,-1.023136599436872
2.251466105038957,-1.4054512453859405,1.3235437510909238,-0.19878602062511547,1.2627927610981384
