ORDERNUMBER,QUANTITYORDERED,PRICEEACH,ORDERLINENUMBER,QTR_ID,MONTH_ID,YEAR_ID,MSRP
-1.6479470949959203,-0.526907258744723,0.5969775019778834,-1.0570587063287502,-1.4270386327380036,-1.3929088876103477,-1.1651700861775494,-0.14134065747451824
-1.495887501494733,-0.11042701474742408,-0.11445035408552658,-0.3470150686464702,-0.5962425798983697,-0.5723367278181918,-1.1651700861775494,-0.14134065747451824
-1.354689307529345,0.618413412247849,0.549383722060052,-1.0570587063287502,0.23455347294126402,-0.025288621290087743,-1.1651700861775494,-0.14134065747451824
-1.2352139126355548,1.0348936562451478,-0.019758562790675022,-0.1103338560857102,0.23455347294126402,0.24823543197396428,-1.1651700861775494,-0.14134065747451824
-1.0831543191343675,1.4513739002424466,0.8101579745265006,1.7831158444003699,1.0653495257808978,0.7952835385020682,-1.1651700861775494,-0.14134065747451824
-0.9854017233121758,0.09781310725122534,0.6445712818957139,-1.2937399188895102,1.0653495257808978,0.7952835385020682,-1.1651700861775494,-0.14134065747451824
-0.8550649288825867,-0.6310273197440477,0.1225270084220064,0.5997097815965698,1.0653495257808978,1.0688075917661204,-1.1651700861775494,-0.14134065747451824
-0.7681737325961939,1.347253839243122,0.8101579745265006,-1.2937399188895102,1.0653495257808978,1.0688075917661204,-1.1651700861775494,-0.14134065747451824
-0.6269755386308058,-1.3598677467393208,0.7392630731905647,-1.0570587063287502,1.0653495257808978,1.3423316450301723,-1.1651700861775494,-0.14134065747451824
-0.5183615432728149,0.618413412247849,0.8101579745265006,1.7831158444003699,-1.4270386327380036,-1.6664329408743999,0.2643280247651782,-0.14134065747451824
-0.38802474884322585,0.20193316825055005,0.8101579745265006,-1.2937399188895102,-1.4270386327380036,-1.3929088876103477,0.2643280247651782,-0.14134065747451824
-0.23596515534203857,-1.255747685739996,0.8101579745265006,0.1263473564750498,-0.5962425798983697,-0.8458607810822437,0.2643280247651782,-0.14134065747451824
-0.08390556184085132,-0.7351473807433724,0.8101579745265006,-1.0570587063287502,-0.5962425798983697,-0.5723367278181918,0.2643280247651782,-0.14134065747451824
0.046431232588737756,-0.11042701474742408,0.8101579745265006,-1.0570587063287502,-0.5962425798983697,-0.29881267455413973,0.2643280247651782,-0.14134065747451824
0.17676802701832683,1.0348936562451478,0.4546919307652012,-1.2937399188895102,0.23455347294126402,-0.025288621290087743,0.2643280247651782,-0.14134065747451824
0.2853820223763177,0.09781310725122534,0.8101579745265006,-0.1103338560857102,0.23455347294126402,0.24823543197396428,0.2643280247651782,-0.14134065747451824
0.43744161587750496,-1.255747685739996,0.8101579745265006,0.5997097815965698,0.23455347294126402,0.5217594852380163,0.2643280247651782,-0.14134065747451824
0.5460556112354958,0.618413412247849,0.8101579745265006,-0.3470150686464702,1.0653495257808978,0.7952835385020682,0.2643280247651782,-0.14134065747451824
0.6438082070576877,1.1390137172444725,0.549383722060052,-1.2937399188895102,1.0653495257808978,1.0688075917661204,0.2643280247651782,-0.14134065747451824
0.7632836019514777,0.7225334732471737,0.8101579745265006,-1.2937399188895102,1.0653495257808978,1.0688075917661204,0.2643280247651782,-0.14134065747451824
0.8936203963810667,0.618413412247849,0.8101579745265006,0.5997097815965698,1.0653495257808978,1.0688075917661204,0.2643280247651782,-0.14134065747451824
1.1108483870970485,-1.5681078687379701,-0.5507266699989761,1.5464346318396098,1.0653495257808978,1.3423316450301723,0.2643280247651782,-0.14134065747451824
1.2629079805982357,-1.4639878077386455,-2.4167994576105953,1.3097534192788498,-1.4270386327380036,-1.3929088876103477,1.6938261357079059,-0.14134065747451824
1.404106174563624,0.7225334732471737,-0.36183885595008475,-0.5836962812072303,-1.4270386327380036,-1.1193848343462958,1.6938261357079059,-0.14134065747451824
1.5670271676006102,-1.1516276247406712,0.8101579745265006,0.1263473564750498,-0.5962425798983697,-0.8458607810822437,1.6938261357079059,-0.14134065747451824
1.7190867611017975,3.221414937230967,0.8101579745265006,-1.0570587063287502,-0.5962425798983697,-0.5723367278181918,1.6938261357079059,-0.14134065747451824
-1.6913926931391166,-0.9433875027420218,0.8101579745265006,1.0730722067180898,-1.4270386327380036,-1.6664329408743999,-1.1651700861775494,2.6824539434971033
-1.5936400973169247,-0.6310273197440477,0.8101579745265006,-1.2937399188895102,-1.4270386327380036,-1.1193848343462958,-1.1651700861775494,2.6824539434971033
-1.4415805038157374,0.30605322924987477,0.8101579745265006,1.0730722067180898,-0.5962425798983697,-0.5723367278181918,-1.1651700861775494,2.6824539434971033
-1.2895209103145502,0.20193316825055005,0.8101579745265006,1.0730722067180898,0.23455347294126402,-0.025288621290087743,-1.1651700861775494,2.6824539434971033
-1.1809069149565594,1.0348936562451478,0.8101579745265006,0.3630285690358098,0.23455347294126402,0.5217594852380163,-1.1651700861775494,2.6824539434971033
-1.0397087209911713,-1.4639878077386455,0.8101579745265006,-1.2937399188895102,1.0653495257808978,0.7952835385020682,-1.1651700861775494,2.6824539434971033
-0.9202333260973812,-0.11042701474742408,0.8101579745265006,-0.5836962812072303,1.0653495257808978,1.0688075917661204,-1.1651700861775494,2.6824539434971033
-0.8224807302751894,-1.255747685739996,0.8101579745265006,0.3630285690358098,1.0653495257808978,1.0688075917661204,-1.1651700861775494,2.6824539434971033
-0.7030053353813994,0.7225334732471737,0.8101579745265006,1.0730722067180898,1.0653495257808978,1.0688075917661204,-1.1651700861775494,2.6824539434971033
-0.5726685409518104,1.2431337782437972,0.8101579745265006,-0.1103338560857102,1.0653495257808978,1.3423316450301723,-1.1651700861775494,2.6824539434971033
-0.47491594512961854,-0.006306953748099373,0.8101579745265006,-0.8203774937679902,-1.4270386327380036,-1.6664329408743999,0.2643280247651782,2.6824539434971033
-0.33371775116423036,-0.6310273197440477,0.8101579745265006,-1.0570587063287502,-1.4270386327380036,-1.1193848343462958,0.2643280247651782,2.6824539434971033
-0.14907395905564585,-0.11042701474742408,0.8101579745265006,0.5997097815965698,-0.5962425798983697,-0.5723367278181918,0.2643280247651782,2.6824539434971033
-0.007875765090257694,-0.3186671367460735,0.8101579745265006,-0.1103338560857102,-0.5962425798983697,-0.29881267455413973,0.2643280247651782,2.6824539434971033
0.12246102933933138,-1.4639878077386455,0.8101579745265006,0.5997097815965698,0.23455347294126402,-0.025288621290087743,0.2643280247651782,2.6824539434971033
0.23107502469732227,-0.11042701474742408,0.8101579745265006,-1.0570587063287502,0.23455347294126402,0.24823543197396428,0.2643280247651782,2.6824539434971033
0.35055041959111227,0.20193316825055005,0.8101579745265006,1.0730722067180898,0.23455347294126402,0.5217594852380163,0.2643280247651782,2.6824539434971033
0.49174861355650046,1.2431337782437972,0.8101579745265006,-0.1103338560857102,1.0653495257808978,0.7952835385020682,0.2643280247651782,2.6824539434971033
0.5786398098428932,1.347253839243122,0.8101579745265006,-0.8203774937679902,1.0653495257808978,0.7952835385020682,0.2643280247651782,2.6824539434971033
0.6872538052008841,0.5142933512485242,0.8101579745265006,-1.2937399188895102,1.0653495257808978,1.0688075917661204,0.2643280247651782,2.6824539434971033
0.8067292000946741,-0.9433875027420218,0.8101579745265006,-0.8203774937679902,1.0653495257808978,1.0688075917661204,0.2643280247651782,2.6824539434971033
0.9587887935958613,-0.526907258744723,0.8101579745265006,-1.2937399188895102,1.0653495257808978,1.0688075917661204,0.2643280247651782,2.6824539434971033
1.0674027889538522,-0.3186671367460735,0.8101579745265006,0.8363909941573299,1.0653495257808978,1.3423316450301723,0.2643280247651782,2.6824539434971033
1.1977395833834412,0.618413412247849,0.8101579745265006,-1.0570587063287502,-1.4270386327380036,-1.6664329408743999,1.6938261357079059,2.6824539434971033
1.3280763778130305,0.09781310725122534,0.8101579745265006,-0.8203774937679902,-1.4270386327380036,-1.3929088876103477,1.6938261357079059,2.6824539434971033
1.4366903731710212,-1.1516276247406712,0.8101579745265006,-0.5836962812072303,-1.4270386327380036,-1.1193848343462958,1.6938261357079059,2.6824539434971033
1.653918363887003,-1.255747685739996,0.8101579745265006,0.5997097815965698,-0.5962425798983697,-0.5723367278181918,1.6938261357079059,2.6824539434971033
1.795116557852391,1.5554939612417713,0.8101579745265006,-0.1103338560857102,-0.5962425798983697,-0.5723367278181918,1.6938261357079059,2.6824539434971033
-1.6479470949959203,0.41017329024919946,0.8056960576592038,-0.3470150686464702,-1.4270386327380036,-1.3929088876103477,-1.1651700861775494,0.43341399582059054
-1.5067489010305322,-0.6310273197440477,0.6287066885897706,-0.8203774937679902,-0.5962425798983697,-0.8458607810822437,-1.1651700861775494,0.43341399582059054
-1.354689307529345,-0.8392674417426971,0.8101579745265006,-0.3470150686464702,0.23455347294126402,-0.025288621290087743,-1.1651700861775494,0.43341399582059054
-1.2352139126355548,0.20193316825055005,0.8101579745265006,0.5997097815965698,0.23455347294126402,0.24823543197396428,-1.1651700861775494,0.43341399582059054
-1.0831543191343675,0.20193316825055005,0.8101579745265006,2.4931594820826497,1.0653495257808978,0.7952835385020682,-1.1651700861775494,0.43341399582059054
-0.9854017233121758,-0.8392674417426971,0.8101579745265006,-0.5836962812072303,1.0653495257808978,0.7952835385020682,-1.1651700861775494,0.43341399582059054
-0.8550649288825867,0.7225334732471737,0.8101579745265006,1.3097534192788498,1.0653495257808978,1.0688075917661204,-1.1651700861775494,0.43341399582059054
-0.7681737325961939,0.30605322924987477,0.6287066885897706,-0.5836962812072303,1.0653495257808978,1.0688075917661204,-1.1651700861775494,0.43341399582059054
-0.6269755386308058,-1.1516276247406712,0.8101579745265006,-0.3470150686464702,1.0653495257808978,1.3423316450301723,-1.1651700861775494,0.43341399582059054
-0.529222942808614,-1.255747685739996,0.8101579745265006,-1.0570587063287502,-1.4270386327380036,-1.6664329408743999,0.2643280247651782,0.43341399582059054
-0.38802474884322585,1.2431337782437972,0.8101579745265006,-0.5836962812072303,-1.4270386327380036,-1.3929088876103477,0.2643280247651782,0.43341399582059054
-0.24682655487783767,-1.3598677467393208,0.8101579745265006,-1.2937399188895102,-0.5962425798983697,-0.8458607810822437,0.2643280247651782,0.43341399582059054
-0.08390556184085132,0.930773595245823,0.8101579745265006,-0.3470150686464702,-0.5962425798983697,-0.5723367278181918,0.2643280247651782,0.43341399582059054
0.046431232588737756,0.5142933512485242,0.8101579745265006,-0.3470150686464702,-0.5962425798983697,-0.29881267455413973,0.2643280247651782,0.43341399582059054
0.17676802701832683,-1.3598677467393208,0.8101579745265006,-0.5836962812072303,0.23455347294126402,-0.025288621290087743,0.2643280247651782,0.43341399582059054
0.2853820223763177,1.2431337782437972,0.8101579745265006,0.5997097815965698,0.23455347294126402,0.24823543197396428,0.2643280247651782,0.43341399582059054
0.4265802163417059,0.41017329024919946,0.6287066885897706,-1.2937399188895102,0.23455347294126402,0.5217594852380163,0.2643280247651782,0.43341399582059054
0.5351942116996968,-0.11042701474742408,0.8101579745265006,-1.0570587063287502,1.0653495257808978,0.7952835385020682,0.2643280247651782,0.43341399582059054
0.6438082070576877,1.0348936562451478,0.8101579745265006,-0.5836962812072303,1.0653495257808978,1.0688075917661204,0.2643280247651782,0.43341399582059054
0.7632836019514777,-1.5681078687379701,0.8101579745265006,-1.0570587063287502,1.0653495257808978,1.0688075917661204,0.2643280247651782,0.43341399582059054
0.8718975973094686,0.5142933512485242,-0.730690650313274,-0.5836962812072303,1.0653495257808978,1.0688075917661204,0.2643280247651782,0.43341399582059054
1.1108483870970485,-0.9433875027420218,-1.6116713473339561,0.3630285690358098,1.0653495257808978,1.3423316450301723,0.2643280247651782,0.43341399582059054
1.2520465810624366,0.41017329024919946,0.8101579745265006,-0.3470150686464702,-1.4270386327380036,-1.3929088876103477,1.6938261357079059,0.43341399582059054
1.404106174563624,1.5554939612417713,-1.9408616584322862,-0.3470150686464702,-1.4270386327380036,-1.1193848343462958,1.6938261357079059,0.43341399582059054
1.5561657680648113,1.0348936562451478,0.8101579745265006,-1.2937399188895102,-0.5962425798983697,-0.8458607810822437,1.6938261357079059,0.43341399582059054
1.7190867611017975,1.0348936562451478,0.8101579745265006,-0.3470150686464702,-0.5962425798983697,-0.5723367278181918,1.6938261357079059,0.43341399582059054
-1.6479470949959203,-0.8392674417426971,0.8101579745265006,-0.5836962812072303,-1.4270386327380036,-1.3929088876103477,-1.1651700861775494,2.3076139522176846
-1.5067489010305322,1.1390137172444725,0.8101579745265006,-1.0570587063287502,-0.5962425798983697,-0.8458607810822437,-1.1651700861775494,2.3076139522176846
-1.354689307529345,-0.42278719774539825,0.8101579745265006,-0.5836962812072303,0.23455347294126402,-0.025288621290087743,-1.1651700861775494,2.3076139522176846
-1.2352139126355548,-0.2145470757467488,0.8101579745265006,0.3630285690358098,0.23455347294126402,0.24823543197396428,-1.1651700861775494,2.3076139522176846
-1.0831543191343675,-1.3598677467393208,0.8101579745265006,2.2564782695218897,1.0653495257808978,0.7952835385020682,-1.1651700861775494,2.3076139522176846
-0.9854017233121758,-1.5681078687379701,0.8101579745265006,-0.8203774937679902,1.0653495257808978,0.7952835385020682,-1.1651700861775494,2.3076139522176846
-0.8550649288825867,0.618413412247849,0.8101579745265006,1.0730722067180898,1.0653495257808978,1.0688075917661204,-1.1651700861775494,2.3076139522176846
-0.7681737325961939,1.0348936562451478,0.8101579745265006,-0.8203774937679902,1.0653495257808978,1.0688075917661204,-1.1651700861775494,2.3076139522176846
-0.6269755386308058,1.4513739002424466,0.8101579745265006,-0.5836962812072303,1.0653495257808978,1.3423316450301723,-1.1651700861775494,2.3076139522176846
-0.529222942808614,-0.11042701474742408,0.8101579745265006,-1.2937399188895102,-1.4270386327380036,-1.6664329408743999,0.2643280247651782,2.3076139522176846
-0.38802474884322585,1.4513739002424466,0.8101579745265006,-0.8203774937679902,-1.4270386327380036,-1.3929088876103477,0.2643280247651782,2.3076139522176846
-0.23596515534203857,0.41017329024919946,0.8101579745265006,0.5997097815965698,-0.5962425798983697,-0.8458607810822437,0.2643280247651782,2.3076139522176846
-0.08390556184085132,0.8266535342464983,0.8101579745265006,-0.5836962812072303,-0.5962425798983697,-0.5723367278181918,0.2643280247651782,2.3076139522176846
0.046431232588737756,0.618413412247849,0.8101579745265006,-0.5836962812072303,-0.5962425798983697,-0.29881267455413973,0.2643280247651782,2.3076139522176846
0.17676802701832683,0.09781310725122534,0.8101579745265006,-0.8203774937679902,0.23455347294126402,-0.025288621290087743,0.2643280247651782,2.3076139522176846
0.2853820223763177,-0.8392674417426971,0.8101579745265006,0.3630285690358098,0.23455347294126402,0.24823543197396428,0.2643280247651782,2.3076139522176846
0.43744161587750496,-0.6310273197440477,0.8101579745265006,1.0730722067180898,0.23455347294126402,0.5217594852380163,0.2643280247651782,2.3076139522176846
0.5351942116996968,-1.5681078687379701,0.8101579745265006,-1.2937399188895102,1.0653495257808978,0.7952835385020682,0.2643280247651782,2.3076139522176846
0.6438082070576877,0.20193316825055005,0.8101579745265006,-0.8203774937679902,1.0653495257808978,1.0688075917661204,0.2643280247651782,2.3076139522176846
0.7632836019514777,-0.9433875027420218,0.8101579745265006,-0.8203774937679902,1.0653495257808978,1.0688075917661204,0.2643280247651782,2.3076139522176846
0.8718975973094686,0.41017329024919946,-0.34647003118495173,-0.8203774937679902,1.0653495257808978,1.0688075917661204,0.2643280247651782,2.3076139522176846
1.1217097866328476,-1.3598677467393208,0.8101579745265006,-0.5836962812072303,-1.4270386327380036,-1.6664329408743999,1.6938261357079059,2.3076139522176846
1.2520465810624366,-1.3598677467393208,0.8101579745265006,-1.2937399188895102,-1.4270386327380036,-1.3929088876103477,1.6938261357079059,2.3076139522176846
1.404106174563624,-1.4639878077386455,0.15425619503389368,0.1263473564750498,-1.4270386327380036,-1.1193848343462958,1.6938261357079059,2.3076139522176846
1.5670271676006102,3.221414937230967,0.8101579745265006,0.5997097815965698,-0.5962425798983697,-0.8458607810822437,1.6938261357079059,2.3076139522176846
1.7190867611017975,2.1802143272377195,0.8101579745265006,-0.5836962812072303,-0.5962425798983697,-0.5723367278181918,1.6938261357079059,2.3076139522176846
-1.6696698940675183,1.5554939612417713,0.8101579745265006,-1.0570587063287502,-1.4270386327380036,-1.3929088876103477,-1.1651700861775494,0.8832219853558931
-1.517610300566331,1.1390137172444725,0.8101579745265006,1.0730722067180898,-0.5962425798983697,-0.8458607810822437,-1.1651700861775494,0.8832219853558931
-1.4089963052083403,-0.2145470757467488,0.8101579745265006,-1.0570587063287502,-0.5962425798983697,-0.29881267455413973,-1.1651700861775494,0.8832219853558931
-1.256936711707153,1.4513739002424466,0.8101579745265006,2.0197970569611297,0.23455347294126402,0.24823543197396428,-1.1651700861775494,0.8832219853558931
-1.126599917277564,-0.3186671367460735,0.8101579745265006,1.5464346318396098,1.0653495257808978,0.7952835385020682,-1.1651700861775494,0.8832219853558931
-0.9962631228479749,0.930773595245823,0.8101579745265006,0.5997097815965698,1.0653495257808978,0.7952835385020682,-1.1651700861775494,0.8832219853558931
-0.8767877279541849,-1.1516276247406712,0.8101579745265006,1.3097534192788498,1.0653495257808978,1.0688075917661204,-1.1651700861775494,0.8832219853558931
-0.7898965316677922,-0.9433875027420218,0.8101579745265006,0.5997097815965698,1.0653495257808978,1.0688075917661204,-1.1651700861775494,0.8832219853558931
-0.6704211367740022,1.0348936562451478,0.8101579745265006,-0.1103338560857102,1.0653495257808978,1.0688075917661204,-1.1651700861775494,0.8832219853558931
-0.540084342344413,0.41017329024919946,0.8101579745265006,0.3630285690358098,-1.4270386327380036,-1.6664329408743999,0.2643280247651782,0.8832219853558931
-0.3988861483790249,1.4513739002424466,0.8101579745265006,1.3097534192788498,-1.4270386327380036,-1.3929088876103477,0.2643280247651782,0.8832219853558931
-0.11648976044824859,-1.5681078687379701,0.8101579745265006,-0.8203774937679902,-0.5962425798983697,-0.5723367278181918,0.2643280247651782,0.8832219853558931
0.024708433517139576,-0.8392674417426971,0.8101579745265006,-1.2937399188895102,-0.5962425798983697,-0.29881267455413973,0.2643280247651782,0.8832219853558931
0.15504522794672865,-0.526907258744723,0.8101579745265006,-0.5836962812072303,0.23455347294126402,-0.025288621290087743,0.2643280247651782,0.8832219853558931
0.2636592233047195,-1.0475075637413465,0.8101579745265006,-0.1103338560857102,0.23455347294126402,0.24823543197396428,0.2643280247651782,0.8832219853558931
0.39399601773430865,-1.1516276247406712,0.8101579745265006,-1.2937399188895102,0.23455347294126402,0.5217594852380163,0.2643280247651782,0.8832219853558931
0.5243328121638977,-1.3598677467393208,0.8101579745265006,0.5997097815965698,1.0653495257808978,0.7952835385020682,0.2643280247651782,0.8832219853558931
0.6220854079860895,-0.2145470757467488,0.8101579745265006,2.4931594820826497,1.0653495257808978,1.0688075917661204,0.2643280247651782,0.8832219853558931
0.7198380038082813,1.2431337782437972,-0.9285022980967582,-0.1103338560857102,1.0653495257808978,1.0688075917661204,0.2643280247651782,0.8832219853558931
0.8501747982378703,-1.0475075637413465,-1.765359594985285,0.3630285690358098,1.0653495257808978,1.0688075917661204,0.2643280247651782,0.8832219853558931
0.9913729922032586,-0.9433875027420218,-0.40596225608224046,-0.3470150686464702,1.0653495257808978,1.3423316450301723,0.2643280247651782,0.8832219853558931
1.0891255880254505,1.347253839243122,-1.4366650524277653,-0.1103338560857102,1.0653495257808978,1.3423316450301723,0.2643280247651782,0.8832219853558931
1.2411851815266377,0.41017329024919946,0.8101579745265006,-0.8203774937679902,-1.4270386327380036,-1.6664329408743999,1.6938261357079059,0.8832219853558931
1.3606605764204276,-0.11042701474742408,0.8101579745265006,-0.5836962812072303,-1.4270386327380036,-1.3929088876103477,1.6938261357079059,0.8832219853558931
1.4801359713142177,-0.3186671367460735,0.8101579745265006,-1.0570587063287502,-1.4270386327380036,-1.1193848343462958,1.6938261357079059,0.8832219853558931
1.534442968993213,3.0131748152323174,0.8101579745265006,0.5997097815965698,-0.5962425798983697,-0.8458607810822437,1.6938261357079059,0.8832219853558931
1.6865025624944003,-1.6722279297372948,0.8101579745265006,-0.8203774937679902,-0.5962425798983697,-0.5723367278181918,1.6938261357079059,0.8832219853558931
-1.6913926931391166,0.7225334732471737,0.8101579745265006,-0.5836962812072303,-1.4270386327380036,-1.6664329408743999,-1.1651700861775494,1.1581046456274668
-1.5719172982453267,-0.42278719774539825,0.8101579745265006,0.3630285690358098,-0.5962425798983697,-0.8458607810822437,-1.1651700861775494,1.1581046456274668
-1.4415805038157374,-1.3598677467393208,0.8101579745265006,-0.5836962812072303,-0.5962425798983697,-0.5723367278181918,-1.1651700861775494,1.1581046456274668
-1.2895209103145502,-0.9433875027420218,0.8101579745265006,-0.5836962812072303,0.23455347294126402,-0.025288621290087743,-1.1651700861775494,1.1581046456274668
-1.1809069149565594,-1.5681078687379701,0.8101579745265006,-1.2937399188895102,0.23455347294126402,0.5217594852380163,-1.1651700861775494,1.1581046456274668
-1.0288473214553722,-1.4639878077386455,0.8101579745265006,-1.0570587063287502,1.0653495257808978,0.7952835385020682,-1.1651700861775494,1.1581046456274668
-0.9093719265615822,-0.2145470757467488,0.8101579745265006,0.5997097815965698,1.0653495257808978,1.0688075917661204,-1.1651700861775494,1.1581046456274668
-0.8224807302751894,-0.7351473807433724,0.8101579745265006,-1.2937399188895102,1.0653495257808978,1.0688075917661204,-1.1651700861775494,1.1581046456274668
-0.7030053353813994,-0.9433875027420218,0.8101579745265006,-0.5836962812072303,1.0653495257808978,1.0688075917661204,-1.1651700861775494,1.1581046456274668
-0.5618071414160113,-0.42278719774539825,0.8101579745265006,2.0197970569611297,1.0653495257808978,1.3423316450301723,-1.1651700861775494,1.1581046456274668
-0.45319314605802036,1.347253839243122,0.8101579745265006,-0.5836962812072303,-1.4270386327380036,-1.3929088876103477,0.2643280247651782,1.1581046456274668
-0.3228563516284313,1.5554939612417713,0.8101579745265006,0.5997097815965698,-1.4270386327380036,-1.1193848343462958,0.2643280247651782,1.1581046456274668
-0.14907395905564585,-0.7351473807433724,0.8101579745265006,-1.0570587063287502,-0.5962425798983697,-0.5723367278181918,0.2643280247651782,1.1581046456274668
0.0029856344455413955,-0.9433875027420218,0.8101579745265006,1.3097534192788498,-0.5962425798983697,-0.29881267455413973,0.2643280247651782,1.1581046456274668
0.12246102933933138,-0.3186671367460735,0.8101579745265006,-1.0570587063287502,0.23455347294126402,-0.025288621290087743,0.2643280247651782,1.1581046456274668
0.24193642423312137,0.930773595245823,0.8101579745265006,0.5997097815965698,0.23455347294126402,0.24823543197396428,0.2643280247651782,1.1581046456274668
0.35055041959111227,-0.526907258744723,0.8101579745265006,-0.5836962812072303,0.23455347294126402,0.5217594852380163,0.2643280247651782,1.1581046456274668
0.5026100130922995,0.30605322924987477,0.8101579745265006,1.5464346318396098,1.0653495257808978,0.7952835385020682,0.2643280247651782,1.1581046456274668
0.5895012093786922,0.5142933512485242,0.8101579745265006,0.1263473564750498,1.0653495257808978,0.7952835385020682,0.2643280247651782,1.1581046456274668
0.6872538052008841,1.1390137172444725,-1.0742582490951156,0.3630285690358098,1.0653495257808978,1.0688075917661204,0.2643280247651782,1.1581046456274668
0.8175905996304731,-0.9433875027420218,0.8101579745265006,-1.0570587063287502,1.0653495257808978,1.0688075917661204,0.2643280247651782,1.1581046456274668
0.9587887935958613,-0.8392674417426971,0.8101579745265006,-1.0570587063287502,1.0653495257808978,1.0688075917661204,0.2643280247651782,1.1581046456274668
1.0674027889538522,0.8266535342464983,0.8101579745265006,0.5997097815965698,1.0653495257808978,1.3423316450301723,0.2643280247651782,1.1581046456274668
1.2086009829192403,-0.006306953748099373,-0.8937985002400072,-0.5836962812072303,-1.4270386327380036,-1.6664329408743999,1.6938261357079059,1.1581046456274668
1.3280763778130305,0.20193316825055005,0.8101579745265006,-0.1103338560857102,-1.4270386327380036,-1.3929088876103477,1.6938261357079059,1.1581046456274668
1.4366903731710212,0.20193316825055005,-1.8223729771785198,0.1263473564750498,-1.4270386327380036,-1.1193848343462958,1.6938261357079059,1.1581046456274668
1.653918363887003,-0.8392674417426971,0.8101579745265006,-1.0570587063287502,-0.5962425798983697,-0.5723367278181918,1.6938261357079059,1.1581046456274668
1.8059779573881902,0.30605322924987477,0.8101579745265006,1.3097534192788498,-0.5962425798983697,-0.5723367278181918,1.6938261357079059,1.1581046456274668
-1.6370856954601212,-0.2145470757467488,0.8101579745265006,-0.1103338560857102,-1.4270386327380036,-1.1193848343462958,-1.1651700861775494,2.332603284969646
-1.485026101958934,0.7225334732471737,0.8101579745265006,0.8363909941573299,-0.5962425798983697,-0.5723367278181918,-1.1651700861775494,2.332603284969646
-1.3438279079935458,0.7225334732471737,0.8101579745265006,0.1263473564750498,0.23455347294126402,-0.025288621290087743,-1.1651700861775494,2.332603284969646
-1.2134911135639566,1.347253839243122,0.8101579745265006,0.1263473564750498,0.23455347294126402,0.5217594852380163,-1.1651700861775494,2.332603284969646
-1.0831543191343675,0.618413412247849,0.8101579745265006,-1.0570587063287502,1.0653495257808978,0.7952835385020682,-1.1651700861775494,2.332603284969646
-0.9745403237763767,-0.526907258744723,0.8101579745265006,-1.0570587063287502,1.0653495257808978,1.0688075917661204,-1.1651700861775494,2.332603284969646
-0.8442035293467876,-0.8392674417426971,0.8101579745265006,1.7831158444003699,1.0653495257808978,1.0688075917661204,-1.1651700861775494,2.332603284969646
-0.7355895339887967,-1.4639878077386455,0.8101579745265006,-0.8203774937679902,1.0653495257808978,1.0688075917661204,-1.1651700861775494,2.332603284969646
-0.6052527395592077,-1.5681078687379701,0.8101579745265006,0.3630285690358098,1.0653495257808978,1.3423316450301723,-1.1651700861775494,2.332603284969646
-0.5183615432728149,0.618413412247849,0.8101579745265006,-1.0570587063287502,-1.4270386327380036,-1.6664329408743999,0.2643280247651782,2.332603284969646
-0.36630194977162767,-0.8392674417426971,0.8101579745265006,0.5997097815965698,-1.4270386327380036,-1.3929088876103477,0.2643280247651782,2.332603284969646
-0.22510375580623948,-0.7351473807433724,0.8101579745265006,-0.8203774937679902,-0.5962425798983697,-0.8458607810822437,0.2643280247651782,2.332603284969646
-0.06218276276925314,-1.1516276247406712,0.8101579745265006,1.5464346318396098,-0.5962425798983697,-0.29881267455413973,0.2643280247651782,2.332603284969646
0.07901543119613502,0.930773595245823,0.8101579745265006,1.7831158444003699,0.23455347294126402,-0.025288621290087743,0.2643280247651782,2.332603284969646
0.18762942655412593,1.5554939612417713,0.8101579745265006,-0.8203774937679902,0.23455347294126402,0.24823543197396428,0.2643280247651782,2.332603284969646
0.3071048214479159,-1.4639878077386455,0.8101579745265006,1.3097534192788498,0.23455347294126402,0.24823543197396428,0.2643280247651782,2.332603284969646
0.4483030154133041,-0.2145470757467488,0.8101579745265006,-0.3470150686464702,1.0653495257808978,0.7952835385020682,-1.1651700861775494,2.332603284969646
0.556917010771295,-0.2145470757467488,0.8101579745265006,0.8363909941573299,1.0653495257808978,0.7952835385020682,0.2643280247651782,2.332603284969646
0.6655310061292858,-0.42278719774539825,0.8101579745265006,-0.8203774937679902,1.0653495257808978,1.0688075917661204,0.2643280247651782,2.332603284969646
0.7632836019514777,0.618413412247849,-0.6042696724065358,-0.3470150686464702,1.0653495257808978,1.0688075917661204,0.2643280247651782,2.332603284969646
0.8936203963810667,1.0348936562451478,-0.19873100602335153,-1.0570587063287502,1.0653495257808978,1.0688075917661204,0.2643280247651782,2.332603284969646
1.1325711861686467,-0.2145470757467488,0.085840136402012,-0.8203774937679902,-1.4270386327380036,-1.6664329408743999,1.6938261357079059,2.332603284969646
1.2629079805982357,1.0348936562451478,-0.3796865234192713,0.1263473564750498,-1.4270386327380036,-1.3929088876103477,1.6938261357079059,2.332603284969646
1.414967574099423,-0.9433875027420218,0.7625641946086701,-0.5836962812072303,-1.4270386327380036,-1.1193848343462958,1.6938261357079059,2.332603284969646
1.7408095601733957,-2.401068356732568,0.8101579745265006,1.5464346318396098,-0.5962425798983697,-0.5723367278181918,1.6938261357079059,2.332603284969646
-1.6696698940675183,0.618413412247849,0.8101579745265006,2.0197970569611297,-1.4270386327380036,-1.3929088876103477,-1.1651700861775494,2.657464610745142
-1.5393330996379293,-0.2145470757467488,0.8101579745265006,0.5997097815965698,-0.5962425798983697,-0.8458607810822437,-1.1651700861775494,2.657464610745142
-1.4307191042799385,1.1390137172444725,0.8101579745265006,-1.0570587063287502,-0.5962425798983697,-0.29881267455413973,-1.1651700861775494,2.657464610745142
-1.2677981112429522,-0.2145470757467488,0.8101579745265006,1.3097534192788498,0.23455347294126402,0.24823543197396428,-1.1651700861775494,2.657464610745142
-1.148322716349162,-1.5681078687379701,0.8101579745265006,1.0730722067180898,0.23455347294126402,0.5217594852380163,-1.1651700861775494,2.657464610745142
-1.017985921919573,0.930773595245823,0.8101579745265006,-0.8203774937679902,1.0653495257808978,0.7952835385020682,-1.1651700861775494,2.657464610745142
-0.898510527025783,-0.2145470757467488,0.8101579745265006,-1.0570587063287502,1.0653495257808978,1.0688075917661204,-1.1651700861775494,2.657464610745142
-0.8007579312035913,-1.4639878077386455,0.8101579745265006,1.5464346318396098,1.0653495257808978,1.0688075917661204,-1.1651700861775494,2.657464610745142
-0.6812825363098013,1.2431337782437972,0.8101579745265006,-0.3470150686464702,1.0653495257808978,1.0688075917661204,-1.1651700861775494,2.657464610745142
-0.5509457418802122,1.1390137172444725,0.8101579745265006,1.5464346318396098,-1.4270386327380036,-1.6664329408743999,0.2643280247651782,2.657464610745142
-0.4206089474506231,-0.3186671367460735,0.8101579745265006,-1.0570587063287502,-1.4270386327380036,-1.3929088876103477,0.2643280247651782,2.657464610745142
-0.3011335525568331,0.7225334732471737,0.8101579745265006,-1.0570587063287502,-1.4270386327380036,-1.1193848343462958,0.2643280247651782,2.657464610745142
-0.12735115998404767,0.930773595245823,0.8101579745265006,-1.0570587063287502,-0.5962425798983697,-0.5723367278181918,0.2643280247651782,2.657464610745142
0.14418382841092955,-0.006306953748099373,0.8101579745265006,-1.0570587063287502,0.23455347294126402,-0.025288621290087743,0.2643280247651782,2.657464610745142
0.25279782376892046,0.618413412247849,0.8101579745265006,-0.3470150686464702,0.23455347294126402,0.24823543197396428,0.2643280247651782,2.657464610745142
0.37227321866271046,1.1390137172444725,0.8101579745265006,0.3630285690358098,0.23455347294126402,0.5217594852380163,0.2643280247651782,2.657464610745142
0.5134714126280986,-0.42278719774539825,0.8101579745265006,1.5464346318396098,1.0653495257808978,0.7952835385020682,0.2643280247651782,2.657464610745142
0.6003626089144913,0.30605322924987477,0.8101579745265006,-0.3470150686464702,1.0653495257808978,0.7952835385020682,0.2643280247651782,2.657464610745142
0.7198380038082813,0.7225334732471737,-0.9746087723921573,0.3630285690358098,1.0653495257808978,1.0688075917661204,0.2643280247651782,2.657464610745142
0.8393133987020713,-0.2145470757467488,-1.3107398430618378,0.8363909941573299,1.0653495257808978,1.0688075917661204,0.2643280247651782,2.657464610745142
0.9696501931316603,1.347253839243122,-1.5516833538958568,0.3630285690358098,1.0653495257808978,1.0688075917661204,0.2643280247651782,2.657464610745142
1.0891255880254505,0.7225334732471737,0.8101579745265006,0.3630285690358098,1.0653495257808978,1.3423316450301723,0.2643280247651782,2.657464610745142
1.2194623824550395,-0.3186671367460735,0.8101579745265006,-0.1103338560857102,-1.4270386327380036,-1.6664329408743999,1.6938261357079059,2.657464610745142
1.3389377773488293,-0.11042701474742408,0.8101579745265006,0.8363909941573299,-1.4270386327380036,-1.3929088876103477,1.6938261357079059,2.657464610745142
1.4801359713142177,-0.2145470757467488,-0.720775279497059,-1.2937399188895102,-1.4270386327380036,-1.1193848343462958,1.6938261357079059,2.657464610745142
1.6756411629586012,0.09781310725122534,0.8101579745265006,-1.0570587063287502,-0.5962425798983697,-0.5723367278181918,1.6938261357079059,2.657464610745142
-1.6913926931391166,-0.8392674417426971,0.8101579745265006,0.3630285690358098,-1.4270386327380036,-1.6664329408743999,-1.1651700861775494,0.8832219853558931
-1.5827786977811258,-1.4639878077386455,0.8101579745265006,-1.0570587063287502,-1.4270386327380036,-1.1193848343462958,-1.1651700861775494,0.8832219853558931
-1.4415805038157374,-1.4639878077386455,0.8101579745265006,0.3630285690358098,-0.5962425798983697,-0.5723367278181918,-1.1651700861775494,0.8832219853558931
-1.2895209103145502,0.30605322924987477,0.8101579745265006,0.3630285690358098,0.23455347294126402,-0.025288621290087743,-1.1651700861775494,0.8832219853558931
-1.1809069149565594,-0.526907258744723,0.8101579745265006,-0.3470150686464702,0.23455347294126402,0.5217594852380163,-1.1651700861775494,0.8832219853558931
-1.0288473214553722,1.4513739002424466,0.8101579745265006,-0.1103338560857102,1.0653495257808978,0.7952835385020682,-1.1651700861775494,0.8832219853558931
-0.9202333260973812,0.8266535342464983,0.8101579745265006,-1.2937399188895102,1.0653495257808978,1.0688075917661204,-1.1651700861775494,0.8832219853558931
-0.8224807302751894,0.618413412247849,0.8101579745265006,-0.3470150686464702,1.0653495257808978,1.0688075917661204,-1.1651700861775494,0.8832219853558931
-0.7030053353813994,0.30605322924987477,0.8101579745265006,0.3630285690358098,1.0653495257808978,1.0688075917661204,-1.1651700861775494,0.8832219853558931
-0.5726685409518104,-0.7351473807433724,0.8101579745265006,-0.8203774937679902,1.0653495257808978,1.3423316450301723,-1.1651700861775494,0.8832219853558931
-0.4640545455938195,0.8266535342464983,0.8101579745265006,-1.2937399188895102,-1.4270386327380036,-1.3929088876103477,0.2643280247651782,0.8832219853558931
-0.3228563516284313,-1.0475075637413465,0.8101579745265006,1.5464346318396098,-1.4270386327380036,-1.1193848343462958,0.2643280247651782,0.8832219853558931
-0.14907395905564585,0.30605322924987477,0.8101579745265006,-0.1103338560857102,-0.5962425798983697,-0.5723367278181918,0.2643280247651782,0.8832219853558931
-0.007875765090257694,0.618413412247849,0.8101579745265006,-0.8203774937679902,-0.5962425798983697,-0.29881267455413973,0.2643280247651782,0.8832219853558931
0.12246102933933138,-0.7351473807433724,0.8101579745265006,-0.1103338560857102,0.23455347294126402,-0.025288621290087743,0.2643280247651782,0.8832219853558931
0.24193642423312137,-1.0475075637413465,0.8101579745265006,1.5464346318396098,0.23455347294126402,0.24823543197396428,0.2643280247651782,0.8832219853558931
0.35055041959111227,0.618413412247849,0.8101579745265006,0.3630285690358098,0.23455347294126402,0.5217594852380163,0.2643280247651782,0.8832219853558931
0.49174861355650046,0.41017329024919946,0.8101579745265006,-0.8203774937679902,1.0653495257808978,0.7952835385020682,0.2643280247651782,0.8832219853558931
0.5895012093786922,-1.4639878077386455,0.8101579745265006,1.0730722067180898,1.0653495257808978,0.7952835385020682,0.2643280247651782,0.8832219853558931
0.6872538052008841,-0.8392674417426971,0.8101579745265006,0.5997097815965698,1.0653495257808978,1.0688075917661204,0.2643280247651782,0.8832219853558931
0.8067292000946741,-0.2145470757467488,0.770992259802452,-0.1103338560857102,1.0653495257808978,1.0688075917661204,0.2643280247651782,0.8832219853558931
0.9587887935958613,-0.6310273197440477,0.8101579745265006,-0.8203774937679902,1.0653495257808978,1.0688075917661204,0.2643280247651782,0.8832219853558931
1.0674027889538522,1.4513739002424466,0.8101579745265006,0.3630285690358098,1.0653495257808978,1.3423316450301723,0.2643280247651782,0.8832219853558931
1.2086009829192403,1.4513739002424466,0.8101579745265006,0.3630285690358098,-1.4270386327380036,-1.6664329408743999,1.6938261357079059,0.8832219853558931
1.3280763778130305,-1.5681078687379701,0.8101579745265006,-1.2937399188895102,-1.4270386327380036,-1.3929088876103477,1.6938261357079059,0.8832219853558931
1.4366903731710212,0.41017329024919946,-1.0142702556570162,0.5997097815965698,-1.4270386327380036,-1.1193848343462958,1.6938261357079059,0.8832219853558931
1.653918363887003,0.5142933512485242,0.8101579745265006,-0.1103338560857102,-0.5962425798983697,-0.5723367278181918,1.6938261357079059,0.8832219853558931
1.795116557852391,1.4513739002424466,0.8101579745265006,-0.8203774937679902,-0.5962425798983697,-0.5723367278181918,1.6938261357079059,0.8832219853558931
-1.6479470949959203,-1.4639878077386455,0.8101579745265006,-1.2937399188895102,-1.4270386327380036,-1.3929088876103477,-1.1651700861775494,1.2330726438833506
-1.495887501494733,1.5554939612417713,0.8101579745265006,-0.5836962812072303,-0.5962425798983697,-0.5723367278181918,-1.1651700861775494,1.2330726438833506
-1.354689307529345,-1.5681078687379701,0.8101579745265006,-1.2937399188895102,0.23455347294126402,-0.025288621290087743,-1.1651700861775494,1.2330726438833506
-1.2352139126355548,1.4513739002424466,0.8101579745265006,-0.3470150686464702,0.23455347294126402,0.24823543197396428,-1.1651700861775494,1.2330726438833506
-1.0831543191343675,0.30605322924987477,0.8101579745265006,1.5464346318396098,1.0653495257808978,0.7952835385020682,-1.1651700861775494,1.2330726438833506
-0.9745403237763767,-0.006306953748099373,0.8101579745265006,1.5464346318396098,1.0653495257808978,1.0688075917661204,-1.1651700861775494,1.2330726438833506
-0.8550649288825867,0.5142933512485242,0.8101579745265006,0.3630285690358098,1.0653495257808978,1.0688075917661204,-1.1651700861775494,1.2330726438833506
-0.7573123330603949,-0.7351473807433724,0.8101579745265006,-1.2937399188895102,1.0653495257808978,1.0688075917661204,-1.1651700861775494,1.2330726438833506
-0.6269755386308058,-1.0475075637413465,0.8101579745265006,-1.2937399188895102,1.0653495257808978,1.3423316450301723,-1.1651700861775494,1.2330726438833506
-0.5183615432728149,0.09781310725122534,0.8101579745265006,1.5464346318396098,-1.4270386327380036,-1.6664329408743999,0.2643280247651782,1.2330726438833506
-0.37716334930742673,0.8266535342464983,0.8101579745265006,-0.1103338560857102,-1.4270386327380036,-1.3929088876103477,0.2643280247651782,1.2330726438833506
-0.23596515534203857,-0.3186671367460735,0.8101579745265006,-0.1103338560857102,-0.5962425798983697,-0.8458607810822437,0.2643280247651782,1.2330726438833506
-0.08390556184085132,1.1390137172444725,0.8101579745265006,-1.2937399188895102,-0.5962425798983697,-0.5723367278181918,0.2643280247651782,1.2330726438833506
0.046431232588737756,1.347253839243122,0.8101579745265006,-1.2937399188895102,-0.5962425798983697,-0.29881267455413973,0.2643280247651782,1.2330726438833506
0.18762942655412593,0.8266535342464983,0.8101579745265006,1.7831158444003699,0.23455347294126402,0.24823543197396428,0.2643280247651782,1.2330726438833506
0.2853820223763177,1.4513739002424466,0.8101579745265006,-0.3470150686464702,0.23455347294126402,0.24823543197396428,0.2643280247651782,1.2330726438833506
0.43744161587750496,-1.1516276247406712,0.8101579745265006,0.3630285690358098,0.23455347294126402,0.5217594852380163,0.2643280247651782,1.2330726438833506
0.5460556112354958,-0.9433875027420218,0.8101579745265006,-0.5836962812072303,1.0653495257808978,0.7952835385020682,0.2643280247651782,1.2330726438833506
0.6546696065934868,-0.526907258744723,0.8101579745265006,0.5997097815965698,1.0653495257808978,1.0688075917661204,0.2643280247651782,1.2330726438833506
0.7632836019514777,-1.1516276247406712,0.8101579745265006,-0.1103338560857102,1.0653495257808978,1.0688075917661204,0.2643280247651782,1.2330726438833506
0.8936203963810667,2.0760942662383948,0.8101579745265006,0.3630285690358098,1.0653495257808978,1.0688075917661204,0.2643280247651782,1.2330726438833506
1.1217097866328476,-1.3598677467393208,0.8101579745265006,-1.2937399188895102,-1.4270386327380036,-1.6664329408743999,1.6938261357079059,1.2330726438833506
1.2629079805982357,1.4513739002424466,-0.23492210950253561,1.5464346318396098,-1.4270386327380036,-1.3929088876103477,1.6938261357079059,1.2330726438833506
1.404106174563624,0.930773595245823,0.8101579745265006,-0.1103338560857102,-1.4270386327380036,-1.1193848343462958,1.6938261357079059,1.2330726438833506
1.5670271676006102,3.221414937230967,0.8101579745265006,-0.1103338560857102,-0.5962425798983697,-0.8458607810822437,1.6938261357079059,1.2330726438833506
1.7190867611017975,-1.4639878077386455,0.8101579745265006,-1.2937399188895102,-0.5962425798983697,-0.5723367278181918,1.6938261357079059,1.2330726438833506
-1.6805312936033174,-0.11042701474742408,0.8101579745265006,-1.2937399188895102,-1.4270386327380036,-1.6664329408743999,-1.1651700861775494,1.2580619766353118
-1.5393330996379293,0.8266535342464983,0.8101579745265006,0.8363909941573299,-0.5962425798983697,-0.8458607810822437,-1.1651700861775494,1.2580619766353118
-1.4307191042799385,1.1390137172444725,0.8101579745265006,-0.8203774937679902,-0.5962425798983697,-0.29881267455413973,-1.1651700861775494,1.2580619766353118
-1.2677981112429522,-0.2145470757467488,0.8101579745265006,1.5464346318396098,0.23455347294126402,0.24823543197396428,-1.1651700861775494,1.2580619766353118
-1.148322716349162,0.7225334732471737,0.8101579745265006,1.3097534192788498,0.23455347294126402,0.5217594852380163,-1.1651700861775494,1.2580619766353118
-1.017985921919573,-0.11042701474742408,0.8101579745265006,-0.5836962812072303,1.0653495257808978,0.7952835385020682,-1.1651700861775494,1.2580619766353118
-0.898510527025783,1.2431337782437972,0.8101579745265006,-0.8203774937679902,1.0653495257808978,1.0688075917661204,-1.1651700861775494,1.2580619766353118
-0.8007579312035913,-0.2145470757467488,0.8101579745265006,1.7831158444003699,1.0653495257808978,1.0688075917661204,-1.1651700861775494,1.2580619766353118
-0.6812825363098013,-1.1516276247406712,0.8101579745265006,-0.1103338560857102,1.0653495257808978,1.0688075917661204,-1.1651700861775494,1.2580619766353118
-0.5509457418802122,-0.9433875027420218,0.8101579745265006,1.7831158444003699,-1.4270386327380036,-1.6664329408743999,0.2643280247651782,1.2580619766353118
-0.4206089474506231,-0.526907258744723,0.8101579745265006,-0.8203774937679902,-1.4270386327380036,-1.3929088876103477,0.2643280247651782,1.2580619766353118
-0.3119949520926322,0.8266535342464983,0.8101579745265006,-1.2937399188895102,-1.4270386327380036,-1.1193848343462958,0.2643280247651782,1.2580619766353118
-0.12735115998404767,-1.0475075637413465,0.8101579745265006,-0.8203774937679902,-0.5962425798983697,-0.5723367278181918,0.2643280247651782,1.2580619766353118
0.14418382841092955,-0.8392674417426971,0.8101579745265006,-0.8203774937679902,0.23455347294126402,-0.025288621290087743,0.2643280247651782,1.2580619766353118
0.25279782376892046,-0.8392674417426971,0.8101579745265006,-0.1103338560857102,0.23455347294126402,0.24823543197396428,0.2643280247651782,1.2580619766353118
0.37227321866271046,-1.1516276247406712,0.8101579745265006,0.5997097815965698,0.23455347294126402,0.5217594852380163,0.2643280247651782,1.2580619766353118
0.5134714126280986,-0.11042701474742408,0.8101579745265006,1.7831158444003699,1.0653495257808978,0.7952835385020682,0.2643280247651782,1.2580619766353118
0.6003626089144913,1.1390137172444725,0.8101579745265006,-0.1103338560857102,1.0653495257808978,0.7952835385020682,0.2643280247651782,1.2580619766353118
0.7089766042724822,-0.8392674417426971,-1.4540169513561412,-1.2937399188895102,1.0653495257808978,1.0688075917661204,0.2643280247651782,1.2580619766353118
0.8393133987020713,-0.2145470757467488,0.8101579745265006,1.0730722067180898,1.0653495257808978,1.0688075917661204,0.2643280247651782,1.2580619766353118
0.9696501931316603,1.2431337782437972,0.8101579745265006,-0.5836962812072303,1.0653495257808978,1.0688075917661204,0.2643280247651782,1.2580619766353118
1.0782641884896513,1.4513739002424466,-1.4039443287342566,-0.3470150686464702,1.0653495257808978,1.3423316450301723,0.2643280247651782,1.2580619766353118
1.2303237819908386,0.5142933512485242,0.8101579745265006,-0.5836962812072303,-1.4270386327380036,-1.6664329408743999,1.6938261357079059,1.2580619766353118
1.3389377773488293,0.20193316825055005,0.8101579745265006,1.0730722067180898,-1.4270386327380036,-1.3929088876103477,1.6938261357079059,1.2580619766353118
1.6756411629586012,1.2431337782437972,0.8101579745265006,-0.8203774937679902,-0.5962425798983697,-0.5723367278181918,1.6938261357079059,1.2580619766353118
-1.6370856954601212,1.0348936562451478,0.8101579745265006,-0.5836962812072303,-1.4270386327380036,-1.1193848343462958,-1.1651700861775494,0.4084246630686293
-1.485026101958934,0.20193316825055005,0.801234140791907,0.3630285690358098,-0.5962425798983697,-0.5723367278181918,-1.1651700861775494,0.4084246630686293
-1.3438279079935458,1.347253839243122,0.8101579745265006,-0.3470150686464702,0.23455347294126402,-0.025288621290087743,-1.1651700861775494,0.4084246630686293
-1.2134911135639566,-0.42278719774539825,0.8101579745265006,-0.3470150686464702,0.23455347294126402,0.5217594852380163,-1.1651700861775494,0.4084246630686293
-1.0722929195985684,1.1390137172444725,0.8101579745265006,-0.1103338560857102,1.0653495257808978,0.7952835385020682,-1.1651700861775494,0.4084246630686293
-0.9636789242405776,1.2431337782437972,0.8101579745265006,-0.5836962812072303,1.0653495257808978,1.0688075917661204,-1.1651700861775494,0.4084246630686293
-0.8442035293467876,-0.7351473807433724,0.8101579745265006,1.3097534192788498,1.0653495257808978,1.0688075917661204,-1.1651700861775494,0.4084246630686293
-0.7355895339887967,0.5142933512485242,0.8101579745265006,-1.2937399188895102,1.0653495257808978,1.0688075917661204,-1.1651700861775494,0.4084246630686293
-0.6052527395592077,-1.5681078687379701,0.8101579745265006,-0.1103338560857102,1.0653495257808978,1.3423316450301723,-1.1651700861775494,0.4084246630686293
-0.5075001437370158,0.41017329024919946,0.8101579745265006,2.2564782695218897,-1.4270386327380036,-1.6664329408743999,0.2643280247651782,0.4084246630686293
-0.36630194977162767,-1.0475075637413465,0.801234140791907,0.1263473564750498,-1.4270386327380036,-1.3929088876103477,0.2643280247651782,0.4084246630686293
-0.22510375580623948,-0.6310273197440477,0.8101579745265006,-1.2937399188895102,-0.5962425798983697,-0.8458607810822437,0.2643280247651782,0.4084246630686293
-0.06218276276925314,-1.3598677467393208,0.8101579745265006,1.0730722067180898,-0.5962425798983697,-0.29881267455413973,0.2643280247651782,0.4084246630686293
0.07901543119613502,-1.3598677467393208,0.8101579745265006,1.3097534192788498,0.23455347294126402,-0.025288621290087743,0.2643280247651782,0.4084246630686293
0.18762942655412593,1.2431337782437972,0.8101579745265006,-1.2937399188895102,0.23455347294126402,0.24823543197396428,0.2643280247651782,0.4084246630686293
0.3071048214479159,1.0348936562451478,0.8101579745265006,0.8363909941573299,0.23455347294126402,0.24823543197396428,0.2643280247651782,0.4084246630686293
0.4483030154133041,-0.6310273197440477,0.8101579745265006,-0.8203774937679902,1.0653495257808978,0.7952835385020682,-1.1651700861775494,0.4084246630686293
0.556917010771295,-1.1516276247406712,0.8101579745265006,0.3630285690358098,1.0653495257808978,0.7952835385020682,0.2643280247651782,0.4084246630686293
0.6655310061292858,-0.006306953748099373,0.8101579745265006,-1.2937399188895102,1.0653495257808978,1.0688075917661204,0.2643280247651782,0.4084246630686293
0.7632836019514777,1.1390137172444725,-0.0014151267806781851,1.5464346318396098,1.0653495257808978,1.0688075917661204,0.2643280247651782,0.4084246630686293
0.8936203963810667,0.930773595245823,0.6083801784165305,-1.2937399188895102,1.0653495257808978,1.0688075917661204,0.2643280247651782,0.4084246630686293
1.1325711861686467,-0.11042701474742408,0.6480416616813894,-0.5836962812072303,-1.4270386327380036,-1.6664329408743999,1.6938261357079059,0.4084246630686293
1.2737693801340348,-0.006306953748099373,0.8101579745265006,-1.2937399188895102,-1.4270386327380036,-1.3929088876103477,1.6938261357079059,0.4084246630686293
1.414967574099423,-1.0475075637413465,-0.5591547351927588,-0.1103338560857102,-1.4270386327380036,-1.1193848343462958,1.6938261357079059,0.4084246630686293
1.7408095601733957,-2.6093084787312173,0.8101579745265006,1.0730722067180898,-0.5962425798983697,-0.5723367278181918,1.6938261357079059,0.4084246630686293
-1.6696698940675183,-0.6310273197440477,0.8101579745265006,1.7831158444003699,-1.4270386327380036,-1.3929088876103477,-1.1651700861775494,1.8078272971784595
-1.5393330996379293,0.41017329024919946,0.8101579745265006,0.3630285690358098,-0.5962425798983697,-0.8458607810822437,-1.1651700861775494,1.8078272971784595
-1.4307191042799385,0.7225334732471737,0.8101579745265006,-1.2937399188895102,-0.5962425798983697,-0.29881267455413973,-1.1651700861775494,1.8078272971784595
-1.2677981112429522,1.1390137172444725,0.8101579745265006,1.0730722067180898,0.23455347294126402,0.24823543197396428,-1.1651700861775494,1.8078272971784595
-1.148322716349162,1.4513739002424466,0.8101579745265006,0.8363909941573299,0.23455347294126402,0.5217594852380163,-1.1651700861775494,1.8078272971784595
-1.017985921919573,-0.8392674417426971,0.8101579745265006,-1.0570587063287502,1.0653495257808978,0.7952835385020682,-1.1651700861775494,1.8078272971784595
-0.898510527025783,1.5554939612417713,0.8101579745265006,-1.2937399188895102,1.0653495257808978,1.0688075917661204,-1.1651700861775494,1.8078272971784595
-0.8007579312035913,0.8266535342464983,0.8101579745265006,1.3097534192788498,1.0653495257808978,1.0688075917661204,-1.1651700861775494,1.8078272971784595
-0.6812825363098013,0.30605322924987477,0.8101579745265006,-0.5836962812072303,1.0653495257808978,1.0688075917661204,-1.1651700861775494,1.8078272971784595
-0.5509457418802122,-1.5681078687379701,0.8101579745265006,1.3097534192788498,-1.4270386327380036,-1.6664329408743999,0.2643280247651782,1.8078272971784595
-0.4206089474506231,-0.8392674417426971,0.8101579745265006,-1.2937399188895102,-1.4270386327380036,-1.3929088876103477,0.2643280247651782,1.8078272971784595
-0.3011335525568331,1.4513739002424466,0.8101579745265006,-1.2937399188895102,-1.4270386327380036,-1.1193848343462958,0.2643280247651782,1.8078272971784595
-0.12735115998404767,-0.8392674417426971,0.8101579745265006,-1.2937399188895102,-0.5962425798983697,-0.5723367278181918,0.2643280247651782,1.8078272971784595
0.14418382841092955,0.41017329024919946,0.8101579745265006,-1.2937399188895102,0.23455347294126402,-0.025288621290087743,0.2643280247651782,1.8078272971784595
0.25279782376892046,-1.1516276247406712,0.8101579745265006,-0.5836962812072303,0.23455347294126402,0.24823543197396428,0.2643280247651782,1.8078272971784595
0.37227321866271046,1.0348936562451478,0.8101579745265006,0.1263473564750498,0.23455347294126402,0.5217594852380163,0.2643280247651782,1.8078272971784595
0.5134714126280986,-1.5681078687379701,0.8101579745265006,1.3097534192788498,1.0653495257808978,0.7952835385020682,0.2643280247651782,1.8078272971784595
0.6003626089144913,0.09781310725122534,0.8101579745265006,-0.5836962812072303,1.0653495257808978,0.7952835385020682,0.2643280247651782,1.8078272971784595
0.7198380038082813,-1.1516276247406712,0.8101579745265006,-1.2937399188895102,1.0653495257808978,1.0688075917661204,0.2643280247651782,1.8078272971784595
0.8393133987020713,1.4513739002424466,-1.0053464219224229,-1.2937399188895102,1.0653495257808978,1.0688075917661204,0.2643280247651782,1.8078272971784595
0.9805115926674595,-0.9433875027420218,0.8101579745265006,0.8363909941573299,1.0653495257808978,1.3423316450301723,0.2643280247651782,1.8078272971784595
1.0891255880254505,1.4513739002424466,-1.069300563687008,-0.3470150686464702,1.0653495257808978,1.3423316450301723,0.2643280247651782,1.8078272971784595
1.2303237819908386,-0.11042701474742408,0.8101579745265006,-1.2937399188895102,-1.4270386327380036,-1.6664329408743999,1.6938261357079059,1.8078272971784595
1.3389377773488293,-0.11042701474742408,0.579625603049507,1.3097534192788498,-1.4270386327380036,-1.3929088876103477,1.6938261357079059,1.8078272971784595
1.4909973708500166,-0.2145470757467488,0.8101579745265006,-0.8203774937679902,-1.4270386327380036,-1.1193848343462958,1.6938261357079059,1.8078272971784595
1.6756411629586012,-1.3598677467393208,0.8101579745265006,-1.2937399188895102,-0.5962425798983697,-0.5723367278181918,1.6938261357079059,1.8078272971784595
-1.6370856954601212,0.41017329024919946,0.28365178418549636,0.1263473564750498,-1.4270386327380036,-1.1193848343462958,-1.1651700861775494,-0.5411699815058982
-1.485026101958934,-0.3186671367460735,-0.982541069045129,1.0730722067180898,-0.5962425798983697,-0.5723367278181918,-1.1651700861775494,-0.5411699815058982
-1.3438279079935458,-1.1516276247406712,-0.42876760895953414,0.3630285690358098,0.23455347294126402,-0.025288621290087743,-1.1651700861775494,-0.5411699815058982
-1.2134911135639566,-1.4639878077386455,-0.982541069045129,0.3630285690358098,0.23455347294126402,0.5217594852380163,-1.1651700861775494,-0.5411699815058982
-1.0831543191343675,-1.1516276247406712,-0.5075948069484417,-0.8203774937679902,1.0653495257808978,0.7952835385020682,-1.1651700861775494,-0.5411699815058982
-0.9745403237763767,0.09781310725122534,-0.982541069045129,-0.8203774937679902,1.0653495257808978,1.0688075917661204,-1.1651700861775494,-0.5411699815058982
-0.8442035293467876,-1.5681078687379701,-0.11197151138147232,2.0197970569611297,1.0653495257808978,1.0688075917661204,-1.1651700861775494,-0.5411699815058982
-0.7355895339887967,-0.526907258744723,-0.94287958578027,-0.5836962812072303,1.0653495257808978,1.0688075917661204,-1.1651700861775494,-0.5411699815058982
-0.6052527395592077,0.930773595245823,-0.03314431339256547,0.5997097815965698,1.0653495257808978,1.3423316450301723,-1.1651700861775494,-0.5411699815058982
-0.5183615432728149,-0.7351473807433724,0.44180194870412176,-0.8203774937679902,-1.4270386327380036,-1.6664329408743999,0.2643280247651782,-0.5411699815058982
-0.36630194977162767,0.20193316825055005,-0.30978315916495736,0.8363909941573299,-1.4270386327380036,-1.3929088876103477,0.2643280247651782,-0.5411699815058982
-0.22510375580623948,-1.5681078687379701,-0.4684290922243938,-0.5836962812072303,-0.5962425798983697,-0.8458607810822437,0.2643280247651782,-0.5411699815058982
-0.06218276276925314,-1.0475075637413465,0.322817498909545,1.7831158444003699,-0.5962425798983697,-0.29881267455413973,0.2643280247651782,-0.5411699815058982
0.07901543119613502,-0.006306953748099373,-0.34944464242981627,2.0197970569611297,0.23455347294126402,-0.025288621290087743,0.2643280247651782,-0.5411699815058982
0.18762942655412593,0.30605322924987477,0.006517169872294163,-0.5836962812072303,0.23455347294126402,0.24823543197396428,0.2643280247651782,-0.5411699815058982
0.3071048214479159,0.618413412247849,-0.705406454731926,1.5464346318396098,0.23455347294126402,0.24823543197396428,0.2643280247651782,-0.5411699815058982
0.4483030154133041,-1.3598677467393208,-0.34944464242981627,-0.1103338560857102,1.0653495257808978,0.7952835385020682,-1.1651700861775494,-0.5411699815058982
0.556917010771295,1.4513739002424466,-0.11197151138147232,1.0730722067180898,1.0653495257808978,0.7952835385020682,0.2643280247651782,-0.5411699815058982
0.6655310061292858,0.30605322924987477,-0.5075948069484417,-0.5836962812072303,1.0653495257808978,1.0688075917661204,0.2643280247651782,-0.5411699815058982
0.7632836019514777,-0.2145470757467488,0.8101579745265006,1.7831158444003699,1.0653495257808978,1.0688075917661204,0.2643280247651782,-0.5411699815058982
0.8936203963810667,0.09781310725122534,0.4908830342443853,0.8363909941573299,1.0653495257808978,1.0688075917661204,0.2643280247651782,-0.5411699815058982
1.1325711861686467,-0.11042701474742408,-0.10106460348363613,-0.3470150686464702,-1.4270386327380036,-1.6664329408743999,1.6938261357079059,-0.5411699815058982
1.284630779669834,-1.1516276247406712,-0.7847294212616446,-0.3470150686464702,-1.4270386327380036,-1.3929088876103477,1.6938261357079059,-0.5411699815058982
1.414967574099423,0.09781310725122534,-0.6642576658446349,0.1263473564750498,-1.4270386327380036,-1.1193848343462958,1.6938261357079059,-0.5411699815058982
1.7408095601733957,-0.11042701474742408,0.322817498909545,1.7831158444003699,-0.5962425798983697,-0.5723367278181918,1.6938261357079059,-0.5411699815058982
-1.6805312936033174,0.618413412247849,0.8101579745265006,0.5997097815965698,-1.4270386327380036,-1.6664329408743999,-1.1651700861775494,0.43341399582059054
-1.5610558987095275,1.1390137172444725,0.8101579745265006,-0.3470150686464702,-0.5962425798983697,-0.8458607810822437,-1.1651700861775494,0.43341399582059054
-1.4307191042799385,-1.1516276247406712,0.8101579745265006,1.0730722067180898,-0.5962425798983697,-0.29881267455413973,-1.1651700861775494,0.43341399582059054
-1.2786595107787513,-1.4639878077386455,0.8101579745265006,-0.3470150686464702,0.23455347294126402,0.24823543197396428,-1.1651700861775494,0.43341399582059054
-1.1700455154207603,-1.1516276247406712,0.8101579745265006,-0.8203774937679902,0.23455347294126402,0.5217594852380163,-1.1651700861775494,0.43341399582059054
-1.017985921919573,1.347253839243122,0.8101579745265006,1.3097534192788498,1.0653495257808978,0.7952835385020682,-1.1651700861775494,0.43341399582059054
-0.9093719265615822,-0.9433875027420218,0.8101579745265006,-1.2937399188895102,1.0653495257808978,1.0688075917661204,-1.1651700861775494,0.43341399582059054
-0.8116193307393903,0.20193316825055005,0.8101579745265006,-0.1103338560857102,1.0653495257808978,1.0688075917661204,-1.1651700861775494,0.43341399582059054
-0.6921439358456003,1.4513739002424466,0.8101579745265006,-0.1103338560857102,1.0653495257808978,1.0688075917661204,-1.1651700861775494,0.43341399582059054
-0.5618071414160113,-0.11042701474742408,0.7873526216492069,0.1263473564750498,1.0653495257808978,1.3423316450301723,-1.1651700861775494,0.43341399582059054
-0.43147034698642217,1.347253839243122,0.8101579745265006,-1.0570587063287502,-1.4270386327380036,-1.3929088876103477,0.2643280247651782,0.43341399582059054
-0.3228563516284313,0.09781310725122534,0.8101579745265006,-1.2937399188895102,-1.4270386327380036,-1.1193848343462958,0.2643280247651782,0.43341399582059054
-0.13821255951984676,1.1390137172444725,0.8101579745265006,-0.3470150686464702,-0.5962425798983697,-0.5723367278181918,0.2643280247651782,0.43341399582059054
0.0029856344455413955,1.1390137172444725,0.8101579745265006,-0.5836962812072303,-0.5962425798983697,-0.29881267455413973,0.2643280247651782,0.43341399582059054
0.13332242887513046,-0.42278719774539825,0.6698554774770618,-0.3470150686464702,0.23455347294126402,-0.025288621290087743,0.2643280247651782,0.43341399582059054
0.24193642423312137,0.618413412247849,0.8101579745265006,-1.2937399188895102,0.23455347294126402,0.24823543197396428,0.2643280247651782,0.43341399582059054
0.36141181912691134,-1.4639878077386455,0.8101579745265006,0.3630285690358098,0.23455347294126402,0.5217594852380163,0.2643280247651782,0.43341399582059054
0.5026100130922995,0.30605322924987477,0.8101579745265006,-0.3470150686464702,1.0653495257808978,0.7952835385020682,0.2643280247651782,0.43341399582059054
0.6003626089144913,1.0348936562451478,0.8101579745265006,1.7831158444003699,1.0653495257808978,0.7952835385020682,0.2643280247651782,0.43341399582059054
0.7089766042724822,-0.9433875027420218,-1.253230692327792,0.1263473564750498,1.0653495257808978,1.0688075917661204,0.2643280247651782,0.43341399582059054
0.8393133987020713,0.30605322924987477,0.8101579745265006,-0.8203774937679902,1.0653495257808978,1.0688075917661204,0.2643280247651782,0.43341399582059054
0.9805115926674595,1.347253839243122,0.8101579745265006,0.5997097815965698,1.0653495257808978,1.3423316450301723,0.2643280247651782,0.43341399582059054
1.0782641884896513,0.7225334732471737,-0.9666764757391856,0.5997097815965698,1.0653495257808978,1.3423316450301723,0.2643280247651782,0.43341399582059054
1.2194623824550395,1.4513739002424466,-2.377137974345736,-0.5836962812072303,-1.4270386327380036,-1.6664329408743999,1.6938261357079059,0.43341399582059054
1.3389377773488293,-0.3186671367460735,-0.8467004888629869,1.5464346318396098,-1.4270386327380036,-1.3929088876103477,1.6938261357079059,0.43341399582059054
1.664779763422802,1.9719742052390703,0.8101579745265006,-0.3470150686464702,-0.5962425798983697,-0.5723367278181918,1.6938261357079059,0.43341399582059054
1.8059779573881902,-0.2145470757467488,0.8101579745265006,-0.5836962812072303,-0.5962425798983697,-0.5723367278181918,1.6938261357079059,0.43341399582059054
-1.6370856954601212,0.09781310725122534,0.8101579745265006,-0.8203774937679902,-1.4270386327380036,-1.1193848343462958,-1.1651700861775494,0.3584459975647068
-1.485026101958934,-1.5681078687379701,0.8101579745265006,0.1263473564750498,-0.5962425798983697,-0.5723367278181918,-1.1651700861775494,0.3584459975647068
-1.3438279079935458,-0.6310273197440477,0.7055508124154349,-0.5836962812072303,0.23455347294126402,-0.025288621290087743,-1.1651700861775494,0.3584459975647068
-1.2134911135639566,-0.2145470757467488,0.7055508124154349,-0.5836962812072303,0.23455347294126402,0.5217594852380163,-1.1651700861775494,0.3584459975647068
-1.0722929195985684,1.5554939612417713,0.8101579745265006,-0.3470150686464702,1.0653495257808978,0.7952835385020682,-1.1651700861775494,0.3584459975647068
-0.9636789242405776,0.618413412247849,0.8101579745265006,-0.8203774937679902,1.0653495257808978,1.0688075917661204,-1.1651700861775494,0.3584459975647068
-0.8442035293467876,0.09781310725122534,0.8101579745265006,1.0730722067180898,1.0653495257808978,1.0688075917661204,-1.1651700861775494,0.3584459975647068
-0.7247281344529977,-0.8392674417426971,0.8101579745265006,2.2564782695218897,1.0653495257808978,1.0688075917661204,-1.1651700861775494,0.3584459975647068
-0.6052527395592077,1.2431337782437972,0.8101579745265006,-0.3470150686464702,1.0653495257808978,1.3423316450301723,-1.1651700861775494,0.3584459975647068
-0.5075001437370158,-0.2145470757467488,0.8101579745265006,2.0197970569611297,-1.4270386327380036,-1.6664329408743999,0.2643280247651782,0.3584459975647068
-0.36630194977162767,-1.4639878077386455,0.8101579745265006,-0.1103338560857102,-1.4270386327380036,-1.3929088876103477,0.2643280247651782,0.3584459975647068
-0.2142423562704404,-1.4639878077386455,0.47700151510168454,-0.3470150686464702,-0.5962425798983697,-0.8458607810822437,0.2643280247651782,0.3584459975647068
-0.06218276276925314,0.618413412247849,0.8101579745265006,0.8363909941573299,-0.5962425798983697,-0.29881267455413973,0.2643280247651782,0.3584459975647068
0.07901543119613502,0.5142933512485242,0.8101579745265006,1.0730722067180898,0.23455347294126402,-0.025288621290087743,0.2643280247651782,0.3584459975647068
0.19849082608992502,-0.7351473807433724,0.8101579745265006,-1.2937399188895102,0.23455347294126402,0.24823543197396428,0.2643280247651782,0.3584459975647068
0.3071048214479159,-1.255747685739996,0.8101579745265006,0.5997097815965698,0.23455347294126402,0.24823543197396428,0.2643280247651782,0.3584459975647068
0.4483030154133041,-1.255747685739996,0.8101579745265006,-1.0570587063287502,1.0653495257808978,0.7952835385020682,-1.1651700861775494,0.3584459975647068
0.556917010771295,-1.0475075637413465,0.8101579745265006,0.1263473564750498,1.0653495257808978,0.7952835385020682,0.2643280247651782,0.3584459975647068
0.676392405665085,-1.1516276247406712,0.8101579745265006,2.0197970569611297,1.0653495257808978,1.0688075917661204,0.2643280247651782,0.3584459975647068
0.7632836019514777,0.41017329024919946,-0.9379219003721628,2.0197970569611297,1.0653495257808978,1.0688075917661204,0.2643280247651782,0.3584459975647068
0.8936203963810667,2.0760942662383948,-0.4193480066841302,0.1263473564750498,1.0653495257808978,1.0688075917661204,0.2643280247651782,0.3584459975647068
1.1325711861686467,1.1390137172444725,0.23754530989009803,-0.1103338560857102,-1.4270386327380036,-1.6664329408743999,1.6938261357079059,0.3584459975647068
1.284630779669834,1.5554939612417713,0.8101579745265006,-1.2937399188895102,-1.4270386327380036,-1.3929088876103477,1.6938261357079059,0.3584459975647068
1.414967574099423,1.2431337782437972,0.8101579745265006,0.3630285690358098,-1.4270386327380036,-1.1193848343462958,1.6938261357079059,0.3584459975647068
1.5887499666722085,3.3255349982302915,0.47700151510168454,-0.3470150686464702,-0.5962425798983697,-0.8458607810822437,1.6938261357079059,0.3584459975647068
1.7408095601733957,-0.3186671367460735,0.8101579745265006,0.8363909941573299,-0.5962425798983697,-0.5723367278181918,1.6938261357079059,0.3584459975647068
-1.6913926931391166,-0.006306953748099373,0.8101579745265006,0.8363909941573299,-1.4270386327380036,-1.6664329408743999,-1.1651700861775494,0.38343533031666804
-1.5827786977811258,1.4513739002424466,0.8101579745265006,-0.5836962812072303,-1.4270386327380036,-1.1193848343462958,-1.1651700861775494,0.38343533031666804
-1.4415805038157374,0.30605322924987477,0.8101579745265006,0.8363909941573299,-0.5962425798983697,-0.5723367278181918,-1.1651700861775494,0.38343533031666804
-1.2895209103145502,-0.3186671367460735,0.8101579745265006,0.8363909941573299,0.23455347294126402,-0.025288621290087743,-1.1651700861775494,0.38343533031666804
-1.1809069149565594,-0.11042701474742408,0.8101579745265006,0.1263473564750498,0.23455347294126402,0.5217594852380163,-1.1651700861775494,0.38343533031666804
-1.0288473214553722,0.09781310725122534,0.7690091856392095,0.3630285690358098,1.0653495257808978,0.7952835385020682,-1.1651700861775494,0.38343533031666804
-0.9202333260973812,1.347253839243122,0.4799761263465491,-0.8203774937679902,1.0653495257808978,1.0688075917661204,-1.1651700861775494,0.38343533031666804
-0.8224807302751894,-1.4639878077386455,0.6534951156303075,0.1263473564750498,1.0653495257808978,1.0688075917661204,-1.1651700861775494,0.38343533031666804
-0.7030053353813994,-1.4639878077386455,0.4799761263465491,0.8363909941573299,1.0653495257808978,1.0688075917661204,-1.1651700861775494,0.38343533031666804
-0.5726685409518104,-0.11042701474742408,0.8101579745265006,-0.3470150686464702,1.0653495257808978,1.3423316450301723,-1.1651700861775494,0.38343533031666804
-0.47491594512961854,1.1390137172444725,0.8101579745265006,-1.0570587063287502,-1.4270386327380036,-1.6664329408743999,0.2643280247651782,0.38343533031666804
-0.33371775116423036,-0.3186671367460735,0.8101579745265006,-1.2937399188895102,-1.4270386327380036,-1.1193848343462958,0.2643280247651782,0.38343533031666804
-0.14907395905564585,-0.6310273197440477,0.8101579745265006,0.3630285690358098,-0.5962425798983697,-0.5723367278181918,0.2643280247651782,0.38343533031666804
-0.007875765090257694,0.618413412247849,0.8101579745265006,-0.3470150686464702,-0.5962425798983697,-0.29881267455413973,0.2643280247651782,0.38343533031666804
0.12246102933933138,0.8266535342464983,0.6534951156303075,0.3630285690358098,0.23455347294126402,-0.025288621290087743,0.2643280247651782,0.38343533031666804
0.23107502469732227,-1.1516276247406712,0.8101579745265006,-1.2937399188895102,0.23455347294126402,0.24823543197396428,0.2643280247651782,0.38343533031666804
0.35055041959111227,0.618413412247849,0.8101579745265006,0.8363909941573299,0.23455347294126402,0.5217594852380163,0.2643280247651782,0.38343533031666804
0.49174861355650046,1.1390137172444725,0.711004266364353,-0.3470150686464702,1.0653495257808978,0.7952835385020682,0.2643280247651782,0.38343533031666804
0.5786398098428932,-0.3186671367460735,0.8101579745265006,-1.0570587063287502,1.0653495257808978,0.7952835385020682,0.2643280247651782,0.38343533031666804
0.6872538052008841,-1.3598677467393208,0.8101579745265006,0.8363909941573299,1.0653495257808978,1.0688075917661204,0.2643280247651782,0.38343533031666804
0.8067292000946741,-0.6310273197440477,-2.1520590568176607,0.1263473564750498,1.0653495257808978,1.0688075917661204,0.2643280247651782,0.38343533031666804
0.9587887935958613,0.7225334732471737,-1.6885154711596204,-0.3470150686464702,1.0653495257808978,1.0688075917661204,0.2643280247651782,0.38343533031666804
1.0674027889538522,0.41017329024919946,0.711004266364353,-1.2937399188895102,1.0653495257808978,1.3423316450301723,0.2643280247651782,0.38343533031666804
1.2086009829192403,-0.8392674417426971,0.8101579745265006,-1.2937399188895102,-1.4270386327380036,-1.6664329408743999,1.6938261357079059,0.38343533031666804
1.3280763778130305,1.347253839243122,0.711004266364353,-1.0570587063287502,-1.4270386327380036,-1.3929088876103477,1.6938261357079059,0.38343533031666804
1.4366903731710212,-0.6310273197440477,0.07146284871850028,0.8363909941573299,-1.4270386327380036,-1.1193848343462958,1.6938261357079059,0.38343533031666804
1.653918363887003,-0.8392674417426971,0.8101579745265006,0.3630285690358098,-0.5962425798983697,-0.5723367278181918,1.6938261357079059,0.38343533031666804
1.795116557852391,1.9719742052390703,0.8101579745265006,-0.3470150686464702,-0.5962425798983697,-0.5723367278181918,1.6938261357079059,0.38343533031666804
-1.626224295924322,-0.9433875027420218,0.8101579745265006,-0.5836962812072303,-1.4270386327380036,-1.1193848343462958,-1.1651700861775494,1.0081686491156994
-1.485026101958934,-0.11042701474742408,0.8101579745265006,-1.0570587063287502,-0.5962425798983697,-0.5723367278181918,-1.1651700861775494,1.0081686491156994
-1.3329665084577467,-1.0475075637413465,0.8101579745265006,-1.0570587063287502,0.23455347294126402,-0.025288621290087743,-1.1651700861775494,1.0081686491156994
-1.2026297140281577,-1.255747685739996,0.8101579745265006,1.5464346318396098,0.23455347294126402,0.5217594852380163,-1.1651700861775494,1.0081686491156994
-1.0614315200627693,-0.7351473807433724,0.8101579745265006,1.3097534192788498,1.0653495257808978,0.7952835385020682,-1.1651700861775494,1.0081686491156994
-0.9528175247047785,-0.006306953748099373,0.8101579745265006,-1.0570587063287502,1.0653495257808978,1.0688075917661204,-1.1651700861775494,1.0081686491156994
-0.8442035293467876,0.930773595245823,0.8101579745265006,-0.1103338560857102,1.0653495257808978,1.0688075917661204,-1.1651700861775494,1.0081686491156994
-0.7247281344529977,-1.3598677467393208,0.8101579745265006,1.0730722067180898,1.0653495257808978,1.0688075917661204,-1.1651700861775494,1.0081686491156994
-0.5943913400234085,0.7225334732471737,0.8101579745265006,2.4931594820826497,1.0653495257808978,1.3423316450301723,-1.1651700861775494,1.0081686491156994
-0.5075001437370158,-0.6310273197440477,0.8101579745265006,0.8363909941573299,-1.4270386327380036,-1.6664329408743999,0.2643280247651782,1.0081686491156994
-0.36630194977162767,-0.3186671367460735,0.8101579745265006,-1.2937399188895102,-1.4270386327380036,-1.3929088876103477,0.2643280247651782,1.0081686491156994
-0.20338095673464132,0.618413412247849,0.8101579745265006,-0.8203774937679902,-0.5962425798983697,-0.8458607810822437,0.2643280247651782,1.0081686491156994
-0.06218276276925314,-0.9433875027420218,0.8101579745265006,-0.3470150686464702,-0.5962425798983697,-0.29881267455413973,0.2643280247651782,1.0081686491156994
0.07901543119613502,-1.4639878077386455,0.8101579745265006,-0.1103338560857102,0.23455347294126402,-0.025288621290087743,0.2643280247651782,1.0081686491156994
0.2093522256257241,-0.11042701474742408,0.8101579745265006,-0.1103338560857102,0.23455347294126402,0.24823543197396428,0.2643280247651782,1.0081686491156994
0.3071048214479159,0.618413412247849,0.8101579745265006,-0.5836962812072303,0.23455347294126402,0.24823543197396428,0.2643280247651782,1.0081686491156994
0.45916441494910315,0.20193316825055005,0.8101579745265006,0.3630285690358098,1.0653495257808978,0.7952835385020682,-1.1651700861775494,1.0081686491156994
0.556917010771295,0.20193316825055005,0.8101579745265006,-1.0570587063287502,1.0653495257808978,0.7952835385020682,0.2643280247651782,1.0081686491156994
0.676392405665085,0.618413412247849,0.8101579745265006,0.8363909941573299,1.0653495257808978,1.0688075917661204,0.2643280247651782,1.0081686491156994
0.7850064010230758,1.1390137172444725,0.8101579745265006,-0.1103338560857102,1.0653495257808978,1.0688075917661204,0.2643280247651782,1.0081686491156994
0.9044817959168658,0.5142933512485242,0.8101579745265006,-1.0570587063287502,1.0653495257808978,1.0688075917661204,0.2643280247651782,1.0081686491156994
1.056541389418053,0.8266535342464983,0.6911735247319232,0.3630285690358098,1.0653495257808978,1.3423316450301723,0.2643280247651782,1.0081686491156994
1.154293985240245,-0.526907258744723,0.1686334827174054,-1.2937399188895102,-1.4270386327380036,-1.6664329408743999,1.6938261357079059,1.0081686491156994
1.284630779669834,-0.006306953748099373,0.8101579745265006,-1.0570587063287502,-1.4270386327380036,-1.3929088876103477,1.6938261357079059,1.0081686491156994
1.425828973635222,0.09781310725122534,0.5012941736014105,1.7831158444003699,-1.4270386327380036,-1.1193848343462958,1.6938261357079059,1.0081686491156994
1.5996113662080076,2.7008146322343434,0.8101579745265006,-0.8203774937679902,-0.5962425798983697,-0.8458607810822437,1.6938261357079059,1.0081686491156994
1.7408095601733957,0.30605322924987477,0.8101579745265006,-0.3470150686464702,-0.5962425798983697,-0.5723367278181918,1.6938261357079059,1.0081686491156994
-1.7022540926749157,0.41017329024919946,0.8101579745265006,-1.0570587063287502,-1.4270386327380036,-1.6664329408743999,-1.1651700861775494,0.03358467178921053
-1.6045014968527238,-0.2145470757467488,0.7933018441389353,-0.1103338560857102,-1.4270386327380036,-1.1193848343462958,-1.1651700861775494,0.03358467178921053
-1.4524419033515366,-0.3186671367460735,0.8101579745265006,-1.2937399188895102,-0.5962425798983697,-0.5723367278181918,-1.1651700861775494,0.03358467178921053
-1.3003823098503493,-0.42278719774539825,0.8101579745265006,0.1263473564750498,0.23455347294126402,-0.025288621290087743,-1.1651700861775494,0.03358467178921053
-1.1917683144923585,1.5554939612417713,0.8101579745265006,-0.5836962812072303,0.23455347294126402,0.5217594852380163,-1.1651700861775494,0.03358467178921053
-1.0505701205269704,1.347253839243122,0.3857801035925085,-1.0570587063287502,1.0653495257808978,0.7952835385020682,-1.1651700861775494,0.03358467178921053
-0.9310947256331803,0.8266535342464983,0.8101579745265006,-0.1103338560857102,1.0653495257808978,1.0688075917661204,-1.1651700861775494,0.03358467178921053
-0.8333421298109885,-1.0475075637413465,0.18201923331929512,-0.8203774937679902,1.0653495257808978,1.0688075917661204,-1.1651700861775494,0.03358467178921053
-0.7138667349171985,-0.7351473807433724,0.8101579745265006,0.1263473564750498,1.0653495257808978,1.0688075917661204,-1.1651700861775494,0.03358467178921053
-0.5835299404876094,0.09781310725122534,0.8101579745265006,-1.0570587063287502,1.0653495257808978,1.3423316450301723,-1.1651700861775494,0.03358467178921053
-0.47491594512961854,-0.8392674417426971,0.28365178418549636,0.8363909941573299,-1.4270386327380036,-1.6664329408743999,0.2643280247651782,0.03358467178921053
-0.3445791507000295,-1.0475075637413465,0.8101579745265006,-0.8203774937679902,-1.4270386327380036,-1.1193848343462958,0.2643280247651782,0.03358467178921053
-0.15993535859144495,0.5142933512485242,0.8101579745265006,0.1263473564750498,-0.5962425798983697,-0.8458607810822437,0.2643280247651782,0.03358467178921053
-0.029598564161855873,-0.11042701474742408,0.5895409738657219,-1.0570587063287502,-0.5962425798983697,-0.29881267455413973,0.2643280247651782,0.03358467178921053
0.23107502469732227,1.5554939612417713,0.8101579745265006,0.5997097815965698,0.23455347294126402,0.24823543197396428,0.2643280247651782,0.03358467178921053
0.3288276205195141,0.30605322924987477,0.8101579745265006,-1.0570587063287502,0.23455347294126402,0.5217594852380163,0.2643280247651782,0.03358467178921053
0.49174861355650046,0.20193316825055005,0.5895409738657219,1.5464346318396098,1.0653495257808978,0.7952835385020682,0.2643280247651782,0.03358467178921053
0.5786398098428932,0.8266535342464983,0.28365178418549636,0.8363909941573299,1.0653495257808978,0.7952835385020682,0.2643280247651782,0.03358467178921053
0.6872538052008841,0.8266535342464983,0.13095507361578904,1.7831158444003699,1.0653495257808978,1.0688075917661204,0.2643280247651782,0.03358467178921053
0.795867800558875,1.1390137172444725,0.5687186951516708,2.0197970569611297,1.0653495257808978,1.0688075917661204,0.2643280247651782,0.03358467178921053
0.9479273940600622,0.7225334732471737,-2.3573072327133064,-0.8203774937679902,1.0653495257808978,1.0688075917661204,0.2643280247651782,0.03358467178921053
1.056541389418053,1.5554939612417713,-1.6597608957925976,0.5997097815965698,1.0653495257808978,1.3423316450301723,0.2643280247651782,0.03358467178921053
1.1977395833834412,0.930773595245823,0.8101579745265006,0.3630285690358098,-1.4270386327380036,-1.6664329408743999,1.6938261357079059,0.03358467178921053
1.3172149782772313,-0.8392674417426971,0.47105229261195547,1.5464346318396098,-1.4270386327380036,-1.3929088876103477,1.6938261357079059,0.03358467178921053
1.4366903731710212,-0.006306953748099373,0.8101579745265006,-1.0570587063287502,-1.4270386327380036,-1.1193848343462958,1.6938261357079059,0.03358467178921053
1.773393758780793,1.659614022241096,0.5895409738657219,-1.0570587063287502,-0.5962425798983697,-0.5723367278181918,1.6938261357079059,0.03358467178921053
-1.7022540926749157,0.618413412247849,-1.6617439699558405,-1.2937399188895102,-1.4270386327380036,-1.6664329408743999,-1.1651700861775494,-1.1908926330568907
-1.6045014968527238,1.347253839243122,-1.7152869723634,-0.3470150686464702,-1.4270386327380036,-1.1193848343462958,-1.1651700861775494,-1.1908926330568907
-1.4415805038157374,0.7225334732471737,-1.4212962276626324,2.4931594820826497,-0.5962425798983697,-0.5723367278181918,-1.1651700861775494,-1.1908926330568907
-1.3003823098503493,1.4513739002424466,-2.009277717064168,-0.1103338560857102,0.23455347294126402,-0.025288621290087743,-1.1651700861775494,-1.1908926330568907
-1.1917683144923585,-0.526907258744723,-1.261162988980764,-0.8203774937679902,0.23455347294126402,0.5217594852380163,-1.1651700861775494,-1.1908926330568907
-1.0505701205269704,1.0348936562451478,-1.6086967360890916,-1.2937399188895102,1.0653495257808978,0.7952835385020682,-1.1651700861775494,-1.1908926330568907
-0.9310947256331803,1.347253839243122,-1.9557347146566084,-0.3470150686464702,1.0653495257808978,1.0688075917661204,-1.1651700861775494,-1.1908926330568907
-0.8333421298109885,-0.3186671367460735,-1.448067728866412,-1.0570587063287502,1.0653495257808978,1.0688075917661204,-1.1651700861775494,-1.1908926330568907
-0.7138667349171985,1.1390137172444725,-1.5016107312739722,-0.1103338560857102,1.0653495257808978,1.0688075917661204,-1.1651700861775494,-1.1908926330568907
-0.5835299404876094,1.347253839243122,-0.9939437454837761,-1.2937399188895102,1.0653495257808978,1.3423316450301723,-1.1651700861775494,-1.1908926330568907
-0.47491594512961854,-0.2145470757467488,-2.009277717064168,0.5997097815965698,-1.4270386327380036,-1.6664329408743999,0.2643280247651782,-1.1908926330568907
-0.3445791507000295,-0.42278719774539825,-1.74205847356718,-1.0570587063287502,-1.4270386327380036,-1.1193848343462958,0.2643280247651782,-1.1908926330568907
-0.15993535859144495,-1.5681078687379701,-1.261162988980764,-0.1103338560857102,-0.5962425798983697,-0.8458607810822437,0.2643280247651782,-1.1908926330568907
-0.029598564161855873,-0.6310273197440477,-1.5819252348853117,-1.2937399188895102,-0.5962425798983697,-0.29881267455413973,0.2643280247651782,-1.1908926330568907
0.23107502469732227,-0.8392674417426971,-1.287934490184544,0.3630285690358098,0.23455347294126402,0.24823543197396428,0.2643280247651782,-1.1908926330568907
0.3288276205195141,-1.1516276247406712,-1.3677532252550728,-1.2937399188895102,0.23455347294126402,0.5217594852380163,0.2643280247651782,-1.1908926330568907
0.49174861355650046,0.20193316825055005,-1.74205847356718,1.3097534192788498,1.0653495257808978,0.7952835385020682,0.2643280247651782,-1.1908926330568907
0.5786398098428932,-1.0475075637413465,-1.9557347146566084,0.5997097815965698,1.0653495257808978,0.7952835385020682,0.2643280247651782,-1.1908926330568907
0.6872538052008841,0.618413412247849,-1.287934490184544,-0.3470150686464702,1.0653495257808978,1.0688075917661204,0.2643280247651782,-1.1908926330568907
0.795867800558875,-0.8392674417426971,0.3089359797668442,2.2564782695218897,1.0653495257808978,1.0688075917661204,0.2643280247651782,-1.1908926330568907
0.9587887935958613,-1.4639878077386455,-1.2249718855015799,0.1263473564750498,1.0653495257808978,1.0688075917661204,0.2643280247651782,-1.1908926330568907
1.056541389418053,-1.3598677467393208,-0.5576674295703266,-0.1103338560857102,1.0653495257808978,1.3423316450301723,0.2643280247651782,-1.1908926330568907
1.1977395833834412,-0.3186671367460735,0.7422376844354293,0.1263473564750498,-1.4270386327380036,-1.6664329408743999,1.6938261357079059,-1.1908926330568907
1.3280763778130305,-1.0475075637413465,-1.528382232477752,0.5997097815965698,-1.4270386327380036,-1.3929088876103477,1.6938261357079059,-1.1908926330568907
1.4366903731710212,0.7225334732471737,0.8101579745265006,-0.8203774937679902,-1.4270386327380036,-1.1193848343462958,1.6938261357079059,-1.1908926330568907
1.773393758780793,-1.0475075637413465,-1.5819252348853117,-1.2937399188895102,-0.5962425798983697,-0.5723367278181918,1.6938261357079059,-1.1908926330568907
-1.615362896388523,0.20193316825055005,0.8101579745265006,2.2564782695218897,-1.4270386327380036,-1.1193848343462958,-1.1651700861775494,0.5833499923323581
-1.4741647024231348,-0.9433875027420218,0.8101579745265006,-1.0570587063287502,-0.5962425798983697,-0.5723367278181918,-1.1651700861775494,0.5833499923323581
-1.3221051089219475,0.930773595245823,0.7878483901900173,-1.0570587063287502,0.23455347294126402,-0.025288621290087743,-1.1651700861775494,0.5833499923323581
-1.2026297140281577,1.2431337782437972,0.8101579745265006,0.5997097815965698,0.23455347294126402,0.5217594852380163,-1.1651700861775494,0.5833499923323581
-1.0614315200627693,0.8266535342464983,0.8101579745265006,0.3630285690358098,1.0653495257808978,0.7952835385020682,-1.1651700861775494,0.5833499923323581
-0.9419561251689794,0.7225334732471737,0.8101579745265006,-0.1103338560857102,1.0653495257808978,1.0688075917661204,-1.1651700861775494,0.5833499923323581
-0.8442035293467876,0.7225334732471737,0.8101579745265006,-1.0570587063287502,1.0653495257808978,1.0688075917661204,-1.1651700861775494,0.5833499923323581
-0.7247281344529977,-0.6310273197440477,0.8101579745265006,0.1263473564750498,1.0653495257808978,1.0688075917661204,-1.1651700861775494,0.5833499923323581
-0.5943913400234085,0.5142933512485242,0.8101579745265006,1.5464346318396098,1.0653495257808978,1.3423316450301723,-1.1651700861775494,0.5833499923323581
-0.5075001437370158,0.30605322924987477,0.8101579745265006,-0.1103338560857102,-1.4270386327380036,-1.6664329408743999,0.2643280247651782,0.5833499923323581
-0.35544055023582855,0.30605322924987477,0.8101579745265006,-0.5836962812072303,-1.4270386327380036,-1.3929088876103477,0.2643280247651782,0.5833499923323581
-0.19251955719884223,-1.4639878077386455,0.8101579745265006,1.0730722067180898,-0.5962425798983697,-0.8458607810822437,0.2643280247651782,0.5833499923323581
-0.06218276276925314,-1.1516276247406712,0.8101579745265006,-1.2937399188895102,-0.5962425798983697,-0.29881267455413973,0.2643280247651782,0.5833499923323581
0.07901543119613502,0.09781310725122534,0.8101579745265006,-1.0570587063287502,0.23455347294126402,-0.025288621290087743,0.2643280247651782,0.5833499923323581
0.2093522256257241,-1.255747685739996,0.8101579745265006,-1.0570587063287502,0.23455347294126402,0.24823543197396428,0.2643280247651782,0.5833499923323581
0.317966220983715,-1.5681078687379701,0.8101579745265006,1.7831158444003699,0.23455347294126402,0.5217594852380163,0.2643280247651782,0.5833499923323581
0.45916441494910315,-0.3186671367460735,0.8101579745265006,-0.5836962812072303,1.0653495257808978,0.7952835385020682,-1.1651700861775494,0.5833499923323581
0.5677784103070941,-0.6310273197440477,0.8101579745265006,0.5997097815965698,1.0653495257808978,0.7952835385020682,0.2643280247651782,0.5833499923323581
0.676392405665085,0.930773595245823,0.8101579745265006,-0.1103338560857102,1.0653495257808978,1.0688075917661204,0.2643280247651782,0.5833499923323581
0.7850064010230758,0.930773595245823,0.8101579745265006,1.7831158444003699,1.0653495257808978,1.0688075917661204,0.2643280247651782,0.5833499923323581
0.915343195452665,0.09781310725122534,0.8101579745265006,-0.5836962812072303,1.0653495257808978,1.0688075917661204,0.2643280247651782,0.5833499923323581
1.176016784311843,1.4513739002424466,-1.3563505488164258,-1.2937399188895102,-1.4270386327380036,-1.6664329408743999,1.6938261357079059,0.5833499923323581
1.295492179205633,-0.11042701474742408,-2.0335703755638943,-0.3470150686464702,-1.4270386327380036,-1.3929088876103477,1.6938261357079059,0.5833499923323581
1.6104727657438067,2.492574510235694,0.8101579745265006,1.0730722067180898,-0.5962425798983697,-0.8458607810822437,1.6938261357079059,0.5833499923323581
1.7408095601733957,0.20193316825055005,0.8101579745265006,-1.2937399188895102,-0.5962425798983697,-0.5723367278181918,1.6938261357079059,0.5833499923323581
-1.6588084945317194,0.09781310725122534,0.8101579745265006,1.3097534192788498,-1.4270386327380036,-1.3929088876103477,-1.1651700861775494,1.4079979731470793
-1.517610300566331,0.8266535342464983,0.8101579745265006,-0.8203774937679902,-0.5962425798983697,-0.8458607810822437,-1.1651700861775494,1.4079979731470793
-1.387273506136742,-1.4639878077386455,0.8101579745265006,-0.5836962812072303,-0.5962425798983697,-0.29881267455413973,-1.1651700861775494,1.4079979731470793
-1.256936711707153,-0.3186671367460735,0.8101579745265006,0.1263473564750498,0.23455347294126402,0.24823543197396428,-1.1651700861775494,1.4079979731470793
-1.126599917277564,0.30605322924987477,0.8101579745265006,-0.3470150686464702,1.0653495257808978,0.7952835385020682,-1.1651700861775494,1.4079979731470793
-0.9962631228479749,0.8266535342464983,0.8101579745265006,-1.2937399188895102,1.0653495257808978,0.7952835385020682,-1.1651700861775494,1.4079979731470793
-0.8767877279541849,0.7225334732471737,0.8101579745265006,-0.5836962812072303,1.0653495257808978,1.0688075917661204,-1.1651700861775494,1.4079979731470793
-0.7898965316677922,-0.3186671367460735,0.8101579745265006,-1.2937399188895102,1.0653495257808978,1.0688075917661204,-1.1651700861775494,1.4079979731470793
-0.659559737238203,0.7225334732471737,0.8101579745265006,-0.5836962812072303,1.0653495257808978,1.0688075917661204,-1.1651700861775494,1.4079979731470793
-0.529222942808614,-0.42278719774539825,0.8101579745265006,2.4931594820826497,-1.4270386327380036,-1.6664329408743999,0.2643280247651782,1.4079979731470793
-0.3988861483790249,1.4513739002424466,0.8101579745265006,-0.5836962812072303,-1.4270386327380036,-1.3929088876103477,0.2643280247651782,1.4079979731470793
-0.09476696137665042,1.0348936562451478,0.8101579745265006,1.7831158444003699,-0.5962425798983697,-0.5723367278181918,0.2643280247651782,1.4079979731470793
0.03556983305293866,1.4513739002424466,0.8101579745265006,0.5997097815965698,-0.5962425798983697,-0.29881267455413973,0.2643280247651782,1.4079979731470793
0.16590662748252774,0.618413412247849,0.8101579745265006,-1.2937399188895102,0.23455347294126402,-0.025288621290087743,0.2643280247651782,1.4079979731470793
0.27452062284051865,1.0348936562451478,0.8101579745265006,1.0730722067180898,0.23455347294126402,0.24823543197396428,0.2643280247651782,1.4079979731470793
0.4048574172701077,0.09781310725122534,0.8101579745265006,0.1263473564750498,0.23455347294126402,0.5217594852380163,0.2643280247651782,1.4079979731470793
0.5243328121638977,0.41017329024919946,0.8101579745265006,-1.2937399188895102,1.0653495257808978,0.7952835385020682,0.2643280247651782,1.4079979731470793
0.6220854079860895,-0.8392674417426971,0.8101579745265006,0.5997097815965698,1.0653495257808978,1.0688075917661204,0.2643280247651782,1.4079979731470793
0.7415608028798795,-1.0475075637413465,0.8101579745265006,-0.1103338560857102,1.0653495257808978,1.0688075917661204,0.2643280247651782,1.4079979731470793
0.8610361977736695,0.618413412247849,0.8101579745265006,-1.2937399188895102,1.0653495257808978,1.0688075917661204,0.2643280247651782,1.4079979731470793
1.0022343917390577,0.41017329024919946,0.786361084567585,-1.2937399188895102,1.0653495257808978,1.3423316450301723,0.2643280247651782,1.4079979731470793
1.2411851815266377,-0.7351473807433724,-1.2943794812150835,-0.5836962812072303,-1.4270386327380036,-1.6664329408743999,1.6938261357079059,1.4079979731470793
1.3823833754920258,-1.0475075637413465,-1.4421185063766835,0.1263473564750498,-1.4270386327380036,-1.1193848343462958,1.6938261357079059,1.4079979731470793
1.5127201699216148,-0.2145470757467488,0.8101579745265006,1.0730722067180898,-1.4270386327380036,-1.1193848343462958,1.6938261357079059,1.4079979731470793
1.534442968993213,-0.11042701474742408,0.8101579745265006,-1.2937399188895102,-0.5962425798983697,-0.8458607810822437,1.6938261357079059,1.4079979731470793
1.7082253615659986,-1.1516276247406712,0.8101579745265006,1.7831158444003699,-0.5962425798983697,-0.5723367278181918,1.6938261357079059,1.4079979731470793
-1.723976891746514,-0.526907258744723,0.8101579745265006,-0.8203774937679902,-1.4270386327380036,-1.6664329408743999,-1.1651700861775494,1.7328592989225757
-1.615362896388523,0.7225334732471737,0.8101579745265006,0.1263473564750498,-1.4270386327380036,-1.1193848343462958,-1.1651700861775494,1.7328592989225757
-1.4633033028873357,-1.4639878077386455,0.8101579745265006,-0.1103338560857102,-0.5962425798983697,-0.5723367278181918,-1.1651700861775494,1.7328592989225757
-1.1917683144923585,-0.11042701474742408,0.8101579745265006,1.0730722067180898,0.23455347294126402,0.5217594852380163,-1.1651700861775494,1.7328592989225757
-1.0505701205269704,-0.6310273197440477,0.8101579745265006,0.5997097815965698,1.0653495257808978,0.7952835385020682,-1.1651700861775494,1.7328592989225757
-0.9310947256331803,-1.1516276247406712,0.8101579745265006,1.5464346318396098,1.0653495257808978,1.0688075917661204,-1.1651700861775494,1.7328592989225757
-0.8333421298109885,0.930773595245823,0.8101579745265006,0.8363909941573299,1.0653495257808978,1.0688075917661204,-1.1651700861775494,1.7328592989225757
-0.7138667349171985,-1.4639878077386455,0.8101579745265006,1.7831158444003699,1.0653495257808978,1.0688075917661204,-1.1651700861775494,1.7328592989225757
-0.5943913400234085,-0.2145470757467488,0.8101579745265006,-0.5836962812072303,1.0653495257808978,1.3423316450301723,-1.1651700861775494,1.7328592989225757
-0.48577734466541767,-0.526907258744723,0.8101579745265006,0.1263473564750498,-1.4270386327380036,-1.6664329408743999,0.2643280247651782,1.7328592989225757
-0.3445791507000295,-0.9433875027420218,0.8101579745265006,0.8363909941573299,-1.4270386327380036,-1.1193848343462958,0.2643280247651782,1.7328592989225757
-0.19251955719884223,0.618413412247849,0.8101579745265006,-1.0570587063287502,-0.5962425798983697,-0.8458607810822437,0.2643280247651782,1.7328592989225757
0.23107502469732227,-0.9433875027420218,0.8101579745265006,2.2564782695218897,0.23455347294126402,0.24823543197396428,0.2643280247651782,1.7328592989225757
0.317966220983715,-0.3186671367460735,0.8101579745265006,-0.3470150686464702,0.23455347294126402,0.5217594852380163,0.2643280247651782,1.7328592989225757
0.47002581448490227,0.8266535342464983,0.8101579745265006,-1.2937399188895102,1.0653495257808978,0.7952835385020682,-1.1651700861775494,1.7328592989225757
0.5786398098428932,1.347253839243122,0.8101579745265006,2.4931594820826497,1.0653495257808978,0.7952835385020682,0.2643280247651782,1.7328592989225757
0.7850064010230758,0.930773595245823,-0.4768571574181757,0.1263473564750498,1.0653495257808978,1.0688075917661204,0.2643280247651782,1.7328592989225757
0.926204594988464,1.0348936562451478,0.8101579745265006,-1.2937399188895102,1.0653495257808978,1.0688075917661204,0.2643280247651782,1.7328592989225757
1.176016784311843,0.20193316825055005,0.8101579745265006,-0.8203774937679902,-1.4270386327380036,-1.6664329408743999,1.6938261357079059,1.7328592989225757
1.3063535787414322,0.41017329024919946,0.8101579745265006,-1.0570587063287502,-1.4270386327380036,-1.3929088876103477,1.6938261357079059,1.7328592989225757
1.6104727657438067,3.3255349982302915,0.8101579745265006,-1.0570587063287502,-0.5962425798983697,-0.8458607810822437,1.6938261357079059,1.7328592989225757
1.7516709597091948,0.20193316825055005,0.8101579745265006,-0.3470150686464702,-0.5962425798983697,-0.5723367278181918,1.6938261357079059,1.7328592989225757
-1.6370856954601212,0.30605322924987477,-0.06289042584120948,-1.0570587063287502,-1.4270386327380036,-1.1193848343462958,-1.1651700861775494,-0.5911486470098207
-1.485026101958934,0.8266535342464983,-0.5591547351927588,-0.1103338560857102,-0.5962425798983697,-0.5723367278181918,-1.1651700861775494,-0.5911486470098207
-1.3438279079935458,1.347253839243122,-0.21558713641091679,-0.8203774937679902,0.23455347294126402,-0.025288621290087743,-1.1651700861775494,-0.5911486470098207
-1.2134911135639566,-0.9433875027420218,-0.06289042584120948,-0.8203774937679902,0.23455347294126402,0.5217594852380163,-1.1651700861775494,-0.5911486470098207
-1.0722929195985684,0.30605322924987477,0.24250299529820515,-0.5836962812072303,1.0653495257808978,0.7952835385020682,-1.1651700861775494,-0.5911486470098207
-0.9636789242405776,-1.5681078687379701,-1.0172448669018808,-1.0570587063287502,1.0653495257808978,1.0688075917661204,-1.1651700861775494,-0.5911486470098207
-0.8442035293467876,-1.3598677467393208,-0.48280637990790476,0.8363909941573299,1.0653495257808978,1.0688075917661204,-1.1651700861775494,-0.5911486470098207
-0.7247281344529977,1.0348936562451478,0.35702552822548583,2.0197970569611297,1.0653495257808978,1.0688075917661204,-1.1651700861775494,-0.5911486470098207
-0.6052527395592077,1.0348936562451478,0.08980628472849783,-0.5836962812072303,1.0653495257808978,1.3423316450301723,-1.1651700861775494,-0.5911486470098207
-0.5075001437370158,-1.5681078687379701,-0.8263739786897467,1.7831158444003699,-1.4270386327380036,-1.6664329408743999,0.2643280247651782,-0.5911486470098207
-0.36630194977162767,1.2431337782437972,-0.9408965116170267,-0.3470150686464702,-1.4270386327380036,-1.3929088876103477,0.2643280247651782,-0.5911486470098207
-0.2142423562704404,1.1390137172444725,-0.48280637990790476,-0.5836962812072303,-0.5962425798983697,-0.8458607810822437,0.2643280247651782,-0.5911486470098207
-0.06218276276925314,-1.255747685739996,0.013457929443644528,0.5997097815965698,-0.5962425798983697,-0.29881267455413973,0.2643280247651782,-0.5911486470098207
0.07901543119613502,-0.2145470757467488,-0.4446322022654781,0.8363909941573299,0.23455347294126402,-0.025288621290087743,0.2643280247651782,-0.5911486470098207
0.2093522256257241,-0.6310273197440477,0.35702552822548583,0.8363909941573299,0.23455347294126402,0.24823543197396428,0.2643280247651782,-0.5911486470098207
0.3071048214479159,0.930773595245823,-0.06289042584120948,0.3630285690358098,0.23455347294126402,0.24823543197396428,0.2643280247651782,-0.5911486470098207
0.4483030154133041,0.618413412247849,0.43337388351033984,-1.2937399188895102,1.0653495257808978,0.7952835385020682,-1.1651700861775494,-0.5911486470098207
0.556917010771295,-1.5681078687379701,0.3951997058679125,-0.1103338560857102,1.0653495257808978,0.7952835385020682,0.2643280247651782,-0.5911486470098207
0.676392405665085,0.20193316825055005,-0.25376131405334346,1.7831158444003699,1.0653495257808978,1.0688075917661204,0.2643280247651782,-0.5911486470098207
0.7632836019514777,-0.6310273197440477,0.8101579745265006,0.5997097815965698,1.0653495257808978,1.0688075917661204,0.2643280247651782,-0.5911486470098207
0.9044817959168658,2.0760942662383948,-0.9027223339746001,-1.2937399188895102,1.0653495257808978,1.0688075917661204,0.2643280247651782,-0.5911486470098207
1.1325711861686467,-1.3598677467393208,0.8101579745265006,0.1263473564750498,-1.4270386327380036,-1.6664329408743999,1.6938261357079059,-0.5911486470098207
1.284630779669834,-0.42278719774539825,-0.7881998010473193,-0.5836962812072303,-1.4270386327380036,-1.3929088876103477,1.6938261357079059,-0.5911486470098207
1.414967574099423,1.4513739002424466,-0.2200490532782136,-0.8203774937679902,-1.4270386327380036,-1.1193848343462958,1.6938261357079059,-0.5911486470098207
1.5887499666722085,2.7008146322343434,-0.48280637990790476,-0.5836962812072303,-0.5962425798983697,-0.8458607810822437,1.6938261357079059,-0.5911486470098207
1.7408095601733957,0.41017329024919946,0.013457929443644528,0.5997097815965698,-0.5962425798983697,-0.5723367278181918,1.6938261357079059,-0.5911486470098207
-1.626224295924322,0.30605322924987477,0.8101579745265006,-0.8203774937679902,-1.4270386327380036,-1.1193848343462958,-1.1651700861775494,1.0331579818676606
-1.485026101958934,-0.42278719774539825,0.8101579745265006,-1.2937399188895102,-0.5962425798983697,-0.5723367278181918,-1.1651700861775494,1.0331579818676606
-1.3329665084577467,0.09781310725122534,0.8101579745265006,-1.2937399188895102,0.23455347294126402,-0.025288621290087743,-1.1651700861775494,1.0331579818676606
-1.2026297140281577,-1.0475075637413465,0.8101579745265006,1.3097534192788498,0.23455347294126402,0.5217594852380163,-1.1651700861775494,1.0331579818676606
-1.0614315200627693,1.347253839243122,0.8101579745265006,1.0730722067180898,1.0653495257808978,0.7952835385020682,-1.1651700861775494,1.0331579818676606
-0.9528175247047785,-0.006306953748099373,0.8101579745265006,-1.2937399188895102,1.0653495257808978,1.0688075917661204,-1.1651700861775494,1.0331579818676606
-0.8442035293467876,-1.4639878077386455,0.8101579745265006,-0.3470150686464702,1.0653495257808978,1.0688075917661204,-1.1651700861775494,1.0331579818676606
-0.7247281344529977,1.2431337782437972,0.8101579745265006,0.8363909941573299,1.0653495257808978,1.0688075917661204,-1.1651700861775494,1.0331579818676606
-0.5943913400234085,0.30605322924987477,0.8101579745265006,2.2564782695218897,1.0653495257808978,1.3423316450301723,-1.1651700861775494,1.0331579818676606
-0.5075001437370158,0.618413412247849,0.8101579745265006,0.5997097815965698,-1.4270386327380036,-1.6664329408743999,0.2643280247651782,1.0331579818676606
-0.35544055023582855,-1.1516276247406712,0.8101579745265006,0.1263473564750498,-1.4270386327380036,-1.3929088876103477,0.2643280247651782,1.0331579818676606
-0.20338095673464132,0.20193316825055005,0.8101579745265006,-1.0570587063287502,-0.5962425798983697,-0.8458607810822437,0.2643280247651782,1.0331579818676606
-0.06218276276925314,-0.2145470757467488,0.8101579745265006,-0.5836962812072303,-0.5962425798983697,-0.29881267455413973,0.2643280247651782,1.0331579818676606
0.07901543119613502,1.4513739002424466,0.8101579745265006,-0.3470150686464702,0.23455347294126402,-0.025288621290087743,0.2643280247651782,1.0331579818676606
0.2093522256257241,-0.6310273197440477,0.8101579745265006,-0.3470150686464702,0.23455347294126402,0.24823543197396428,0.2643280247651782,1.0331579818676606
0.3071048214479159,-1.1516276247406712,0.8101579745265006,-0.8203774937679902,0.23455347294126402,0.24823543197396428,0.2643280247651782,1.0331579818676606
0.45916441494910315,1.2431337782437972,0.8101579745265006,0.1263473564750498,1.0653495257808978,0.7952835385020682,-1.1651700861775494,1.0331579818676606
0.556917010771295,-1.1516276247406712,0.8101579745265006,-1.2937399188895102,1.0653495257808978,0.7952835385020682,0.2643280247651782,1.0331579818676606
0.676392405665085,-1.0475075637413465,0.8101579745265006,0.5997097815965698,1.0653495257808978,1.0688075917661204,0.2643280247651782,1.0331579818676606
0.7850064010230758,-0.526907258744723,-2.537766981568415,0.3630285690358098,1.0653495257808978,1.0688075917661204,0.2643280247651782,1.0331579818676606
0.9044817959168658,-1.3598677467393208,0.8101579745265006,-0.8203774937679902,1.0653495257808978,1.0688075917661204,0.2643280247651782,1.0331579818676606
1.056541389418053,-0.8392674417426971,-0.9404007430762165,-1.0570587063287502,1.0653495257808978,1.3423316450301723,0.2643280247651782,1.0331579818676606
1.165155384776044,-0.11042701474742408,0.8101579745265006,-0.8203774937679902,-1.4270386327380036,-1.6664329408743999,1.6938261357079059,1.0331579818676606
1.284630779669834,0.09781310725122534,0.8101579745265006,-0.1103338560857102,-1.4270386327380036,-1.3929088876103477,1.6938261357079059,1.0331579818676606
1.425828973635222,-0.11042701474742408,-2.013243865390654,2.0197970569611297,-1.4270386327380036,-1.1193848343462958,1.6938261357079059,1.0331579818676606
1.5996113662080076,1.347253839243122,0.8101579745265006,-1.0570587063287502,-0.5962425798983697,-0.8458607810822437,1.6938261357079059,1.0331579818676606
1.7408095601733957,-0.11042701474742408,0.8101579745265006,-0.5836962812072303,-0.5962425798983697,-0.5723367278181918,1.6938261357079059,1.0331579818676606
-1.6805312936033174,-1.1516276247406712,0.8101579745265006,0.3630285690358098,-1.4270386327380036,-1.6664329408743999,-1.1651700861775494,1.557933969658847
-1.5610558987095275,1.1390137172444725,0.8101579745265006,-0.5836962812072303,-0.5962425798983697,-0.8458607810822437,-1.1651700861775494,1.557933969658847
-1.4307191042799385,1.0348936562451478,0.8101579745265006,0.8363909941573299,-0.5962425798983697,-0.29881267455413973,-1.1651700861775494,1.557933969658847
-1.2786595107787513,0.41017329024919946,0.8101579745265006,-0.5836962812072303,0.23455347294126402,0.24823543197396428,-1.1651700861775494,1.557933969658847
-1.1700455154207603,0.8266535342464983,0.8101579745265006,-1.0570587063287502,0.23455347294126402,0.5217594852380163,-1.1651700861775494,1.557933969658847
-1.017985921919573,-0.6310273197440477,0.8101579745265006,1.0730722067180898,1.0653495257808978,0.7952835385020682,-1.1651700861775494,1.557933969658847
-0.898510527025783,-1.5681078687379701,0.8101579745265006,0.8363909941573299,1.0653495257808978,1.0688075917661204,-1.1651700861775494,1.557933969658847
-0.8116193307393903,1.1390137172444725,0.8101579745265006,-0.3470150686464702,1.0653495257808978,1.0688075917661204,-1.1651700861775494,1.557933969658847
-0.6921439358456003,-0.8392674417426971,0.8101579745265006,-0.3470150686464702,1.0653495257808978,1.0688075917661204,-1.1651700861775494,1.557933969658847
-0.5618071414160113,0.930773595245823,0.8101579745265006,-0.1103338560857102,1.0653495257808978,1.3423316450301723,-1.1651700861775494,1.557933969658847
-0.43147034698642217,0.8266535342464983,0.8101579745265006,-1.2937399188895102,-1.4270386327380036,-1.3929088876103477,0.2643280247651782,1.557933969658847
-0.3119949520926322,1.4513739002424466,0.8101579745265006,0.3630285690358098,-1.4270386327380036,-1.1193848343462958,0.2643280247651782,1.557933969658847
-0.13821255951984676,0.5142933512485242,0.8101579745265006,-0.5836962812072303,-0.5962425798983697,-0.5723367278181918,0.2643280247651782,1.557933969658847
0.0029856344455413955,-0.526907258744723,0.8101579745265006,-0.8203774937679902,-0.5962425798983697,-0.29881267455413973,0.2643280247651782,1.557933969658847
0.13332242887513046,1.5554939612417713,0.8101579745265006,-0.5836962812072303,0.23455347294126402,-0.025288621290087743,0.2643280247651782,1.557933969658847
0.25279782376892046,-1.255747685739996,0.8101579745265006,1.5464346318396098,0.23455347294126402,0.24823543197396428,0.2643280247651782,1.557933969658847
0.36141181912691134,-0.9433875027420218,0.8101579745265006,0.1263473564750498,0.23455347294126402,0.5217594852380163,0.2643280247651782,1.557933969658847
0.5026100130922995,-0.8392674417426971,0.8101579745265006,-0.5836962812072303,1.0653495257808978,0.7952835385020682,0.2643280247651782,1.557933969658847
0.6003626089144913,0.7225334732471737,0.8101579745265006,1.5464346318396098,1.0653495257808978,0.7952835385020682,0.2643280247651782,1.557933969658847
0.7089766042724822,1.2431337782437972,0.8101579745265006,0.3630285690358098,1.0653495257808978,1.0688075917661204,0.2643280247651782,1.557933969658847
0.8393133987020713,1.4513739002424466,0.8101579745265006,-0.1103338560857102,1.0653495257808978,1.0688075917661204,0.2643280247651782,1.557933969658847
0.9805115926674595,0.30605322924987477,0.8101579745265006,0.3630285690358098,1.0653495257808978,1.3423316450301723,0.2643280247651782,1.557933969658847
1.0782641884896513,-1.5681078687379701,0.8101579745265006,0.8363909941573299,1.0653495257808978,1.3423316450301723,0.2643280247651782,1.557933969658847
1.2194623824550395,-1.0475075637413465,0.8101579745265006,0.1263473564750498,-1.4270386327380036,-1.6664329408743999,1.6938261357079059,1.557933969658847
1.3389377773488293,-1.0475075637413465,0.21523572555361467,-0.3470150686464702,-1.4270386327380036,-1.3929088876103477,1.6938261357079059,1.557933969658847
1.664779763422802,0.618413412247849,0.8101579745265006,-0.5836962812072303,-0.5962425798983697,-0.5723367278181918,1.6938261357079059,1.557933969658847
1.8059779573881902,-0.7351473807433724,0.8101579745265006,-0.8203774937679902,-0.5962425798983697,-0.5723367278181918,1.6938261357079059,1.557933969658847
-1.723976891746514,1.5554939612417713,-0.7862167268840768,-1.0570587063287502,-1.4270386327380036,-1.6664329408743999,-1.1651700861775494,-1.015967303793162
-1.615362896388523,-0.3186671367460735,-1.6562905160069223,-0.1103338560857102,-1.4270386327380036,-1.1193848343462958,-1.1651700861775494,-1.015967303793162
-1.4633033028873357,0.7225334732471737,-1.4763265356926243,-0.3470150686464702,-0.5962425798983697,-0.5723367278181918,-1.1651700861775494,-1.015967303793162
-1.1917683144923585,-1.1516276247406712,-1.0559148130851184,0.8363909941573299,0.23455347294126402,0.5217594852380163,-1.1651700861775494,-1.015967303793162
-1.0505701205269704,-0.8392674417426971,-0.6959868524565221,0.3630285690358098,1.0653495257808978,0.7952835385020682,-1.1651700861775494,-1.015967303793162
-0.9310947256331803,-0.9433875027420218,-1.2963625553783265,1.3097534192788498,1.0653495257808978,1.0688075917661204,-1.1651700861775494,-1.015967303793162
-0.8333421298109885,0.30605322924987477,-1.1159028065232177,0.5997097815965698,1.0653495257808978,1.0688075917661204,-1.1651700861775494,-1.015967303793162
-0.7138667349171985,0.7225334732471737,-1.2061326809507722,1.5464346318396098,1.0653495257808978,1.0688075917661204,-1.1651700861775494,-1.015967303793162
-0.5943913400234085,-1.255747685739996,-0.6057569780289681,-0.8203774937679902,1.0653495257808978,1.3423316450301723,-1.1651700861775494,-1.015967303793162
-0.48577734466541767,-1.4639878077386455,-1.026168700636474,-0.1103338560857102,-1.4270386327380036,-1.6664329408743999,0.2643280247651782,-1.015967303793162
-0.3445791507000295,-0.7351473807433724,-1.6265444035582781,0.5997097815965698,-1.4270386327380036,-1.1193848343462958,0.2643280247651782,-1.015967303793162
-0.19251955719884223,-0.2145470757467488,-0.5457689845908683,-1.2937399188895102,-0.5962425798983697,-0.8458607810822437,0.2643280247651782,-1.015967303793162
0.23107502469732227,-1.0475075637413465,-1.026168700636474,2.0197970569611297,0.23455347294126402,0.24823543197396428,0.2643280247651782,-1.015967303793162
0.317966220983715,-0.7351473807433724,-1.0861566940745733,-0.5836962812072303,0.23455347294126402,0.5217594852380163,0.2643280247651782,-1.015967303793162
0.48088721402070134,1.1390137172444725,-1.7162785094450217,-1.0570587063287502,1.0653495257808978,0.7952835385020682,0.2643280247651782,-1.015967303793162
0.5786398098428932,-0.526907258744723,-1.1159028065232177,2.2564782695218897,1.0653495257808978,0.7952835385020682,0.2643280247651782,-1.015967303793162
0.795867800558875,0.30605322924987477,0.029322522749587816,0.5997097815965698,1.0653495257808978,1.0688075917661204,0.2643280247651782,-1.015967303793162
0.926204594988464,0.5142933512485242,-1.326108667826971,-1.0570587063287502,1.0653495257808978,1.0688075917661204,0.2643280247651782,-1.015967303793162
1.176016784311843,1.0348936562451478,0.8101579745265006,-0.5836962812072303,-1.4270386327380036,-1.6664329408743999,1.6938261357079059,-1.015967303793162
1.3063535787414322,-0.8392674417426971,-1.7033885273839426,-1.2937399188895102,-1.4270386327380036,-1.3929088876103477,1.6938261357079059,-1.015967303793162
1.6104727657438067,0.7225334732471737,-0.5457689845908683,-1.2937399188895102,-0.5962425798983697,-0.8458607810822437,1.6938261357079059,-1.015967303793162
1.7516709597091948,0.09781310725122534,-0.995926819647019,-0.5836962812072303,-0.5962425798983697,-0.5723367278181918,1.6938261357079059,-1.015967303793162
-1.6805312936033174,-0.6310273197440477,0.8101579745265006,1.3097534192788498,-1.4270386327380036,-1.6664329408743999,-1.1651700861775494,0.5333713268284356
-1.5719172982453267,0.41017329024919946,0.8101579745265006,-0.8203774937679902,-0.5962425798983697,-0.8458607810822437,-1.1651700861775494,0.5333713268284356
-1.4307191042799385,1.0348936562451478,0.8101579745265006,1.7831158444003699,-0.5962425798983697,-0.29881267455413973,-1.1651700861775494,0.5333713268284356
-1.2786595107787513,1.2431337782437972,0.8101579745265006,0.3630285690358098,0.23455347294126402,0.24823543197396428,-1.1651700861775494,0.5333713268284356
-1.1700455154207603,1.4513739002424466,0.8101579745265006,-0.1103338560857102,0.23455347294126402,0.5217594852380163,-1.1651700861775494,0.5333713268284356
-1.017985921919573,1.1390137172444725,0.8101579745265006,2.0197970569611297,1.0653495257808978,0.7952835385020682,-1.1651700861775494,0.5333713268284356
-0.9093719265615822,1.347253839243122,0.8101579745265006,-0.5836962812072303,1.0653495257808978,1.0688075917661204,-1.1651700861775494,0.5333713268284356
-0.8116193307393903,1.1390137172444725,0.8101579745265006,0.5997097815965698,1.0653495257808978,1.0688075917661204,-1.1651700861775494,0.5333713268284356
-0.6921439358456003,-0.006306953748099373,0.8101579745265006,0.5997097815965698,1.0653495257808978,1.0688075917661204,-1.1651700861775494,0.5333713268284356
-0.5618071414160113,0.8266535342464983,0.8101579745265006,0.8363909941573299,1.0653495257808978,1.3423316450301723,-1.1651700861775494,0.5333713268284356
-0.3228563516284313,-0.9433875027420218,0.8101579745265006,-0.5836962812072303,-1.4270386327380036,-1.1193848343462958,0.2643280247651782,0.5333713268284356
-0.13821255951984676,-1.3598677467393208,0.7199281000989466,0.3630285690358098,-0.5962425798983697,-0.5723367278181918,0.2643280247651782,0.5333713268284356
0.0029856344455413955,-0.11042701474742408,0.780907630618667,0.1263473564750498,-0.5962425798983697,-0.29881267455413973,0.2643280247651782,0.5333713268284356
0.13332242887513046,1.5554939612417713,0.8101579745265006,0.3630285690358098,0.23455347294126402,-0.025288621290087743,0.2643280247651782,0.5333713268284356
0.24193642423312137,1.347253839243122,0.8101579745265006,-0.5836962812072303,0.23455347294126402,0.24823543197396428,0.2643280247651782,0.5333713268284356
0.36141181912691134,0.618413412247849,0.8101579745265006,1.0730722067180898,0.23455347294126402,0.5217594852380163,0.2643280247651782,0.5333713268284356
0.5026100130922995,0.09781310725122534,0.8101579745265006,0.3630285690358098,1.0653495257808978,0.7952835385020682,0.2643280247651782,0.5333713268284356
0.5895012093786922,-0.6310273197440477,0.8101579745265006,-1.0570587063287502,1.0653495257808978,0.7952835385020682,0.2643280247651782,0.5333713268284356
0.7089766042724822,-0.2145470757467488,-2.2893869426222353,0.8363909941573299,1.0653495257808978,1.0688075917661204,0.2643280247651782,0.5333713268284356
0.8175905996304731,1.1390137172444725,0.8101579745265006,-0.1103338560857102,1.0653495257808978,1.0688075917661204,0.2643280247651782,0.5333713268284356
0.9805115926674595,0.30605322924987477,0.8101579745265006,0.1263473564750498,1.0653495257808978,1.3423316450301723,0.2643280247651782,0.5333713268284356
1.0782641884896513,-1.5681078687379701,-2.3419384079481733,1.0730722067180898,1.0653495257808978,1.3423316450301723,0.2643280247651782,0.5333713268284356
1.2086009829192403,-1.3598677467393208,0.8101579745265006,-0.3470150686464702,-1.4270386327380036,-1.6664329408743999,1.6938261357079059,0.5333713268284356
1.3497991768846285,-0.8392674417426971,0.8101579745265006,1.0730722067180898,-1.4270386327380036,-1.3929088876103477,1.6938261357079059,0.5333713268284356
1.664779763422802,2.1802143272377195,0.7199281000989466,0.3630285690358098,-0.5962425798983697,-0.5723367278181918,1.6938261357079059,0.5333713268284356
1.8059779573881902,0.30605322924987477,0.780907630618667,0.1263473564750498,-0.5962425798983697,-0.5723367278181918,1.6938261357079059,0.5333713268284356
-1.7131154922107148,-1.0475075637413465,0.8101579745265006,-0.5836962812072303,-1.4270386327380036,-1.6664329408743999,-1.1651700861775494,0.6583179905882418
-1.615362896388523,-0.2145470757467488,0.8101579745265006,-0.5836962812072303,-1.4270386327380036,-1.1193848343462958,-1.1651700861775494,0.6583179905882418
-1.4633033028873357,0.7225334732471737,0.8101579745265006,-0.8203774937679902,-0.5962425798983697,-0.5723367278181918,-1.1651700861775494,0.6583179905882418
-1.1917683144923585,-0.2145470757467488,0.8101579745265006,0.3630285690358098,0.23455347294126402,0.5217594852380163,-1.1651700861775494,0.6583179905882418
-1.0505701205269704,0.30605322924987477,0.8101579745265006,-0.1103338560857102,1.0653495257808978,0.7952835385020682,-1.1651700861775494,0.6583179905882418
-0.9310947256331803,-0.42278719774539825,0.8101579745265006,0.8363909941573299,1.0653495257808978,1.0688075917661204,-1.1651700861775494,0.6583179905882418
-0.8333421298109885,-1.5681078687379701,0.8101579745265006,0.1263473564750498,1.0653495257808978,1.0688075917661204,-1.1651700861775494,0.6583179905882418
-0.7138667349171985,0.930773595245823,0.8101579745265006,1.0730722067180898,1.0653495257808978,1.0688075917661204,-1.1651700861775494,0.6583179905882418
-0.5943913400234085,-0.9433875027420218,0.8101579745265006,-1.2937399188895102,1.0653495257808978,1.3423316450301723,-1.1651700861775494,0.6583179905882418
-0.48577734466541767,-0.8392674417426971,0.8101579745265006,-0.5836962812072303,-1.4270386327380036,-1.6664329408743999,0.2643280247651782,0.6583179905882418
-0.3445791507000295,1.1390137172444725,0.8101579745265006,0.1263473564750498,-1.4270386327380036,-1.1193848343462958,0.2643280247651782,0.6583179905882418
-0.17079675812724404,1.2431337782437972,0.8101579745265006,-1.0570587063287502,-0.5962425798983697,-0.8458607810822437,0.2643280247651782,0.6583179905882418
0.23107502469732227,0.20193316825055005,0.8101579745265006,1.5464346318396098,0.23455347294126402,0.24823543197396428,0.2643280247651782,0.6583179905882418
0.317966220983715,-0.42278719774539825,0.8101579745265006,-1.0570587063287502,0.23455347294126402,0.5217594852380163,0.2643280247651782,0.6583179905882418
0.49174861355650046,-1.1516276247406712,0.8101579745265006,2.4931594820826497,1.0653495257808978,0.7952835385020682,0.2643280247651782,0.6583179905882418
0.5786398098428932,-0.42278719774539825,0.8101579745265006,1.7831158444003699,1.0653495257808978,0.7952835385020682,0.2643280247651782,0.6583179905882418
0.6872538052008841,1.5554939612417713,0.8101579745265006,-0.1103338560857102,1.0653495257808978,1.0688075917661204,0.2643280247651782,0.6583179905882418
0.795867800558875,-0.006306953748099373,-0.9404007430762165,0.3630285690358098,1.0653495257808978,1.0688075917661204,0.2643280247651782,0.6583179905882418
0.926204594988464,-0.526907258744723,0.8101579745265006,-0.8203774937679902,1.0653495257808978,1.0688075917661204,0.2643280247651782,0.6583179905882418
1.056541389418053,-0.6310273197440477,0.8101579745265006,-0.8203774937679902,1.0653495257808978,1.3423316450301723,0.2643280247651782,0.6583179905882418
1.176016784311843,-0.8392674417426971,0.8101579745265006,-0.3470150686464702,-1.4270386327380036,-1.6664329408743999,1.6938261357079059,0.6583179905882418
1.3172149782772313,0.5142933512485242,0.8101579745265006,0.8363909941573299,-1.4270386327380036,-1.3929088876103477,1.6938261357079059,0.6583179905882418
1.425828973635222,-0.42278719774539825,0.7600853519046158,2.2564782695218897,-1.4270386327380036,-1.1193848343462958,1.6938261357079059,0.6583179905882418
1.632195564815405,-3.025788722728516,0.8101579745265006,-1.0570587063287502,-0.5962425798983697,-0.8458607810822437,1.6938261357079059,0.6583179905882418
1.7516709597091948,1.0348936562451478,0.8101579745265006,-1.0570587063287502,-0.5962425798983697,-0.5723367278181918,1.6938261357079059,0.6583179905882418
-1.6913926931391166,-1.3598677467393208,-1.4659153963355986,-1.0570587063287502,-1.4270386327380036,-1.6664329408743999,-1.1651700861775494,-1.015967303793162
-1.5719172982453267,1.0348936562451478,-0.7430848638335423,-0.1103338560857102,-0.5962425798983697,-0.8458607810822437,-1.1651700861775494,-1.015967303793162
-1.4415805038157374,0.8266535342464983,-0.9240403812294622,-1.0570587063287502,-0.5962425798983697,-0.5723367278181918,-1.1651700861775494,-1.015967303793162
-1.2895209103145502,1.1390137172444725,-1.0742582490951156,-1.0570587063287502,0.23455347294126402,-0.025288621290087743,-1.1651700861775494,-1.015967303793162
-1.1700455154207603,0.41017329024919946,-0.7128429828440874,0.5997097815965698,0.23455347294126402,0.5217594852380163,-1.1651700861775494,-1.015967303793162
-1.017985921919573,-0.42278719774539825,-0.6226131084165334,2.7298406946434097,1.0653495257808978,0.7952835385020682,-1.1651700861775494,-1.015967303793162
-0.9093719265615822,0.618413412247849,-0.7128429828440874,0.1263473564750498,1.0653495257808978,1.0688075917661204,-1.1651700861775494,-1.015967303793162
-0.8116193307393903,0.930773595245823,-1.164983892063481,1.3097534192788498,1.0653495257808978,1.0688075917661204,-1.1651700861775494,-1.015967303793162
-0.7030053353813994,1.0348936562451478,-0.6528549894059883,-1.0570587063287502,1.0653495257808978,1.0688075917661204,-1.1651700861775494,-1.015967303793162
-0.5618071414160113,0.20193316825055005,-0.6826011018546324,1.5464346318396098,1.0653495257808978,1.3423316450301723,-1.1651700861775494,-1.015967303793162
-0.45319314605802036,-0.006306953748099373,-1.1045001300845705,-1.0570587063287502,-1.4270386327380036,-1.3929088876103477,0.2643280247651782,-1.015967303793162
-0.3228563516284313,-0.7351473807433724,-1.1952257730529359,0.1263473564750498,-1.4270386327380036,-1.1193848343462958,0.2643280247651782,-1.015967303793162
-0.13821255951984676,-0.526907258744723,-1.0742582490951156,1.0730722067180898,-0.5962425798983697,-0.5723367278181918,0.2643280247651782,-1.015967303793162
0.0029856344455413955,-0.526907258744723,-1.7073546757104285,0.8363909941573299,-0.5962425798983697,-0.29881267455413973,0.2643280247651782,-1.015967303793162
0.13332242887513046,-1.0475075637413465,-0.7128429828440874,1.0730722067180898,0.23455347294126402,-0.025288621290087743,0.2643280247651782,-1.015967303793162
0.24193642423312137,-0.6310273197440477,-1.2854556474804903,0.1263473564750498,0.23455347294126402,0.24823543197396428,0.2643280247651782,-1.015967303793162
0.35055041959111227,-0.9433875027420218,-1.2854556474804903,-1.0570587063287502,0.23455347294126402,0.5217594852380163,0.2643280247651782,-1.015967303793162
0.5026100130922995,0.618413412247849,-1.496157277325054,1.0730722067180898,1.0653495257808978,0.7952835385020682,0.2643280247651782,-1.015967303793162
0.5895012093786922,-0.11042701474742408,-1.5263991583145091,-0.3470150686464702,1.0653495257808978,0.7952835385020682,0.2643280247651782,-1.015967303793162
0.6872538052008841,-0.006306953748099373,-1.1129281952783532,1.0730722067180898,1.0653495257808978,1.0688075917661204,0.2643280247651782,-1.015967303793162
0.8175905996304731,-0.11042701474742408,-1.1045001300845705,-1.2937399188895102,1.0653495257808978,1.0688075917661204,0.2643280247651782,-1.015967303793162
0.9587887935958613,1.5554939612417713,0.8101579745265006,0.3630285690358098,1.0653495257808978,1.0688075917661204,0.2643280247651782,-1.015967303793162
1.0674027889538522,0.618413412247849,-1.0742582490951156,0.1263473564750498,1.0653495257808978,1.3423316450301723,0.2643280247651782,-1.015967303793162
1.2086009829192403,-1.3598677467393208,0.6544866527119287,0.1263473564750498,-1.4270386327380036,-1.6664329408743999,1.6938261357079059,-1.015967303793162
1.3280763778130305,-0.006306953748099373,-1.737100788159073,0.1263473564750498,-1.4270386327380036,-1.3929088876103477,1.6938261357079059,-1.015967303793162
1.4366903731710212,0.930773595245823,-2.23881855145954,-0.3470150686464702,-1.4270386327380036,-1.1193848343462958,1.6938261357079059,-1.015967303793162
1.664779763422802,1.2431337782437972,-1.0742582490951156,1.0730722067180898,-0.5962425798983697,-0.5723367278181918,1.6938261357079059,-1.015967303793162
1.8059779573881902,-1.6722279297372948,-1.7073546757104285,0.8363909941573299,-0.5962425798983697,-0.5723367278181918,1.6938261357079059,-1.015967303793162
-1.6588084945317194,-0.11042701474742408,0.33372440680738114,-1.0570587063287502,-1.4270386327380036,-1.3929088876103477,-1.1651700861775494,-0.416223317746092
-1.5067489010305322,-0.6310273197440477,-0.5874135420189706,0.3630285690358098,-0.5962425798983697,-0.8458607810822437,-1.1651700861775494,-0.416223317746092
-1.3655507070651438,1.4513739002424466,-0.7133387513848983,-0.8203774937679902,-0.5962425798983697,-0.29881267455413973,-1.1651700861775494,-0.416223317746092
-1.2352139126355548,-0.526907258744723,0.08236975661633647,1.7831158444003699,0.23455347294126402,0.24823543197396428,-1.1651700861775494,-0.416223317746092
-0.9854017233121758,-1.4639878077386455,-0.6295538679878837,0.5997097815965698,1.0653495257808978,0.7952835385020682,-1.1651700861775494,-0.416223317746092
-0.529222942808614,1.5554939612417713,-0.33605889182792653,0.1263473564750498,-1.4270386327380036,-1.6664329408743999,0.2643280247651782,-0.416223317746092
-0.38802474884322585,1.2431337782437972,0.8101579745265006,0.5997097815965698,-1.4270386327380036,-1.3929088876103477,0.2643280247651782,-0.416223317746092
-0.25768795441363673,-1.1516276247406712,-0.378199217796839,-0.8203774937679902,-0.5962425798983697,-0.8458607810822437,0.2643280247651782,-0.416223317746092
-0.09476696137665042,-0.8392674417426971,0.7526488237924551,-0.5836962812072303,-0.5962425798983697,-0.5723367278181918,0.2643280247651782,-0.416223317746092
0.046431232588737756,-0.2145470757467488,0.12451008258524965,0.8363909941573299,-0.5962425798983697,-0.29881267455413973,0.2643280247651782,-0.416223317746092
0.17676802701832683,-0.006306953748099373,0.33372440680738114,0.5997097815965698,0.23455347294126402,-0.025288621290087743,0.2643280247651782,-0.416223317746092
0.27452062284051865,-0.42278719774539825,-0.5874135420189706,-1.2937399188895102,0.23455347294126402,0.24823543197396428,0.2643280247651782,-0.416223317746092
0.41571881680590683,-1.0475075637413465,-0.04305968420877967,-0.5836962812072303,0.23455347294126402,0.5217594852380163,0.2643280247651782,-0.416223317746092
0.5351942116996968,-0.8392674417426971,-0.04305968420877967,0.1263473564750498,1.0653495257808978,0.7952835385020682,0.2643280247651782,-0.416223317746092
0.6438082070576877,-0.42278719774539825,0.8101579745265006,0.5997097815965698,1.0653495257808978,1.0688075917661204,0.2643280247651782,-0.416223317746092
0.7415608028798795,1.0348936562451478,0.8101579745265006,0.3630285690358098,1.0653495257808978,1.0688075917661204,0.2643280247651782,-0.416223317746092
0.8718975973094686,-0.8392674417426971,0.8101579745265006,-1.0570587063287502,1.0653495257808978,1.0688075917661204,0.2643280247651782,-0.416223317746092
1.0239571908106557,-0.8392674417426971,0.8101579745265006,-1.2937399188895102,1.0653495257808978,1.3423316450301723,0.2643280247651782,-0.416223317746092
1.2520465810624366,0.7225334732471737,-0.7133387513848983,-1.0570587063287502,-1.4270386327380036,-1.3929088876103477,1.6938261357079059,-0.416223317746092
1.3823833754920258,-1.4639878077386455,-0.4406660539389923,2.7298406946434097,-1.4270386327380036,-1.1193848343462958,1.6938261357079059,-0.416223317746092
1.5127201699216148,-0.11042701474742408,-0.33605889182792653,2.0197970569611297,-1.4270386327380036,-1.1193848343462958,1.6938261357079059,-0.416223317746092
1.5453043685290122,0.7225334732471737,-0.378199217796839,-0.8203774937679902,-0.5962425798983697,-0.8458607810822437,1.6938261357079059,-0.416223317746092
1.7082253615659986,-2.088708173734594,0.7526488237924551,-0.5836962812072303,-0.5962425798983697,-0.5723367278181918,1.6938261357079059,-0.416223317746092
-1.6479470949959203,-0.6310273197440477,-0.6340157848551798,-0.1103338560857102,-1.4270386327380036,-1.3929088876103477,-1.1651700861775494,-1.015967303793162
-1.5067489010305322,1.1390137172444725,-1.2646333687664393,-0.5836962812072303,-0.5962425798983697,-0.8458607810822437,-1.1651700861775494,-1.015967303793162
-1.354689307529345,-0.526907258744723,-1.084669388452141,-0.1103338560857102,0.23455347294126402,-0.025288621290087743,-1.1651700861775494,-1.015967303793162
-1.2352139126355548,-0.526907258744723,-1.6850450913739452,0.8363909941573299,0.23455347294126402,0.24823543197396428,-1.1651700861775494,-1.015967303793162
-1.0831543191343675,0.7225334732471737,-1.5953109854872018,2.7298406946434097,1.0653495257808978,0.7952835385020682,-1.1651700861775494,-1.015967303793162
-0.9854017233121758,1.1390137172444725,-1.1144155009007854,-0.3470150686464702,1.0653495257808978,0.7952835385020682,-1.1651700861775494,-1.015967303793162
-0.8550649288825867,-1.0475075637413465,-0.9646934015759423,1.5464346318396098,1.0653495257808978,1.0688075917661204,-1.1651700861775494,-1.015967303793162
-0.7681737325961939,-0.3186671367460735,-0.9042096395970324,-0.3470150686464702,1.0653495257808978,1.0688075917661204,-1.1651700861775494,-1.015967303793162
-0.6269755386308058,-0.526907258744723,-0.9344515205864873,-0.1103338560857102,1.0653495257808978,1.3423316450301723,-1.1651700861775494,-1.015967303793162
-0.529222942808614,0.5142933512485242,-1.6850450913739452,-0.8203774937679902,-1.4270386327380036,-1.6664329408743999,0.2643280247651782,-1.015967303793162
-0.38802474884322585,-0.7351473807433724,-1.1446573818902406,-0.3470150686464702,-1.4270386327380036,-1.3929088876103477,0.2643280247651782,-1.015967303793162
-0.24682655487783767,-1.255747685739996,-1.3851051241834487,-1.0570587063287502,-0.5962425798983697,-0.8458607810822437,0.2643280247651782,-1.015967303793162
-0.08390556184085132,-0.6310273197440477,-1.1144155009007854,-0.1103338560857102,-0.5962425798983697,-0.5723367278181918,0.2643280247651782,-1.015967303793162
0.046431232588737756,-0.11042701474742408,-1.2348872563177948,-0.1103338560857102,-0.5962425798983697,-0.29881267455413973,0.2643280247651782,-1.015967303793162
0.17676802701832683,0.20193316825055005,-0.9944395140245867,-0.3470150686464702,0.23455347294126402,-0.025288621290087743,0.2643280247651782,-1.015967303793162
0.2853820223763177,-1.5681078687379701,-1.7152869723634,0.8363909941573299,0.23455347294126402,0.24823543197396428,0.2643280247651782,-1.015967303793162
0.4265802163417059,-0.3186671367460735,-1.7450330848120446,-1.0570587063287502,0.23455347294126402,0.5217594852380163,0.2643280247651782,-1.015967303793162
0.5351942116996968,-0.11042701474742408,-1.5650691044977465,-0.8203774937679902,1.0653495257808978,0.7952835385020682,0.2643280247651782,-1.015967303793162
0.6438082070576877,0.7225334732471737,-1.5348272235082914,-0.3470150686464702,1.0653495257808978,1.0688075917661204,0.2643280247651782,-1.015967303793162
0.7632836019514777,0.30605322924987477,0.8101579745265006,1.3097534192788498,1.0653495257808978,1.0688075917661204,0.2643280247651782,-1.015967303793162
0.8718975973094686,-0.526907258744723,-1.0658301839013333,-1.2937399188895102,1.0653495257808978,1.0688075917661204,0.2643280247651782,-1.015967303793162
1.1217097866328476,-1.255747685739996,-1.6850450913739452,-0.8203774937679902,-1.4270386327380036,-1.6664329408743999,1.6938261357079059,-1.015967303793162
1.2520465810624366,-1.3598677467393208,-1.5050811110596474,-0.5836962812072303,-1.4270386327380036,-1.3929088876103477,1.6938261357079059,-1.015967303793162
1.414967574099423,0.41017329024919946,0.8101579745265006,-0.3470150686464702,-1.4270386327380036,-1.1193848343462958,1.6938261357079059,-1.015967303793162
1.5561657680648113,2.0760942662383948,-1.3851051241834487,-1.0570587063287502,-0.5962425798983697,-0.8458607810822437,1.6938261357079059,-1.015967303793162
1.7190867611017975,0.09781310725122534,-1.1144155009007854,-0.1103338560857102,-0.5962425798983697,-0.5723367278181918,1.6938261357079059,-1.015967303793162
-1.7131154922107148,-0.9433875027420218,0.8101579745265006,-1.2937399188895102,-1.4270386327380036,-1.6664329408743999,-1.1651700861775494,1.6828806334186532
-1.615362896388523,-0.42278719774539825,0.8101579745265006,-1.2937399188895102,-1.4270386327380036,-1.1193848343462958,-1.1651700861775494,1.6828806334186532
-1.4524419033515366,-0.11042701474742408,0.8101579745265006,-1.0570587063287502,-0.5962425798983697,-0.5723367278181918,-1.1651700861775494,1.6828806334186532
-1.3003823098503493,0.618413412247849,0.8101579745265006,0.3630285690358098,0.23455347294126402,-0.025288621290087743,-1.1651700861775494,1.6828806334186532
-1.1917683144923585,-1.255747685739996,0.8101579745265006,-0.3470150686464702,0.23455347294126402,0.5217594852380163,-1.1651700861775494,1.6828806334186532
-1.0505701205269704,1.347253839243122,0.8101579745265006,-0.8203774937679902,1.0653495257808978,0.7952835385020682,-1.1651700861775494,1.6828806334186532
-0.9310947256331803,-1.3598677467393208,0.8101579745265006,0.1263473564750498,1.0653495257808978,1.0688075917661204,-1.1651700861775494,1.6828806334186532
-0.8333421298109885,-1.4639878077386455,0.8101579745265006,-0.5836962812072303,1.0653495257808978,1.0688075917661204,-1.1651700861775494,1.6828806334186532
-0.7138667349171985,-1.3598677467393208,0.8101579745265006,0.3630285690358098,1.0653495257808978,1.0688075917661204,-1.1651700861775494,1.6828806334186532
-0.5835299404876094,0.5142933512485242,0.8101579745265006,-0.8203774937679902,1.0653495257808978,1.3423316450301723,-1.1651700861775494,1.6828806334186532
-0.48577734466541767,1.5554939612417713,0.8101579745265006,-1.2937399188895102,-1.4270386327380036,-1.6664329408743999,0.2643280247651782,1.6828806334186532
-0.3445791507000295,-0.6310273197440477,0.8101579745265006,-0.5836962812072303,-1.4270386327380036,-1.1193848343462958,0.2643280247651782,1.6828806334186532
-0.15993535859144495,0.8266535342464983,0.8101579745265006,0.3630285690358098,-0.5962425798983697,-0.8458607810822437,0.2643280247651782,1.6828806334186532
-0.04045996369765496,-1.1516276247406712,0.8101579745265006,-1.2937399188895102,-0.5962425798983697,-0.29881267455413973,0.2643280247651782,1.6828806334186532
0.23107502469732227,-1.3598677467393208,0.8101579745265006,0.8363909941573299,0.23455347294126402,0.24823543197396428,0.2643280247651782,1.6828806334186532
0.3288276205195141,0.8266535342464983,0.8101579745265006,-0.8203774937679902,0.23455347294126402,0.5217594852380163,0.2643280247651782,1.6828806334186532
0.49174861355650046,-1.5681078687379701,0.8101579745265006,1.7831158444003699,1.0653495257808978,0.7952835385020682,0.2643280247651782,1.6828806334186532
0.5786398098428932,-1.0475075637413465,0.8101579745265006,1.0730722067180898,1.0653495257808978,0.7952835385020682,0.2643280247651782,1.6828806334186532
0.6872538052008841,0.09781310725122534,0.8101579745265006,-1.0570587063287502,1.0653495257808978,1.0688075917661204,0.2643280247651782,1.6828806334186532
0.795867800558875,-1.1516276247406712,-1.5363145291307236,-1.2937399188895102,1.0653495257808978,1.0688075917661204,0.2643280247651782,1.6828806334186532
0.9587887935958613,-1.4639878077386455,0.8101579745265006,-0.1103338560857102,1.0653495257808978,1.0688075917661204,0.2643280247651782,1.6828806334186532
1.056541389418053,-0.526907258744723,0.8101579745265006,-1.2937399188895102,1.0653495257808978,1.3423316450301723,0.2643280247651782,1.6828806334186532
1.176016784311843,-0.3186671367460735,0.5518625647641063,0.1263473564750498,-1.4270386327380036,-1.6664329408743999,1.6938261357079059,1.6828806334186532
1.3172149782772313,-1.4639878077386455,-1.8084914580358191,0.3630285690358098,-1.4270386327380036,-1.3929088876103477,1.6938261357079059,1.6828806334186532
1.425828973635222,-0.9433875027420218,-0.27507936130820554,0.1263473564750498,-1.4270386327380036,-1.1193848343462958,1.6938261357079059,1.6828806334186532
1.762532359244994,-0.006306953748099373,0.8101579745265006,-1.2937399188895102,-0.5962425798983697,-0.5723367278181918,1.6938261357079059,1.6828806334186532
-1.626224295924322,-0.9433875027420218,0.8101579745265006,-1.2937399188895102,-1.4270386327380036,-1.1193848343462958,-1.1651700861775494,0.783264654348048
-1.4741647024231348,1.1390137172444725,0.8101579745265006,-0.8203774937679902,-0.5962425798983697,-0.5723367278181918,-1.1651700861775494,0.783264654348048
-1.3221051089219475,0.20193316825055005,0.8101579745265006,-0.8203774937679902,0.23455347294126402,-0.025288621290087743,-1.1651700861775494,0.783264654348048
-1.2026297140281577,-0.8392674417426971,0.8101579745265006,0.8363909941573299,0.23455347294126402,0.5217594852380163,-1.1651700861775494,0.783264654348048
-1.0614315200627693,-1.255747685739996,0.8101579745265006,0.5997097815965698,1.0653495257808978,0.7952835385020682,-1.1651700861775494,0.783264654348048
-0.9419561251689794,0.41017329024919946,0.8101579745265006,0.1263473564750498,1.0653495257808978,1.0688075917661204,-1.1651700861775494,0.783264654348048
-0.8442035293467876,-0.8392674417426971,0.8101579745265006,-0.8203774937679902,1.0653495257808978,1.0688075917661204,-1.1651700861775494,0.783264654348048
-0.7247281344529977,0.30605322924987477,0.8101579745265006,0.3630285690358098,1.0653495257808978,1.0688075917661204,-1.1651700861775494,0.783264654348048
-0.5943913400234085,-0.8392674417426971,0.8101579745265006,1.7831158444003699,1.0653495257808978,1.3423316450301723,-1.1651700861775494,0.783264654348048
-0.5075001437370158,0.5142933512485242,0.8101579745265006,0.1263473564750498,-1.4270386327380036,-1.6664329408743999,0.2643280247651782,0.783264654348048
-0.35544055023582855,-1.1516276247406712,0.8101579745265006,-0.3470150686464702,-1.4270386327380036,-1.3929088876103477,0.2643280247651782,0.783264654348048
-0.19251955719884223,0.930773595245823,0.8101579745265006,1.3097534192788498,-0.5962425798983697,-0.8458607810822437,0.2643280247651782,0.783264654348048
-0.06218276276925314,0.20193316825055005,0.8101579745265006,-1.0570587063287502,-0.5962425798983697,-0.29881267455413973,0.2643280247651782,0.783264654348048
0.07901543119613502,-1.5681078687379701,0.8101579745265006,-0.8203774937679902,0.23455347294126402,-0.025288621290087743,0.2643280247651782,0.783264654348048
0.2093522256257241,0.41017329024919946,0.8101579745265006,-0.8203774937679902,0.23455347294126402,0.24823543197396428,0.2643280247651782,0.783264654348048
0.3071048214479159,0.930773595245823,0.8101579745265006,-1.2937399188895102,0.23455347294126402,0.24823543197396428,0.2643280247651782,0.783264654348048
0.45916441494910315,-1.3598677467393208,0.8101579745265006,-0.3470150686464702,1.0653495257808978,0.7952835385020682,-1.1651700861775494,0.783264654348048
0.5677784103070941,0.8266535342464983,0.8101579745265006,0.8363909941573299,1.0653495257808978,0.7952835385020682,0.2643280247651782,0.783264654348048
0.676392405665085,-0.8392674417426971,0.8101579745265006,0.1263473564750498,1.0653495257808978,1.0688075917661204,0.2643280247651782,0.783264654348048
0.7850064010230758,-0.9433875027420218,-0.9299896037191905,0.8363909941573299,1.0653495257808978,1.0688075917661204,0.2643280247651782,0.783264654348048
0.915343195452665,-1.0475075637413465,-1.5536664280590995,-0.8203774937679902,1.0653495257808978,1.0688075917661204,0.2643280247651782,0.783264654348048
1.165155384776044,1.4513739002424466,0.8101579745265006,-1.0570587063287502,-1.4270386327380036,-1.6664329408743999,1.6938261357079059,0.783264654348048
1.3063535787414322,-0.6310273197440477,0.8101579745265006,-0.3470150686464702,-1.4270386327380036,-1.3929088876103477,1.6938261357079059,0.783264654348048
1.6104727657438067,0.618413412247849,0.8101579745265006,1.3097534192788498,-0.5962425798983697,-0.8458607810822437,1.6938261357079059,0.783264654348048
1.7408095601733957,2.0760942662383948,0.8101579745265006,-1.0570587063287502,-0.5962425798983697,-0.5723367278181918,1.6938261357079059,0.783264654348048
-1.6913926931391166,-0.8392674417426971,-0.029178165066079644,1.3097534192788498,-1.4270386327380036,-1.6664329408743999,-1.1651700861775494,0.008595339037249272
-1.5936400973169247,-1.255747685739996,0.8101579745265006,-1.0570587063287502,-1.4270386327380036,-1.1193848343462958,-1.1651700861775494,0.008595339037249272
-1.4415805038157374,-0.42278719774539825,0.322817498909545,1.3097534192788498,-0.5962425798983697,-0.5723367278181918,-1.1651700861775494,0.008595339037249272
-1.3003823098503493,1.1390137172444725,0.8101579745265006,-1.2937399188895102,0.23455347294126402,-0.025288621290087743,-1.1651700861775494,0.008595339037249272
-1.1809069149565594,1.2431337782437972,0.3728901215314298,0.5997097815965698,0.23455347294126402,0.5217594852380163,-1.1651700861775494,0.008595339037249272
-1.0397087209911713,-0.42278719774539825,0.8101579745265006,-1.0570587063287502,1.0653495257808978,0.7952835385020682,-1.1651700861775494,0.008595339037249272
-0.9202333260973812,1.1390137172444725,0.8101579745265006,-0.3470150686464702,1.0653495257808978,1.0688075917661204,-1.1651700861775494,0.008595339037249272
-0.8224807302751894,0.20193316825055005,0.27224910774684985,0.5997097815965698,1.0653495257808978,1.0688075917661204,-1.1651700861775494,0.008595339037249272
-0.7138667349171985,-0.7351473807433724,0.47353113531600904,-1.2937399188895102,1.0653495257808978,1.0688075917661204,-1.1651700861775494,0.008595339037249272
-0.5726685409518104,0.20193316825055005,0.322817498909545,0.1263473564750498,1.0653495257808978,1.3423316450301723,-1.1651700861775494,0.008595339037249272
-0.47491594512961854,1.4513739002424466,0.8101579745265006,-0.5836962812072303,-1.4270386327380036,-1.6664329408743999,0.2643280247651782,0.008595339037249272
-0.33371775116423036,-1.1516276247406712,0.8101579745265006,-0.8203774937679902,-1.4270386327380036,-1.1193848343462958,0.2643280247651782,0.008595339037249272
-0.15993535859144495,-0.526907258744723,0.8101579745265006,-1.2937399188895102,-0.5962425798983697,-0.8458607810822437,0.2643280247651782,0.008595339037249272
-0.018737164626056783,1.5554939612417713,0.22217648512496505,-1.2937399188895102,-0.5962425798983697,-0.29881267455413973,0.2643280247651782,0.008595339037249272
0.12246102933933138,-0.42278719774539825,0.6237490031816628,0.8363909941573299,0.23455347294126402,-0.025288621290087743,0.2643280247651782,0.008595339037249272
0.23107502469732227,1.1390137172444725,0.8101579745265006,-0.8203774937679902,0.23455347294126402,0.24823543197396428,0.2643280247651782,0.008595339037249272
0.35055041959111227,1.2431337782437972,0.8101579745265006,1.3097534192788498,0.23455347294126402,0.5217594852380163,0.2643280247651782,0.008595339037249272
0.49174861355650046,1.1390137172444725,0.8101579745265006,0.1263473564750498,1.0653495257808978,0.7952835385020682,0.2643280247651782,0.008595339037249272
0.5786398098428932,0.20193316825055005,0.8101579745265006,-0.5836962812072303,1.0653495257808978,0.7952835385020682,0.2643280247651782,0.008595339037249272
0.6872538052008841,-0.2145470757467488,0.8101579745265006,1.3097534192788498,1.0653495257808978,1.0688075917661204,0.2643280247651782,0.008595339037249272
0.8067292000946741,-0.42278719774539825,0.322817498909545,-0.3470150686464702,1.0653495257808978,1.0688075917661204,0.2643280247651782,0.008595339037249272
0.9587887935958613,1.347253839243122,0.8101579745265006,0.5997097815965698,1.0653495257808978,1.0688075917661204,0.2643280247651782,0.008595339037249272
1.0674027889538522,0.618413412247849,0.1721038625030802,-0.1103338560857102,1.0653495257808978,1.3423316450301723,0.2643280247651782,0.008595339037249272
1.1977395833834412,0.7225334732471737,0.8101579745265006,-1.2937399188895102,-1.4270386327380036,-1.6664329408743999,1.6938261357079059,0.008595339037249272
1.3280763778130305,0.618413412247849,0.8101579745265006,0.3630285690358098,-1.4270386327380036,-1.3929088876103477,1.6938261357079059,0.008595339037249272
1.4366903731710212,-0.3186671367460735,-1.9041747864122915,-0.1103338560857102,-1.4270386327380036,-1.1193848343462958,1.6938261357079059,0.008595339037249272
1.7842551583165922,-2.6093084787312173,0.22217648512496505,-1.2937399188895102,-0.5962425798983697,-0.5723367278181918,1.6938261357079059,0.008595339037249272
-1.6913926931391166,-0.006306953748099373,-1.29884139808238,1.7831158444003699,-1.4270386327380036,-1.6664329408743999,-1.1651700861775494,-0.9659886382892395
-1.6045014968527238,-0.7351473807433724,-0.958248410545403,-1.0570587063287502,-1.4270386327380036,-1.1193848343462958,-1.1651700861775494,-0.9659886382892395
-1.4415805038157374,1.1390137172444725,-0.493713287805741,1.7831158444003699,-0.5962425798983697,-0.5723367278181918,-1.1651700861775494,-0.9659886382892395
-1.3003823098503493,-1.5681078687379701,-0.6176554230084256,-0.8203774937679902,0.23455347294126402,-0.025288621290087743,-1.1651700861775494,-0.9659886382892395
-1.1809069149565594,-0.526907258744723,-1.6701720351496232,1.0730722067180898,0.23455347294126402,0.5217594852380163,-1.1651700861775494,-0.9659886382892395
-1.0397087209911713,1.347253839243122,-0.6791307220689575,-0.5836962812072303,1.0653495257808978,0.7952835385020682,-1.1651700861775494,-0.9659886382892395
-0.9310947256331803,-0.7351473807433724,-1.4842588323455963,-1.0570587063287502,1.0653495257808978,1.0688075917661204,-1.1651700861775494,-0.9659886382892395
-0.8224807302751894,0.41017329024919946,-0.7723352077413761,1.0730722067180898,1.0653495257808978,1.0688075917661204,-1.1651700861775494,-0.9659886382892395
-0.7138667349171985,-1.1516276247406712,-1.5774633180180149,-0.8203774937679902,1.0653495257808978,1.0688075917661204,-1.1651700861775494,-0.9659886382892395
-0.5726685409518104,-0.7351473807433724,-0.8030728572716421,0.5997097815965698,1.0653495257808978,1.3423316450301723,-1.1651700861775494,-0.9659886382892395
-0.47491594512961854,-0.42278719774539825,-1.2368703304810378,-0.1103338560857102,-1.4270386327380036,-1.6664329408743999,0.2643280247651782,-0.9659886382892395
-0.33371775116423036,1.0348936562451478,-0.9889860600756686,-0.3470150686464702,-1.4270386327380036,-1.1193848343462958,0.2643280247651782,-0.9659886382892395
-0.15993535859144495,-1.1516276247406712,-1.2676079800113034,-0.8203774937679902,-0.5962425798983697,-0.8458607810822437,0.2643280247651782,-0.9659886382892395
-0.018737164626056783,1.4513739002424466,-1.4842588323455963,-0.8203774937679902,-0.5962425798983697,-0.29881267455413973,0.2643280247651782,-0.9659886382892395
0.11159962980353229,-0.3186671367460735,-1.0202194781467453,-1.2937399188895102,0.23455347294126402,-0.025288621290087743,0.2643280247651782,-0.9659886382892395
0.23107502469732227,0.8266535342464983,-0.7411017896702998,-0.3470150686464702,0.23455347294126402,0.24823543197396428,0.2643280247651782,-0.9659886382892395
0.35055041959111227,0.20193316825055005,-1.6394343856193572,1.7831158444003699,0.23455347294126402,0.5217594852380163,0.2643280247651782,-0.9659886382892395
0.49174861355650046,-1.1516276247406712,-0.9270149924743267,0.5997097815965698,1.0653495257808978,0.7952835385020682,0.2643280247651782,-0.9659886382892395
0.5786398098428932,-0.006306953748099373,-1.4842588323455963,-0.1103338560857102,1.0653495257808978,0.7952835385020682,0.2643280247651782,-0.9659886382892395
0.6872538052008841,0.618413412247849,-2.666666802179207,1.5464346318396098,1.0653495257808978,1.0688075917661204,0.2643280247651782,-0.9659886382892395
0.795867800558875,-0.9433875027420218,0.8101579745265006,2.4931594820826497,1.0653495257808978,1.0688075917661204,0.2643280247651782,-0.9659886382892395
0.9587887935958613,-0.11042701474742408,-0.9270149924743267,0.8363909941573299,1.0653495257808978,1.0688075917661204,0.2643280247651782,-0.9659886382892395
1.0674027889538522,1.4513739002424466,-0.6483930725386915,-0.3470150686464702,1.0653495257808978,1.3423316450301723,0.2643280247651782,-0.9659886382892395
1.1977395833834412,-0.7351473807433724,-1.9557347146566084,-0.1103338560857102,-1.4270386327380036,-1.6664329408743999,1.6938261357079059,-0.9659886382892395
1.3280763778130305,0.5142933512485242,-0.7723352077413761,-0.5836962812072303,-1.4270386327380036,-1.3929088876103477,1.6938261357079059,-0.9659886382892395
1.4475517727068203,0.20193316825055005,-1.1748992628796955,-0.8203774937679902,-1.4270386327380036,-1.1193848343462958,1.6938261357079059,-0.9659886382892395
1.7842551583165922,-0.42278719774539825,-1.4842588323455963,-0.8203774937679902,-0.5962425798983697,-0.5723367278181918,1.6938261357079059,-0.9659886382892395
-1.6588084945317194,0.618413412247849,-0.0108347290560821,2.7298406946434097,-1.4270386327380036,-1.3929088876103477,-1.1651700861775494,-0.3662446522421695
-1.517610300566331,-1.4639878077386455,0.28761793251198214,0.5997097815965698,-0.5962425798983697,-0.8458607810822437,-1.1651700861775494,-0.3662446522421695
-1.3981349056725412,0.5142933512485242,0.6287066885897706,-1.0570587063287502,-0.5962425798983697,-0.29881267455413973,-1.1651700861775494,-0.3662446522421695
-1.256936711707153,1.1390137172444725,-0.4371956741533168,1.5464346318396098,0.23455347294126402,0.24823543197396428,-1.1651700861775494,-0.3662446522421695
-1.126599917277564,0.930773595245823,-0.22401520160469943,1.0730722067180898,1.0653495257808978,0.7952835385020682,-1.1651700861775494,-0.3662446522421695
-0.9962631228479749,1.1390137172444725,-0.5224678631727637,0.1263473564750498,1.0653495257808978,0.7952835385020682,-1.1651700861775494,-0.3662446522421695
-0.8767877279541849,0.618413412247849,-0.09610691807552903,0.8363909941573299,1.0653495257808978,1.0688075917661204,-1.1651700861775494,-0.3662446522421695
-0.7898965316677922,-0.3186671367460735,0.28761793251198214,0.1263473564750498,1.0653495257808978,1.0688075917661204,-1.1651700861775494,-0.3662446522421695
-0.6704211367740022,1.1390137172444725,0.20234574349253523,-0.5836962812072303,1.0653495257808978,1.0688075917661204,-1.1651700861775494,-0.3662446522421695
-0.540084342344413,-0.7351473807433724,0.8101579745265006,-0.1103338560857102,-1.4270386327380036,-1.6664329408743999,0.2643280247651782,-0.3662446522421695
-0.3988861483790249,1.4513739002424466,0.5434344995703236,0.8363909941573299,-1.4270386327380036,-1.3929088876103477,0.2643280247651782,-0.3662446522421695
-0.11648976044824859,-1.4639878077386455,-0.4798317686630402,-1.2937399188895102,-0.5962425798983697,-0.5723367278181918,0.2643280247651782,-0.3662446522421695
0.03556983305293866,-0.3186671367460735,0.031801365453641366,2.0197970569611297,-0.5962425798983697,-0.29881267455413973,0.2643280247651782,-0.3662446522421695
0.15504522794672865,-0.11042701474742408,0.7139788776092175,-1.0570587063287502,0.23455347294126402,-0.025288621290087743,0.2643280247651782,-0.3662446522421695
0.2636592233047195,-1.4639878077386455,0.7139788776092175,-0.5836962812072303,0.23455347294126402,0.24823543197396428,0.2643280247651782,-0.3662446522421695
0.4048574172701077,-1.4639878077386455,0.6287066885897706,1.5464346318396098,0.23455347294126402,0.5217594852380163,0.2643280247651782,-0.3662446522421695
0.5243328121638977,-0.42278719774539825,-0.0108347290560821,0.1263473564750498,1.0653495257808978,0.7952835385020682,0.2643280247651782,-0.3662446522421695
0.6220854079860895,-1.4639878077386455,0.5434344995703236,2.0197970569611297,1.0653495257808978,1.0688075917661204,0.2643280247651782,-0.3662446522421695
0.7415608028798795,-1.0475075637413465,-1.8739329054228366,-0.3470150686464702,1.0653495257808978,1.0688075917661204,0.2643280247651782,-0.3662446522421695
0.8610361977736695,-0.7351473807433724,-0.05347082356580556,-0.8203774937679902,1.0653495257808978,1.0688075917661204,0.2643280247651782,-0.3662446522421695
0.9913729922032586,0.8266535342464983,-0.9265192239335157,-0.1103338560857102,1.0653495257808978,1.3423316450301723,0.2643280247651782,-0.3662446522421695
1.2411851815266377,-1.3598677467393208,0.1527688894114614,-0.3470150686464702,-1.4270386327380036,-1.6664329408743999,1.6938261357079059,-0.3662446522421695
1.3823833754920258,0.20193316825055005,0.4636157644997948,-0.3470150686464702,-1.4270386327380036,-1.1193848343462958,1.6938261357079059,-0.3662446522421695
1.5127201699216148,-0.7351473807433724,-0.5651039576824871,2.7298406946434097,-1.4270386327380036,-1.1193848343462958,1.6938261357079059,-0.3662446522421695
1.534442968993213,-0.526907258744723,-0.4371956741533168,0.1263473564750498,-0.5962425798983697,-0.8458607810822437,1.6938261357079059,-0.3662446522421695
1.6865025624944003,0.930773595245823,-0.4798317686630402,-1.2937399188895102,-0.5962425798983697,-0.5723367278181918,1.6938261357079059,-0.3662446522421695
-1.6913926931391166,-1.0475075637413465,0.8101579745265006,1.5464346318396098,-1.4270386327380036,-1.6664329408743999,-1.1651700861775494,0.08356333729313303
-1.6045014968527238,0.8266535342464983,0.8101579745265006,-1.2937399188895102,-1.4270386327380036,-1.1193848343462958,-1.1651700861775494,0.08356333729313303
-1.4415805038157374,-0.526907258744723,0.680762385374898,1.5464346318396098,-0.5962425798983697,-0.5723367278181918,-1.1651700861775494,0.08356333729313303
-1.3003823098503493,-1.5681078687379701,0.31736404496062687,-1.0570587063287502,0.23455347294126402,-0.025288621290087743,-1.1651700861775494,0.08356333729313303
-1.1809069149565594,-0.9433875027420218,0.8101579745265006,0.8363909941573299,0.23455347294126402,0.5217594852380163,-1.1651700861775494,0.08356333729313303
-1.0397087209911713,0.5142933512485242,0.8101579745265006,-0.8203774937679902,1.0653495257808978,0.7952835385020682,-1.1651700861775494,0.08356333729313303
-0.9310947256331803,-0.42278719774539825,0.2653083481754995,-1.2937399188895102,1.0653495257808978,1.0688075917661204,-1.1651700861775494,0.08356333729313303
-0.8224807302751894,-1.3598677467393208,0.8101579745265006,0.8363909941573299,1.0653495257808978,1.0688075917661204,-1.1651700861775494,0.08356333729313303
-0.7138667349171985,-1.255747685739996,0.8101579745265006,-1.0570587063287502,1.0653495257808978,1.0688075917661204,-1.1651700861775494,0.08356333729313303
-0.5726685409518104,-0.526907258744723,0.8101579745265006,0.3630285690358098,1.0653495257808978,1.3423316450301723,-1.1651700861775494,0.08356333729313303
-0.47491594512961854,1.4513739002424466,0.8101579745265006,-0.3470150686464702,-1.4270386327380036,-1.6664329408743999,0.2643280247651782,0.08356333729313303
-0.33371775116423036,-0.42278719774539825,0.8101579745265006,-0.5836962812072303,-1.4270386327380036,-1.1193848343462958,0.2643280247651782,0.08356333729313303
-0.15993535859144495,-0.6310273197440477,0.8101579745265006,-1.0570587063287502,-0.5962425798983697,-0.8458607810822437,0.2643280247651782,0.08356333729313303
-0.018737164626056783,0.20193316825055005,0.05758132957579956,-1.0570587063287502,-0.5962425798983697,-0.29881267455413973,0.2643280247651782,0.08356333729313303
0.12246102933933138,0.30605322924987477,0.8101579745265006,1.0730722067180898,0.23455347294126402,-0.025288621290087743,0.2643280247651782,0.08356333729313303
0.23107502469732227,-0.6310273197440477,0.8101579745265006,-0.5836962812072303,0.23455347294126402,0.24823543197396428,0.2643280247651782,0.08356333729313303
0.35055041959111227,-1.255747685739996,0.8101579745265006,1.5464346318396098,0.23455347294126402,0.5217594852380163,0.2643280247651782,0.08356333729313303
0.49174861355650046,-0.9433875027420218,0.10963702636092765,0.3630285690358098,1.0653495257808978,0.7952835385020682,0.2643280247651782,0.08356333729313303
0.5786398098428932,0.30605322924987477,0.8101579745265006,-0.3470150686464702,1.0653495257808978,0.7952835385020682,0.2643280247651782,0.08356333729313303
0.6872538052008841,1.347253839243122,-1.8154322176071696,0.1263473564750498,1.0653495257808978,1.0688075917661204,0.2643280247651782,0.08356333729313303
0.795867800558875,0.5142933512485242,-2.1743686411541443,2.7298406946434097,1.0653495257808978,1.0688075917661204,0.2643280247651782,0.08356333729313303
0.9587887935958613,1.0348936562451478,0.8101579745265006,1.0730722067180898,1.0653495257808978,1.0688075917661204,0.2643280247651782,0.08356333729313303
1.0674027889538522,0.930773595245823,0.8101579745265006,-0.5836962812072303,1.0653495257808978,1.3423316450301723,0.2643280247651782,0.08356333729313303
1.1977395833834412,-1.4639878077386455,0.5236037579378938,-0.3470150686464702,-1.4270386327380036,-1.6664329408743999,1.6938261357079059,0.08356333729313303
1.3280763778130305,-0.006306953748099373,0.8101579745265006,-0.3470150686464702,-1.4270386327380036,-1.3929088876103477,1.6938261357079059,0.08356333729313303
1.4475517727068203,-0.6310273197440477,0.16169272314605504,-1.0570587063287502,-1.4270386327380036,-1.1193848343462958,1.6938261357079059,0.08356333729313303
1.7842551583165922,-1.4639878077386455,0.05758132957579956,-1.0570587063287502,-0.5962425798983697,-0.5723367278181918,1.6938261357079059,0.08356333729313303
-1.6696698940675183,-1.3598677467393208,0.8101579745265006,1.0730722067180898,-1.4270386327380036,-1.3929088876103477,-1.1651700861775494,0.8832219853558931
-1.5393330996379293,-0.9433875027420218,0.8101579745265006,-0.3470150686464702,-0.5962425798983697,-0.8458607810822437,-1.1651700861775494,0.8832219853558931
-1.4198577047441394,0.618413412247849,0.8101579745265006,-1.0570587063287502,-0.5962425798983697,-0.29881267455413973,-1.1651700861775494,0.8832219853558931
-1.2677981112429522,1.2431337782437972,0.8101579745265006,0.3630285690358098,0.23455347294126402,0.24823543197396428,-1.1651700861775494,0.8832219853558931
-1.148322716349162,-0.42278719774539825,0.8101579745265006,0.1263473564750498,0.23455347294126402,0.5217594852380163,-1.1651700861775494,0.8832219853558931
-1.007124522383774,0.8266535342464983,0.8101579745265006,-1.0570587063287502,1.0653495257808978,0.7952835385020682,-1.1651700861775494,0.8832219853558931
-0.8876491274899839,-1.255747685739996,0.8101579745265006,0.5997097815965698,1.0653495257808978,1.0688075917661204,-1.1651700861775494,0.8832219853558931
-0.8007579312035913,-0.7351473807433724,0.8101579745265006,0.5997097815965698,1.0653495257808978,1.0688075917661204,-1.1651700861775494,0.8832219853558931
-0.6812825363098013,1.4513739002424466,0.8101579745265006,-1.2937399188895102,1.0653495257808978,1.0688075917661204,-1.1651700861775494,0.8832219853558931
-0.5509457418802122,-1.1516276247406712,0.8101579745265006,0.5997097815965698,-1.4270386327380036,-1.6664329408743999,0.2643280247651782,0.8832219853558931
-0.40974754791482404,-0.2145470757467488,0.8101579745265006,-0.8203774937679902,-1.4270386327380036,-1.3929088876103477,0.2643280247651782,0.8832219853558931
-0.29027215302103404,-1.3598677467393208,0.8101579745265006,-0.1103338560857102,-1.4270386327380036,-1.1193848343462958,0.2643280247651782,0.8832219853558931
-0.11648976044824859,-0.3186671367460735,0.8101579745265006,1.3097534192788498,-0.5962425798983697,-0.5723367278181918,0.2643280247651782,0.8832219853558931
0.15504522794672865,0.5142933512485242,0.8101579745265006,1.5464346318396098,0.23455347294126402,-0.025288621290087743,0.2643280247651782,0.8832219853558931
0.25279782376892046,0.8266535342464983,0.8101579745265006,-1.2937399188895102,0.23455347294126402,0.24823543197396428,0.2643280247651782,0.8832219853558931
0.37227321866271046,-1.1516276247406712,0.8101579745265006,-0.5836962812072303,0.23455347294126402,0.5217594852380163,0.2643280247651782,0.8832219853558931
0.5134714126280986,-0.3186671367460735,0.8101579745265006,0.5997097815965698,1.0653495257808978,0.7952835385020682,0.2643280247651782,0.8832219853558931
0.6003626089144913,-1.5681078687379701,0.8101579745265006,-1.2937399188895102,1.0653495257808978,0.7952835385020682,0.2643280247651782,0.8832219853558931
0.7198380038082813,-1.1516276247406712,-0.720775279497059,0.5997097815965698,1.0653495257808978,1.0688075917661204,0.2643280247651782,0.8832219853558931
0.8393133987020713,1.347253839243122,0.8101579745265006,1.3097534192788498,1.0653495257808978,1.0688075917661204,0.2643280247651782,0.8832219853558931
0.9913729922032586,0.930773595245823,0.8101579745265006,-1.2937399188895102,1.0653495257808978,1.3423316450301723,0.2643280247651782,0.8832219853558931
1.2303237819908386,-0.7351473807433724,0.8101579745265006,-0.8203774937679902,-1.4270386327380036,-1.6664329408743999,1.6938261357079059,0.8832219853558931
1.3497991768846285,-1.1516276247406712,-1.0975593705132203,0.5997097815965698,-1.4270386327380036,-1.3929088876103477,1.6938261357079059,0.8832219853558931
1.4909973708500166,-0.2145470757467488,0.8101579745265006,-1.0570587063287502,-1.4270386327380036,-1.1193848343462958,1.6938261357079059,0.8832219853558931
1.6865025624944003,0.618413412247849,0.8101579745265006,1.3097534192788498,-0.5962425798983697,-0.5723367278181918,1.6938261357079059,0.8832219853558931
-1.6805312936033174,-1.255747685739996,0.8101579745265006,1.5464346318396098,-1.4270386327380036,-1.6664329408743999,-1.1651700861775494,1.7078699661706145
-1.626224295924322,1.1390137172444725,0.8101579745265006,-0.3470150686464702,-1.4270386327380036,-1.1193848343462958,-1.1651700861775494,1.7078699661706145
-1.5719172982453267,1.347253839243122,0.8101579745265006,-0.5836962812072303,-0.5962425798983697,-0.8458607810822437,-1.1651700861775494,1.7078699661706145
-1.485026101958934,-1.0475075637413465,0.8101579745265006,-0.8203774937679902,-0.5962425798983697,-0.5723367278181918,-1.1651700861775494,1.7078699661706145
-1.4307191042799385,-1.3598677467393208,0.8101579745265006,2.0197970569611297,-0.5962425798983697,-0.29881267455413973,-1.1651700861775494,1.7078699661706145
-1.3329665084577467,0.618413412247849,0.8101579745265006,-0.8203774937679902,0.23455347294126402,-0.025288621290087743,-1.1651700861775494,1.7078699661706145
-1.2786595107787513,-0.11042701474742408,0.8101579745265006,0.5997097815965698,0.23455347294126402,0.24823543197396428,-1.1651700861775494,1.7078699661706145
-1.2026297140281577,-0.3186671367460735,0.8101579745265006,1.7831158444003699,0.23455347294126402,0.5217594852380163,-1.1651700861775494,1.7078699661706145
-1.1700455154207603,-1.4639878077386455,0.8101579745265006,0.1263473564750498,0.23455347294126402,0.5217594852380163,-1.1651700861775494,1.7078699661706145
-1.0722929195985684,-1.5681078687379701,0.8101579745265006,-1.2937399188895102,1.0653495257808978,0.7952835385020682,-1.1651700861775494,1.7078699661706145
-1.017985921919573,1.2431337782437972,0.8101579745265006,2.2564782695218897,1.0653495257808978,0.7952835385020682,-1.1651700861775494,1.7078699661706145
-0.9528175247047785,0.41017329024919946,0.8101579745265006,-0.8203774937679902,1.0653495257808978,1.0688075917661204,-1.1651700861775494,1.7078699661706145
-0.9093719265615822,-0.6310273197440477,0.8101579745265006,-0.3470150686464702,1.0653495257808978,1.0688075917661204,-1.1651700861775494,1.7078699661706145
-0.8442035293467876,1.0348936562451478,0.8101579745265006,0.1263473564750498,1.0653495257808978,1.0688075917661204,-1.1651700861775494,1.7078699661706145
-0.8116193307393903,-0.7351473807433724,0.8101579745265006,0.8363909941573299,1.0653495257808978,1.0688075917661204,-1.1651700861775494,1.7078699661706145
-0.7247281344529977,-0.9433875027420218,0.8101579745265006,1.3097534192788498,1.0653495257808978,1.0688075917661204,-1.1651700861775494,1.7078699661706145
-0.6921439358456003,1.5554939612417713,0.8101579745265006,0.8363909941573299,1.0653495257808978,1.0688075917661204,-1.1651700861775494,1.7078699661706145
-0.6052527395592077,1.347253839243122,0.8101579745265006,-1.2937399188895102,1.0653495257808978,1.3423316450301723,-1.1651700861775494,1.7078699661706145
-0.5618071414160113,-1.0475075637413465,0.8101579745265006,1.0730722067180898,1.0653495257808978,1.3423316450301723,-1.1651700861775494,1.7078699661706145
-0.5075001437370158,0.5142933512485242,0.8101579745265006,1.0730722067180898,-1.4270386327380036,-1.6664329408743999,0.2643280247651782,1.7078699661706145
-0.36630194977162767,0.8266535342464983,0.8101579745265006,-1.0570587063287502,-1.4270386327380036,-1.3929088876103477,0.2643280247651782,1.7078699661706145
-0.3228563516284313,-1.3598677467393208,0.8101579745265006,-0.3470150686464702,-1.4270386327380036,-1.1193848343462958,0.2643280247651782,1.7078699661706145
-0.2142423562704404,1.2431337782437972,0.8101579745265006,-1.2937399188895102,-0.5962425798983697,-0.8458607810822437,0.2643280247651782,1.7078699661706145
-0.13821255951984676,0.09781310725122534,0.8101579745265006,0.5997097815965698,-0.5962425798983697,-0.5723367278181918,0.2643280247651782,1.7078699661706145
-0.06218276276925314,0.5142933512485242,0.8101579745265006,-0.1103338560857102,-0.5962425798983697,-0.29881267455413973,0.2643280247651782,1.7078699661706145
0.0029856344455413955,-0.8392674417426971,0.8101579745265006,0.3630285690358098,-0.5962425798983697,-0.29881267455413973,0.2643280247651782,1.7078699661706145
0.07901543119613502,-0.6310273197440477,0.8101579745265006,0.1263473564750498,0.23455347294126402,-0.025288621290087743,0.2643280247651782,1.7078699661706145
0.13332242887513046,-1.5681078687379701,0.8101579745265006,0.5997097815965698,0.23455347294126402,-0.025288621290087743,0.2643280247651782,1.7078699661706145
0.2093522256257241,0.7225334732471737,0.8101579745265006,0.1263473564750498,0.23455347294126402,0.24823543197396428,0.2643280247651782,1.7078699661706145
0.24193642423312137,-1.0475075637413465,0.8101579745265006,-0.3470150686464702,0.23455347294126402,0.24823543197396428,0.2643280247651782,1.7078699661706145
0.3071048214479159,0.09781310725122534,0.8101579745265006,-0.3470150686464702,0.23455347294126402,0.24823543197396428,0.2643280247651782,1.7078699661706145
0.36141181912691134,-1.4639878077386455,0.8101579745265006,1.3097534192788498,0.23455347294126402,0.5217594852380163,0.2643280247651782,1.7078699661706145
0.45916441494910315,-1.255747685739996,0.8101579745265006,0.5997097815965698,1.0653495257808978,0.7952835385020682,-1.1651700861775494,1.7078699661706145
0.5026100130922995,0.20193316825055005,0.8101579745265006,0.5997097815965698,1.0653495257808978,0.7952835385020682,0.2643280247651782,1.7078699661706145
0.556917010771295,1.347253839243122,0.8101579745265006,-0.8203774937679902,1.0653495257808978,0.7952835385020682,0.2643280247651782,1.7078699661706145
0.5895012093786922,-1.0475075637413465,0.8101579745265006,-0.8203774937679902,1.0653495257808978,0.7952835385020682,0.2643280247651782,1.7078699661706145
0.676392405665085,-0.2145470757467488,0.8101579745265006,1.0730722067180898,1.0653495257808978,1.0688075917661204,0.2643280247651782,1.7078699661706145
0.7089766042724822,-0.8392674417426971,0.8101579745265006,1.3097534192788498,1.0653495257808978,1.0688075917661204,0.2643280247651782,1.7078699661706145
0.7850064010230758,-0.8392674417426971,0.8101579745265006,1.0730722067180898,1.0653495257808978,1.0688075917661204,0.2643280247651782,1.7078699661706145
0.8175905996304731,-1.5681078687379701,0.8101579745265006,-0.8203774937679902,1.0653495257808978,1.0688075917661204,0.2643280247651782,1.7078699661706145
0.9044817959168658,-0.526907258744723,0.8101579745265006,-0.5836962812072303,1.0653495257808978,1.0688075917661204,0.2643280247651782,1.7078699661706145
0.9805115926674595,1.347253839243122,0.8101579745265006,-0.1103338560857102,1.0653495257808978,1.3423316450301723,0.2643280247651782,1.7078699661706145
1.0782641884896513,-0.3186671367460735,0.48741265445870974,1.3097534192788498,1.0653495257808978,1.3423316450301723,0.2643280247651782,1.7078699661706145
1.165155384776044,-0.11042701474742408,0.8101579745265006,-1.2937399188895102,-1.4270386327380036,-1.6664329408743999,1.6938261357079059,1.7078699661706145
1.2086009829192403,-0.8392674417426971,-1.329083279071835,0.5997097815965698,-1.4270386327380036,-1.6664329408743999,1.6938261357079059,1.7078699661706145
1.284630779669834,0.41017329024919946,0.8101579745265006,-0.8203774937679902,-1.4270386327380036,-1.3929088876103477,1.6938261357079059,1.7078699661706145
1.3497991768846285,1.2431337782437972,0.8101579745265006,-0.1103338560857102,-1.4270386327380036,-1.3929088876103477,1.6938261357079059,1.7078699661706145
1.4692745717784186,-1.3598677467393208,0.8101579745265006,-0.3470150686464702,-1.4270386327380036,-1.1193848343462958,1.6938261357079059,1.7078699661706145
1.5887499666722085,2.0760942662383948,0.8101579745265006,-1.2937399188895102,-0.5962425798983697,-0.8458607810822437,1.6938261357079059,1.7078699661706145
1.664779763422802,2.5966945712350187,0.8101579745265006,0.5997097815965698,-0.5962425798983697,-0.5723367278181918,1.6938261357079059,1.7078699661706145
1.7408095601733957,-0.006306953748099373,0.8101579745265006,-0.1103338560857102,-0.5962425798983697,-0.5723367278181918,1.6938261357079059,1.7078699661706145
1.8059779573881902,-0.7351473807433724,0.8101579745265006,0.3630285690358098,-0.5962425798983697,-0.5723367278181918,1.6938261357079059,1.7078699661706145
-1.6696698940675183,0.30605322924987477,0.8101579745265006,1.5464346318396098,-1.4270386327380036,-1.3929088876103477,-1.1651700861775494,-0.01639399371471198
-1.5393330996379293,-1.4639878077386455,0.6019351873859904,0.1263473564750498,-0.5962425798983697,-0.8458607810822437,-1.1651700861775494,-0.01639399371471198
-1.4198577047441394,0.618413412247849,0.8101579745265006,-0.5836962812072303,-0.5962425798983697,-0.29881267455413973,-1.1651700861775494,-0.01639399371471198
-1.2677981112429522,-1.3598677467393208,0.701584664088949,0.8363909941573299,0.23455347294126402,0.24823543197396428,-1.1651700861775494,-0.01639399371471198
-1.148322716349162,-0.6310273197440477,0.2519225975736091,0.5997097815965698,0.23455347294126402,0.5217594852380163,-1.1651700861775494,-0.01639399371471198
-1.017985921919573,1.5554939612417713,0.8101579745265006,-1.2937399188895102,1.0653495257808978,0.7952835385020682,-1.1651700861775494,-0.01639399371471198
-0.8876491274899839,-0.6310273197440477,0.8101579745265006,1.0730722067180898,1.0653495257808978,1.0688075917661204,-1.1651700861775494,-0.01639399371471198
-0.8007579312035913,1.4513739002424466,-0.1481626148606564,1.0730722067180898,1.0653495257808978,1.0688075917661204,-1.1651700861775494,-0.01639399371471198
-0.6812825363098013,-0.006306953748099373,0.8101579745265006,-0.8203774937679902,1.0653495257808978,1.0688075917661204,-1.1651700861775494,-0.01639399371471198
-0.5509457418802122,1.347253839243122,0.8101579745265006,1.0730722067180898,-1.4270386327380036,-1.6664329408743999,0.2643280247651782,-0.01639399371471198
-0.40974754791482404,-1.255747685739996,-0.1481626148606564,-0.3470150686464702,-1.4270386327380036,-1.3929088876103477,0.2643280247651782,-0.01639399371471198
-0.29027215302103404,1.347253839243122,0.6019351873859904,0.3630285690358098,-1.4270386327380036,-1.1193848343462958,0.2643280247651782,-0.01639399371471198
-0.11648976044824859,0.7225334732471737,0.8101579745265006,1.7831158444003699,-0.5962425798983697,-0.5723367278181918,0.2643280247651782,-0.01639399371471198
0.15504522794672865,1.2431337782437972,0.8101579745265006,2.0197970569611297,0.23455347294126402,-0.025288621290087743,0.2643280247651782,-0.01639399371471198
0.25279782376892046,0.09781310725122534,0.8101579745265006,-0.8203774937679902,0.23455347294126402,0.24823543197396428,0.2643280247651782,-0.01639399371471198
0.37227321866271046,-1.3598677467393208,0.8101579745265006,-0.1103338560857102,0.23455347294126402,0.5217594852380163,0.2643280247651782,-0.01639399371471198
0.5134714126280986,0.5142933512485242,0.40164469689845256,1.0730722067180898,1.0653495257808978,0.7952835385020682,0.2643280247651782,-0.01639399371471198
0.6003626089144913,-1.255747685739996,0.8101579745265006,-0.8203774937679902,1.0653495257808978,0.7952835385020682,0.2643280247651782,-0.01639399371471198
0.7306994033440805,-0.3186671367460735,0.8101579745265006,-0.1103338560857102,1.0653495257808978,1.0688075917661204,0.2643280247651782,-0.01639399371471198
0.8393133987020713,-1.4639878077386455,0.8101579745265006,0.1263473564750498,1.0653495257808978,1.0688075917661204,0.2643280247651782,-0.01639399371471198
0.9913729922032586,0.618413412247849,0.46510307012222707,-1.0570587063287502,1.0653495257808978,1.3423316450301723,0.2643280247651782,-0.01639399371471198
1.2303237819908386,-1.0475075637413465,0.05212787562688147,-0.3470150686464702,-1.4270386327380036,-1.6664329408743999,1.6938261357079059,-0.01639399371471198
1.3497991768846285,-0.9433875027420218,0.8101579745265006,1.3097534192788498,-1.4270386327380036,-1.3929088876103477,1.6938261357079059,-0.01639399371471198
1.4909973708500166,-1.1516276247406712,0.3019952201954939,-0.5836962812072303,-1.4270386327380036,-1.1193848343462958,1.6938261357079059,-0.01639399371471198
1.6865025624944003,1.347253839243122,0.8101579745265006,1.7831158444003699,-0.5962425798983697,-0.5723367278181918,1.6938261357079059,-0.01639399371471198
-1.6370856954601212,-0.9433875027420218,-0.7589494571394864,0.5997097815965698,-1.4270386327380036,-1.1193848343462958,-1.1651700861775494,-0.516180648753937
-1.485026101958934,-1.4639878077386455,-0.5199890204687101,1.5464346318396098,-0.5962425798983697,-0.5723367278181918,-1.1651700861775494,-0.516180648753937
-1.3438279079935458,1.0348936562451478,-0.28053281525712365,0.8363909941573299,0.23455347294126402,-0.025288621290087743,-1.1651700861775494,-0.516180648753937
-1.2134911135639566,0.09781310725122534,0.11806509155471027,0.8363909941573299,0.23455347294126402,0.5217594852380163,-1.1651700861775494,-0.516180648753937
-1.0831543191343675,-1.4639878077386455,-0.12139111365687694,-0.3470150686464702,1.0653495257808978,0.7952835385020682,-1.1651700861775494,-0.516180648753937
-0.9745403237763767,-0.3186671367460735,-0.6394692388040979,-0.3470150686464702,1.0653495257808978,1.0688075917661204,-1.1651700861775494,-0.516180648753937
-0.8442035293467876,-0.526907258744723,-0.0415723785863481,2.4931594820826497,1.0653495257808978,1.0688075917661204,-1.1651700861775494,-0.516180648753937
-0.7355895339887967,0.09781310725122534,0.5563244816314024,-0.1103338560857102,1.0653495257808978,1.0688075917661204,-1.1651700861775494,-0.516180648753937
-0.6052527395592077,-0.2145470757467488,0.11806509155471027,1.0730722067180898,1.0653495257808978,1.3423316450301723,-1.1651700861775494,-0.516180648753937
-0.5183615432728149,-0.006306953748099373,-0.28053281525712365,-0.3470150686464702,-1.4270386327380036,-1.6664329408743999,0.2643280247651782,-0.516180648753937
-0.36630194977162767,0.20193316825055005,0.5964817334370723,1.3097534192788498,-1.4270386327380036,-1.3929088876103477,0.2643280247651782,-0.516180648753937
-0.22510375580623948,0.618413412247849,-0.5199890204687101,-0.1103338560857102,-0.5962425798983697,-0.8458607810822437,0.2643280247651782,-0.516180648753937
-0.07304416230505223,-1.5681078687379701,-0.3603515503276525,-1.0570587063287502,-0.5962425798983697,-0.5723367278181918,0.2643280247651782,-0.516180648753937
0.06815403166033593,1.0348936562451478,0.1577265748195692,-1.0570587063287502,0.23455347294126402,-0.025288621290087743,0.2643280247651782,-0.516180648753937
0.18762942655412593,0.30605322924987477,-0.6791307220689575,-0.1103338560857102,0.23455347294126402,0.24823543197396428,0.2643280247651782,-0.516180648753937
0.3071048214479159,0.8266535342464983,-0.6394692388040979,2.0197970569611297,0.23455347294126402,0.24823543197396428,0.2643280247651782,-0.516180648753937
0.4483030154133041,1.4513739002424466,-0.2408713319922647,0.3630285690358098,1.0653495257808978,0.7952835385020682,-1.1651700861775494,-0.516180648753937
0.556917010771295,-0.8392674417426971,-0.16105259692173587,1.5464346318396098,1.0653495257808978,0.7952835385020682,0.2643280247651782,-0.516180648753937
0.6546696065934868,1.1390137172444725,-0.4798317686630402,-1.2937399188895102,1.0653495257808978,1.0688075917661204,0.2643280247651782,-0.516180648753937
0.7632836019514777,0.30605322924987477,-1.217535357389419,0.8363909941573299,1.0653495257808978,1.0688075917661204,0.2643280247651782,-0.516180648753937
0.9044817959168658,-1.0475075637413465,-0.8387681922100152,-0.3470150686464702,1.0653495257808978,1.0688075917661204,0.2643280247651782,-0.516180648753937
1.1325711861686467,1.1390137172444725,-1.1580431324921305,0.8363909941573299,-1.4270386327380036,-1.6664329408743999,1.6938261357079059,-0.516180648753937
1.295492179205633,-1.3598677467393208,0.8101579745265006,-0.5836962812072303,-1.4270386327380036,-1.3929088876103477,1.6938261357079059,-0.516180648753937
1.425828973635222,0.5142933512485242,0.8101579745265006,0.5997097815965698,-1.4270386327380036,-1.1193848343462958,1.6938261357079059,-0.516180648753937
-1.6913926931391166,1.1390137172444725,0.8101579745265006,2.2564782695218897,-1.4270386327380036,-1.6664329408743999,-1.1651700861775494,-0.04138332646667323
-1.6045014968527238,0.41017329024919946,0.8101579745265006,-0.5836962812072303,-1.4270386327380036,-1.1193848343462958,-1.1651700861775494,-0.04138332646667323
-1.4415805038157374,0.30605322924987477,-0.06536926854526304,2.2564782695218897,-0.5962425798983697,-0.5723367278181918,-1.1651700861775494,-0.04138332646667323
-1.3003823098503493,-0.526907258744723,0.8101579745265006,-0.3470150686464702,0.23455347294126402,-0.025288621290087743,-1.1651700861775494,-0.04138332646667323
-1.1917683144923585,0.7225334732471737,0.5250910635603261,-1.0570587063287502,0.23455347294126402,0.5217594852380163,-1.1651700861775494,-0.04138332646667323
-1.0397087209911713,0.8266535342464983,0.8101579745265006,-0.1103338560857102,1.0653495257808978,0.7952835385020682,-1.1651700861775494,-0.04138332646667323
-0.9310947256331803,-0.6310273197440477,0.574172149100589,-0.5836962812072303,1.0653495257808978,1.0688075917661204,-1.1651700861775494,-0.04138332646667323
-0.8333421298109885,-0.2145470757467488,0.13145084215660002,-1.2937399188895102,1.0653495257808978,1.0688075917661204,-1.1651700861775494,-0.04138332646667323
-0.7138667349171985,-0.3186671367460735,-0.21261252516605225,-0.3470150686464702,1.0653495257808978,1.0688075917661204,-1.1651700861775494,-0.04138332646667323
-0.5726685409518104,-0.7351473807433724,0.18053192769686285,1.0730722067180898,1.0653495257808978,1.3423316450301723,-1.1651700861775494,-0.04138332646667323
-0.47491594512961854,0.618413412247849,0.8101579745265006,0.3630285690358098,-1.4270386327380036,-1.6664329408743999,0.2643280247651782,-0.04138332646667323
-0.3445791507000295,-0.2145470757467488,0.8101579745265006,-1.2937399188895102,-1.4270386327380036,-1.1193848343462958,0.2643280247651782,-0.04138332646667323
-0.15993535859144495,0.09781310725122534,0.03328867107607364,-0.3470150686464702,-0.5962425798983697,-0.8458607810822437,0.2643280247651782,-0.04138332646667323
-0.018737164626056783,-0.9433875027420218,0.2791898673182002,-0.3470150686464702,-0.5962425798983697,-0.29881267455413973,0.2643280247651782,-0.04138332646667323
0.23107502469732227,-0.11042701474742408,0.8101579745265006,0.1263473564750498,0.23455347294126402,0.24823543197396428,0.2643280247651782,-0.04138332646667323
0.33968902005531315,-0.9433875027420218,0.6232532346408525,-1.0570587063287502,0.23455347294126402,0.5217594852380163,0.2643280247651782,-0.04138332646667323
0.49174861355650046,0.30605322924987477,0.8101579745265006,1.0730722067180898,1.0653495257808978,0.7952835385020682,0.2643280247651782,-0.04138332646667323
0.5786398098428932,-0.2145470757467488,0.8101579745265006,0.3630285690358098,1.0653495257808978,0.7952835385020682,0.2643280247651782,-0.04138332646667323
0.6981152047366831,-0.2145470757467488,0.3773520383987259,-1.0570587063287502,1.0653495257808978,1.0688075917661204,0.2643280247651782,-0.04138332646667323
0.8067292000946741,1.1390137172444725,0.8101579745265006,-1.0570587063287502,1.0653495257808978,1.0688075917661204,0.2643280247651782,-0.04138332646667323
0.9587887935958613,-0.9433875027420218,0.8101579745265006,1.3097534192788498,1.0653495257808978,1.0688075917661204,0.2643280247651782,-0.04138332646667323
1.0674027889538522,-1.0475075637413465,0.8101579745265006,-0.8203774937679902,1.0653495257808978,1.3423316450301723,0.2643280247651782,-0.04138332646667323
1.1977395833834412,1.0348936562451478,-0.524450937336007,-0.5836962812072303,-1.4270386327380036,-1.6664329408743999,1.6938261357079059,-0.04138332646667323
1.3389377773488293,1.5554939612417713,0.8101579745265006,0.1263473564750498,-1.4270386327380036,-1.3929088876103477,1.6938261357079059,-0.04138332646667323
1.4475517727068203,0.09781310725122534,0.8101579745265006,-1.2937399188895102,-1.4270386327380036,-1.1193848343462958,1.6938261357079059,-0.04138332646667323
1.7842551583165922,-1.4639878077386455,0.2791898673182002,-0.3470150686464702,-0.5962425798983697,-0.5723367278181918,1.6938261357079059,-0.04138332646667323
-1.6370856954601212,-0.6310273197440477,0.8101579745265006,0.3630285690358098,-1.4270386327380036,-1.1193848343462958,-1.1651700861775494,1.1331153128755056
-1.485026101958934,-1.4639878077386455,0.8101579745265006,1.3097534192788498,-0.5962425798983697,-0.5723367278181918,-1.1651700861775494,1.1331153128755056
-1.3438279079935458,0.7225334732471737,0.8101579745265006,0.5997097815965698,0.23455347294126402,-0.025288621290087743,-1.1651700861775494,1.1331153128755056
-1.2134911135639566,0.20193316825055005,0.8101579745265006,0.5997097815965698,0.23455347294126402,0.5217594852380163,-1.1651700861775494,1.1331153128755056
-1.0831543191343675,-1.0475075637413465,0.8101579745265006,-0.5836962812072303,1.0653495257808978,0.7952835385020682,-1.1651700861775494,1.1331153128755056
-0.9745403237763767,0.09781310725122534,0.8101579745265006,-0.5836962812072303,1.0653495257808978,1.0688075917661204,-1.1651700861775494,1.1331153128755056
-0.8442035293467876,-1.3598677467393208,0.8101579745265006,2.2564782695218897,1.0653495257808978,1.0688075917661204,-1.1651700861775494,1.1331153128755056
-0.7355895339887967,-1.255747685739996,0.8101579745265006,-0.3470150686464702,1.0653495257808978,1.0688075917661204,-1.1651700861775494,1.1331153128755056
-0.6052527395592077,-0.3186671367460735,0.8101579745265006,0.8363909941573299,1.0653495257808978,1.3423316450301723,-1.1651700861775494,1.1331153128755056
-0.5183615432728149,-0.7351473807433724,0.8101579745265006,-0.5836962812072303,-1.4270386327380036,-1.6664329408743999,0.2643280247651782,1.1331153128755056
-0.36630194977162767,-0.8392674417426971,0.8101579745265006,1.0730722067180898,-1.4270386327380036,-1.3929088876103477,0.2643280247651782,1.1331153128755056
-0.22510375580623948,1.4513739002424466,0.8101579745265006,-0.3470150686464702,-0.5962425798983697,-0.8458607810822437,0.2643280247651782,1.1331153128755056
-0.07304416230505223,0.618413412247849,0.8101579745265006,-1.2937399188895102,-0.5962425798983697,-0.5723367278181918,0.2643280247651782,1.1331153128755056
0.06815403166033593,1.4513739002424466,0.8101579745265006,-1.2937399188895102,0.23455347294126402,-0.025288621290087743,0.2643280247651782,1.1331153128755056
0.18762942655412593,-0.526907258744723,0.8101579745265006,-0.3470150686464702,0.23455347294126402,0.24823543197396428,0.2643280247651782,1.1331153128755056
0.3071048214479159,0.5142933512485242,0.8101579745265006,1.7831158444003699,0.23455347294126402,0.24823543197396428,0.2643280247651782,1.1331153128755056
0.4483030154133041,-1.255747685739996,0.8101579745265006,0.1263473564750498,1.0653495257808978,0.7952835385020682,-1.1651700861775494,1.1331153128755056
0.556917010771295,1.4513739002424466,0.8101579745265006,1.3097534192788498,1.0653495257808978,0.7952835385020682,0.2643280247651782,1.1331153128755056
0.6655310061292858,-1.0475075637413465,0.8101579745265006,-0.3470150686464702,1.0653495257808978,1.0688075917661204,0.2643280247651782,1.1331153128755056
0.7741450014872767,0.20193316825055005,0.8101579745265006,-0.8203774937679902,1.0653495257808978,1.0688075917661204,0.2643280247651782,1.1331153128755056
0.9044817959168658,2.0760942662383948,0.8101579745265006,0.1263473564750498,1.0653495257808978,1.0688075917661204,0.2643280247651782,1.1331153128755056
1.045679989882254,-1.255747685739996,0.8101579745265006,0.1263473564750498,1.0653495257808978,1.3423316450301723,0.2643280247651782,1.1331153128755056
1.1325711861686467,-1.1516276247406712,0.8101579745265006,1.0730722067180898,-1.4270386327380036,-1.6664329408743999,1.6938261357079059,1.1331153128755056
1.295492179205633,0.8266535342464983,0.6361432167019312,0.8363909941573299,-1.4270386327380036,-1.3929088876103477,1.6938261357079059,1.1331153128755056
1.425828973635222,1.5554939612417713,0.8101579745265006,-1.2937399188895102,-1.4270386327380036,-1.1193848343462958,1.6938261357079059,1.1331153128755056
-1.626224295924322,1.2431337782437972,0.8101579745265006,-1.0570587063287502,-1.4270386327380036,-1.1193848343462958,-1.1651700861775494,1.0081686491156994
-1.4741647024231348,-0.11042701474742408,0.8101579745265006,-0.5836962812072303,-0.5962425798983697,-0.5723367278181918,-1.1651700861775494,1.0081686491156994
-1.3221051089219475,-0.42278719774539825,0.8101579745265006,-0.5836962812072303,0.23455347294126402,-0.025288621290087743,-1.1651700861775494,1.0081686491156994
-1.2026297140281577,-0.7351473807433724,0.8101579745265006,1.0730722067180898,0.23455347294126402,0.5217594852380163,-1.1651700861775494,1.0081686491156994
-1.0614315200627693,0.09781310725122534,0.8101579745265006,0.8363909941573299,1.0653495257808978,0.7952835385020682,-1.1651700861775494,1.0081686491156994
-0.9419561251689794,1.347253839243122,0.8101579745265006,0.3630285690358098,1.0653495257808978,1.0688075917661204,-1.1651700861775494,1.0081686491156994
-0.8442035293467876,0.41017329024919946,0.8101579745265006,-0.5836962812072303,1.0653495257808978,1.0688075917661204,-1.1651700861775494,1.0081686491156994
-0.7247281344529977,1.0348936562451478,0.8101579745265006,0.5997097815965698,1.0653495257808978,1.0688075917661204,-1.1651700861775494,1.0081686491156994
-0.5943913400234085,-0.006306953748099373,0.8101579745265006,2.0197970569611297,1.0653495257808978,1.3423316450301723,-1.1651700861775494,1.0081686491156994
-0.5075001437370158,1.0348936562451478,0.8101579745265006,0.3630285690358098,-1.4270386327380036,-1.6664329408743999,0.2643280247651782,1.0081686491156994
-0.35544055023582855,1.1390137172444725,0.8101579745265006,-0.1103338560857102,-1.4270386327380036,-1.3929088876103477,0.2643280247651782,1.0081686491156994
-0.20338095673464132,0.20193316825055005,0.8101579745265006,-1.2937399188895102,-0.5962425798983697,-0.8458607810822437,0.2643280247651782,1.0081686491156994
-0.06218276276925314,-0.42278719774539825,0.8101579745265006,-0.8203774937679902,-0.5962425798983697,-0.29881267455413973,0.2643280247651782,1.0081686491156994
0.07901543119613502,-0.2145470757467488,0.8101579745265006,-0.5836962812072303,0.23455347294126402,-0.025288621290087743,0.2643280247651782,1.0081686491156994
0.2093522256257241,-0.42278719774539825,0.8101579745265006,-0.5836962812072303,0.23455347294126402,0.24823543197396428,0.2643280247651782,1.0081686491156994
0.3071048214479159,-0.8392674417426971,0.8101579745265006,-1.0570587063287502,0.23455347294126402,0.24823543197396428,0.2643280247651782,1.0081686491156994
0.45916441494910315,0.41017329024919946,0.8101579745265006,-0.1103338560857102,1.0653495257808978,0.7952835385020682,-1.1651700861775494,1.0081686491156994
0.5677784103070941,-0.3186671367460735,0.8101579745265006,1.0730722067180898,1.0653495257808978,0.7952835385020682,0.2643280247651782,1.0081686491156994
0.676392405665085,-0.7351473807433724,0.8101579745265006,0.3630285690358098,1.0653495257808978,1.0688075917661204,0.2643280247651782,1.0081686491156994
0.7850064010230758,-0.9433875027420218,-0.7807632729351588,1.3097534192788498,1.0653495257808978,1.0688075917661204,0.2643280247651782,1.0081686491156994
0.915343195452665,0.930773595245823,0.0605559408206641,-1.0570587063287502,1.0653495257808978,1.0688075917661204,0.2643280247651782,1.0081686491156994
1.176016784311843,1.1390137172444725,0.8101579745265006,-0.1103338560857102,-1.4270386327380036,-1.6664329408743999,1.6938261357079059,1.0081686491156994
1.3063535787414322,-0.3186671367460735,-0.6359988590184231,-0.5836962812072303,-1.4270386327380036,-1.3929088876103477,1.6938261357079059,1.0081686491156994
1.5996113662080076,3.117294876231642,0.8101579745265006,-1.2937399188895102,-0.5962425798983697,-0.8458607810822437,1.6938261357079059,1.0081686491156994
1.7408095601733957,0.8266535342464983,0.8101579745265006,-0.8203774937679902,-0.5962425798983697,-0.5723367278181918,1.6938261357079059,1.0081686491156994
-1.6370856954601212,0.8266535342464983,-0.7877040325065091,1.3097534192788498,-1.4270386327380036,-1.1193848343462958,-1.1651700861775494,-0.9659886382892395
-1.485026101958934,-0.006306953748099373,-1.68157471158827,2.2564782695218897,-0.5962425798983697,-0.5723367278181918,-1.1651700861775494,-0.9659886382892395
-1.3438279079935458,1.0348936562451478,-1.6508370620580044,1.5464346318396098,0.23455347294126402,-0.025288621290087743,-1.1651700861775494,-0.9659886382892395
-1.2243525130997557,1.2431337782437972,-0.8189374505775854,-1.0570587063287502,0.23455347294126402,0.5217594852380163,-1.1651700861775494,-0.9659886382892395
-1.0831543191343675,-1.4639878077386455,-0.9418880486986487,0.3630285690358098,1.0653495257808978,0.7952835385020682,-1.1651700861775494,-0.9659886382892395
-0.9745403237763767,0.30605322924987477,-0.7569663829762431,0.3630285690358098,1.0653495257808978,1.0688075917661204,-1.1651700861775494,-0.9659886382892395
-0.8550649288825867,-1.4639878077386455,-1.6508370620580044,-0.8203774937679902,1.0653495257808978,1.0688075917661204,-1.1651700861775494,-0.9659886382892395
-0.7355895339887967,0.8266535342464983,-0.5413070677235722,0.5997097815965698,1.0653495257808978,1.0688075917661204,-1.1651700861775494,-0.9659886382892395
-0.5183615432728149,1.1390137172444725,-1.4659153963355986,0.3630285690358098,-1.4270386327380036,-1.6664329408743999,0.2643280247651782,-0.9659886382892395
-0.37716334930742673,0.30605322924987477,-1.250256081082928,-1.2937399188895102,-1.4270386327380036,-1.3929088876103477,0.2643280247651782,-0.9659886382892395
-0.23596515534203857,-0.9433875027420218,-1.558624113467207,-1.2937399188895102,-0.5962425798983697,-0.8458607810822437,0.2643280247651782,-0.9659886382892395
-0.07304416230505223,-0.42278719774539825,-1.527886463936941,-0.3470150686464702,-0.5962425798983697,-0.5723367278181918,0.2643280247651782,-0.9659886382892395
0.05729263212453684,1.347253839243122,-1.435177746805333,-0.8203774937679902,-0.5962425798983697,-0.29881267455413973,0.2643280247651782,-0.9659886382892395
0.18762942655412593,-0.2145470757467488,-1.6508370620580044,0.5997097815965698,0.23455347294126402,0.24823543197396428,0.2643280247651782,-0.9659886382892395
0.29624342191211683,0.30605322924987477,-1.3117313801434591,-1.2937399188895102,0.23455347294126402,0.24823543197396428,0.2643280247651782,-0.9659886382892395
0.43744161587750496,0.41017329024919946,-1.3737024477448014,-0.8203774937679902,0.23455347294126402,0.5217594852380163,0.2643280247651782,-0.9659886382892395
0.556917010771295,0.7225334732471737,-0.8189374505775854,2.2564782695218897,1.0653495257808978,0.7952835385020682,0.2643280247651782,-0.9659886382892395
0.6546696065934868,0.930773595245823,-1.219518431552662,-0.5836962812072303,1.0653495257808978,1.0688075917661204,0.2643280247651782,-0.9659886382892395
0.7741450014872767,-0.6310273197440477,-0.6954910839157118,-1.0570587063287502,1.0653495257808978,1.0688075917661204,0.2643280247651782,-0.9659886382892395
0.9044817959168658,-0.9433875027420218,-1.3737024477448014,0.3630285690358098,1.0653495257808978,1.0688075917661204,0.2643280247651782,-0.9659886382892395
1.045679989882254,-0.42278719774539825,-1.4966530458658647,-1.2937399188895102,1.0653495257808978,1.3423316450301723,0.2643280247651782,-0.9659886382892395
1.1325711861686467,-0.3186671367460735,0.2707618021244176,1.3097534192788498,-1.4270386327380036,-1.6664329408743999,1.6938261357079059,-0.9659886382892395
1.295492179205633,-0.7351473807433724,0.8101579745265006,0.5997097815965698,-1.4270386327380036,-1.3929088876103477,1.6938261357079059,-0.9659886382892395
1.425828973635222,0.09781310725122534,0.8101579745265006,-1.0570587063287502,-1.4270386327380036,-1.1193848343462958,1.6938261357079059,-0.9659886382892395
1.5670271676006102,0.09781310725122534,-1.558624113467207,-1.2937399188895102,-0.5962425798983697,-0.8458607810822437,1.6938261357079059,-0.9659886382892395
-1.6588084945317194,0.618413412247849,0.8101579745265006,2.4931594820826497,-1.4270386327380036,-1.3929088876103477,-1.1651700861775494,0.10855267004509428
-1.517610300566331,-0.8392674417426971,0.786361084567585,0.3630285690358098,-0.5962425798983697,-0.8458607810822437,-1.1651700861775494,0.10855267004509428
-1.3981349056725412,-0.2145470757467488,0.8101579745265006,-1.2937399188895102,-0.5962425798983697,-0.29881267455413973,-1.1651700861775494,0.10855267004509428
-1.256936711707153,-0.11042701474742408,0.8101579745265006,1.3097534192788498,0.23455347294126402,0.24823543197396428,-1.1651700861775494,0.10855267004509428
-1.126599917277564,-0.6310273197440477,0.8101579745265006,0.8363909941573299,1.0653495257808978,0.7952835385020682,-1.1651700861775494,0.10855267004509428
-0.9962631228479749,-0.11042701474742408,0.8101579745265006,-0.1103338560857102,1.0653495257808978,0.7952835385020682,-1.1651700861775494,0.10855267004509428
-0.8767877279541849,1.347253839243122,0.8101579745265006,0.5997097815965698,1.0653495257808978,1.0688075917661204,-1.1651700861775494,0.10855267004509428
-0.7898965316677922,1.1390137172444725,0.8101579745265006,-0.1103338560857102,1.0653495257808978,1.0688075917661204,-1.1651700861775494,0.10855267004509428
-0.6704211367740022,-1.3598677467393208,0.8101579745265006,-0.8203774937679902,1.0653495257808978,1.0688075917661204,-1.1651700861775494,0.10855267004509428
-0.540084342344413,-1.5681078687379701,0.8101579745265006,-0.3470150686464702,-1.4270386327380036,-1.6664329408743999,0.2643280247651782,0.10855267004509428
-0.3988861483790249,1.0348936562451478,0.10368780387119857,0.5997097815965698,-1.4270386327380036,-1.3929088876103477,0.2643280247651782,0.10855267004509428
-0.1056283609124495,1.1390137172444725,0.8101579745265006,-0.3470150686464702,-0.5962425798983697,-0.5723367278181918,0.2643280247651782,0.10855267004509428
0.03556983305293866,-0.11042701474742408,0.8101579745265006,1.7831158444003699,-0.5962425798983697,-0.29881267455413973,0.2643280247651782,0.10855267004509428
0.15504522794672865,1.5554939612417713,0.10368780387119857,-1.2937399188895102,0.23455347294126402,-0.025288621290087743,0.2643280247651782,0.10855267004509428
0.2636592233047195,1.1390137172444725,0.8101579745265006,-0.8203774937679902,0.23455347294126402,0.24823543197396428,0.2643280247651782,0.10855267004509428
0.4048574172701077,-1.3598677467393208,0.05163210708607118,1.3097534192788498,0.23455347294126402,0.5217594852380163,0.2643280247651782,0.10855267004509428
0.5243328121638977,1.347253839243122,0.15623926919713693,-0.1103338560857102,1.0653495257808978,0.7952835385020682,0.2643280247651782,0.10855267004509428
0.6220854079860895,1.2431337782437972,0.15623926919713693,1.7831158444003699,1.0653495257808978,1.0688075917661204,0.2643280247651782,0.10855267004509428
0.7524222024156786,-0.11042701474742408,0.8101579745265006,-0.1103338560857102,1.0653495257808978,1.0688075917661204,0.2643280247651782,0.10855267004509428
0.8610361977736695,1.0348936562451478,0.8101579745265006,-1.0570587063287502,1.0653495257808978,1.0688075917661204,0.2643280247651782,0.10855267004509428
1.0022343917390577,-1.5681078687379701,0.8101579745265006,-1.0570587063287502,1.0653495257808978,1.3423316450301723,0.2643280247651782,0.10855267004509428
1.2411851815266377,1.5554939612417713,-1.1486235302167263,-0.1103338560857102,-1.4270386327380036,-1.6664329408743999,1.6938261357079059,0.10855267004509428
1.3823833754920258,-1.3598677467393208,-1.2943794812150835,-0.1103338560857102,-1.4270386327380036,-1.1193848343462958,1.6938261357079059,0.10855267004509428
1.5127201699216148,1.0348936562451478,0.8101579745265006,2.4931594820826497,-1.4270386327380036,-1.1193848343462958,1.6938261357079059,0.10855267004509428
1.534442968993213,2.3884544492363693,0.8101579745265006,-0.1103338560857102,-0.5962425798983697,-0.8458607810822437,1.6938261357079059,0.10855267004509428
1.6973639620301995,1.659614022241096,0.8101579745265006,-0.3470150686464702,-0.5962425798983697,-0.5723367278181918,1.6938261357079059,0.10855267004509428
-1.6805312936033174,0.30605322924987477,0.8101579745265006,-0.8203774937679902,-1.4270386327380036,-1.6664329408743999,-1.1651700861775494,1.0581473146196219
-1.5393330996379293,-1.3598677467393208,0.8101579745265006,1.3097534192788498,-0.5962425798983697,-0.8458607810822437,-1.1651700861775494,1.0581473146196219
-1.4307191042799385,-1.0475075637413465,0.8101579745265006,-0.3470150686464702,-0.5962425798983697,-0.29881267455413973,-1.1651700861775494,1.0581473146196219
-1.2677981112429522,-1.1516276247406712,0.8101579745265006,2.0197970569611297,0.23455347294126402,0.24823543197396428,-1.1651700861775494,1.0581473146196219
-1.1591841158849612,-0.006306953748099373,0.8101579745265006,-1.2937399188895102,0.23455347294126402,0.5217594852380163,-1.1651700861775494,1.0581473146196219
-1.017985921919573,-0.7351473807433724,0.8101579745265006,-0.1103338560857102,1.0653495257808978,0.7952835385020682,-1.1651700861775494,1.0581473146196219
-0.898510527025783,0.09781310725122534,0.8101579745265006,-0.3470150686464702,1.0653495257808978,1.0688075917661204,-1.1651700861775494,1.0581473146196219
-0.8007579312035913,0.41017329024919946,0.8101579745265006,2.2564782695218897,1.0653495257808978,1.0688075917661204,-1.1651700861775494,1.0581473146196219
-0.6812825363098013,-0.8392674417426971,0.8101579745265006,0.3630285690358098,1.0653495257808978,1.0688075917661204,-1.1651700861775494,1.0581473146196219
-0.5618071414160113,0.5142933512485242,0.8101579745265006,-1.2937399188895102,1.0653495257808978,1.3423316450301723,-1.1651700861775494,1.0581473146196219
-0.4206089474506231,1.5554939612417713,0.8101579745265006,-0.3470150686464702,-1.4270386327380036,-1.3929088876103477,0.2643280247651782,1.0581473146196219
-0.3119949520926322,0.7225334732471737,0.8101579745265006,-0.8203774937679902,-1.4270386327380036,-1.1193848343462958,0.2643280247651782,1.0581473146196219
-0.12735115998404767,1.347253839243122,0.8101579745265006,-0.3470150686464702,-0.5962425798983697,-0.5723367278181918,0.2643280247651782,1.0581473146196219
0.14418382841092955,-1.0475075637413465,0.8101579745265006,-0.3470150686464702,0.23455347294126402,-0.025288621290087743,0.2643280247651782,1.0581473146196219
0.25279782376892046,-0.42278719774539825,0.8101579745265006,0.3630285690358098,0.23455347294126402,0.24823543197396428,0.2643280247651782,1.0581473146196219
0.36141181912691134,0.930773595245823,0.8101579745265006,-1.0570587063287502,0.23455347294126402,0.5217594852380163,0.2643280247651782,1.0581473146196219
0.5134714126280986,-1.255747685739996,0.8101579745265006,2.2564782695218897,1.0653495257808978,0.7952835385020682,0.2643280247651782,1.0581473146196219
0.6003626089144913,-0.6310273197440477,0.8101579745265006,0.3630285690358098,1.0653495257808978,0.7952835385020682,0.2643280247651782,1.0581473146196219
0.7089766042724822,1.4513739002424466,0.8101579745265006,1.5464346318396098,1.0653495257808978,1.0688075917661204,0.2643280247651782,1.0581473146196219
0.8501747982378703,0.09781310725122534,0.8101579745265006,-0.8203774937679902,1.0653495257808978,1.0688075917661204,0.2643280247651782,1.0581473146196219
0.9805115926674595,-0.11042701474742408,0.8101579745265006,-0.3470150686464702,1.0653495257808978,1.3423316450301723,0.2643280247651782,1.0581473146196219
1.0782641884896513,-1.0475075637413465,0.8101579745265006,1.5464346318396098,1.0653495257808978,1.3423316450301723,0.2643280247651782,1.0581473146196219
1.2303237819908386,1.347253839243122,0.8101579745265006,-0.1103338560857102,-1.4270386327380036,-1.6664329408743999,1.6938261357079059,1.0581473146196219
1.3497991768846285,0.30605322924987477,0.8101579745265006,-1.2937399188895102,-1.4270386327380036,-1.3929088876103477,1.6938261357079059,1.0581473146196219
1.4692745717784186,0.20193316825055005,0.8101579745265006,-1.2937399188895102,-1.4270386327380036,-1.1193848343462958,1.6938261357079059,1.0581473146196219
1.6756411629586012,1.4513739002424466,0.8101579745265006,-0.3470150686464702,-0.5962425798983697,-0.5723367278181918,1.6938261357079059,1.0581473146196219
-1.723976891746514,-1.3598677467393208,0.14136621297281493,-0.5836962812072303,-1.4270386327380036,-1.6664329408743999,-1.1651700861775494,-0.216308655730402
-1.615362896388523,-0.7351473807433724,0.27819833023657825,0.3630285690358098,-1.4270386327380036,-1.1193848343462958,-1.1651700861775494,-0.216308655730402
-1.4633033028873357,0.09781310725122534,0.09575550721822691,0.1263473564750498,-0.5962425798983697,-0.5723367278181918,-1.1651700861775494,-0.216308655730402
-1.2026297140281577,-0.11042701474742408,0.8101579745265006,-1.2937399188895102,0.23455347294126402,0.5217594852380163,-1.1651700861775494,-0.216308655730402
-1.0505701205269704,0.41017329024919946,0.8101579745265006,0.8363909941573299,1.0653495257808978,0.7952835385020682,-1.1651700861775494,-0.216308655730402
-0.9310947256331803,-1.4639878077386455,-0.4064580246230515,1.7831158444003699,1.0653495257808978,1.0688075917661204,-1.1651700861775494,-0.216308655730402
-0.8333421298109885,0.09781310725122534,0.8101579745265006,1.0730722067180898,1.0653495257808978,1.0688075917661204,-1.1651700861775494,-0.216308655730402
-0.7138667349171985,-1.1516276247406712,0.6886946820278697,2.0197970569611297,1.0653495257808978,1.0688075917661204,-1.1651700861775494,-0.216308655730402
-0.5943913400234085,-0.6310273197440477,0.09575550721822691,-0.3470150686464702,1.0653495257808978,1.3423316450301723,-1.1651700861775494,-0.216308655730402
-0.49663874420121673,0.30605322924987477,0.5518625647641063,-1.2937399188895102,-1.4270386327380036,-1.6664329408743999,0.2643280247651782,-0.216308655730402
-0.3445791507000295,-0.11042701474742408,0.8101579745265006,1.0730722067180898,-1.4270386327380036,-1.1193848343462958,0.2643280247651782,-0.216308655730402
-0.19251955719884223,0.7225334732471737,0.3238090359911662,-0.8203774937679902,-0.5962425798983697,-0.8458607810822437,0.2643280247651782,-0.216308655730402
0.23107502469732227,-0.006306953748099373,0.8101579745265006,2.4931594820826497,0.23455347294126402,0.24823543197396428,0.2643280247651782,-0.216308655730402
0.317966220983715,-0.006306953748099373,-0.13229802155471312,-0.1103338560857102,0.23455347294126402,0.5217594852380163,0.2643280247651782,-0.216308655730402
0.47002581448490227,0.30605322924987477,0.27819833023657825,-1.0570587063287502,1.0653495257808978,0.7952835385020682,-1.1651700861775494,-0.216308655730402
0.5677784103070941,0.618413412247849,-0.08668731580012512,-1.2937399188895102,1.0653495257808978,0.7952835385020682,0.2643280247651782,-0.216308655730402
0.795867800558875,1.5554939612417713,0.8101579745265006,-1.0570587063287502,1.0653495257808978,1.0688075917661204,0.2643280247651782,-0.216308655730402
0.926204594988464,-1.4639878077386455,0.8101579745265006,-0.5836962812072303,1.0653495257808978,1.0688075917661204,0.2643280247651782,-0.216308655730402
1.176016784311843,0.8266535342464983,-1.0380671456159318,0.3630285690358098,-1.4270386327380036,-1.6664329408743999,1.6938261357079059,-0.216308655730402
1.3172149782772313,-0.3186671367460735,0.8101579745265006,-1.2937399188895102,-1.4270386327380036,-1.3929088876103477,1.6938261357079059,-0.216308655730402
1.6104727657438067,-3.025788722728516,0.3238090359911662,-0.8203774937679902,-0.5962425798983697,-0.8458607810822437,1.6938261357079059,-0.216308655730402
1.7516709597091948,3.221414937230967,0.46064115325493027,-0.1103338560857102,-0.5962425798983697,-0.5723367278181918,1.6938261357079059,-0.216308655730402
-1.6696698940675183,0.618413412247849,-0.05743697189229139,0.8363909941573299,-1.4270386327380036,-1.3929088876103477,-1.1651700861775494,-0.34125531949020826
-1.5393330996379293,-1.255747685739996,0.6822496909973302,-0.5836962812072303,-0.5962425798983697,-0.8458607810822437,-1.1651700861775494,-0.34125531949020826
-1.4198577047441394,0.8266535342464983,0.42147543853088165,-1.2937399188895102,-0.5962425798983697,-0.29881267455413973,-1.1651700861775494,-0.34125531949020826
-1.2677981112429522,-1.1516276247406712,-0.666240740007878,0.1263473564750498,0.23455347294126402,0.24823543197396428,-1.1651700861775494,-0.34125531949020826
-1.148322716349162,-1.3598677467393208,-0.013809340300946642,-0.1103338560857102,0.23455347294126402,0.5217594852380163,-1.1651700861775494,-0.34125531949020826
-1.007124522383774,-0.9433875027420218,-0.4922259821833087,-1.2937399188895102,1.0653495257808978,0.7952835385020682,-1.1651700861775494,-0.34125531949020826
-0.8876491274899839,-0.006306953748099373,-0.4490941191327749,0.3630285690358098,1.0653495257808978,1.0688075917661204,-1.1651700861775494,-0.34125531949020826
-0.8007579312035913,1.2431337782437972,-0.31821122435874,0.3630285690358098,1.0653495257808978,1.0688075917661204,-1.1651700861775494,-0.34125531949020826
-0.6704211367740022,1.5554939612417713,0.8101579745265006,1.7831158444003699,1.0653495257808978,1.0688075917661204,-1.1651700861775494,-0.34125531949020826
-0.5509457418802122,1.0348936562451478,0.2038330491149675,0.3630285690358098,-1.4270386327380036,-1.6664329408743999,0.2643280247651782,-0.34125531949020826
-0.40974754791482404,0.41017329024919946,0.2910883122976577,-1.0570587063287502,-1.4270386327380036,-1.3929088876103477,0.2643280247651782,-0.34125531949020826
-0.29027215302103404,-1.255747685739996,0.2910883122976577,-0.3470150686464702,-1.4270386327380036,-1.1193848343462958,0.2643280247651782,-0.34125531949020826
-0.11648976044824859,0.7225334732471737,-0.4054664875414295,1.0730722067180898,-0.5962425798983697,-0.5723367278181918,0.2643280247651782,-0.34125531949020826
0.024708433517139576,-1.5681078687379701,0.2910883122976577,0.5997097815965698,-0.5962425798983697,-0.29881267455413973,0.2643280247651782,-0.34125531949020826
0.15504522794672865,-0.2145470757467488,-0.6231088769573436,1.3097534192788498,0.23455347294126402,-0.025288621290087743,0.2643280247651782,-0.34125531949020826
0.2636592233047195,-0.11042701474742408,0.8101579745265006,1.7831158444003699,0.23455347294126402,0.24823543197396428,0.2643280247651782,-0.34125531949020826
0.37227321866271046,1.4513739002424466,0.8101579745265006,-0.8203774937679902,0.23455347294126402,0.5217594852380163,0.2643280247651782,-0.34125531949020826
0.5134714126280986,0.41017329024919946,0.33422017534819215,0.3630285690358098,1.0653495257808978,0.7952835385020682,0.2643280247651782,-0.34125531949020826
0.6112240084502905,0.09781310725122534,0.8101579745265006,0.1263473564750498,1.0653495257808978,0.7952835385020682,0.2643280247651782,-0.34125531949020826
0.7306994033440805,1.5554939612417713,0.11657778593227801,-0.3470150686464702,1.0653495257808978,1.0688075917661204,0.2643280247651782,-0.34125531949020826
0.8501747982378703,-0.6310273197440477,0.8101579745265006,-1.0570587063287502,1.0653495257808978,1.0688075917661204,0.2643280247651782,-0.34125531949020826
0.9913729922032586,-0.526907258744723,0.8101579745265006,-0.8203774937679902,1.0653495257808978,1.3423316450301723,0.2643280247651782,-0.34125531949020826
1.2303237819908386,0.618413412247849,0.16020541752362275,0.1263473564750498,-1.4270386327380036,-1.6664329408743999,1.6938261357079059,-0.34125531949020826
1.3497991768846285,-0.7351473807433724,-1.2433153215115775,0.1263473564750498,-1.4270386327380036,-1.3929088876103477,1.6938261357079059,-0.34125531949020826
1.4909973708500166,1.0348936562451478,0.8101579745265006,-0.3470150686464702,-1.4270386327380036,-1.1193848343462958,1.6938261357079059,-0.34125531949020826
1.6865025624944003,-1.984588112735269,-0.4054664875414295,1.0730722067180898,-0.5962425798983697,-0.5723367278181918,1.6938261357079059,-0.34125531949020826
-1.6913926931391166,0.09781310725122534,0.8101579745265006,-0.3470150686464702,-1.4270386327380036,-1.6664329408743999,-1.1651700861775494,0.5083819940764743
-1.5719172982453267,0.618413412247849,0.8101579745265006,0.5997097815965698,-0.5962425798983697,-0.8458607810822437,-1.1651700861775494,0.5083819940764743
-1.4415805038157374,1.5554939612417713,0.8101579745265006,-0.3470150686464702,-0.5962425798983697,-0.5723367278181918,-1.1651700861775494,0.5083819940764743
-1.2895209103145502,0.5142933512485242,0.8101579745265006,-0.3470150686464702,0.23455347294126402,-0.025288621290087743,-1.1651700861775494,0.5083819940764743
-1.1809069149565594,1.4513739002424466,0.8101579745265006,-1.0570587063287502,0.23455347294126402,0.5217594852380163,-1.1651700861775494,0.5083819940764743
-1.0288473214553722,1.0348936562451478,0.8101579745265006,-0.8203774937679902,1.0653495257808978,0.7952835385020682,-1.1651700861775494,0.5083819940764743
-0.9093719265615822,1.2431337782437972,0.8101579745265006,0.8363909941573299,1.0653495257808978,1.0688075917661204,-1.1651700861775494,0.5083819940764743
-0.8224807302751894,-1.4639878077386455,0.8101579745265006,-1.0570587063287502,1.0653495257808978,1.0688075917661204,-1.1651700861775494,0.5083819940764743
-0.7030053353813994,-0.3186671367460735,0.8101579745265006,-0.3470150686464702,1.0653495257808978,1.0688075917661204,-1.1651700861775494,0.5083819940764743
-0.5618071414160113,1.2431337782437972,0.8101579745265006,2.2564782695218897,1.0653495257808978,1.3423316450301723,-1.1651700861775494,0.5083819940764743
-0.45319314605802036,0.30605322924987477,0.8101579745265006,-0.3470150686464702,-1.4270386327380036,-1.3929088876103477,0.2643280247651782,0.5083819940764743
-0.3228563516284313,0.618413412247849,0.8101579745265006,0.8363909941573299,-1.4270386327380036,-1.1193848343462958,0.2643280247651782,0.5083819940764743
-0.14907395905564585,-1.4639878077386455,0.8101579745265006,-0.8203774937679902,-0.5962425798983697,-0.5723367278181918,0.2643280247651782,0.5083819940764743
0.0029856344455413955,0.618413412247849,0.8101579745265006,1.5464346318396098,-0.5962425798983697,-0.29881267455413973,0.2643280247651782,0.5083819940764743
0.12246102933933138,0.30605322924987477,0.8101579745265006,-0.8203774937679902,0.23455347294126402,-0.025288621290087743,0.2643280247651782,0.5083819940764743
0.24193642423312137,-1.0475075637413465,0.7749584081289386,0.8363909941573299,0.23455347294126402,0.24823543197396428,0.2643280247651782,0.5083819940764743
0.35055041959111227,1.347253839243122,0.8101579745265006,-0.3470150686464702,0.23455347294126402,0.5217594852380163,0.2643280247651782,0.5083819940764743
0.5026100130922995,-1.3598677467393208,0.7749584081289386,1.7831158444003699,1.0653495257808978,0.7952835385020682,0.2643280247651782,0.5083819940764743
0.5895012093786922,-0.7351473807433724,0.8101579745265006,0.3630285690358098,1.0653495257808978,0.7952835385020682,0.2643280247651782,0.5083819940764743
0.6981152047366831,1.2431337782437972,0.8101579745265006,-1.2937399188895102,1.0653495257808978,1.0688075917661204,0.2643280247651782,0.5083819940764743
0.8175905996304731,1.4513739002424466,0.8101579745265006,-0.5836962812072303,1.0653495257808978,1.0688075917661204,0.2643280247651782,0.5083819940764743
0.9587887935958613,1.0348936562451478,0.8101579745265006,-0.5836962812072303,1.0653495257808978,1.0688075917661204,0.2643280247651782,0.5083819940764743
1.0674027889538522,-0.7351473807433724,0.8101579745265006,-1.0570587063287502,1.0653495257808978,1.3423316450301723,0.2643280247651782,0.5083819940764743
1.2086009829192403,-0.6310273197440477,-1.2953710182967049,-0.1103338560857102,-1.4270386327380036,-1.6664329408743999,1.6938261357079059,0.5083819940764743
1.3389377773488293,0.41017329024919946,0.8101579745265006,-1.2937399188895102,-1.4270386327380036,-1.3929088876103477,1.6938261357079059,0.5083819940764743
1.653918363887003,1.1390137172444725,0.8101579745265006,-0.8203774937679902,-0.5962425798983697,-0.5723367278181918,1.6938261357079059,0.5083819940764743
1.8059779573881902,0.30605322924987477,0.8101579745265006,1.5464346318396098,-0.5962425798983697,-0.5723367278181918,1.6938261357079059,0.5083819940764743
-1.6913926931391166,0.618413412247849,-1.803038004086901,0.5997097815965698,-1.4270386327380036,-1.6664329408743999,-1.1651700861775494,-1.2658606313127745
-1.5827786977811258,1.5554939612417713,-1.6781043318025948,-0.8203774937679902,-1.4270386327380036,-1.1193848343462958,-1.1651700861775494,-1.2658606313127745
-1.4415805038157374,0.8266535342464983,-1.4788053783966781,0.5997097815965698,-0.5962425798983697,-0.5723367278181918,-1.1651700861775494,-1.2658606313127745
-1.2895209103145502,-0.6310273197440477,-2.0023369574928176,0.5997097815965698,0.23455347294126402,-0.025288621290087743,-1.1651700861775494,-1.2658606313127745
-1.1809069149565594,-0.526907258744723,-2.0276211530741657,-0.1103338560857102,0.23455347294126402,0.5217594852380163,-1.1651700861775494,-1.2658606313127745
-1.0288473214553722,-1.0475075637413465,-1.4788053783966781,0.1263473564750498,1.0653495257808978,0.7952835385020682,-1.1651700861775494,-1.2658606313127745
-0.9202333260973812,1.4513739002424466,-1.9274759078303962,-1.0570587063287502,1.0653495257808978,1.0688075917661204,-1.1651700861775494,-1.2658606313127745
-0.8224807302751894,0.5142933512485242,-1.7033885273839426,-0.1103338560857102,1.0653495257808978,1.0688075917661204,-1.1651700861775494,-1.2658606313127745
-0.7030053353813994,0.618413412247849,-1.9274759078303962,0.5997097815965698,1.0653495257808978,1.0688075917661204,-1.1651700861775494,-1.2658606313127745
-0.5726685409518104,-1.4639878077386455,-1.503593805437215,-0.5836962812072303,1.0653495257808978,1.3423316450301723,-1.1651700861775494,-1.2658606313127745
-0.47491594512961854,1.1390137172444725,-1.9026874807898593,-1.2937399188895102,-1.4270386327380036,-1.6664329408743999,0.2643280247651782,-1.2658606313127745
-0.3228563516284313,0.41017329024919946,-2.1520590568176607,1.7831158444003699,-1.4270386327380036,-1.1193848343462958,0.2643280247651782,-1.2658606313127745
-0.14907395905564585,1.0348936562451478,-1.1793611797469923,0.1263473564750498,-0.5962425798983697,-0.5723367278181918,0.2643280247651782,-1.2658606313127745
-0.007875765090257694,-1.4639878077386455,-1.1793611797469923,-0.5836962812072303,-0.5962425798983697,-0.29881267455413973,0.2643280247651782,-1.2658606313127745
0.12246102933933138,0.930773595245823,-1.2542222294094136,0.1263473564750498,0.23455347294126402,-0.025288621290087743,0.2643280247651782,-1.2658606313127745
0.24193642423312137,0.930773595245823,-1.1793611797469923,1.7831158444003699,0.23455347294126402,0.24823543197396428,0.2643280247651782,-1.2658606313127745
0.35055041959111227,-0.6310273197440477,-1.5784548550996365,0.5997097815965698,0.23455347294126402,0.5217594852380163,0.2643280247651782,-1.2658606313127745
0.49174861355650046,-0.11042701474742408,-1.7033885273839426,-0.5836962812072303,1.0653495257808978,0.7952835385020682,0.2643280247651782,-1.2658606313127745
0.5786398098428932,0.41017329024919946,-1.329083279071835,-1.2937399188895102,1.0653495257808978,0.7952835385020682,0.2643280247651782,-1.2658606313127745
0.7089766042724822,0.30605322924987477,0.8101579745265006,-0.1103338560857102,1.0653495257808978,1.0688075917661204,0.2643280247651782,-1.2658606313127745
0.8067292000946741,-1.1516276247406712,-0.18831986666632633,0.3630285690358098,1.0653495257808978,1.0688075917661204,0.2643280247651782,-1.2658606313127745
0.9696501931316603,-0.6310273197440477,0.8101579745265006,-0.1103338560857102,1.0653495257808978,1.0688075917661204,0.2643280247651782,-1.2658606313127745
1.0782641884896513,-0.526907258744723,0.8101579745265006,0.3630285690358098,1.0653495257808978,1.3423316450301723,0.2643280247651782,-1.2658606313127745
1.2086009829192403,-1.5681078687379701,0.8101579745265006,-1.0570587063287502,-1.4270386327380036,-1.6664329408743999,1.6938261357079059,-1.2658606313127745
1.3389377773488293,0.41017329024919946,0.8101579745265006,-1.0570587063287502,-1.4270386327380036,-1.3929088876103477,1.6938261357079059,-1.2658606313127745
1.653918363887003,-0.006306953748099373,-1.1793611797469923,0.1263473564750498,-0.5962425798983697,-0.5723367278181918,1.6938261357079059,-1.2658606313127745
1.795116557852391,-0.9433875027420218,-1.1793611797469923,-0.5836962812072303,-0.5962425798983697,-0.5723367278181918,1.6938261357079059,-1.2658606313127745
-1.6370856954601212,0.930773595245823,0.8101579745265006,1.0730722067180898,-1.4270386327380036,-1.1193848343462958,-1.1651700861775494,1.183093978379428
-1.485026101958934,-0.7351473807433724,0.8101579745265006,2.0197970569611297,-0.5962425798983697,-0.5723367278181918,-1.1651700861775494,1.183093978379428
-1.3438279079935458,-0.42278719774539825,0.8101579745265006,1.3097534192788498,0.23455347294126402,-0.025288621290087743,-1.1651700861775494,1.183093978379428
-1.2243525130997557,-0.6310273197440477,0.8101579745265006,-1.2937399188895102,0.23455347294126402,0.5217594852380163,-1.1651700861775494,1.183093978379428
-1.0831543191343675,-0.3186671367460735,0.8101579745265006,0.1263473564750498,1.0653495257808978,0.7952835385020682,-1.1651700861775494,1.183093978379428
-0.9745403237763767,-0.2145470757467488,0.8101579745265006,0.1263473564750498,1.0653495257808978,1.0688075917661204,-1.1651700861775494,1.183093978379428
-0.8550649288825867,0.930773595245823,0.8101579745265006,-1.0570587063287502,1.0653495257808978,1.0688075917661204,-1.1651700861775494,1.183093978379428
-0.7355895339887967,-0.3186671367460735,0.8101579745265006,0.3630285690358098,1.0653495257808978,1.0688075917661204,-1.1651700861775494,1.183093978379428
-0.5183615432728149,0.618413412247849,0.8101579745265006,0.1263473564750498,-1.4270386327380036,-1.6664329408743999,0.2643280247651782,1.183093978379428
-0.36630194977162767,-0.006306953748099373,0.8101579745265006,1.7831158444003699,-1.4270386327380036,-1.3929088876103477,0.2643280247651782,1.183093978379428
-0.22510375580623948,0.930773595245823,0.8101579745265006,0.3630285690358098,-0.5962425798983697,-0.8458607810822437,0.2643280247651782,1.183093978379428
-0.07304416230505223,-0.9433875027420218,0.8101579745265006,-0.5836962812072303,-0.5962425798983697,-0.5723367278181918,0.2643280247651782,1.183093978379428
0.05729263212453684,-1.5681078687379701,0.8101579745265006,-1.0570587063287502,-0.5962425798983697,-0.29881267455413973,0.2643280247651782,1.183093978379428
0.18762942655412593,1.347253839243122,0.8101579745265006,0.3630285690358098,0.23455347294126402,0.24823543197396428,0.2643280247651782,1.183093978379428
0.3071048214479159,-0.11042701474742408,0.8101579745265006,2.4931594820826497,0.23455347294126402,0.24823543197396428,0.2643280247651782,1.183093978379428
0.43744161587750496,1.4513739002424466,0.8101579745265006,-1.0570587063287502,0.23455347294126402,0.5217594852380163,0.2643280247651782,1.183093978379428
0.556917010771295,0.5142933512485242,0.8101579745265006,2.0197970569611297,1.0653495257808978,0.7952835385020682,0.2643280247651782,1.183093978379428
0.6546696065934868,1.0348936562451478,0.8101579745265006,-0.8203774937679902,1.0653495257808978,1.0688075917661204,0.2643280247651782,1.183093978379428
0.7741450014872767,1.5554939612417713,0.8101579745265006,-0.5836962812072303,1.0653495257808978,1.0688075917661204,0.2643280247651782,1.183093978379428
0.9044817959168658,0.30605322924987477,0.8101579745265006,1.0730722067180898,1.0653495257808978,1.0688075917661204,0.2643280247651782,1.183093978379428
1.045679989882254,-1.0475075637413465,0.8101579745265006,-1.0570587063287502,1.0653495257808978,1.3423316450301723,0.2643280247651782,1.183093978379428
1.1325711861686467,-0.7351473807433724,-1.263146063144007,1.5464346318396098,-1.4270386327380036,-1.6664329408743999,1.6938261357079059,1.183093978379428
1.295492179205633,1.4513739002424466,-0.8189374505775854,0.3630285690358098,-1.4270386327380036,-1.3929088876103477,1.6938261357079059,1.183093978379428
1.425828973635222,1.4513739002424466,0.8101579745265006,-0.8203774937679902,-1.4270386327380036,-1.1193848343462958,1.6938261357079059,1.183093978379428
-1.615362896388523,0.7225334732471737,-1.1089620469518673,0.5997097815965698,-1.4270386327380036,-1.1193848343462958,-1.1651700861775494,-0.7410846435215883
-1.4633033028873357,-1.255747685739996,-1.2854556474804903,0.3630285690358098,-0.5962425798983697,-0.5723367278181918,-1.1651700861775494,-0.7410846435215883
-1.2026297140281577,-0.6310273197440477,-0.11940803949363367,-1.0570587063287502,0.23455347294126402,0.5217594852380163,-1.1651700861775494,-0.7410846435215883
-1.0614315200627693,-1.0475075637413465,-0.1546076058911958,-1.2937399188895102,1.0653495257808978,0.7952835385020682,-1.1651700861775494,-0.7410846435215883
-0.9310947256331803,0.41017329024919946,-0.5789854768251879,2.0197970569611297,1.0653495257808978,1.0688075917661204,-1.1651700861775494,-0.7410846435215883
-0.8333421298109885,0.930773595245823,-0.6850799445586859,1.3097534192788498,1.0653495257808978,1.0688075917661204,-1.1651700861775494,-0.7410846435215883
-0.7138667349171985,-1.0475075637413465,-0.36679654135819184,2.2564782695218897,1.0653495257808978,1.0688075917661204,-1.1651700861775494,-0.7410846435215883
-0.5943913400234085,1.0348936562451478,-0.36679654135819184,-0.1103338560857102,1.0653495257808978,1.3423316450301723,-1.1651700861775494,-0.7410846435215883
-0.49663874420121673,-1.0475075637413465,-0.01331357176013565,-1.0570587063287502,-1.4270386327380036,-1.6664329408743999,0.2643280247651782,-0.7410846435215883
-0.3445791507000295,0.20193316825055005,-1.2854556474804903,1.3097534192788498,-1.4270386327380036,-1.1193848343462958,0.2643280247651782,-0.7410846435215883
-0.19251955719884223,-0.526907258744723,-0.8263739786897467,-0.5836962812072303,-0.5962425798983697,-0.8458607810822437,0.2643280247651782,-0.7410846435215883
0.08987683073193412,0.09781310725122534,-0.4019961077557547,-1.2937399188895102,0.23455347294126402,-0.025288621290087743,0.2643280247651782,-0.7410846435215883
0.22021362516152318,-0.9433875027420218,-1.14416161334943,-1.2937399188895102,0.23455347294126402,0.24823543197396428,0.2643280247651782,-0.7410846435215883
0.317966220983715,-1.255747685739996,-0.5080905754892526,0.1263473564750498,0.23455347294126402,0.5217594852380163,0.2643280247651782,-0.7410846435215883
0.47002581448490227,-1.255747685739996,-0.5432901418868148,-0.8203774937679902,1.0653495257808978,0.7952835385020682,-1.1651700861775494,-0.7410846435215883
0.5677784103070941,-1.0475075637413465,-0.8263739786897467,-1.0570587063287502,1.0653495257808978,0.7952835385020682,0.2643280247651782,-0.7410846435215883
0.795867800558875,-1.4639878077386455,0.8101579745265006,-0.8203774937679902,1.0653495257808978,1.0688075917661204,0.2643280247651782,-0.7410846435215883
0.926204594988464,-0.9433875027420218,-1.0028675792183694,-0.3470150686464702,1.0653495257808978,1.0688075917661204,0.2643280247651782,-0.7410846435215883
1.176016784311843,0.930773595245823,0.07889937683066164,0.5997097815965698,-1.4270386327380036,-1.6664329408743999,1.6938261357079059,-0.7410846435215883
1.3172149782772313,-1.1516276247406712,0.8101579745265006,-1.0570587063287502,-1.4270386327380036,-1.3929088876103477,1.6938261357079059,-0.7410846435215883
1.6104727657438067,3.221414937230967,-0.8263739786897467,-0.5836962812072303,-0.5962425798983697,-0.8458607810822437,1.6938261357079059,-0.7410846435215883
1.7516709597091948,0.09781310725122534,-1.2854556474804903,0.1263473564750498,-0.5962425798983697,-0.5723367278181918,1.6938261357079059,-0.7410846435215883
-1.615362896388523,0.09781310725122534,0.07889937683066164,1.5464346318396098,-1.4270386327380036,-1.1193848343462958,-1.1651700861775494,-0.6911059780176658
-1.4633033028873357,-1.3598677467393208,-0.28549050066523074,1.3097534192788498,-0.5962425798983697,-0.5723367278181918,-1.1651700861775494,-0.6911059780176658
-1.2026297140281577,-1.0475075637413465,-1.1600262066553735,-0.1103338560857102,0.23455347294126402,0.5217594852380163,-1.1651700861775494,-0.6911059780176658
-1.0614315200627693,0.20193316825055005,-0.5403155306419503,-0.3470150686464702,1.0653495257808978,0.7952835385020682,-1.1651700861775494,-0.6911059780176658
-0.9419561251689794,-0.3186671367460735,-0.3950553481844043,-0.8203774937679902,1.0653495257808978,1.0688075917661204,-1.1651700861775494,-0.6911059780176658
-0.8333421298109885,1.2431337782437972,-0.46793332368358276,2.2564782695218897,1.0653495257808978,1.0688075917661204,-1.1651700861775494,-0.6911059780176658
-0.7247281344529977,0.20193316825055005,-0.6860714816403078,-0.5836962812072303,1.0653495257808978,1.0688075917661204,-1.1651700861775494,-0.6911059780176658
-0.5943913400234085,-1.5681078687379701,-1.0504613591362002,0.8363909941573299,1.0653495257808978,1.3423316450301723,-1.1651700861775494,-0.6911059780176658
-0.5075001437370158,0.618413412247849,-0.0668565741676953,-0.8203774937679902,-1.4270386327380036,-1.6664329408743999,0.2643280247651782,-0.6911059780176658
-0.35544055023582855,-1.4639878077386455,-1.1600262066553735,-1.2937399188895102,-1.4270386327380036,-1.3929088876103477,0.2643280247651782,-0.6911059780176658
-0.19251955719884223,-1.3598677467393208,-0.3583684761644092,0.3630285690358098,-0.5962425798983697,-0.8458607810822437,0.2643280247651782,-0.6911059780176658
0.08987683073193412,0.5142933512485242,-0.17642142168686886,-0.3470150686464702,0.23455347294126402,-0.025288621290087743,0.2643280247651782,-0.6911059780176658
0.22021362516152318,-0.3186671367460735,-0.4312464516635884,-0.3470150686464702,0.23455347294126402,0.24823543197396428,0.2643280247651782,-0.6911059780176658
0.317966220983715,0.09781310725122534,-0.8685143046586592,1.0730722067180898,0.23455347294126402,0.5217594852380163,0.2643280247651782,-0.6911059780176658
0.45916441494910315,-0.8392674417426971,-0.5770024026619454,-1.2937399188895102,1.0653495257808978,0.7952835385020682,-1.1651700861775494,-0.6911059780176658
0.5677784103070941,-0.9433875027420218,0.18796845580902422,-0.1103338560857102,1.0653495257808978,0.7952835385020682,0.2643280247651782,-0.6911059780176658
0.676392405665085,-0.526907258744723,-0.6498803781611238,-0.8203774937679902,1.0653495257808978,1.0688075917661204,0.2643280247651782,-0.6911059780176658
0.795867800558875,-1.255747685739996,-1.3295790476126457,-0.5836962812072303,1.0653495257808978,1.0688075917661204,0.2643280247651782,-0.6911059780176658
0.926204594988464,-0.6310273197440477,-1.1962173101345572,0.1263473564750498,1.0653495257808978,1.0688075917661204,0.2643280247651782,-0.6911059780176658
1.176016784311843,-1.4639878077386455,-1.1545727527064553,0.8363909941573299,-1.4270386327380036,-1.6664329408743999,1.6938261357079059,-0.6911059780176658
1.3172149782772313,-0.11042701474742408,0.8101579745265006,-0.8203774937679902,-1.4270386327380036,-1.3929088876103477,1.6938261357079059,-0.6911059780176658
1.6104727657438067,-0.9433875027420218,-0.3583684761644092,0.3630285690358098,-0.5962425798983697,-0.8458607810822437,1.6938261357079059,-0.6911059780176658
1.7516709597091948,2.5966945712350187,-0.9413922801578377,1.0730722067180898,-0.5962425798983697,-0.5723367278181918,1.6938261357079059,-0.6911059780176658
-1.6805312936033174,-0.006306953748099373,-1.3965078006220955,-0.1103338560857102,-1.4270386327380036,-1.6664329408743999,-1.1651700861775494,-1.0909353020490458
-1.5610558987095275,1.2431337782437972,-0.7088768345176015,-1.0570587063287502,-0.5962425798983697,-0.8458607810822437,-1.1651700861775494,-1.0909353020490458
-1.4307191042799385,-1.5681078687379701,-1.1387081594005117,0.3630285690358098,-0.5962425798983697,-0.29881267455413973,-1.1651700861775494,-1.0909353020490458
-1.2786595107787513,-1.5681078687379701,-1.4540169513561412,-1.0570587063287502,0.23455347294126402,0.24823543197396428,-1.1651700861775494,-1.0909353020490458
-1.1591841158849612,-1.0475075637413465,-0.9096630935459504,-0.5836962812072303,0.23455347294126402,0.5217594852380163,-1.1651700861775494,-1.0909353020490458
-1.017985921919573,-1.0475075637413465,-0.7088768345176015,0.5997097815965698,1.0653495257808978,0.7952835385020682,-1.1651700861775494,-1.0909353020490458
-0.898510527025783,-0.8392674417426971,-0.7376314098846243,0.3630285690358098,1.0653495257808978,1.0688075917661204,-1.1651700861775494,-1.0909353020490458
-0.8116193307393903,-0.42278719774539825,-1.1674627347675344,-0.8203774937679902,1.0653495257808978,1.0688075917661204,-1.1651700861775494,-1.0909353020490458
-0.6921439358456003,0.930773595245823,-0.8521539428119049,-0.8203774937679902,1.0653495257808978,1.0688075917661204,-1.1651700861775494,-1.0909353020490458
-0.5618071414160113,1.4513739002424466,-1.8263391255050057,-0.5836962812072303,1.0653495257808978,1.3423316450301723,-1.1651700861775494,-1.0909353020490458
-0.4206089474506231,-0.9433875027420218,-1.3677532252550728,0.3630285690358098,-1.4270386327380036,-1.3929088876103477,0.2643280247651782,-1.0909353020490458
-0.3119949520926322,0.09781310725122534,-1.4540169513561412,-0.1103338560857102,-1.4270386327380036,-1.1193848343462958,0.2643280247651782,-1.0909353020490458
-0.13821255951984676,0.930773595245823,-1.5397849089163989,-1.0570587063287502,-0.5962425798983697,-0.5723367278181918,0.2643280247651782,-1.0909353020490458
0.0029856344455413955,-0.7351473807433724,-1.8263391255050057,-1.2937399188895102,-0.5962425798983697,-0.29881267455413973,0.2643280247651782,-1.0909353020490458
0.13332242887513046,1.0348936562451478,-0.9379219003721628,-1.0570587063287502,0.23455347294126402,-0.025288621290087743,0.2643280247651782,-1.0909353020490458
0.25279782376892046,-0.6310273197440477,-1.8263391255050057,1.0730722067180898,0.23455347294126402,0.24823543197396428,0.2643280247651782,-1.0909353020490458
0.36141181912691134,0.5142933512485242,-1.482771526723164,-0.3470150686464702,0.23455347294126402,0.5217594852380163,0.2643280247651782,-1.0909353020490458
0.5026100130922995,1.0348936562451478,-1.081199008666466,-1.0570587063287502,1.0653495257808978,0.7952835385020682,0.2643280247651782,-1.0909353020490458
0.6003626089144913,0.930773595245823,-1.5110303335493762,1.0730722067180898,1.0653495257808978,0.7952835385020682,0.2643280247651782,-1.0909353020490458
0.7089766042724822,-1.0475075637413465,-0.7187922053338165,1.7831158444003699,1.0653495257808978,1.0688075917661204,0.2643280247651782,-1.0909353020490458
0.8393133987020713,1.0348936562451478,0.8101579745265006,-0.5836962812072303,1.0653495257808978,1.0688075917661204,0.2643280247651782,-1.0909353020490458
0.9805115926674595,1.347253839243122,-1.7975845501379828,-0.5836962812072303,1.0653495257808978,1.3423316450301723,0.2643280247651782,-1.0909353020490458
1.0782641884896513,0.930773595245823,-1.1352377796148365,1.7831158444003699,1.0653495257808978,1.3423316450301723,0.2643280247651782,-1.0909353020490458
1.2194623824550395,-1.0475075637413465,0.6748131628851689,1.3097534192788498,-1.4270386327380036,-1.6664329408743999,1.6938261357079059,-1.0909353020490458
1.3497991768846285,-1.3598677467393208,0.40164469689845256,-1.0570587063287502,-1.4270386327380036,-1.3929088876103477,1.6938261357079059,-1.0909353020490458
1.4692745717784186,-0.42278719774539825,-1.6543074418436796,-1.0570587063287502,-1.4270386327380036,-1.1193848343462958,1.6938261357079059,-1.0909353020490458
1.664779763422802,-1.4639878077386455,-1.5397849089163989,-1.0570587063287502,-0.5962425798983697,-0.5723367278181918,1.6938261357079059,-1.0909353020490458
1.8059779573881902,2.0760942662383948,-1.8263391255050057,-1.2937399188895102,-0.5962425798983697,-0.5723367278181918,1.6938261357079059,-1.0909353020490458
-1.6479470949959203,-1.0475075637413465,0.8101579745265006,-0.8203774937679902,-1.4270386327380036,-1.3929088876103477,-1.1651700861775494,0.28347799930882306
-1.5067489010305322,-0.006306953748099373,0.7134831090684065,-1.2937399188895102,-0.5962425798983697,-0.8458607810822437,-1.1651700861775494,0.28347799930882306
-1.354689307529345,-0.006306953748099373,0.48989149716276403,-0.8203774937679902,0.23455347294126402,-0.025288621290087743,-1.1651700861775494,0.28347799930882306
-1.2352139126355548,0.8266535342464983,0.6019351873859904,0.1263473564750498,0.23455347294126402,0.24823543197396428,-1.1651700861775494,0.28347799930882306
-1.0831543191343675,0.930773595245823,0.8101579745265006,2.0197970569611297,1.0653495257808978,0.7952835385020682,-1.1651700861775494,0.28347799930882306
-0.9854017233121758,1.5554939612417713,0.8101579745265006,-1.0570587063287502,1.0653495257808978,0.7952835385020682,-1.1651700861775494,0.28347799930882306
-0.8550649288825867,1.347253839243122,0.8101579745265006,0.8363909941573299,1.0653495257808978,1.0688075917661204,-1.1651700861775494,0.28347799930882306
-0.7681737325961939,-1.0475075637413465,0.8101579745265006,-1.0570587063287502,1.0653495257808978,1.0688075917661204,-1.1651700861775494,0.28347799930882306
-0.6269755386308058,0.41017329024919946,0.8101579745265006,-0.8203774937679902,1.0653495257808978,1.3423316450301723,-1.1651700861775494,0.28347799930882306
-0.5183615432728149,-1.0475075637413465,0.32232173036873396,2.0197970569611297,-1.4270386327380036,-1.6664329408743999,0.2643280247651782,0.28347799930882306
-0.38802474884322585,-0.3186671367460735,0.3783435754803479,-1.0570587063287502,-1.4270386327380036,-1.3929088876103477,0.2643280247651782,0.28347799930882306
-0.23596515534203857,-1.5681078687379701,0.8101579745265006,0.3630285690358098,-0.5962425798983697,-0.8458607810822437,0.2643280247651782,0.28347799930882306
-0.08390556184085132,-0.9433875027420218,0.8101579745265006,-0.8203774937679902,-0.5962425798983697,-0.5723367278181918,0.2643280247651782,0.28347799930882306
0.046431232588737756,0.7225334732471737,0.8101579745265006,-0.8203774937679902,-0.5962425798983697,-0.29881267455413973,0.2643280247651782,0.28347799930882306
0.17676802701832683,-1.4639878077386455,0.8101579745265006,-1.0570587063287502,0.23455347294126402,-0.025288621290087743,0.2643280247651782,0.28347799930882306
0.2853820223763177,-0.11042701474742408,0.8101579745265006,0.1263473564750498,0.23455347294126402,0.24823543197396428,0.2643280247651782,0.28347799930882306
0.43744161587750496,1.2431337782437972,0.8101579745265006,0.8363909941573299,0.23455347294126402,0.5217594852380163,0.2643280247651782,0.28347799930882306
0.5460556112354958,-1.4639878077386455,0.8101579745265006,-0.1103338560857102,1.0653495257808978,0.7952835385020682,0.2643280247651782,0.28347799930882306
0.6438082070576877,1.347253839243122,0.8101579745265006,-1.0570587063287502,1.0653495257808978,1.0688075917661204,0.2643280247651782,0.28347799930882306
0.7632836019514777,-0.526907258744723,0.20432881765577848,0.1263473564750498,1.0653495257808978,1.0688075917661204,0.2643280247651782,0.28347799930882306
0.8718975973094686,-0.8392674417426971,0.03626328232093818,0.8363909941573299,1.0653495257808978,1.0688075917661204,0.2643280247651782,0.28347799930882306
1.1217097866328476,1.5554939612417713,0.6574612639567934,-1.0570587063287502,-1.4270386327380036,-1.6664329408743999,1.6938261357079059,0.28347799930882306
1.2520465810624366,0.30605322924987477,0.8101579745265006,-0.1103338560857102,-1.4270386327380036,-1.3929088876103477,1.6938261357079059,0.28347799930882306
1.414967574099423,1.0348936562451478,0.8101579745265006,-1.2937399188895102,-1.4270386327380036,-1.1193848343462958,1.6938261357079059,0.28347799930882306
1.5670271676006102,1.1390137172444725,0.8101579745265006,0.3630285690358098,-0.5962425798983697,-0.8458607810822437,1.6938261357079059,0.28347799930882306
1.7190867611017975,-0.006306953748099373,0.8101579745265006,-0.8203774937679902,-0.5962425798983697,-0.5723367278181918,1.6938261357079059,0.28347799930882306
-1.615362896388523,-0.6310273197440477,-1.2041496067875292,2.0197970569611297,-1.4270386327380036,-1.1193848343462958,-1.1651700861775494,-1.2658606313127745
-1.4741647024231348,1.5554939612417713,-1.1793611797469923,-1.2937399188895102,-0.5962425798983697,-0.5723367278181918,-1.1651700861775494,-1.2658606313127745
-1.3221051089219475,-0.9433875027420218,-1.6781043318025948,-1.2937399188895102,0.23455347294126402,-0.025288621290087743,-1.1651700861775494,-1.2658606313127745
-1.2026297140281577,1.2431337782437972,-1.329083279071835,0.3630285690358098,0.23455347294126402,0.5217594852380163,-1.1651700861775494,-1.2658606313127745
-1.0614315200627693,-1.255747685739996,-1.503593805437215,0.1263473564750498,1.0653495257808978,0.7952835385020682,-1.1651700861775494,-1.2658606313127745
-0.9419561251689794,-0.11042701474742408,-2.0276211530741657,-0.3470150686464702,1.0653495257808978,1.0688075917661204,-1.1651700861775494,-1.2658606313127745
-0.8442035293467876,-0.11042701474742408,-1.4788053783966781,-1.2937399188895102,1.0653495257808978,1.0688075917661204,-1.1651700861775494,-1.2658606313127745
-0.7247281344529977,1.2431337782437972,-1.4788053783966781,-0.1103338560857102,1.0653495257808978,1.0688075917661204,-1.1651700861775494,-1.2658606313127745
-0.5943913400234085,1.0348936562451478,-1.6781043318025948,1.3097534192788498,1.0653495257808978,1.3423316450301723,-1.1651700861775494,-1.2658606313127745
-0.5075001437370158,1.0348936562451478,-1.503593805437215,-0.3470150686464702,-1.4270386327380036,-1.6664329408743999,0.2643280247651782,-1.2658606313127745
-0.35544055023582855,0.09781310725122534,-2.0023369574928176,-0.8203774937679902,-1.4270386327380036,-1.3929088876103477,0.2643280247651782,-1.2658606313127745
-0.19251955719884223,-1.4639878077386455,-2.1520590568176607,0.8363909941573299,-0.5962425798983697,-0.8458607810822437,0.2643280247651782,-1.2658606313127745
0.07901543119613502,-0.7351473807433724,-1.7529653814650166,-1.2937399188895102,0.23455347294126402,-0.025288621290087743,0.2643280247651782,-1.2658606313127745
0.2093522256257241,-0.006306953748099373,-1.9026874807898593,-1.2937399188895102,0.23455347294126402,0.24823543197396428,0.2643280247651782,-1.2658606313127745
0.317966220983715,1.5554939612417713,-1.5536664280590995,1.5464346318396098,0.23455347294126402,0.5217594852380163,0.2643280247651782,-1.2658606313127745
0.45916441494910315,-1.3598677467393208,-1.6032432821401734,-0.8203774937679902,1.0653495257808978,0.7952835385020682,-1.1651700861775494,-1.2658606313127745
0.5677784103070941,1.0348936562451478,-1.7033885273839426,0.3630285690358098,1.0653495257808978,0.7952835385020682,0.2643280247651782,-1.2658606313127745
0.676392405665085,1.347253839243122,-2.0524095801147024,-0.3470150686464702,1.0653495257808978,1.0688075917661204,0.2643280247651782,-1.2658606313127745
0.795867800558875,-1.5681078687379701,0.21325265139037142,-0.3470150686464702,1.0653495257808978,1.0688075917661204,0.2643280247651782,-1.2658606313127745
0.915343195452665,-0.8392674417426971,-2.3523495473051987,-0.1103338560857102,1.0653495257808978,1.0688075917661204,0.2643280247651782,-1.2658606313127745
1.176016784311843,0.30605322924987477,-2.23881855145954,1.0730722067180898,-1.4270386327380036,-1.6664329408743999,1.6938261357079059,-1.2658606313127745
1.3063535787414322,-0.3186671367460735,0.8101579745265006,-0.8203774937679902,-1.4270386327380036,-1.3929088876103477,1.6938261357079059,-1.2658606313127745
1.6104727657438067,3.0131748152323174,-2.1520590568176607,0.8363909941573299,-0.5962425798983697,-0.8458607810822437,1.6938261357079059,-1.2658606313127745
1.7516709597091948,0.20193316825055005,-1.1545727527064553,1.5464346318396098,-0.5962425798983697,-0.5723367278181918,1.6938261357079059,-1.2658606313127745
-1.6588084945317194,-0.7351473807433724,0.24646914362469097,-0.5836962812072303,-1.4270386327380036,-1.3929088876103477,-1.1651700861775494,0.2085100010529393
-1.5067489010305322,0.41017329024919946,0.8101579745265006,0.8363909941573299,-0.5962425798983697,-0.8458607810822437,-1.1651700861775494,0.2085100010529393
-1.3655507070651438,0.618413412247849,0.5176545354481648,-0.3470150686464702,-0.5962425798983697,-0.29881267455413973,-1.1651700861775494,0.2085100010529393
-1.2352139126355548,0.5142933512485242,0.19243037267632102,2.2564782695218897,0.23455347294126402,0.24823543197396428,-1.1651700861775494,0.2085100010529393
-0.9854017233121758,1.4513739002424466,0.8101579745265006,1.0730722067180898,1.0653495257808978,0.7952835385020682,-1.1651700861775494,0.2085100010529393
-0.529222942808614,-0.8392674417426971,0.7348011563232686,0.5997097815965698,-1.4270386327380036,-1.6664329408743999,0.2643280247651782,0.2085100010529393
-0.38802474884322585,-0.11042701474742408,0.8101579745265006,1.0730722067180898,-1.4270386327380036,-1.3929088876103477,0.2643280247651782,0.2085100010529393
-0.25768795441363673,-1.255747685739996,0.626227845885717,-0.3470150686464702,-0.5962425798983697,-0.8458607810822437,0.2643280247651782,0.2085100010529393
-0.09476696137665042,-0.42278719774539825,0.24646914362469097,-0.1103338560857102,-0.5962425798983697,-0.5723367278181918,0.2643280247651782,0.2085100010529393
0.03556983305293866,-0.11042701474742408,0.680266616834087,-1.2937399188895102,-0.5962425798983697,-0.29881267455413973,0.2643280247651782,0.2085100010529393
0.17676802701832683,-1.0475075637413465,0.5721890749373464,1.0730722067180898,0.23455347294126402,-0.025288621290087743,0.2643280247651782,0.2085100010529393
0.27452062284051865,-1.3598677467393208,0.8101579745265006,-0.8203774937679902,0.23455347294126402,0.24823543197396428,0.2643280247651782,0.2085100010529393
0.41571881680590683,-0.3186671367460735,0.8101579745265006,-0.1103338560857102,0.23455347294126402,0.5217594852380163,0.2643280247651782,0.2085100010529393
0.5351942116996968,-0.42278719774539825,0.8101579745265006,0.5997097815965698,1.0653495257808978,0.7952835385020682,0.2643280247651782,0.2085100010529393
0.6220854079860895,-1.0475075637413465,0.8101579745265006,-1.2937399188895102,1.0653495257808978,1.0688075917661204,0.2643280247651782,0.2085100010529393
0.7524222024156786,1.2431337782437972,0.19243037267632102,1.7831158444003699,1.0653495257808978,1.0688075917661204,0.2643280247651782,0.2085100010529393
0.8718975973094686,-1.4639878077386455,-1.6364597743744929,0.1263473564750498,1.0653495257808978,1.0688075917661204,0.2643280247651782,0.2085100010529393
1.0239571908106557,-0.7351473807433724,-0.5913796903454563,-1.0570587063287502,1.0653495257808978,1.3423316450301723,0.2643280247651782,0.2085100010529393
1.2520465810624366,1.1390137172444725,0.5176545354481648,-0.8203774937679902,-1.4270386327380036,-1.3929088876103477,1.6938261357079059,0.2085100010529393
1.3823833754920258,-0.2145470757467488,-2.079676849859293,1.0730722067180898,-1.4270386327380036,-1.1193848343462958,1.6938261357079059,0.2085100010529393
1.5127201699216148,0.8266535342464983,0.8101579745265006,2.2564782695218897,-1.4270386327380036,-1.1193848343462958,1.6938261357079059,0.2085100010529393
1.5453043685290122,0.30605322924987477,0.626227845885717,-0.3470150686464702,-0.5962425798983697,-0.8458607810822437,1.6938261357079059,0.2085100010529393
1.7082253615659986,1.2431337782437972,0.24646914362469097,-0.1103338560857102,-0.5962425798983697,-0.5723367278181918,1.6938261357079059,0.2085100010529393
-1.7131154922107148,1.0348936562451478,-2.600729586251379,-0.8203774937679902,-1.4270386327380036,-1.6664329408743999,-1.1651700861775494,-1.690679288096116
-1.615362896388523,-1.5681078687379701,-2.387053345161951,-0.8203774937679902,-1.4270386327380036,-1.1193848343462958,-1.1651700861775494,-1.690679288096116
-1.4633033028873357,1.0348936562451478,-2.2715392751530485,-1.0570587063287502,-0.5962425798983697,-0.5723367278181918,-1.1651700861775494,-1.690679288096116
-1.1917683144923585,0.09781310725122534,-2.502071646630042,0.1263473564750498,0.23455347294126402,0.5217594852380163,-1.1651700861775494,-1.690679288096116
-1.0505701205269704,0.20193316825055005,-2.7980454654940528,-0.3470150686464702,1.0653495257808978,0.7952835385020682,-1.1651700861775494,-1.690679288096116
-0.9310947256331803,-0.42278719774539825,-2.5843692244046244,0.5997097815965698,1.0653495257808978,1.0688075917661204,-1.1651700861775494,-1.690679288096116
-0.8333421298109885,0.41017329024919946,-2.3211161292341225,-0.1103338560857102,1.0653495257808978,1.0688075917661204,-1.1651700861775494,-1.690679288096116
-0.7138667349171985,-0.9433875027420218,-2.699387525872716,0.8363909941573299,1.0653495257808978,1.0688075917661204,-1.1651700861775494,-1.690679288096116
-0.5835299404876094,-0.3186671367460735,-2.304755767387368,-0.3470150686464702,1.0653495257808978,1.3423316450301723,-1.1651700861775494,-1.690679288096116
-0.48577734466541767,-1.5681078687379701,-2.4524947925489684,-0.8203774937679902,-1.4270386327380036,-1.6664329408743999,0.2643280247651782,-1.690679288096116
-0.3445791507000295,0.7225334732471737,-2.699387525872716,-0.1103338560857102,-1.4270386327380036,-1.1193848343462958,0.2643280247651782,-1.690679288096116
-0.17079675812724404,-0.2145470757467488,-2.6830271640259613,-1.2937399188895102,-0.5962425798983697,-0.8458607810822437,0.2643280247651782,-1.690679288096116
0.23107502469732227,-1.5681078687379701,-2.7157478877194703,1.3097534192788498,0.23455347294126402,0.24823543197396428,0.2643280247651782,-1.690679288096116
0.317966220983715,-0.6310273197440477,-2.255178913306294,-1.2937399188895102,0.23455347294126402,0.5217594852380163,0.2643280247651782,-1.690679288096116
0.49174861355650046,-1.255747685739996,-2.6503064403324528,2.2564782695218897,1.0653495257808978,0.7952835385020682,0.2643280247651782,-1.690679288096116
0.5786398098428932,0.41017329024919946,-2.6830271640259613,1.5464346318396098,1.0653495257808978,0.7952835385020682,0.2643280247651782,-1.690679288096116
0.6872538052008841,-1.5681078687379701,0.8101579745265006,-0.8203774937679902,1.0653495257808978,1.0688075917661204,0.2643280247651782,-1.690679288096116
0.795867800558875,1.0348936562451478,-0.08668731580012512,-0.1103338560857102,1.0653495257808978,1.0688075917661204,0.2643280247651782,-1.690679288096116
0.926204594988464,-1.5681078687379701,-2.403413707008705,-0.1103338560857102,1.0653495257808978,1.0688075917661204,0.2643280247651782,-1.690679288096116
1.056541389418053,1.347253839243122,0.8101579745265006,-0.3470150686464702,1.0653495257808978,1.3423316450301723,0.2643280247651782,-1.690679288096116
1.176016784311843,-1.255747685739996,-2.3483833989787133,1.5464346318396098,-1.4270386327380036,-1.6664329408743999,1.6938261357079059,-1.690679288096116
1.3172149782772313,-0.3186671367460735,-0.6493846096203129,-0.5836962812072303,-1.4270386327380036,-1.3929088876103477,1.6938261357079059,-1.690679288096116
1.4366903731710212,-0.2145470757467488,0.8101579745265006,0.3630285690358098,-1.4270386327380036,-1.1193848343462958,1.6938261357079059,-1.690679288096116
1.632195564815405,2.7008146322343434,-2.6830271640259613,-1.2937399188895102,-0.5962425798983697,-0.8458607810822437,1.6938261357079059,-1.690679288096116
1.7516709597091948,1.0348936562451478,-2.814901595881618,-1.2937399188895102,-0.5962425798983697,-0.5723367278181918,1.6938261357079059,-1.690679288096116
-1.6479470949959203,0.30605322924987477,-0.0311612392293222,0.1263473564750498,-1.4270386327380036,-1.3929088876103477,-1.1651700861775494,-0.6161379797617821
-1.5067489010305322,-0.11042701474742408,0.006517169872294163,-0.3470150686464702,-0.5962425798983697,-0.8458607810822437,-1.1651700861775494,-0.6161379797617821
-1.354689307529345,0.8266535342464983,-0.0311612392293222,0.1263473564750498,0.23455347294126402,-0.025288621290087743,-1.1651700861775494,-0.6161379797617821
-1.2352139126355548,1.2431337782437972,-0.0311612392293222,1.0730722067180898,0.23455347294126402,0.24823543197396428,-1.1651700861775494,-0.6161379797617821
-1.0940157186701667,-1.3598677467393208,-0.8243909045265035,-1.2937399188895102,1.0653495257808978,0.7952835385020682,-1.1651700861775494,-0.6161379797617821
-0.9854017233121758,-0.6310273197440477,-0.408936867327105,-0.1103338560857102,1.0653495257808978,0.7952835385020682,-1.1651700861775494,-0.6161379797617821
-0.8550649288825867,-0.7351473807433724,-0.7490340863232715,1.7831158444003699,1.0653495257808978,1.0688075917661204,-1.1651700861775494,-0.6161379797617821
-0.7681737325961939,0.5142933512485242,0.38379702942926597,-0.1103338560857102,1.0653495257808978,1.0688075917661204,-1.1651700861775494,-0.6161379797617821
-0.6269755386308058,-1.0475075637413465,-0.48478945407114804,0.1263473564750498,1.0653495257808978,1.3423316450301723,-1.1651700861775494,-0.6161379797617821
-0.529222942808614,-0.526907258744723,-1.088635536778627,-0.5836962812072303,-1.4270386327380036,-1.6664329408743999,0.2643280247651782,-0.6161379797617821
-0.38802474884322585,0.30605322924987477,-0.711355677221655,-0.1103338560857102,-1.4270386327380036,-1.3929088876103477,0.2643280247651782,-0.6161379797617821
-0.24682655487783767,0.09781310725122534,0.19540498392118485,-0.8203774937679902,-0.5962425798983697,-0.8458607810822437,0.2643280247651782,-0.6161379797617821
-0.09476696137665042,-0.3186671367460735,0.19540498392118485,-1.2937399188895102,-0.5962425798983697,-0.5723367278181918,0.2643280247651782,-0.6161379797617821
0.046431232588737756,0.20193316825055005,-1.0509571276770109,0.1263473564750498,-0.5962425798983697,-0.29881267455413973,0.2643280247651782,-0.6161379797617821
0.17676802701832683,-0.526907258744723,-0.18237064417659724,-0.1103338560857102,0.23455347294126402,-0.025288621290087743,0.2643280247651782,-0.6161379797617821
0.2853820223763177,0.41017329024919946,-0.6731814995792285,1.0730722067180898,0.23455347294126402,0.24823543197396428,0.2643280247651782,-0.6161379797617821
0.41571881680590683,-0.3186671367460735,-0.8997477227297355,-1.2937399188895102,0.23455347294126402,0.5217594852380163,0.2643280247651782,-0.6161379797617821
0.5351942116996968,1.2431337782437972,-1.0132787185753949,-0.5836962812072303,1.0653495257808978,0.7952835385020682,0.2643280247651782,-0.6161379797617821
0.6438082070576877,-0.9433875027420218,0.1572308062787582,-0.1103338560857102,1.0653495257808978,1.0688075917661204,0.2643280247651782,-0.6161379797617821
0.7632836019514777,0.20193316825055005,0.5340148972949198,-0.5836962812072303,1.0653495257808978,1.0688075917661204,0.2643280247651782,-0.6161379797617821
0.8827589968452677,2.0760942662383948,-0.18237064417659724,0.3630285690358098,1.0653495257808978,1.0688075917661204,0.2643280247651782,-0.6161379797617821
1.1325711861686467,-1.4639878077386455,0.8101579745265006,0.3630285690358098,-1.4270386327380036,-1.6664329408743999,1.6938261357079059,-0.6161379797617821
1.2629079805982357,-1.255747685739996,0.8101579745265006,0.5997097815965698,-1.4270386327380036,-1.3929088876103477,1.6938261357079059,-0.6161379797617821
1.414967574099423,1.4513739002424466,-0.11197151138147232,-1.0570587063287502,-1.4270386327380036,-1.1193848343462958,1.6938261357079059,-0.6161379797617821
1.5561657680648113,2.492574510235694,0.19540498392118485,-0.8203774937679902,-0.5962425798983697,-0.8458607810822437,1.6938261357079059,-0.6161379797617821
1.7082253615659986,-0.3186671367460735,0.19540498392118485,-1.2937399188895102,-0.5962425798983697,-0.5723367278181918,1.6938261357079059,-0.6161379797617821
-1.6696698940675183,0.8266535342464983,0.8101579745265006,0.5997097815965698,-1.4270386327380036,-1.3929088876103477,-1.1651700861775494,0.5333713268284356
-1.5393330996379293,0.618413412247849,0.8101579745265006,-0.8203774937679902,-0.5962425798983697,-0.8458607810822437,-1.1651700861775494,0.5333713268284356
-1.4089963052083403,1.0348936562451478,0.8101579745265006,0.5997097815965698,-0.5962425798983697,-0.29881267455413973,-1.1651700861775494,0.5333713268284356
-1.2677981112429522,-0.2145470757467488,0.8101579745265006,-0.1103338560857102,0.23455347294126402,0.24823543197396428,-1.1651700861775494,0.5333713268284356
-1.148322716349162,0.5142933512485242,0.8101579745265006,-0.3470150686464702,0.23455347294126402,0.5217594852380163,-1.1651700861775494,0.5333713268284356
-0.9962631228479749,-0.2145470757467488,0.8101579745265006,2.2564782695218897,1.0653495257808978,0.7952835385020682,-1.1651700861775494,0.5333713268284356
-0.8876491274899839,1.5554939612417713,0.8101579745265006,0.1263473564750498,1.0653495257808978,1.0688075917661204,-1.1651700861775494,0.5333713268284356
-0.8007579312035913,-0.526907258744723,0.8101579745265006,0.1263473564750498,1.0653495257808978,1.0688075917661204,-1.1651700861775494,0.5333713268284356
-0.6704211367740022,0.618413412247849,0.8101579745265006,1.5464346318396098,1.0653495257808978,1.0688075917661204,-1.1651700861775494,0.5333713268284356
-0.5509457418802122,-0.006306953748099373,0.8101579745265006,0.1263473564750498,-1.4270386327380036,-1.6664329408743999,0.2643280247651782,0.5333713268284356
-0.40974754791482404,1.4513739002424466,0.8101579745265006,-1.2937399188895102,-1.4270386327380036,-1.3929088876103477,0.2643280247651782,0.5333713268284356
-0.29027215302103404,1.1390137172444725,0.8101579745265006,-0.5836962812072303,-1.4270386327380036,-1.1193848343462958,0.2643280247651782,0.5333713268284356
-0.11648976044824859,1.347253839243122,0.8101579745265006,0.8363909941573299,-0.5962425798983697,-0.5723367278181918,0.2643280247651782,0.5333713268284356
0.024708433517139576,0.09781310725122534,0.8101579745265006,0.3630285690358098,-0.5962425798983697,-0.29881267455413973,0.2643280247651782,0.5333713268284356
0.15504522794672865,-1.3598677467393208,0.8101579745265006,1.0730722067180898,0.23455347294126402,-0.025288621290087743,0.2643280247651782,0.5333713268284356
0.2636592233047195,0.7225334732471737,0.8101579745265006,1.5464346318396098,0.23455347294126402,0.24823543197396428,0.2643280247651782,0.5333713268284356
0.37227321866271046,-1.4639878077386455,0.8101579745265006,-1.0570587063287502,0.23455347294126402,0.5217594852380163,0.2643280247651782,0.5333713268284356
0.5134714126280986,-0.6310273197440477,0.8101579745265006,0.1263473564750498,1.0653495257808978,0.7952835385020682,0.2643280247651782,0.5333713268284356
0.6112240084502905,-0.006306953748099373,0.8101579745265006,-0.1103338560857102,1.0653495257808978,0.7952835385020682,0.2643280247651782,0.5333713268284356
0.7306994033440805,0.618413412247849,0.8101579745265006,-0.5836962812072303,1.0653495257808978,1.0688075917661204,0.2643280247651782,0.5333713268284356
0.8501747982378703,-0.6310273197440477,-0.5794812453659989,-0.5836962812072303,1.0653495257808978,1.0688075917661204,0.2643280247651782,0.5333713268284356
0.9913729922032586,-0.11042701474742408,-1.6523243676804367,0.1263473564750498,1.0653495257808978,1.3423316450301723,0.2643280247651782,0.5333713268284356
1.2303237819908386,0.20193316825055005,0.8101579745265006,0.3630285690358098,-1.4270386327380036,-1.6664329408743999,1.6938261357079059,0.5333713268284356
1.3606605764204276,-0.7351473807433724,-0.1546076058911958,-0.8203774937679902,-1.4270386327380036,-1.3929088876103477,1.6938261357079059,0.5333713268284356
1.4909973708500166,1.4513739002424466,0.8101579745265006,-0.1103338560857102,-1.4270386327380036,-1.1193848343462958,1.6938261357079059,0.5333713268284356
1.6865025624944003,-1.255747685739996,0.8101579745265006,0.8363909941573299,-0.5962425798983697,-0.5723367278181918,1.6938261357079059,0.5333713268284356
-1.7131154922107148,1.1390137172444725,-1.4822757581823534,-1.0570587063287502,-1.4270386327380036,-1.6664329408743999,-1.1651700861775494,-1.4157966278245422
-1.615362896388523,0.41017329024919946,-1.948793955085258,-1.0570587063287502,-1.4270386327380036,-1.1193848343462958,-1.1651700861775494,-1.4157966278245422
-1.4633033028873357,-1.3598677467393208,-1.9041747864122915,-1.2937399188895102,-0.5962425798983697,-0.5723367278181918,-1.1651700861775494,-1.4157966278245422
-1.1917683144923585,1.4513739002424466,-1.704380064465564,-0.1103338560857102,0.23455347294126402,0.5217594852380163,-1.1651700861775494,-1.4157966278245422
-1.0505701205269704,0.8266535342464983,-2.3483833989787133,-0.5836962812072303,1.0653495257808978,0.7952835385020682,-1.1651700861775494,-1.4157966278245422
-0.9310947256331803,-0.8392674417426971,-2.103969508359019,0.3630285690358098,1.0653495257808978,1.0688075917661204,-1.1651700861775494,-1.4157966278245422
-0.8333421298109885,-0.42278719774539825,-2.3260738146422297,-0.3470150686464702,1.0653495257808978,1.0688075917661204,-1.1651700861775494,-1.4157966278245422
-0.7138667349171985,-1.5681078687379701,-1.6379470799969251,0.5997097815965698,1.0653495257808978,1.0688075917661204,-1.1651700861775494,-1.4157966278245422
-0.5835299404876094,-1.1516276247406712,-2.259640830173591,-0.5836962812072303,1.0653495257808978,1.3423316450301723,-1.1651700861775494,-1.4157966278245422
-0.48577734466541767,1.4513739002424466,-1.770813048934203,-1.0570587063287502,-1.4270386327380036,-1.6664329408743999,0.2643280247651782,-1.4157966278245422
-0.3445791507000295,-1.1516276247406712,-1.7489992331385305,-0.3470150686464702,-1.4270386327380036,-1.1193848343462958,0.2643280247651782,-1.4157966278245422
-0.15993535859144495,0.41017329024919946,-1.9041747864122915,0.5997097815965698,-0.5962425798983697,-0.8458607810822437,0.2643280247651782,-1.4157966278245422
-0.04045996369765496,0.20193316825055005,-1.8818652020758082,-1.0570587063287502,-0.5962425798983697,-0.29881267455413973,0.2643280247651782,-1.4157966278245422
0.23107502469732227,1.0348936562451478,-1.793122633270686,1.0730722067180898,0.23455347294126402,0.24823543197396428,0.2643280247651782,-1.4157966278245422
0.3288276205195141,1.0348936562451478,-1.7489992331385305,-0.5836962812072303,0.23455347294126402,0.5217594852380163,0.2643280247651782,-1.4157966278245422
0.49174861355650046,0.930773595245823,-2.193207845704952,2.0197970569611297,1.0653495257808978,0.7952835385020682,0.2643280247651782,-1.4157966278245422
0.5786398098428932,-1.255747685739996,-2.281950414510074,1.3097534192788498,1.0653495257808978,0.7952835385020682,0.2643280247651782,-1.4157966278245422
0.6872538052008841,-0.526907258744723,0.8101579745265006,-0.5836962812072303,1.0653495257808978,1.0688075917661204,0.2643280247651782,-1.4157966278245422
0.795867800558875,-0.9433875027420218,0.09228512743255138,0.8363909941573299,1.0653495257808978,1.0688075917661204,0.2643280247651782,-1.4157966278245422
0.9370659945242631,0.8266535342464983,-1.4822757581823534,-1.2937399188895102,1.0653495257808978,1.0688075917661204,0.2643280247651782,-1.4157966278245422
1.056541389418053,-0.9433875027420218,-2.5680088625578703,0.1263473564750498,1.0653495257808978,1.3423316450301723,0.2643280247651782,-1.4157966278245422
1.176016784311843,-0.7351473807433724,-2.6309714672408337,1.3097534192788498,-1.4270386327380036,-1.6664329408743999,1.6938261357079059,-1.4157966278245422
1.3172149782772313,-0.8392674417426971,-0.7589494571394864,-0.3470150686464702,-1.4270386327380036,-1.3929088876103477,1.6938261357079059,-1.4157966278245422
1.4366903731710212,-1.1516276247406712,0.8101579745265006,-1.2937399188895102,-1.4270386327380036,-1.1193848343462958,1.6938261357079059,-1.4157966278245422
1.762532359244994,0.5142933512485242,-1.8818652020758082,-1.0570587063287502,-0.5962425798983697,-0.5723367278181918,1.6938261357079059,-1.4157966278245422
-1.6913926931391166,0.09781310725122534,0.8101579745265006,-1.2937399188895102,-1.4270386327380036,-1.6664329408743999,-1.1651700861775494,0.6583179905882418
-1.5719172982453267,-1.4639878077386455,0.8101579745265006,-0.3470150686464702,-0.5962425798983697,-0.8458607810822437,-1.1651700861775494,0.6583179905882418
-1.4415805038157374,-0.8392674417426971,0.8101579745265006,-1.2937399188895102,-0.5962425798983697,-0.5723367278181918,-1.1651700861775494,0.6583179905882418
-1.2895209103145502,1.2431337782437972,0.8101579745265006,-1.2937399188895102,0.23455347294126402,-0.025288621290087743,-1.1651700861775494,0.6583179905882418
-1.1700455154207603,0.7225334732471737,0.8101579745265006,0.3630285690358098,0.23455347294126402,0.5217594852380163,-1.1651700861775494,0.6583179905882418
-1.017985921919573,-0.3186671367460735,0.8101579745265006,2.4931594820826497,1.0653495257808978,0.7952835385020682,-1.1651700861775494,0.6583179905882418
-0.9093719265615822,-0.7351473807433724,0.8101579745265006,-0.1103338560857102,1.0653495257808978,1.0688075917661204,-1.1651700861775494,0.6583179905882418
-0.8116193307393903,-1.1516276247406712,0.8101579745265006,1.0730722067180898,1.0653495257808978,1.0688075917661204,-1.1651700861775494,0.6583179905882418
-0.7030053353813994,1.4513739002424466,0.8101579745265006,-1.2937399188895102,1.0653495257808978,1.0688075917661204,-1.1651700861775494,0.6583179905882418
-0.5618071414160113,1.1390137172444725,0.8101579745265006,1.3097534192788498,1.0653495257808978,1.3423316450301723,-1.1651700861775494,0.6583179905882418
-0.45319314605802036,-0.7351473807433724,0.8101579745265006,-1.2937399188895102,-1.4270386327380036,-1.3929088876103477,0.2643280247651782,0.6583179905882418
-0.3228563516284313,1.347253839243122,0.8101579745265006,-0.1103338560857102,-1.4270386327380036,-1.1193848343462958,0.2643280247651782,0.6583179905882418
-0.13821255951984676,-0.6310273197440477,0.8101579745265006,0.8363909941573299,-0.5962425798983697,-0.5723367278181918,0.2643280247651782,0.6583179905882418
0.0029856344455413955,1.2431337782437972,0.8101579745265006,0.5997097815965698,-0.5962425798983697,-0.29881267455413973,0.2643280247651782,0.6583179905882418
0.13332242887513046,0.8266535342464983,0.8101579745265006,0.8363909941573299,0.23455347294126402,-0.025288621290087743,0.2643280247651782,0.6583179905882418
0.24193642423312137,-1.0475075637413465,0.8101579745265006,-0.1103338560857102,0.23455347294126402,0.24823543197396428,0.2643280247651782,0.6583179905882418
0.35055041959111227,1.347253839243122,0.8101579745265006,-1.2937399188895102,0.23455347294126402,0.5217594852380163,0.2643280247651782,0.6583179905882418
0.5026100130922995,-1.1516276247406712,0.8101579745265006,0.8363909941573299,1.0653495257808978,0.7952835385020682,0.2643280247651782,0.6583179905882418
0.5895012093786922,0.7225334732471737,0.8101579745265006,-0.5836962812072303,1.0653495257808978,0.7952835385020682,0.2643280247651782,0.6583179905882418
0.7089766042724822,-0.42278719774539825,0.8101579745265006,-1.0570587063287502,1.0653495257808978,1.0688075917661204,0.2643280247651782,0.6583179905882418
0.8175905996304731,0.7225334732471737,0.8101579745265006,-0.3470150686464702,1.0653495257808978,1.0688075917661204,0.2643280247651782,0.6583179905882418
0.9696501931316603,0.20193316825055005,0.8101579745265006,-1.2937399188895102,1.0653495257808978,1.0688075917661204,0.2643280247651782,0.6583179905882418
1.0782641884896513,0.618413412247849,0.8101579745265006,0.1263473564750498,1.0653495257808978,1.3423316450301723,0.2643280247651782,0.6583179905882418
1.2194623824550395,-1.5681078687379701,0.8101579745265006,-0.3470150686464702,-1.4270386327380036,-1.6664329408743999,1.6938261357079059,0.6583179905882418
1.3389377773488293,-1.5681078687379701,0.8101579745265006,-0.8203774937679902,-1.4270386327380036,-1.3929088876103477,1.6938261357079059,0.6583179905882418
1.664779763422802,3.3255349982302915,0.8101579745265006,0.8363909941573299,-0.5962425798983697,-0.5723367278181918,1.6938261357079059,0.6583179905882418
1.8059779573881902,1.4513739002424466,0.8101579745265006,0.5997097815965698,-0.5962425798983697,-0.5723367278181918,1.6938261357079059,0.6583179905882418
-1.6370856954601212,-0.006306953748099373,-1.2289380338280662,2.0197970569611297,-1.4270386327380036,-1.1193848343462958,-1.1651700861775494,-0.7910633090255108
-1.495887501494733,-0.3186671367460735,-0.33605889182792653,-1.0570587063287502,-0.5962425798983697,-0.5723367278181918,-1.1651700861775494,-0.7910633090255108
-1.3438279079935458,-0.6310273197440477,-1.0916101480234914,2.2564782695218897,0.23455347294126402,-0.025288621290087743,-1.1651700861775494,-0.7910633090255108
-1.2352139126355548,-0.8392674417426971,-1.1258181773394322,-0.8203774937679902,0.23455347294126402,0.24823543197396428,-1.1651700861775494,-0.7910633090255108
-1.0831543191343675,-0.8392674417426971,-0.1645229767074107,1.0730722067180898,1.0653495257808978,0.7952835385020682,-1.1651700861775494,-0.7910633090255108
-0.9745403237763767,0.30605322924987477,-0.47338677763250087,1.0730722067180898,1.0653495257808978,1.0688075917661204,-1.1651700861775494,-0.7910633090255108
-0.8550649288825867,-0.006306953748099373,-0.5765066341211343,-0.1103338560857102,1.0653495257808978,1.0688075917661204,-1.1651700861775494,-0.7910633090255108
-0.7464509335245958,0.7225334732471737,-0.3702669211438674,-0.8203774937679902,1.0653495257808978,1.0688075917661204,-1.1651700861775494,-0.7910633090255108
-0.5183615432728149,-1.4639878077386455,-0.988490291534858,1.0730722067180898,-1.4270386327380036,-1.6664329408743999,0.2643280247651782,-0.7910633090255108
-0.37716334930742673,0.20193316825055005,-0.1645229767074107,-0.5836962812072303,-1.4270386327380036,-1.3929088876103477,0.2643280247651782,-0.7910633090255108
-0.23596515534203857,-0.9433875027420218,-0.19873100602335153,-0.5836962812072303,-0.5962425798983697,-0.8458607810822437,0.2643280247651782,-0.7910633090255108
-0.07304416230505223,1.2431337782437972,-0.8853704350462245,0.3630285690358098,-0.5962425798983697,-0.5723367278181918,0.2643280247651782,-0.7910633090255108
0.05729263212453684,0.20193316825055005,-0.9200742329029763,-0.1103338560857102,-0.5962425798983697,-0.29881267455413973,0.2643280247651782,-0.7910633090255108
0.18762942655412593,1.1390137172444725,-0.4049707190006192,1.3097534192788498,0.23455347294126402,0.24823543197396428,0.2643280247651782,-0.7910633090255108
0.2853820223763177,0.30605322924987477,-1.194730004512125,-0.8203774937679902,0.23455347294126402,0.24823543197396428,0.2643280247651782,-0.7910633090255108
0.43744161587750496,-0.2145470757467488,-0.8511624057302837,-0.1103338560857102,0.23455347294126402,0.5217594852380163,0.2643280247651782,-0.7910633090255108
0.5460556112354958,-1.1516276247406712,-1.3662659196326405,-1.0570587063287502,1.0653495257808978,0.7952835385020682,0.2643280247651782,-0.7910633090255108
0.6546696065934868,-0.42278719774539825,-0.09561114953471804,0.1263473564750498,1.0653495257808978,1.0688075917661204,0.2643280247651782,-0.7910633090255108
0.7741450014872767,0.7225334732471737,-0.13031494739146987,-1.2937399188895102,1.0653495257808978,1.0688075917661204,0.2643280247651782,-0.7910633090255108
0.8936203963810667,-0.3186671367460735,0.8101579745265006,-0.1103338560857102,1.0653495257808978,1.0688075917661204,0.2643280247651782,-0.7910633090255108
1.045679989882254,0.618413412247849,-0.644922692753016,-0.8203774937679902,1.0653495257808978,1.3423316450301723,0.2643280247651782,-0.7910633090255108
1.1325711861686467,0.8266535342464983,-1.1119366581967318,1.7831158444003699,-1.4270386327380036,-1.6664329408743999,1.6938261357079059,-0.7910633090255108
1.2629079805982357,-1.5681078687379701,0.8101579745265006,1.7831158444003699,-1.4270386327380036,-1.3929088876103477,1.6938261357079059,-0.7910633090255108
1.425828973635222,-0.006306953748099373,-0.918586927280544,-0.5836962812072303,-1.4270386327380036,-1.1193848343462958,1.6938261357079059,-0.7910633090255108
1.5670271676006102,-0.8392674417426971,-0.19873100602335153,-0.5836962812072303,-0.5962425798983697,-0.8458607810822437,1.6938261357079059,-0.7910633090255108
-1.615362896388523,0.8266535342464983,-0.27309628714496226,1.0730722067180898,-1.4270386327380036,-1.1193848343462958,-1.1651700861775494,-0.2662873212343245
-1.4633033028873357,-0.3186671367460735,-0.5432901418868148,0.8363909941573299,-0.5962425798983697,-0.5723367278181918,-1.1651700861775494,-0.2662873212343245
-1.2026297140281577,-1.4639878077386455,-0.49867097321384873,-0.5836962812072303,0.23455347294126402,0.5217594852380163,-1.1651700861775494,-0.2662873212343245
-1.0614315200627693,-1.5681078687379701,0.8101579745265006,-0.8203774937679902,1.0653495257808978,0.7952835385020682,-1.1651700861775494,-0.2662873212343245
-0.9419561251689794,-1.3598677467393208,-0.45355603600007105,-1.2937399188895102,1.0653495257808978,1.0688075917661204,-1.1651700861775494,-0.2662873212343245
-0.8333421298109885,0.09781310725122534,-0.49867097321384873,1.7831158444003699,1.0653495257808978,1.0688075917661204,-1.1651700861775494,-0.2662873212343245
-0.7247281344529977,1.1390137172444725,-0.0029024324031104564,-1.0570587063287502,1.0653495257808978,1.0688075917661204,-1.1651700861775494,-0.2662873212343245
-0.5943913400234085,1.2431337782437972,0.6277151515081486,0.3630285690358098,1.0653495257808978,1.3423316450301723,-1.1651700861775494,-0.2662873212343245
-0.5075001437370158,1.0348936562451478,0.22217648512496505,-1.2937399188895102,-1.4270386327380036,-1.6664329408743999,0.2643280247651782,-0.2662873212343245
-0.3445791507000295,1.2431337782437972,0.22217648512496505,1.7831158444003699,-1.4270386327380036,-1.1193848343462958,0.2643280247651782,-0.2662873212343245
-0.19251955719884223,1.2431337782437972,0.5374852770805946,-0.1103338560857102,-0.5962425798983697,-0.8458607810822437,0.2643280247651782,-0.2662873212343245
0.08987683073193412,0.30605322924987477,0.17755731645199832,-0.8203774937679902,0.23455347294126402,-0.025288621290087743,0.2643280247651782,-0.2662873212343245
0.22021362516152318,1.4513739002424466,-0.18286641271740822,-0.8203774937679902,0.23455347294126402,0.24823543197396428,0.2643280247651782,-0.2662873212343245
0.317966220983715,-0.006306953748099373,-0.1382472440444415,0.5997097815965698,0.23455347294126402,0.5217594852380163,0.2643280247651782,-0.2662873212343245
0.47002581448490227,1.4513739002424466,0.8101579745265006,-0.3470150686464702,1.0653495257808978,0.7952835385020682,-1.1651700861775494,-0.2662873212343245
0.5677784103070941,-0.7351473807433724,0.49286610840762785,-0.5836962812072303,1.0653495257808978,0.7952835385020682,0.2643280247651782,-0.2662873212343245
0.676392405665085,-0.526907258744723,-0.5432901418868148,-1.2937399188895102,1.0653495257808978,1.0688075917661204,0.2643280247651782,-0.2662873212343245
0.795867800558875,0.41017329024919946,0.15177735232984013,0.1263473564750498,1.0653495257808978,1.0688075917661204,0.2643280247651782,-0.2662873212343245
0.9479273940600622,-1.0475075637413465,0.8101579745265006,-1.2937399188895102,1.0653495257808978,1.0688075917661204,0.2643280247651782,-0.2662873212343245
1.186878183847642,0.5142933512485242,0.8101579745265006,-1.0570587063287502,-1.4270386327380036,-1.6664329408743999,1.6938261357079059,-0.2662873212343245
1.3172149782772313,0.09781310725122534,-2.288395405540614,-0.1103338560857102,-1.4270386327380036,-1.3929088876103477,1.6938261357079059,-0.2662873212343245
1.6104727657438067,3.3255349982302915,0.5374852770805946,-0.1103338560857102,-0.5962425798983697,-0.8458607810822437,1.6938261357079059,-0.2662873212343245
1.7516709597091948,0.41017329024919946,0.8101579745265006,0.5997097815965698,-0.5962425798983697,-0.5723367278181918,1.6938261357079059,-0.2662873212343245
-1.6805312936033174,0.930773595245823,-2.184284011970359,0.8363909941573299,-1.4270386327380036,-1.6664329408743999,-1.1651700861775494,-1.6407006225921934
-1.5719172982453267,-1.1516276247406712,-2.6572471999038028,-1.2937399188895102,-0.5962425798983697,-0.8458607810822437,-1.1651700861775494,-1.6407006225921934
-1.4307191042799385,0.41017329024919946,-2.254187376224673,1.3097534192788498,-0.5962425798983697,-0.29881267455413973,-1.1651700861775494,-1.6407006225921934
-1.2786595107787513,-1.4639878077386455,-2.0439815149209197,-0.1103338560857102,0.23455347294126402,0.24823543197396428,-1.1651700861775494,-1.6407006225921934
-1.1700455154207603,-0.526907258744723,-2.149084445572796,-0.5836962812072303,0.23455347294126402,0.5217594852380163,-1.1651700861775494,-1.6407006225921934
-1.017985921919573,-0.8392674417426971,-2.569991936721113,1.5464346318396098,1.0653495257808978,0.7952835385020682,-1.1651700861775494,-1.6407006225921934
-0.9093719265615822,0.20193316825055005,-2.6046957345778647,-1.0570587063287502,1.0653495257808978,1.0688075917661204,-1.1651700861775494,-1.6407006225921934
-0.8116193307393903,0.7225334732471737,-2.569991936721113,0.1263473564750498,1.0653495257808978,1.0688075917661204,-1.1651700861775494,-1.6407006225921934
-0.6921439358456003,-0.3186671367460735,-2.744998231627304,0.1263473564750498,1.0653495257808978,1.0688075917661204,-1.1651700861775494,-1.6407006225921934
-0.5618071414160113,0.7225334732471737,-2.6750948673729895,0.3630285690358098,1.0653495257808978,1.3423316450301723,-1.1651700861775494,-1.6407006225921934
-0.43147034698642217,-1.4639878077386455,-2.149084445572796,-0.8203774937679902,-1.4270386327380036,-1.3929088876103477,0.2643280247651782,-1.6407006225921934
-0.3228563516284313,-0.2145470757467488,-2.5174404713951746,-1.0570587063287502,-1.4270386327380036,-1.1193848343462958,0.2643280247651782,-1.6407006225921934
-0.13821255951984676,1.4513739002424466,-2.359290306876549,-0.1103338560857102,-0.5962425798983697,-0.5723367278181918,0.2643280247651782,-1.6407006225921934
0.0029856344455413955,-0.42278719774539825,-2.4995928039259883,-0.3470150686464702,-0.5962425798983697,-0.29881267455413973,0.2643280247651782,-1.6407006225921934
0.13332242887513046,0.30605322924987477,-2.0791810813184823,-0.1103338560857102,0.23455347294126402,-0.025288621290087743,0.2643280247651782,-1.6407006225921934
0.24193642423312137,-1.5681078687379701,-2.131732546644421,-1.0570587063287502,0.23455347294126402,0.24823543197396428,0.2643280247651782,-1.6407006225921934
0.36141181912691134,0.41017329024919946,-2.6572471999038028,0.5997097815965698,0.23455347294126402,0.5217594852380163,0.2643280247651782,-1.6407006225921934
0.5026100130922995,1.347253839243122,-2.587343835649489,-0.1103338560857102,1.0653495257808978,0.7952835385020682,0.2643280247651782,-1.6407006225921934
0.6003626089144913,0.41017329024919946,-2.306738841550611,2.0197970569611297,1.0653495257808978,0.7952835385020682,0.2643280247651782,-1.6407006225921934
0.7089766042724822,-0.526907258744723,0.8101579745265006,0.5997097815965698,1.0653495257808978,1.0688075917661204,0.2643280247651782,-1.6407006225921934
0.8284519991662722,-0.2145470757467488,-2.306738841550611,-1.0570587063287502,1.0653495257808978,1.0688075917661204,0.2643280247651782,-1.6407006225921934
0.9805115926674595,0.09781310725122534,-2.306738841550611,-0.8203774937679902,1.0653495257808978,1.3423316450301723,0.2643280247651782,-1.6407006225921934
1.0782641884896513,0.09781310725122534,-0.035623156096619014,-0.5836962812072303,1.0653495257808978,1.3423316450301723,0.2643280247651782,-1.6407006225921934
1.2194623824550395,1.0348936562451478,0.8101579745265006,0.3630285690358098,-1.4270386327380036,-1.6664329408743999,1.6938261357079059,-1.6407006225921934
1.3497991768846285,0.5142933512485242,0.8101579745265006,-0.8203774937679902,-1.4270386327380036,-1.3929088876103477,1.6938261357079059,-1.6407006225921934
1.4692745717784186,1.1390137172444725,-2.2189878098271105,-0.1103338560857102,-1.4270386327380036,-1.1193848343462958,1.6938261357079059,-1.6407006225921934
1.664779763422802,-0.526907258744723,-2.359290306876549,-0.1103338560857102,-0.5962425798983697,-0.5723367278181918,1.6938261357079059,-1.6407006225921934
1.8059779573881902,-0.42278719774539825,-2.4995928039259883,-0.3470150686464702,-0.5962425798983697,-0.5723367278181918,1.6938261357079059,-1.6407006225921934
-1.6588084945317194,1.4513739002424466,-0.4451279708062884,1.5464346318396098,-1.4270386327380036,-1.3929088876103477,-1.1651700861775494,-0.816052641777472
-1.517610300566331,0.618413412247849,-1.192746930348882,-0.5836962812072303,-0.5962425798983697,-0.8458607810822437,-1.1651700861775494,-0.816052641777472
-1.387273506136742,-0.006306953748099373,-0.8189374505775854,-0.3470150686464702,-0.5962425798983697,-0.29881267455413973,-1.1651700861775494,-0.816052641777472
-1.256936711707153,-0.8392674417426971,-1.124826640257811,0.3630285690358098,0.23455347294126402,0.24823543197396428,-1.1651700861775494,-0.816052641777472
-1.126599917277564,-1.255747685739996,-0.5472562902133006,-0.1103338560857102,1.0653495257808978,0.7952835385020682,-1.1651700861775494,-0.816052641777472
-0.9962631228479749,-1.4639878077386455,-0.6830968703954433,-1.0570587063287502,1.0653495257808978,0.7952835385020682,-1.1651700861775494,-0.816052641777472
-0.8767877279541849,-0.11042701474742408,-0.13973454966687376,-0.3470150686464702,1.0653495257808978,1.0688075917661204,-1.1651700861775494,-0.816052641777472
-0.7898965316677922,-1.3598677467393208,-0.7168091311705732,-1.0570587063287502,1.0653495257808978,1.0688075917661204,-1.1651700861775494,-0.816052641777472
-0.659559737238203,1.347253839243122,-0.7852251898024556,-0.3470150686464702,1.0653495257808978,1.0688075917661204,-1.1651700861775494,-0.816052641777472
-0.540084342344413,0.8266535342464983,-0.0718142595758031,-1.2937399188895102,-1.4270386327380036,-1.6664329408743999,0.2643280247651782,-0.816052641777472
-0.3988861483790249,-0.3186671367460735,-0.10552652035093295,-0.3470150686464702,-1.4270386327380036,-1.3929088876103477,0.2643280247651782,-0.816052641777472
-0.1056283609124495,-1.5681078687379701,-0.7852251898024556,-1.2937399188895102,-0.5962425798983697,-0.5723367278181918,0.2643280247651782,-0.816052641777472
0.03556983305293866,-1.1516276247406712,-0.8189374505775854,0.8363909941573299,-0.5962425798983697,-0.29881267455413973,0.2643280247651782,-0.816052641777472
0.16590662748252774,0.5142933512485242,-0.9210657699845975,-1.0570587063287502,0.23455347294126402,-0.025288621290087743,0.2643280247651782,-0.816052641777472
0.27452062284051865,-0.526907258744723,-0.47933600012222993,1.3097534192788498,0.23455347294126402,0.24823543197396428,0.2643280247651782,-0.816052641777472
0.4048574172701077,-1.4639878077386455,-0.615176580304372,0.3630285690358098,0.23455347294126402,0.5217594852380163,0.2643280247651782,-0.816052641777472
0.5243328121638977,-1.0475075637413465,-0.41141571003115857,-1.0570587063287502,1.0653495257808978,0.7952835385020682,0.2643280247651782,-0.816052641777472
0.6220854079860895,-0.11042701474742408,-0.9889860600756686,0.8363909941573299,1.0653495257808978,1.0688075917661204,0.2643280247651782,-0.816052641777472
0.7524222024156786,1.347253839243122,-1.2264591911240121,-1.2937399188895102,1.0653495257808978,1.0688075917661204,0.2643280247651782,-0.816052641777472
0.8718975973094686,2.0760942662383948,0.8101579745265006,1.3097534192788498,1.0653495257808978,1.0688075917661204,0.2643280247651782,-0.816052641777472
1.0022343917390577,-1.0475075637413465,-0.4451279708062884,-0.3470150686464702,1.0653495257808978,1.3423316450301723,0.2643280247651782,-0.816052641777472
1.2411851815266377,0.30605322924987477,-0.6553338321100419,0.1263473564750498,-1.4270386327380036,-1.6664329408743999,1.6938261357079059,-0.816052641777472
1.3823833754920258,0.41017329024919946,-1.3732066792039908,-1.2937399188895102,-1.4270386327380036,-1.1193848343462958,1.6938261357079059,-0.816052641777472
1.5127201699216148,-0.7351473807433724,-1.2943794812150835,-0.8203774937679902,-1.4270386327380036,-1.1193848343462958,1.6938261357079059,-0.816052641777472
1.534442968993213,-1.1516276247406712,-1.0906186109418703,-1.0570587063287502,-0.5962425798983697,-0.8458607810822437,1.6938261357079059,-0.816052641777472
1.6973639620301995,-1.4639878077386455,-0.7852251898024556,-1.2937399188895102,-0.5962425798983697,-0.5723367278181918,1.6938261357079059,-0.816052641777472
-1.615362896388523,1.1390137172444725,0.8101579745265006,0.8363909941573299,-1.4270386327380036,-1.1193848343462958,-1.1651700861775494,0.4084246630686293
-1.4633033028873357,-1.0475075637413465,0.5102180073360041,0.5997097815965698,-0.5962425798983697,-0.5723367278181918,-1.1651700861775494,0.4084246630686293
-1.2026297140281577,-0.11042701474742408,0.8101579745265006,-0.8203774937679902,0.23455347294126402,0.5217594852380163,-1.1651700861775494,0.4084246630686293
-1.0614315200627693,-1.0475075637413465,0.8101579745265006,-1.0570587063287502,1.0653495257808978,0.7952835385020682,-1.1651700861775494,0.4084246630686293
-0.9310947256331803,-1.255747685739996,0.8101579745265006,2.2564782695218897,1.0653495257808978,1.0688075917661204,-1.1651700861775494,0.4084246630686293
-0.8333421298109885,-1.5681078687379701,0.8101579745265006,1.5464346318396098,1.0653495257808978,1.0688075917661204,-1.1651700861775494,0.4084246630686293
-0.7247281344529977,-1.255747685739996,0.8101579745265006,-1.2937399188895102,1.0653495257808978,1.0688075917661204,-1.1651700861775494,0.4084246630686293
-0.5943913400234085,0.7225334732471737,0.8101579745265006,0.1263473564750498,1.0653495257808978,1.3423316450301723,-1.1651700861775494,0.4084246630686293
-0.49663874420121673,-0.8392674417426971,0.8101579745265006,-0.8203774937679902,-1.4270386327380036,-1.6664329408743999,0.2643280247651782,0.4084246630686293
-0.3445791507000295,-0.2145470757467488,0.8101579745265006,1.5464346318396098,-1.4270386327380036,-1.1193848343462958,0.2643280247651782,0.4084246630686293
-0.19251955719884223,-0.7351473807433724,0.7432292215170513,-0.3470150686464702,-0.5962425798983697,-0.8458607810822437,0.2643280247651782,0.4084246630686293
0.08987683073193412,0.8266535342464983,0.8101579745265006,-1.0570587063287502,0.23455347294126402,-0.025288621290087743,0.2643280247651782,0.4084246630686293
0.22021362516152318,1.347253839243122,0.8101579745265006,-1.0570587063287502,0.23455347294126402,0.24823543197396428,0.2643280247651782,0.4084246630686293
0.317966220983715,1.347253839243122,0.8101579745265006,0.3630285690358098,0.23455347294126402,0.5217594852380163,0.2643280247651782,0.4084246630686293
0.47002581448490227,1.0348936562451478,0.8101579745265006,-0.5836962812072303,1.0653495257808978,0.7952835385020682,-1.1651700861775494,0.4084246630686293
0.5677784103070941,0.8266535342464983,0.8101579745265006,-0.8203774937679902,1.0653495257808978,0.7952835385020682,0.2643280247651782,0.4084246630686293
0.795867800558875,0.930773595245823,-2.0524095801147024,1.0730722067180898,1.0653495257808978,1.0688075917661204,0.2643280247651782,0.4084246630686293
0.9479273940600622,-1.1516276247406712,0.17755731645199832,-0.3470150686464702,1.0653495257808978,1.0688075917661204,0.2643280247651782,0.4084246630686293
1.186878183847642,-0.42278719774539825,0.8101579745265006,-0.3470150686464702,-1.4270386327380036,-1.6664329408743999,1.6938261357079059,0.4084246630686293
1.3172149782772313,0.930773595245823,-2.3483833989787133,0.1263473564750498,-1.4270386327380036,-1.3929088876103477,1.6938261357079059,0.4084246630686293
1.6104727657438067,2.492574510235694,0.7432292215170513,-0.3470150686464702,-0.5962425798983697,-0.8458607810822437,1.6938261357079059,0.4084246630686293
1.7516709597091948,2.0760942662383948,0.6267236144265274,0.3630285690358098,-0.5962425798983697,-0.5723367278181918,1.6938261357079059,0.4084246630686293
-1.626224295924322,-0.6310273197440477,-2.556110417578412,-0.1103338560857102,-1.4270386327380036,-1.1193848343462958,-1.1651700861775494,-1.590721957088271
-1.485026101958934,0.41017329024919946,-2.6126280312308365,-0.5836962812072303,-0.5962425798983697,-0.5723367278181918,-1.1651700861775494,-1.590721957088271
-1.3438279079935458,-1.5681078687379701,-2.369205677692764,-1.2937399188895102,0.23455347294126402,-0.025288621290087743,-1.1651700861775494,-1.590721957088271
-1.2134911135639566,-1.0475075637413465,-2.032083069941462,-1.2937399188895102,0.23455347294126402,0.5217594852380163,-1.1651700861775494,-1.590721957088271
-1.0722929195985684,0.7225334732471737,-2.3131838325811507,-1.0570587063287502,1.0653495257808978,0.7952835385020682,-1.1651700861775494,-1.590721957088271
-0.9528175247047785,0.09781310725122534,-2.3880448822435723,-0.5836962812072303,1.0653495257808978,1.0688075917661204,-1.1651700861775494,-1.590721957088271
-0.8442035293467876,0.20193316825055005,-2.032083069941462,0.3630285690358098,1.0653495257808978,1.0688075917661204,-1.1651700861775494,-1.590721957088271
-0.7247281344529977,-0.526907258744723,-2.6309714672408337,1.5464346318396098,1.0653495257808978,1.0688075917661204,-1.1651700861775494,-1.590721957088271
-0.6052527395592077,-1.4639878077386455,-2.3131838325811507,-1.0570587063287502,1.0653495257808978,1.3423316450301723,-1.1651700861775494,-1.590721957088271
-0.5075001437370158,-0.11042701474742408,-1.9949004293806567,1.3097534192788498,-1.4270386327380036,-1.6664329408743999,0.2643280247651782,-1.590721957088271
-0.36630194977162767,0.7225334732471737,-2.331527268591148,-0.8203774937679902,-1.4270386327380036,-1.3929088876103477,0.2643280247651782,-1.590721957088271
-0.2142423562704404,-1.5681078687379701,-1.9383828157282323,-1.0570587063287502,-0.5962425798983697,-0.8458607810822437,0.2643280247651782,-1.590721957088271
-0.06218276276925314,0.5142933512485242,-2.032083069941462,0.1263473564750498,-0.5962425798983697,-0.29881267455413973,0.2643280247651782,-1.590721957088271
0.07901543119613502,-0.11042701474742408,-2.1446225287055,0.3630285690358098,0.23455347294126402,-0.025288621290087743,0.2643280247651782,-1.590721957088271
0.2093522256257241,-0.42278719774539825,-2.219483578367921,0.3630285690358098,0.23455347294126402,0.24823543197396428,0.2643280247651782,-1.590721957088271
0.3071048214479159,0.09781310725122534,-2.181805169266305,-0.1103338560857102,0.23455347294126402,0.24823543197396428,0.2643280247651782,-1.590721957088271
0.45916441494910315,1.347253839243122,-2.4440667273551857,0.8363909941573299,1.0653495257808978,0.7952835385020682,-1.1651700861775494,-1.590721957088271
0.556917010771295,-0.2145470757467488,-2.0697614790430783,-0.5836962812072303,1.0653495257808978,0.7952835385020682,0.2643280247651782,-1.590721957088271
0.676392405665085,0.20193316825055005,-2.500088572466799,1.3097534192788498,1.0653495257808978,1.0688075917661204,0.2643280247651782,-1.590721957088271
0.7850064010230758,-0.8392674417426971,-2.053401117196324,1.5464346318396098,1.0653495257808978,1.0688075917661204,0.2643280247651782,-1.590721957088271
0.9044817959168658,0.41017329024919946,-2.1446225287055,0.5997097815965698,1.0653495257808978,1.0688075917661204,0.2643280247651782,-1.590721957088271
1.045679989882254,0.09781310725122534,-2.237827014377918,-0.5836962812072303,1.0653495257808978,1.3423316450301723,0.2643280247651782,-1.590721957088271
1.176016784311843,0.09781310725122534,0.8101579745265006,-1.0570587063287502,-1.4270386327380036,-1.6664329408743999,1.6938261357079059,-1.590721957088271
1.295492179205633,0.618413412247849,0.8101579745265006,0.1263473564750498,-1.4270386327380036,-1.3929088876103477,1.6938261357079059,-1.590721957088271
1.425828973635222,0.20193316825055005,0.8101579745265006,-0.3470150686464702,-1.4270386327380036,-1.1193848343462958,1.6938261357079059,-1.590721957088271
1.5887499666722085,1.2431337782437972,-1.9383828157282323,-1.0570587063287502,-0.5962425798983697,-0.8458607810822437,1.6938261357079059,-1.590721957088271
1.7408095601733957,-2.088708173734594,-2.032083069941462,0.1263473564750498,-0.5962425798983697,-0.5723367278181918,1.6938261357079059,-1.590721957088271
-1.6696698940675183,0.930773595245823,-0.5492393643765439,-0.5836962812072303,-1.4270386327380036,-1.3929088876103477,-1.1651700861775494,-0.316265986738247
-1.517610300566331,-0.006306953748099373,0.19639652100280686,1.5464346318396098,-0.5962425798983697,-0.8458607810822437,-1.1651700861775494,-0.316265986738247
-1.4089963052083403,0.618413412247849,0.5478964164376198,-0.5836962812072303,-0.5962425798983697,-0.29881267455413973,-1.1651700861775494,-0.316265986738247
-1.2677981112429522,1.4513739002424466,0.7233984798846215,-1.2937399188895102,0.23455347294126402,0.24823543197396428,-1.1651700861775494,-0.316265986738247
-1.137461316813363,-0.42278719774539825,0.3723943529906188,-1.0570587063287502,1.0653495257808978,0.7952835385020682,-1.1651700861775494,-0.316265986738247
-0.9962631228479749,-1.5681078687379701,-0.19823523748254124,1.0730722067180898,1.0653495257808978,0.7952835385020682,-1.1651700861775494,-0.316265986738247
-0.8876491274899839,1.0348936562451478,-0.5492393643765439,-1.0570587063287502,1.0653495257808978,1.0688075917661204,-1.1651700861775494,-0.316265986738247
-0.8007579312035913,-0.2145470757467488,-0.4614883326530434,-1.0570587063287502,1.0653495257808978,1.0688075917661204,-1.1651700861775494,-0.316265986738247
-0.6704211367740022,1.2431337782437972,-0.022733174035539566,0.3630285690358098,1.0653495257808978,1.0688075917661204,-1.1651700861775494,-0.316265986738247
-0.5509457418802122,-1.5681078687379701,0.28464332126711833,-1.0570587063287502,-1.4270386327380036,-1.6664329408743999,0.2643280247651782,-0.316265986738247
-0.3988861483790249,1.2431337782437972,-0.6369903961000444,1.7831158444003699,-1.4270386327380036,-1.3929088876103477,0.2643280247651782,-0.316265986738247
-0.2794107534852349,0.5142933512485242,0.5478964164376198,-1.0570587063287502,-1.4270386327380036,-1.1193848343462958,0.2643280247651782,-0.316265986738247
-0.11648976044824859,-0.526907258744723,0.8101579745265006,-0.3470150686464702,-0.5962425798983697,-0.5723367278181918,0.2643280247651782,-0.316265986738247
0.024708433517139576,-1.3598677467393208,0.3723943529906188,-0.8203774937679902,-0.5962425798983697,-0.29881267455413973,0.2643280247651782,-0.316265986738247
0.15504522794672865,-0.8392674417426971,0.8101579745265006,-0.1103338560857102,0.23455347294126402,-0.025288621290087743,0.2643280247651782,-0.316265986738247
0.2636592233047195,-0.11042701474742408,0.4601453847141193,0.3630285690358098,0.23455347294126402,0.24823543197396428,0.2643280247651782,-0.316265986738247
0.39399601773430865,1.1390137172444725,0.06501785768796092,-0.8203774937679902,0.23455347294126402,0.5217594852380163,0.2643280247651782,-0.316265986738247
0.5134714126280986,-0.42278719774539825,0.020894457555805178,-1.0570587063287502,1.0653495257808978,0.7952835385020682,0.2643280247651782,-0.316265986738247
0.6112240084502905,-1.1516276247406712,0.1527688894114614,-1.2937399188895102,1.0653495257808978,0.7952835385020682,0.2643280247651782,-0.316265986738247
0.7306994033440805,0.618413412247849,0.10864548927930566,-0.8203774937679902,1.0653495257808978,1.0688075917661204,0.2643280247651782,-0.316265986738247
0.8718975973094686,2.0760942662383948,0.8101579745265006,1.5464346318396098,1.0653495257808978,1.0688075917661204,0.2643280247651782,-0.316265986738247
0.9913729922032586,-0.526907258744723,0.8101579745265006,0.5997097815965698,1.0653495257808978,1.3423316450301723,0.2643280247651782,-0.316265986738247
1.2411851815266377,-0.2145470757467488,-1.3057821576537305,1.3097534192788498,-1.4270386327380036,-1.6664329408743999,1.6938261357079059,-0.316265986738247
1.3606605764204276,0.8266535342464983,0.7045592753338136,-1.0570587063287502,-1.4270386327380036,-1.3929088876103477,1.6938261357079059,-0.316265986738247
1.4909973708500166,-0.8392674417426971,-0.022733174035539566,0.1263473564750498,-1.4270386327380036,-1.1193848343462958,1.6938261357079059,-0.316265986738247
1.6865025624944003,2.5966945712350187,0.8101579745265006,-0.3470150686464702,-0.5962425798983697,-0.5723367278181918,1.6938261357079059,-0.316265986738247
-1.615362896388523,-0.8392674417426971,-0.49767943613222676,1.3097534192788498,-1.4270386327380036,-1.1193848343462958,-1.1651700861775494,-0.39123398499413076
-1.4633033028873357,1.4513739002424466,-0.03066547068851121,1.0730722067180898,-0.5962425798983697,-0.5723367278181918,-1.1651700861775494,-0.39123398499413076
-1.2026297140281577,-0.42278719774539825,-0.49767943613222676,-0.3470150686464702,0.23455347294126402,0.5217594852380163,-1.1651700861775494,-0.39123398499413076
-1.0614315200627693,-1.5681078687379701,-0.3276308266341439,-0.5836962812072303,1.0653495257808978,0.7952835385020682,-1.1651700861775494,-0.39123398499413076
-0.9419561251689794,-1.1516276247406712,-0.11544189116714786,-1.0570587063287502,1.0653495257808978,1.0688075917661204,-1.1651700861775494,-0.39123398499413076
-0.8333421298109885,-0.2145470757467488,0.5211249152338403,2.0197970569611297,1.0653495257808978,1.0688075917661204,-1.1651700861775494,-0.39123398499413076
-0.7247281344529977,-0.3186671367460735,-0.5398197621011399,-0.8203774937679902,1.0653495257808978,1.0688075917661204,-1.1651700861775494,-0.39123398499413076
-0.5943913400234085,0.5142933512485242,-0.2002183116457838,0.5997097815965698,1.0653495257808978,1.3423316450301723,-1.1651700861775494,-0.39123398499413076
-0.5075001437370158,-0.8392674417426971,-0.2002183116457838,-1.0570587063287502,-1.4270386327380036,-1.6664329408743999,0.2643280247651782,-0.39123398499413076
-0.3445791507000295,0.5142933512485242,-0.2002183116457838,2.0197970569611297,-1.4270386327380036,-1.1193848343462958,0.2643280247651782,-0.39123398499413076
-0.19251955719884223,-0.9433875027420218,-0.11544189116714786,0.1263473564750498,-0.5962425798983697,-0.8458607810822437,0.2643280247651782,-0.39123398499413076
0.08987683073193412,0.930773595245823,0.6485374302221997,-0.5836962812072303,0.23455347294126402,-0.025288621290087743,0.2643280247651782,-0.39123398499413076
0.22021362516152318,-0.2145470757467488,-0.6245961825797759,-0.5836962812072303,0.23455347294126402,0.24823543197396428,0.2643280247651782,-0.39123398499413076
0.317966220983715,-0.11042701474742408,-0.752008697568136,0.8363909941573299,0.23455347294126402,0.5217594852380163,0.2643280247651782,-0.39123398499413076
0.47002581448490227,1.347253839243122,-0.4550433416225033,-0.1103338560857102,1.0653495257808978,0.7952835385020682,-1.1651700861775494,-0.39123398499413076
0.5677784103070941,-1.0475075637413465,-0.03066547068851121,-0.3470150686464702,1.0653495257808978,0.7952835385020682,0.2643280247651782,-0.39123398499413076
0.676392405665085,0.41017329024919946,0.05411094979012473,-1.0570587063287502,1.0653495257808978,1.0688075917661204,0.2643280247651782,-0.39123398499413076
0.795867800558875,1.0348936562451478,-2.4524947925489684,1.3097534192788498,1.0653495257808978,1.0688075917661204,0.2643280247651782,-0.39123398499413076
0.9479273940600622,-1.1516276247406712,0.8101579745265006,-1.0570587063287502,1.0653495257808978,1.0688075917661204,0.2643280247651782,-0.39123398499413076
1.186878183847642,1.1390137172444725,-0.2002183116457838,-1.2937399188895102,-1.4270386327380036,-1.6664329408743999,1.6938261357079059,-0.39123398499413076
1.3172149782772313,0.930773595245823,-0.22798134993118524,0.5997097815965698,-1.4270386327380036,-1.3929088876103477,1.6938261357079059,-0.39123398499413076
1.6104727657438067,-2.296948295733243,-0.11544189116714786,0.1263473564750498,-0.5962425798983697,-0.8458607810822437,1.6938261357079059,-0.39123398499413076
1.7516709597091948,-0.006306953748099373,0.6485374302221997,0.8363909941573299,-0.5962425798983697,-0.5723367278181918,1.6938261357079059,-0.39123398499413076
-1.6370856954601212,-0.526907258744723,-1.020715246687556,-0.3470150686464702,-1.4270386327380036,-1.1193848343462958,-1.1651700861775494,-0.9909779710412008
-1.485026101958934,-0.11042701474742408,-1.6582735901701653,0.5997097815965698,-0.5962425798983697,-0.5723367278181918,-1.1651700861775494,-0.9909779710412008
-1.3438279079935458,-0.8392674417426971,-0.8690100731994702,-0.1103338560857102,0.23455347294126402,-0.025288621290087743,-1.1651700861775494,-0.9909779710412008
-1.2134911135639566,-0.526907258744723,-0.7475467807008392,-0.1103338560857102,0.23455347294126402,0.5217594852380163,-1.1651700861775494,-0.9909779710412008
-1.0831543191343675,1.5554939612417713,-0.6870630187219292,-1.2937399188895102,1.0653495257808978,0.7952835385020682,-1.1651700861775494,-0.9909779710412008
-0.9745403237763767,-0.11042701474742408,-1.6582735901701653,-1.2937399188895102,1.0653495257808978,1.0688075917661204,-1.1651700861775494,-0.9909779710412008
-0.8442035293467876,-1.255747685739996,-0.8992519541889252,1.5464346318396098,1.0653495257808978,1.0688075917661204,-1.1651700861775494,-0.9909779710412008
-0.7355895339887967,1.347253839243122,-1.1724204201756419,-1.0570587063287502,1.0653495257808978,1.0688075917661204,-1.1651700861775494,-0.9909779710412008
-0.6052527395592077,-0.11042701474742408,-0.9299896037191905,0.1263473564750498,1.0653495257808978,1.3423316450301723,-1.1651700861775494,-0.9909779710412008
-0.5183615432728149,1.347253839243122,-1.7192531206898862,-1.2937399188895102,-1.4270386327380036,-1.6664329408743999,0.2643280247651782,-0.9909779710412008
-0.36630194977162767,-1.1516276247406712,-1.6582735901701653,0.3630285690358098,-1.4270386327380036,-1.3929088876103477,0.2643280247651782,-0.9909779710412008
-0.22510375580623948,1.2431337782437972,-1.0514528962178216,-1.0570587063287502,-0.5962425798983697,-0.8458607810822437,0.2643280247651782,-0.9909779710412008
-0.06218276276925314,-1.1516276247406712,-1.5368102976715348,1.3097534192788498,-0.5962425798983697,-0.29881267455413973,0.2643280247651782,-0.9909779710412008
0.07901543119613502,1.2431337782437972,-1.0514528962178216,1.5464346318396098,0.23455347294126402,-0.025288621290087743,0.2643280247651782,-0.9909779710412008
0.18762942655412593,-1.5681078687379701,-1.1119366581967318,-1.0570587063287502,0.23455347294126402,0.24823543197396428,0.2643280247651782,-0.9909779710412008
0.3071048214479159,-1.5681078687379701,-0.7777886616902941,1.0730722067180898,0.23455347294126402,0.24823543197396428,0.2643280247651782,-0.9909779710412008
0.4483030154133041,-0.42278719774539825,-1.2333999506953626,-0.5836962812072303,1.0653495257808978,0.7952835385020682,-1.1651700861775494,-0.9909779710412008
0.556917010771295,0.30605322924987477,-1.3246213622045386,0.5997097815965698,1.0653495257808978,0.7952835385020682,0.2643280247651782,-0.9909779710412008
0.6655310061292858,-0.9433875027420218,-1.1119366581967318,-1.0570587063287502,1.0653495257808978,1.0688075917661204,0.2643280247651782,-0.9909779710412008
0.7850064010230758,-1.0475075637413465,0.8101579745265006,0.5997097815965698,1.0653495257808978,1.0688075917661204,0.2643280247651782,-0.9909779710412008
0.9044817959168658,1.347253839243122,-1.0514528962178216,0.8363909941573299,1.0653495257808978,1.0688075917661204,0.2643280247651782,-0.9909779710412008
1.045679989882254,0.930773595245823,-1.0514528962178216,-0.1103338560857102,1.0653495257808978,1.3423316450301723,0.2643280247651782,-0.9909779710412008
1.1325711861686467,-1.4639878077386455,0.8101579745265006,2.0197970569611297,-1.4270386327380036,-1.6664329408743999,1.6938261357079059,-0.9909779710412008
1.295492179205633,1.1390137172444725,-2.0881049150530755,-0.1103338560857102,-1.4270386327380036,-1.3929088876103477,1.6938261357079059,-0.9909779710412008
1.425828973635222,1.1390137172444725,-1.527886463936941,-0.1103338560857102,-1.4270386327380036,-1.1193848343462958,1.6938261357079059,-0.9909779710412008
1.7408095601733957,2.0760942662383948,-1.5368102976715348,1.3097534192788498,-0.5962425798983697,-0.5723367278181918,1.6938261357079059,-0.9909779710412008
-1.6588084945317194,-0.42278719774539825,-1.5397849089163989,1.7831158444003699,-1.4270386327380036,-1.3929088876103477,-1.1651700861775494,-0.8910206400333558
-1.517610300566331,-1.5681078687379701,-0.529408622744114,-0.3470150686464702,-0.5962425798983697,-0.8458607810822437,-1.1651700861775494,-0.8910206400333558
-1.387273506136742,-0.6310273197440477,-1.213569209062933,-0.1103338560857102,-0.5962425798983697,-0.29881267455413973,-1.1651700861775494,-0.8910206400333558
-1.256936711707153,-0.2145470757467488,-0.3008593254303637,0.5997097815965698,0.23455347294126402,0.24823543197396428,-1.1651700861775494,-0.8910206400333558
-1.126599917277564,-0.11042701474742408,-1.376677058989666,0.1263473564750498,1.0653495257808978,0.7952835385020682,-1.1651700861775494,-0.8910206400333558
-0.9962631228479749,-0.3186671367460735,-1.0182364039835023,-0.8203774937679902,1.0653495257808978,0.7952835385020682,-1.1651700861775494,-0.8910206400333558
-0.8767877279541849,-0.8392674417426971,-0.4966878990506055,-0.1103338560857102,1.0653495257808978,1.0688075917661204,-1.1651700861775494,-0.8910206400333558
-0.7898965316677922,-1.4639878077386455,-0.7247414278235448,-0.8203774937679902,1.0653495257808978,1.0688075917661204,-1.1651700861775494,-0.8910206400333558
-0.659559737238203,-0.8392674417426971,-0.5943543015903209,-0.1103338560857102,1.0653495257808978,1.0688075917661204,-1.1651700861775494,-0.8910206400333558
-0.540084342344413,0.09781310725122534,-0.3008593254303637,-1.0570587063287502,-1.4270386327380036,-1.6664329408743999,0.2643280247651782,-0.8910206400333558
-0.3988861483790249,0.8266535342464983,-0.6597957489773387,-0.1103338560857102,-1.4270386327380036,-1.3929088876103477,0.2643280247651782,-0.8910206400333558
-0.1056283609124495,-1.0475075637413465,-0.6920207041300362,-1.0570587063287502,-0.5962425798983697,-0.5723367278181918,0.2643280247651782,-0.8910206400333558
0.03556983305293866,1.1390137172444725,-0.6597957489773387,1.0730722067180898,-0.5962425798983697,-0.29881267455413973,0.2643280247651782,-0.8910206400333558
0.16590662748252774,-1.1516276247406712,-0.5616335778968123,-0.8203774937679902,0.23455347294126402,-0.025288621290087743,0.2643280247651782,-0.8910206400333558
0.27452062284051865,0.41017329024919946,-0.5943543015903209,1.5464346318396098,0.23455347294126402,0.24823543197396428,0.2643280247651782,-0.8910206400333558
0.4048574172701077,-0.42278719774539825,-1.4743434615293813,0.5997097815965698,0.23455347294126402,0.5217594852380163,0.2643280247651782,-0.8910206400333558
0.5243328121638977,-1.3598677467393208,-0.5943543015903209,-0.8203774937679902,1.0653495257808978,0.7952835385020682,0.2643280247651782,-0.8910206400333558
0.6220854079860895,1.2431337782437972,-0.3335800491238723,1.0730722067180898,1.0653495257808978,1.0688075917661204,0.2643280247651782,-0.8910206400333558
0.7524222024156786,-1.5681078687379701,-0.529408622744114,-1.0570587063287502,1.0653495257808978,1.0688075917661204,0.2643280247651782,-0.8910206400333558
0.8718975973094686,-0.6310273197440477,0.7947891497613676,1.7831158444003699,1.0653495257808978,1.0688075917661204,0.2643280247651782,-0.8910206400333558
1.0022343917390577,0.30605322924987477,-0.7574621515170541,-0.5836962812072303,1.0653495257808978,1.3423316450301723,0.2643280247651782,-0.8910206400333558
1.1108483870970485,-0.11042701474742408,0.8101579745265006,-0.1103338560857102,1.0653495257808978,1.3423316450301723,0.2643280247651782,-0.8910206400333558
1.2411851815266377,1.1390137172444725,-0.8754550642300096,1.0730722067180898,-1.4270386327380036,-1.6664329408743999,1.6938261357079059,-0.8910206400333558
1.3823833754920258,-0.006306953748099373,-0.9865072173716151,0.5997097815965698,-1.4270386327380036,-1.1193848343462958,1.6938261357079059,-0.8910206400333558
1.5127201699216148,-0.11042701474742408,-0.5943543015903209,1.5464346318396098,-1.4270386327380036,-1.1193848343462958,1.6938261357079059,-0.8910206400333558
1.534442968993213,0.30605322924987477,-1.3117313801434591,-0.8203774937679902,-0.5962425798983697,-0.8458607810822437,1.6938261357079059,-0.8910206400333558
1.6973639620301995,-1.7763479907366195,-0.6920207041300362,-1.0570587063287502,-0.5962425798983697,-0.5723367278181918,1.6938261357079059,-0.8910206400333558
-1.615362896388523,0.20193316825055005,0.8101579745265006,1.7831158444003699,-1.4270386327380036,-1.1193848343462958,-1.1651700861775494,0.15853133554901677
-1.4633033028873357,0.8266535342464983,0.8101579745265006,1.5464346318396098,-0.5962425798983697,-0.5723367278181918,-1.1651700861775494,0.15853133554901677
-1.2026297140281577,-0.8392674417426971,0.8101579745265006,0.1263473564750498,0.23455347294126402,0.5217594852380163,-1.1651700861775494,0.15853133554901677
-1.0614315200627693,-0.526907258744723,0.8101579745265006,-0.1103338560857102,1.0653495257808978,0.7952835385020682,-1.1651700861775494,0.15853133554901677
-0.9419561251689794,-1.3598677467393208,0.7362884619457009,-0.5836962812072303,1.0653495257808978,1.0688075917661204,-1.1651700861775494,0.15853133554901677
-0.8333421298109885,1.4513739002424466,0.8101579745265006,2.4931594820826497,1.0653495257808978,1.0688075917661204,-1.1651700861775494,0.15853133554901677
-0.7247281344529977,1.1390137172444725,0.8101579745265006,-0.3470150686464702,1.0653495257808978,1.0688075917661204,-1.1651700861775494,0.15853133554901677
-0.5943913400234085,1.347253839243122,0.36495782487845746,1.0730722067180898,1.0653495257808978,1.3423316450301723,-1.1651700861775494,0.15853133554901677
-0.5075001437370158,1.1390137172444725,0.20581612327821078,-0.5836962812072303,-1.4270386327380036,-1.6664329408743999,0.2643280247651782,0.15853133554901677
-0.35544055023582855,1.347253839243122,0.4180050587452068,-1.0570587063287502,-1.4270386327380036,-1.3929088876103477,0.2643280247651782,0.15853133554901677
-0.19251955719884223,-0.8392674417426971,0.15227312087065112,0.5997097815965698,-0.5962425798983697,-0.8458607810822437,0.2643280247651782,0.15853133554901677
0.08987683073193412,0.8266535342464983,0.8101579745265006,-0.1103338560857102,0.23455347294126402,-0.025288621290087743,0.2643280247651782,0.15853133554901677
0.22021362516152318,1.347253839243122,0.8101579745265006,-0.1103338560857102,0.23455347294126402,0.24823543197396428,0.2643280247651782,0.15853133554901677
0.317966220983715,0.618413412247849,0.8101579745265006,1.3097534192788498,0.23455347294126402,0.5217594852380163,0.2643280247651782,0.15853133554901677
0.45916441494910315,-1.3598677467393208,0.6301939942122029,-1.0570587063287502,1.0653495257808978,0.7952835385020682,-1.1651700861775494,0.15853133554901677
0.5677784103070941,1.1390137172444725,0.4180050587452068,0.1263473564750498,1.0653495257808978,0.7952835385020682,0.2643280247651782,0.15853133554901677
0.676392405665085,-1.4639878077386455,0.3119105910117088,-0.5836962812072303,1.0653495257808978,1.0688075917661204,0.2643280247651782,0.15853133554901677
0.795867800558875,-0.42278719774539825,-2.3042599988465575,1.5464346318396098,1.0653495257808978,1.0688075917661204,0.2643280247651782,0.15853133554901677
0.9479273940600622,-0.9433875027420218,0.6059013357124763,-0.1103338560857102,1.0653495257808978,1.0688075917661204,0.2643280247651782,0.15853133554901677
1.186878183847642,-1.5681078687379701,0.7893356958124496,-0.5836962812072303,-1.4270386327380036,-1.6664329408743999,1.6938261357079059,0.15853133554901677
1.3172149782772313,-0.11042701474742408,0.8101579745265006,1.0730722067180898,-1.4270386327380036,-1.3929088876103477,1.6938261357079059,0.15853133554901677
1.6104727657438067,0.8266535342464983,0.15227312087065112,0.5997097815965698,-0.5962425798983697,-0.8458607810822437,1.6938261357079059,0.15853133554901677
1.7516709597091948,-0.9433875027420218,0.8101579745265006,1.3097534192788498,-0.5962425798983697,-0.5723367278181918,1.6938261357079059,0.15853133554901677
-1.6696698940675183,1.5554939612417713,-0.19773946894173025,-1.2937399188895102,-1.4270386327380036,-1.3929088876103477,-1.1651700861775494,-0.44121265049805325
-1.517610300566331,-0.006306953748099373,0.34264824054197407,0.8363909941573299,-0.5962425798983697,-0.8458607810822437,-1.1651700861775494,-0.44121265049805325
-1.4089963052083403,1.5554939612417713,-0.2810285837979346,-1.2937399188895102,-0.5962425798983697,-0.29881267455413973,-1.1651700861775494,-0.44121265049805325
-1.256936711707153,-1.255747685739996,-0.15609491151362806,1.7831158444003699,0.23455347294126402,0.24823543197396428,-1.1651700861775494,-0.44121265049805325
-1.126599917277564,0.20193316825055005,-0.7797717358535368,1.3097534192788498,1.0653495257808978,0.7952835385020682,-1.1651700861775494,-0.44121265049805325
-0.9962631228479749,-0.6310273197440477,0.009987549657968994,0.3630285690358098,1.0653495257808978,0.7952835385020682,-1.1651700861775494,-0.44121265049805325
-0.8767877279541849,-1.4639878077386455,-0.5720447172538375,1.0730722067180898,1.0653495257808978,1.0688075917661204,-1.1651700861775494,-0.44121265049805325
-0.7898965316677922,0.09781310725122534,0.09327666451417337,0.3630285690358098,1.0653495257808978,1.0688075917661204,-1.1651700861775494,-0.44121265049805325
-0.6704211367740022,-1.3598677467393208,0.13492122194227485,-0.3470150686464702,1.0653495257808978,1.0688075917661204,-1.1651700861775494,-0.44121265049805325
-0.540084342344413,-1.3598677467393208,0.3010036831138726,0.1263473564750498,-1.4270386327380036,-1.6664329408743999,0.2643280247651782,-0.44121265049805325
-0.3988861483790249,1.1390137172444725,-0.15609491151362806,1.0730722067180898,-1.4270386327380036,-1.3929088876103477,0.2643280247651782,-0.44121265049805325
-0.11648976044824859,-1.255747685739996,-0.36431769865413827,-1.0570587063287502,-0.5962425798983697,-0.5723367278181918,0.2643280247651782,-0.44121265049805325
0.03556983305293866,1.4513739002424466,0.17607001082956605,2.2564782695218897,-0.5962425798983697,-0.29881267455413973,0.2643280247651782,-0.44121265049805325
0.15504522794672865,1.347253839243122,-0.031657007770133194,-0.8203774937679902,0.23455347294126402,-0.025288621290087743,0.2643280247651782,-0.44121265049805325
0.2636592233047195,-0.2145470757467488,-0.5304001598257361,-0.3470150686464702,0.23455347294126402,0.24823543197396428,0.2643280247651782,-0.44121265049805325
0.4048574172701077,-1.3598677467393208,-0.3226731412260361,1.7831158444003699,0.23455347294126402,0.5217594852380163,0.2643280247651782,-0.44121265049805325
0.5243328121638977,-1.3598677467393208,0.38429279797007626,0.3630285690358098,1.0653495257808978,0.7952835385020682,0.2643280247651782,-0.44121265049805325
0.6220854079860895,-1.0475075637413465,0.42593735539817845,2.2564782695218897,1.0653495257808978,1.0688075917661204,0.2643280247651782,-0.44121265049805325
0.7306994033440805,-1.5681078687379701,0.42593735539817845,-1.0570587063287502,1.0653495257808978,1.0688075917661204,0.2643280247651782,-0.44121265049805325
0.8718975973094686,0.7225334732471737,-1.20464537532834,2.2564782695218897,1.0653495257808978,1.0688075917661204,0.2643280247651782,-0.44121265049805325
0.9913729922032586,-1.0475075637413465,-1.1560600583288874,0.8363909941573299,1.0653495257808978,1.3423316450301723,0.2643280247651782,-0.44121265049805325
1.2411851815266377,-1.255747685739996,0.8101579745265006,0.8363909941573299,-1.4270386327380036,-1.6664329408743999,1.6938261357079059,-0.44121265049805325
1.3715219759562267,0.20193316825055005,0.09327666451417337,-1.0570587063287502,-1.4270386327380036,-1.3929088876103477,1.6938261357079059,-0.44121265049805325
1.4909973708500166,0.20193316825055005,0.34264824054197407,0.3630285690358098,-1.4270386327380036,-1.1193848343462958,1.6938261357079059,-0.44121265049805325
1.534442968993213,0.7225334732471737,-0.5304001598257361,0.3630285690358098,-0.5962425798983697,-0.8458607810822437,1.6938261357079059,-0.44121265049805325
1.6865025624944003,1.659614022241096,-0.36431769865413827,-1.0570587063287502,-0.5962425798983697,-0.5723367278181918,1.6938261357079059,-0.44121265049805325
-1.6370856954601212,0.5142933512485242,0.8101579745265006,-1.2937399188895102,-1.4270386327380036,-1.1193848343462958,-1.1651700861775494,0.9831793163637381
-1.485026101958934,0.8266535342464983,0.8101579745265006,-0.3470150686464702,-0.5962425798983697,-0.5723367278181918,-1.1651700861775494,0.9831793163637381
-1.3438279079935458,1.2431337782437972,0.8101579745265006,-1.0570587063287502,0.23455347294126402,-0.025288621290087743,-1.1651700861775494,0.9831793163637381
-1.2134911135639566,-1.255747685739996,0.8101579745265006,-1.0570587063287502,0.23455347294126402,0.5217594852380163,-1.1651700861775494,0.9831793163637381
-1.0722929195985684,-0.006306953748099373,0.8101579745265006,-0.8203774937679902,1.0653495257808978,0.7952835385020682,-1.1651700861775494,0.9831793163637381
-0.9636789242405776,-0.11042701474742408,0.8101579745265006,-1.2937399188895102,1.0653495257808978,1.0688075917661204,-1.1651700861775494,0.9831793163637381
-0.8442035293467876,-1.0475075637413465,0.8101579745265006,0.5997097815965698,1.0653495257808978,1.0688075917661204,-1.1651700861775494,0.9831793163637381
-0.7247281344529977,1.0348936562451478,0.8101579745265006,1.7831158444003699,1.0653495257808978,1.0688075917661204,-1.1651700861775494,0.9831793163637381
-0.6052527395592077,1.2431337782437972,0.8101579745265006,-0.8203774937679902,1.0653495257808978,1.3423316450301723,-1.1651700861775494,0.9831793163637381
-0.5075001437370158,1.4513739002424466,0.8101579745265006,1.5464346318396098,-1.4270386327380036,-1.6664329408743999,0.2643280247651782,0.9831793163637381
-0.36630194977162767,0.5142933512485242,0.8101579745265006,-0.5836962812072303,-1.4270386327380036,-1.3929088876103477,0.2643280247651782,0.9831793163637381
-0.2142423562704404,-0.6310273197440477,0.8101579745265006,-0.8203774937679902,-0.5962425798983697,-0.8458607810822437,0.2643280247651782,0.9831793163637381
-0.06218276276925314,0.41017329024919946,0.8101579745265006,0.3630285690358098,-0.5962425798983697,-0.29881267455413973,0.2643280247651782,0.9831793163637381
0.07901543119613502,-1.1516276247406712,0.8101579745265006,0.5997097815965698,0.23455347294126402,-0.025288621290087743,0.2643280247651782,0.9831793163637381
0.2093522256257241,-1.0475075637413465,0.8101579745265006,0.5997097815965698,0.23455347294126402,0.24823543197396428,0.2643280247651782,0.9831793163637381
0.3071048214479159,0.09781310725122534,0.8101579745265006,0.1263473564750498,0.23455347294126402,0.24823543197396428,0.2643280247651782,0.9831793163637381
0.45916441494910315,1.5554939612417713,0.8101579745265006,1.0730722067180898,1.0653495257808978,0.7952835385020682,-1.1651700861775494,0.9831793163637381
0.556917010771295,1.0348936562451478,0.8101579745265006,-0.3470150686464702,1.0653495257808978,0.7952835385020682,0.2643280247651782,0.9831793163637381
0.676392405665085,-0.9433875027420218,0.8101579745265006,1.5464346318396098,1.0653495257808978,1.0688075917661204,0.2643280247651782,0.9831793163637381
0.7850064010230758,-1.4639878077386455,0.8101579745265006,-1.2937399188895102,1.0653495257808978,1.0688075917661204,0.2643280247651782,0.9831793163637381
0.9044817959168658,0.7225334732471737,0.8101579745265006,-0.1103338560857102,1.0653495257808978,1.0688075917661204,0.2643280247651782,0.9831793163637381
1.045679989882254,-0.3186671367460735,0.8101579745265006,0.3630285690358098,1.0653495257808978,1.3423316450301723,0.2643280247651782,0.9831793163637381
1.1325711861686467,-0.42278719774539825,0.5414514254070804,-1.2937399188895102,-1.4270386327380036,-1.6664329408743999,1.6938261357079059,0.9831793163637381
1.295492179205633,-0.2145470757467488,-1.5065684166820792,-0.8203774937679902,-1.4270386327380036,-1.3929088876103477,1.6938261357079059,0.9831793163637381
1.425828973635222,1.0348936562451478,0.8101579745265006,0.3630285690358098,-1.4270386327380036,-1.1193848343462958,1.6938261357079059,0.9831793163637381
1.5887499666722085,3.3255349982302915,0.8101579745265006,-0.8203774937679902,-0.5962425798983697,-0.8458607810822437,1.6938261357079059,0.9831793163637381
1.7408095601733957,3.3255349982302915,0.8101579745265006,0.3630285690358098,-0.5962425798983697,-0.5723367278181918,1.6938261357079059,0.9831793163637381
-1.6588084945317194,1.5554939612417713,-0.933459983504866,1.0730722067180898,-1.4270386327380036,-1.3929088876103477,-1.1651700861775494,-0.816052641777472
-1.517610300566331,-0.7351473807433724,-0.6627703602222026,-1.0570587063287502,-0.5962425798983697,-0.8458607810822437,-1.1651700861775494,-0.816052641777472
-1.387273506136742,1.5554939612417713,-0.0876788528817464,-0.8203774937679902,-0.5962425798983697,-0.29881267455413973,-1.1651700861775494,-0.816052641777472
-1.256936711707153,-0.7351473807433724,-0.8660354619546057,-0.1103338560857102,0.23455347294126402,0.24823543197396428,-1.1651700861775494,-0.816052641777472
-1.126599917277564,0.930773595245823,-0.32465621538927936,-0.5836962812072303,1.0653495257808978,0.7952835385020682,-1.1651700861775494,-0.816052641777472
-0.9854017233121758,-0.8392674417426971,-0.5274255485808715,2.7298406946434097,1.0653495257808978,0.7952835385020682,-1.1651700861775494,-0.816052641777472
-0.8767877279541849,-0.526907258744723,-0.5616335778968123,-0.8203774937679902,1.0653495257808978,1.0688075917661204,-1.1651700861775494,-0.816052641777472
-0.659559737238203,0.8266535342464983,-0.8660354619546057,-0.8203774937679902,1.0653495257808978,1.0688075917661204,-1.1651700861775494,-0.816052641777472
-0.529222942808614,-0.6310273197440477,-0.6969783895381441,2.2564782695218897,-1.4270386327380036,-1.6664329408743999,0.2643280247651782,-0.816052641777472
-0.3988861483790249,1.347253839243122,-1.3394944184288606,-0.8203774937679902,-1.4270386327380036,-1.3929088876103477,0.2643280247651782,-0.816052641777472
-0.25768795441363673,-0.2145470757467488,-1.1704373460123991,1.3097534192788498,-0.5962425798983697,-0.8458607810822437,0.2643280247651782,-0.816052641777472
-0.09476696137665042,0.5142933512485242,-0.42628876625548057,1.5464346318396098,-0.5962425798983697,-0.5723367278181918,0.2643280247651782,-0.816052641777472
0.03556983305293866,1.347253839243122,-1.1025170559213275,0.3630285690358098,-0.5962425798983697,-0.29881267455413973,0.2643280247651782,-0.816052641777472
0.17676802701832683,0.618413412247849,-0.0876788528817464,2.7298406946434097,0.23455347294126402,-0.025288621290087743,0.2643280247651782,-0.816052641777472
0.27452062284051865,-1.4639878077386455,-1.3732066792039908,0.8363909941573299,0.23455347294126402,0.24823543197396428,0.2643280247651782,-0.816052641777472
0.4048574172701077,-0.3186671367460735,-0.5953458386719421,-0.1103338560857102,0.23455347294126402,0.5217594852380163,0.2643280247651782,-0.816052641777472
0.5351942116996968,0.8266535342464983,-0.3583684761644092,2.2564782695218897,1.0653495257808978,0.7952835385020682,0.2643280247651782,-0.816052641777472
0.6220854079860895,-0.526907258744723,-0.2909439546141488,0.3630285690358098,1.0653495257808978,1.0688075917661204,0.2643280247651782,-0.816052641777472
0.7524222024156786,-0.006306953748099373,-0.3583684761644092,-0.8203774937679902,1.0653495257808978,1.0688075917661204,0.2643280247651782,-0.816052641777472
0.8718975973094686,1.0348936562451478,0.6574612639567934,1.0730722067180898,1.0653495257808978,1.0688075917661204,0.2643280247651782,-0.816052641777472
1.0022343917390577,-0.11042701474742408,-1.2041496067875292,-0.8203774937679902,1.0653495257808978,1.3423316450301723,0.2643280247651782,-0.816052641777472
1.1108483870970485,-0.9433875027420218,0.8101579745265006,0.1263473564750498,1.0653495257808978,1.3423316450301723,0.2643280247651782,-0.816052641777472
1.2411851815266377,0.41017329024919946,-0.5284170856624928,1.5464346318396098,-1.4270386327380036,-1.6664329408743999,1.6938261357079059,-0.816052641777472
1.3823833754920258,0.618413412247849,-0.5125524923565495,1.3097534192788498,-1.4270386327380036,-1.1193848343462958,1.6938261357079059,-0.816052641777472
1.5127201699216148,0.618413412247849,-0.7644029110884044,-1.0570587063287502,-1.4270386327380036,-1.1193848343462958,1.6938261357079059,-0.816052641777472
1.5453043685290122,3.0131748152323174,-1.1704373460123991,1.3097534192788498,-0.5962425798983697,-0.8458607810822437,1.6938261357079059,-0.816052641777472
1.7082253615659986,-1.7763479907366195,-0.42628876625548057,1.5464346318396098,-0.5962425798983697,-0.5723367278181918,1.6938261357079059,-0.816052641777472
-1.723976891746514,1.4513739002424466,-2.4386132734062675,-1.2937399188895102,-1.4270386327380036,-1.6664329408743999,-1.1651700861775494,-1.490764626080426
-1.615362896388523,1.347253839243122,-2.4386132734062675,-0.3470150686464702,-1.4270386327380036,-1.1193848343462958,-1.1651700861775494,-1.490764626080426
-1.4633033028873357,1.1390137172444725,-2.500088572466799,-0.5836962812072303,-0.5962425798983697,-0.5723367278181918,-1.1651700861775494,-1.490764626080426
-1.1917683144923585,-0.9433875027420218,-2.2150216615006246,0.5997097815965698,0.23455347294126402,0.5217594852380163,-1.1651700861775494,-1.490764626080426
-1.0505701205269704,0.20193316825055005,-2.2150216615006246,0.1263473564750498,1.0653495257808978,0.7952835385020682,-1.1651700861775494,-1.490764626080426
-0.9310947256331803,-0.006306953748099373,-2.500088572466799,1.0730722067180898,1.0653495257808978,1.0688075917661204,-1.1651700861775494,-1.490764626080426
-0.8333421298109885,-1.255747685739996,-2.0524095801147024,0.3630285690358098,1.0653495257808978,1.0688075917661204,-1.1651700861775494,-1.490764626080426
-0.7138667349171985,-1.3598677467393208,-2.113389110634423,1.3097534192788498,1.0653495257808978,1.0688075917661204,-1.1651700861775494,-1.490764626080426
-0.5943913400234085,0.41017329024919946,-2.500088572466799,-1.0570587063287502,1.0653495257808978,1.3423316450301723,-1.1651700861775494,-1.490764626080426
-0.48577734466541767,0.930773595245823,-2.418286763233027,-0.3470150686464702,-1.4270386327380036,-1.6664329408743999,0.2643280247651782,-1.490764626080426
-0.3445791507000295,-0.8392674417426971,-1.9711035394217413,0.3630285690358098,-1.4270386327380036,-1.1193848343462958,0.2643280247651782,-1.490764626080426
-0.18165815766304313,1.1390137172444725,-2.3166542123668257,-1.2937399188895102,-0.5962425798983697,-0.8458607810822437,0.2643280247651782,-1.490764626080426
0.23107502469732227,-0.2145470757467488,-2.0727360902879424,1.7831158444003699,0.23455347294126402,0.24823543197396428,0.2643280247651782,-1.490764626080426
0.317966220983715,-0.2145470757467488,-2.1337156208076635,-0.8203774937679902,0.23455347294126402,0.5217594852380163,0.2643280247651782,-1.490764626080426
0.48088721402070134,-1.1516276247406712,-2.1540421309809035,-1.2937399188895102,1.0653495257808978,0.7952835385020682,0.2643280247651782,-1.490764626080426
0.5786398098428932,-0.42278719774539825,-2.3979602530597868,2.0197970569611297,1.0653495257808978,0.7952835385020682,0.2643280247651782,-1.490764626080426
0.795867800558875,0.618413412247849,-0.31821122435874,1.7831158444003699,1.0653495257808978,1.0688075917661204,0.2643280247651782,-1.490764626080426
0.9479273940600622,-1.3598677467393208,0.6832412280789515,-0.5836962812072303,1.0653495257808978,1.0688075917661204,0.2643280247651782,-1.490764626080426
1.186878183847642,1.1390137172444725,-2.2963277021935853,-0.8203774937679902,-1.4270386327380036,-1.6664329408743999,1.6938261357079059,-1.490764626080426
1.3172149782772313,0.8266535342464983,0.5637610097435638,1.3097534192788498,-1.4270386327380036,-1.3929088876103477,1.6938261357079059,-1.490764626080426
1.6213341652796058,-2.088708173734594,-2.3166542123668257,-1.2937399188895102,-0.5962425798983697,-0.8458607810822437,1.6938261357079059,-1.490764626080426
1.7516709597091948,-2.088708173734594,-1.9914300495949815,-0.8203774937679902,-0.5962425798983697,-0.5723367278181918,1.6938261357079059,-1.490764626080426
-1.6805312936033174,-0.9433875027420218,0.8101579745265006,-0.3470150686464702,-1.4270386327380036,-1.6664329408743999,-1.1651700861775494,0.43341399582059054
-1.5610558987095275,0.930773595245823,0.8101579745265006,-1.2937399188895102,-0.5962425798983697,-0.8458607810822437,-1.1651700861775494,0.43341399582059054
-1.4307191042799385,-1.5681078687379701,0.6609316437424682,0.1263473564750498,-0.5962425798983697,-0.29881267455413973,-1.1651700861775494,0.43341399582059054
-1.2786595107787513,0.5142933512485242,0.5434344995703236,-1.2937399188895102,0.23455347294126402,0.24823543197396428,-1.1651700861775494,0.43341399582059054
-1.1591841158849612,-1.255747685739996,0.8101579745265006,-0.8203774937679902,0.23455347294126402,0.5217594852380163,-1.1651700861775494,0.43341399582059054
-1.017985921919573,-1.1516276247406712,0.7784287879146133,0.3630285690358098,1.0653495257808978,0.7952835385020682,-1.1651700861775494,0.43341399582059054
-0.898510527025783,-0.6310273197440477,0.8101579745265006,0.1263473564750498,1.0653495257808978,1.0688075917661204,-1.1651700861775494,0.43341399582059054
-0.8116193307393903,1.4513739002424466,0.8101579745265006,-1.0570587063287502,1.0653495257808978,1.0688075917661204,-1.1651700861775494,0.43341399582059054
-0.6921439358456003,-0.11042701474742408,0.8101579745265006,-1.0570587063287502,1.0653495257808978,1.0688075917661204,-1.1651700861775494,0.43341399582059054
-0.5618071414160113,-0.7351473807433724,0.8101579745265006,-0.8203774937679902,1.0653495257808978,1.3423316450301723,-1.1651700861775494,0.43341399582059054
-0.4206089474506231,0.20193316825055005,0.8101579745265006,0.1263473564750498,-1.4270386327380036,-1.3929088876103477,0.2643280247651782,0.43341399582059054
-0.3119949520926322,1.0348936562451478,0.8101579745265006,-0.3470150686464702,-1.4270386327380036,-1.1193848343462958,0.2643280247651782,0.43341399582059054
-0.13821255951984676,1.1390137172444725,0.8101579745265006,-1.2937399188895102,-0.5962425798983697,-0.5723367278181918,0.2643280247651782,0.43341399582059054
0.13332242887513046,-1.3598677467393208,0.8101579745265006,-1.2937399188895102,0.23455347294126402,-0.025288621290087743,0.2643280247651782,0.43341399582059054
0.25279782376892046,0.41017329024919946,0.8101579745265006,0.8363909941573299,0.23455347294126402,0.24823543197396428,0.2643280247651782,0.43341399582059054
0.36141181912691134,-0.8392674417426971,0.8101579745265006,-0.5836962812072303,0.23455347294126402,0.5217594852380163,0.2643280247651782,0.43341399582059054
0.5026100130922995,0.09781310725122534,0.8101579745265006,-1.2937399188895102,1.0653495257808978,0.7952835385020682,0.2643280247651782,0.43341399582059054
0.6003626089144913,0.30605322924987477,0.8101579745265006,0.8363909941573299,1.0653495257808978,0.7952835385020682,0.2643280247651782,0.43341399582059054
0.7198380038082813,0.930773595245823,0.8101579745265006,-0.3470150686464702,1.0653495257808978,1.0688075917661204,0.2643280247651782,0.43341399582059054
0.8393133987020713,-0.42278719774539825,0.8101579745265006,-0.3470150686464702,1.0653495257808978,1.0688075917661204,0.2643280247651782,0.43341399582059054
0.9805115926674595,-1.255747685739996,0.8101579745265006,-1.0570587063287502,1.0653495257808978,1.3423316450301723,0.2643280247651782,0.43341399582059054
1.0891255880254505,-1.3598677467393208,0.8101579745265006,0.1263473564750498,1.0653495257808978,1.3423316450301723,0.2643280247651782,0.43341399582059054
1.2194623824550395,-0.7351473807433724,-1.6528201362212471,0.5997097815965698,-1.4270386327380036,-1.6664329408743999,1.6938261357079059,0.43341399582059054
1.3497991768846285,-1.4639878077386455,0.5082349331727608,-0.5836962812072303,-1.4270386327380036,-1.3929088876103477,1.6938261357079059,0.43341399582059054
1.4692745717784186,0.20193316825055005,0.8101579745265006,0.1263473564750498,-1.4270386327380036,-1.1193848343462958,1.6938261357079059,0.43341399582059054
1.664779763422802,-0.42278719774539825,0.8101579745265006,-1.2937399188895102,-0.5962425798983697,-0.5723367278181918,1.6938261357079059,0.43341399582059054
-1.6913926931391166,-1.0475075637413465,0.8101579745265006,2.0197970569611297,-1.4270386327380036,-1.6664329408743999,-1.1651700861775494,-0.09136199197059573
-1.6045014968527238,-0.9433875027420218,0.14979427816659757,-0.8203774937679902,-1.4270386327380036,-1.1193848343462958,-1.1651700861775494,-0.09136199197059573
-1.4415805038157374,-0.11042701474742408,0.8101579745265006,2.0197970569611297,-0.5962425798983697,-0.5723367278181918,-1.1651700861775494,-0.09136199197059573
-1.3003823098503493,-0.6310273197440477,0.8101579745265006,-0.5836962812072303,0.23455347294126402,-0.025288621290087743,-1.1651700861775494,-0.09136199197059573
-1.1917683144923585,-1.5681078687379701,0.34264824054197407,-1.2937399188895102,0.23455347294126402,0.5217594852380163,-1.1651700861775494,-0.09136199197059573
-1.0397087209911713,0.7225334732471737,0.39123355754142664,-0.3470150686464702,1.0653495257808978,0.7952835385020682,-1.1651700861775494,-0.09136199197059573
-0.9310947256331803,-1.3598677467393208,0.8101579745265006,-0.8203774937679902,1.0653495257808978,1.0688075917661204,-1.1651700861775494,-0.09136199197059573
-0.8224807302751894,1.2431337782437972,0.8101579745265006,1.3097534192788498,1.0653495257808978,1.0688075917661204,-1.1651700861775494,-0.09136199197059573
-0.7138667349171985,-1.5681078687379701,0.8101579745265006,-0.5836962812072303,1.0653495257808978,1.0688075917661204,-1.1651700861775494,-0.09136199197059573
-0.5726685409518104,-0.2145470757467488,0.680762385374898,0.8363909941573299,1.0653495257808978,1.3423316450301723,-1.1651700861775494,-0.09136199197059573
-0.47491594512961854,0.41017329024919946,0.34264824054197407,0.1263473564750498,-1.4270386327380036,-1.6664329408743999,0.2643280247651782,-0.09136199197059573
-0.33371775116423036,-0.2145470757467488,0.8101579745265006,-0.1103338560857102,-1.4270386327380036,-1.1193848343462958,0.2643280247651782,-0.09136199197059573
-0.15993535859144495,0.5142933512485242,0.14979427816659757,-0.5836962812072303,-0.5962425798983697,-0.8458607810822437,0.2643280247651782,-0.09136199197059573
-0.018737164626056783,1.1390137172444725,-0.23640941512496788,-0.5836962812072303,-0.5962425798983697,-0.29881267455413973,0.2643280247651782,-0.09136199197059573
0.11159962980353229,1.347253839243122,0.680762385374898,-1.0570587063287502,0.23455347294126402,-0.025288621290087743,0.2643280247651782,-0.09136199197059573
0.23107502469732227,-1.4639878077386455,-0.23640941512496788,-0.1103338560857102,0.23455347294126402,0.24823543197396428,0.2643280247651782,-0.09136199197059573
0.33968902005531315,1.0348936562451478,0.8101579745265006,-1.2937399188895102,0.23455347294126402,0.5217594852380163,0.2643280247651782,-0.09136199197059573
0.49174861355650046,-0.2145470757467488,0.8101579745265006,0.8363909941573299,1.0653495257808978,0.7952835385020682,0.2643280247651782,-0.09136199197059573
0.5786398098428932,0.930773595245823,0.8101579745265006,0.1263473564750498,1.0653495257808978,0.7952835385020682,0.2643280247651782,-0.09136199197059573
0.7089766042724822,-0.2145470757467488,0.8101579745265006,-0.8203774937679902,1.0653495257808978,1.0688075917661204,0.2643280247651782,-0.09136199197059573
0.8067292000946741,0.41017329024919946,0.8101579745265006,-1.2937399188895102,1.0653495257808978,1.0688075917661204,0.2643280247651782,-0.09136199197059573
0.9696501931316603,0.41017329024919946,-1.6533159047620578,-1.0570587063287502,1.0653495257808978,1.0688075917661204,0.2643280247651782,-0.09136199197059573
1.0782641884896513,0.618413412247849,0.8101579745265006,-0.1103338560857102,1.0653495257808978,1.3423316450301723,0.2643280247651782,-0.09136199197059573
1.1977395833834412,0.5142933512485242,0.16169272314605504,-0.8203774937679902,-1.4270386327380036,-1.6664329408743999,1.6938261357079059,-0.09136199197059573
1.3389377773488293,-0.2145470757467488,0.8101579745265006,-0.5836962812072303,-1.4270386327380036,-1.3929088876103477,1.6938261357079059,-0.09136199197059573
1.7842551583165922,-0.7351473807433724,-0.23640941512496788,-0.5836962812072303,-0.5962425798983697,-0.5723367278181918,1.6938261357079059,-0.09136199197059573
-1.6588084945317194,-0.9433875027420218,-0.9865072173716151,-0.8203774937679902,-1.4270386327380036,-1.3929088876103477,-1.1651700861775494,-0.7160953107696271
-1.5067489010305322,-0.6310273197440477,0.09079782181011911,0.5997097815965698,-0.5962425798983697,-0.8458607810822437,-1.1651700861775494,-0.7160953107696271
-1.3655507070651438,1.1390137172444725,-0.30432970521603925,-0.5836962812072303,-0.5962425798983697,-0.29881267455413973,-1.1651700861775494,-0.7160953107696271
-1.2352139126355548,-0.2145470757467488,0.05510248687174601,2.0197970569611297,0.23455347294126402,0.24823543197396428,-1.1651700861775494,-0.7160953107696271
-0.9854017233121758,1.347253839243122,-0.26813860173685516,0.8363909941573299,1.0653495257808978,0.7952835385020682,-1.1651700861775494,-0.7160953107696271
-0.529222942808614,0.5142933512485242,-0.6275707938246404,0.3630285690358098,-1.4270386327380036,-1.6664329408743999,0.2643280247651782,-0.7160953107696271
-0.38802474884322585,-1.255747685739996,-0.44810258205115294,0.8363909941573299,-1.4270386327380036,-1.3929088876103477,0.2643280247651782,-0.7160953107696271
-0.25768795441363673,0.5142933512485242,-0.12486149344255176,-0.5836962812072303,-0.5962425798983697,-0.8458607810822437,0.2643280247651782,-0.7160953107696271
-0.09476696137665042,0.20193316825055005,-0.44810258205115294,-0.3470150686464702,-0.5962425798983697,-0.5723367278181918,0.2643280247651782,-0.7160953107696271
0.046431232588737756,-1.1516276247406712,-0.4119114785719696,1.0730722067180898,-0.5962425798983697,-0.29881267455413973,0.2643280247651782,-0.7160953107696271
0.17676802701832683,-0.8392674417426971,-1.058393655789172,0.8363909941573299,0.23455347294126402,-0.025288621290087743,0.2643280247651782,-0.7160953107696271
0.27452062284051865,-1.4639878077386455,-0.6275707938246404,-1.0570587063287502,0.23455347294126402,0.24823543197396428,0.2643280247651782,-0.7160953107696271
0.41571881680590683,-1.255747685739996,-0.5556843554070833,-0.3470150686464702,0.23455347294126402,0.5217594852380163,0.2643280247651782,-0.7160953107696271
0.5351942116996968,0.930773595245823,-0.016783951545811186,0.3630285690358098,1.0653495257808978,0.7952835385020682,0.2643280247651782,-0.7160953107696271
0.6329468075218886,-0.006306953748099373,-0.016783951545811186,-1.2937399188895102,1.0653495257808978,1.0688075917661204,0.2643280247651782,-0.7160953107696271
0.7524222024156786,0.8266535342464983,-1.130280094206729,-0.5836962812072303,1.0653495257808978,1.0688075917661204,0.2643280247651782,-0.7160953107696271
0.8827589968452677,0.5142933512485242,0.05510248687174601,-1.2937399188895102,1.0653495257808978,1.0688075917661204,0.2643280247651782,-0.7160953107696271
1.0239571908106557,-0.006306953748099373,0.30943174830765524,-0.8203774937679902,1.0653495257808978,1.3423316450301723,0.2643280247651782,-0.7160953107696271
1.1108483870970485,-1.0475075637413465,-1.0509571276770109,-1.2937399188895102,1.0653495257808978,1.3423316450301723,0.2643280247651782,-0.7160953107696271
1.2629079805982357,0.8266535342464983,0.8101579745265006,-1.0570587063287502,-1.4270386327380036,-1.3929088876103477,1.6938261357079059,-0.7160953107696271
1.3823833754920258,1.5554939612417713,-1.0073294960856658,0.3630285690358098,-1.4270386327380036,-1.1193848343462958,1.6938261357079059,-0.7160953107696271
1.5127201699216148,1.0348936562451478,-0.26813860173685516,1.7831158444003699,-1.4270386327380036,-1.1193848343462958,1.6938261357079059,-0.7160953107696271
1.5453043685290122,1.7637340832404207,-0.12486149344255176,-0.5836962812072303,-0.5962425798983697,-0.8458607810822437,1.6938261357079059,-0.7160953107696271
1.7082253615659986,1.347253839243122,-0.44810258205115294,-0.3470150686464702,-0.5962425798983697,-0.5723367278181918,1.6938261357079059,-0.7160953107696271
-1.6370856954601212,-0.42278719774539825,-0.7411017896702998,0.8363909941573299,-1.4270386327380036,-1.1193848343462958,-1.1651700861775494,-0.516180648753937
-1.485026101958934,-0.6310273197440477,-0.6206300342532901,1.7831158444003699,-0.5962425798983697,-0.5723367278181918,-1.1651700861775494,-0.516180648753937
-1.3438279079935458,-1.255747685739996,0.18102769623767384,1.0730722067180898,0.23455347294126402,-0.025288621290087743,-1.1651700861775494,-0.516180648753937
-1.2134911135639566,-0.42278719774539825,-0.9413922801578377,1.0730722067180898,0.23455347294126402,0.5217594852380163,-1.1651700861775494,-0.516180648753937
-1.0831543191343675,-1.255747685739996,-0.8209205247408287,-0.1103338560857102,1.0653495257808978,0.7952835385020682,-1.1651700861775494,-0.516180648753937
-0.9745403237763767,-1.1516276247406712,0.5414514254070804,-0.1103338560857102,1.0653495257808978,1.0688075917661204,-1.1651700861775494,-0.516180648753937
-0.8550649288825867,-0.7351473807433724,-0.6206300342532901,-1.2937399188895102,1.0653495257808978,1.0688075917661204,-1.1651700861775494,-0.516180648753937
-0.7355895339887967,0.930773595245823,-0.8610777765464979,0.1263473564750498,1.0653495257808978,1.0688075917661204,-1.1651700861775494,-0.516180648753937
-0.5183615432728149,-1.3598677467393208,0.42147543853088165,-0.1103338560857102,-1.4270386327380036,-1.6664329408743999,0.2643280247651782,-0.516180648753937
-0.36630194977162767,1.1390137172444725,-0.66078728605896,1.5464346318396098,-1.4270386327380036,-1.3929088876103477,0.2643280247651782,-0.516180648753937
-0.22510375580623948,-1.3598677467393208,0.5012941736014105,0.1263473564750498,-0.5962425798983697,-0.8458607810822437,0.2643280247651782,-0.516180648753937
-0.07304416230505223,0.30605322924987477,0.18102769623767384,-0.8203774937679902,-0.5962425798983697,-0.5723367278181918,0.2643280247651782,-0.516180648753937
0.05729263212453684,1.2431337782437972,-0.019262794249864736,-1.2937399188895102,-0.5962425798983697,-0.29881267455413973,0.2643280247651782,-0.516180648753937
0.18762942655412593,1.347253839243122,-0.4203395437657515,0.1263473564750498,0.23455347294126402,0.24823543197396428,0.2643280247651782,-0.516180648753937
0.3071048214479159,0.5142933512485242,0.22118494804334377,2.2564782695218897,0.23455347294126402,0.24823543197396428,0.2643280247651782,-0.516180648753937
0.43744161587750496,-0.3186671367460735,-0.13973454966687376,-1.2937399188895102,0.23455347294126402,0.5217594852380163,0.2643280247651782,-0.516180648753937
0.556917010771295,1.4513739002424466,0.6619231808240902,1.7831158444003699,1.0653495257808978,0.7952835385020682,0.2643280247651782,-0.516180648753937
0.6546696065934868,0.8266535342464983,0.10071319262633402,-1.0570587063287502,1.0653495257808978,1.0688075917661204,0.2643280247651782,-0.516180648753937
0.7850064010230758,0.618413412247849,0.8101579745265006,-1.0570587063287502,1.0653495257808978,1.0688075917661204,0.2643280247651782,-0.516180648753937
0.915343195452665,-0.526907258744723,0.8101579745265006,-1.2937399188895102,1.0653495257808978,1.0688075917661204,0.2643280247651782,-0.516180648753937
1.045679989882254,-0.7351473807433724,0.5816086772127503,0.5997097815965698,1.0653495257808978,1.3423316450301723,0.2643280247651782,-0.516180648753937
1.1325711861686467,0.8266535342464983,0.8101579745265006,0.5997097815965698,-1.4270386327380036,-1.6664329408743999,1.6938261357079059,-0.516180648753937
1.295492179205633,0.618413412247849,0.8101579745265006,-1.0570587063287502,-1.4270386327380036,-1.3929088876103477,1.6938261357079059,-0.516180648753937
1.425828973635222,-0.526907258744723,-0.06140312021877721,0.8363909941573299,-1.4270386327380036,-1.1193848343462958,1.6938261357079059,-0.516180648753937
-1.6913926931391166,-0.42278719774539825,0.8101579745265006,-0.8203774937679902,-1.4270386327380036,-1.6664329408743999,-1.1651700861775494,-0.11635132472255699
-1.5719172982453267,-0.3186671367460735,0.8101579745265006,0.1263473564750498,-0.5962425798983697,-0.8458607810822437,-1.1651700861775494,-0.11635132472255699
-1.4415805038157374,0.8266535342464983,0.6272193829673384,-0.8203774937679902,-0.5962425798983697,-0.5723367278181918,-1.1651700861775494,-0.11635132472255699
-1.2895209103145502,-0.9433875027420218,0.8101579745265006,-0.8203774937679902,0.23455347294126402,-0.025288621290087743,-1.1651700861775494,-0.11635132472255699
-1.1700455154207603,-0.8392674417426971,0.8101579745265006,0.8363909941573299,0.23455347294126402,0.5217594852380163,-1.1651700861775494,-0.11635132472255699
-1.0288473214553722,-1.1516276247406712,0.8101579745265006,-1.2937399188895102,1.0653495257808978,0.7952835385020682,-1.1651700861775494,-0.11635132472255699
-0.9093719265615822,-1.3598677467393208,0.8101579745265006,0.3630285690358098,1.0653495257808978,1.0688075917661204,-1.1651700861775494,-0.11635132472255699
-0.8116193307393903,1.1390137172444725,0.8101579745265006,1.5464346318396098,1.0653495257808978,1.0688075917661204,-1.1651700861775494,-0.11635132472255699
-0.7030053353813994,0.20193316825055005,0.6748131628851689,-0.8203774937679902,1.0653495257808978,1.0688075917661204,-1.1651700861775494,-0.11635132472255699
-0.5618071414160113,1.4513739002424466,-0.13675993842200923,1.7831158444003699,1.0653495257808978,1.3423316450301723,-1.1651700861775494,-0.11635132472255699
-0.45319314605802036,-1.4639878077386455,0.8101579745265006,-0.8203774937679902,-1.4270386327380036,-1.3929088876103477,0.2643280247651782,-0.11635132472255699
-0.3228563516284313,-1.0475075637413465,0.8101579745265006,0.3630285690358098,-1.4270386327380036,-1.1193848343462958,0.2643280247651782,-0.11635132472255699
-0.14907395905564585,0.20193316825055005,0.8101579745265006,-1.2937399188895102,-0.5962425798983697,-0.5723367278181918,0.2643280247651782,-0.11635132472255699
0.0029856344455413955,1.0348936562451478,0.14979427816659757,1.0730722067180898,-0.5962425798983697,-0.29881267455413973,0.2643280247651782,-0.11635132472255699
0.12246102933933138,-0.3186671367460735,0.10220049824876629,-1.2937399188895102,0.23455347294126402,-0.025288621290087743,0.2643280247651782,-0.11635132472255699
0.24193642423312137,-0.6310273197440477,-0.04107661004553711,0.3630285690358098,0.23455347294126402,0.24823543197396428,0.2643280247651782,-0.11635132472255699
0.35055041959111227,-0.9433875027420218,0.006517169872294163,-0.8203774937679902,0.23455347294126402,0.5217594852380163,0.2643280247651782,-0.11635132472255699
0.5026100130922995,-0.7351473807433724,0.8101579745265006,1.3097534192788498,1.0653495257808978,0.7952835385020682,0.2643280247651782,-0.11635132472255699
0.5895012093786922,-0.8392674417426971,0.19738805808442814,-0.1103338560857102,1.0653495257808978,0.7952835385020682,0.2643280247651782,-0.11635132472255699
0.7089766042724822,-1.5681078687379701,0.7199281000989466,1.0730722067180898,1.0653495257808978,1.0688075917661204,0.2643280247651782,-0.11635132472255699
0.8284519991662722,0.930773595245823,0.8101579745265006,-1.2937399188895102,1.0653495257808978,1.0688075917661204,0.2643280247651782,-0.11635132472255699
0.9696501931316603,0.7225334732471737,0.8101579745265006,-0.8203774937679902,1.0653495257808978,1.0688075917661204,0.2643280247651782,-0.11635132472255699
1.0782641884896513,0.618413412247849,0.8101579745265006,-1.2937399188895102,1.0653495257808978,1.3423316450301723,0.2643280247651782,-0.11635132472255699
1.2194623824550395,-0.9433875027420218,0.8101579745265006,-1.2937399188895102,-1.4270386327380036,-1.6664329408743999,1.6938261357079059,-0.11635132472255699
1.3389377773488293,-0.9433875027420218,0.8101579745265006,-0.1103338560857102,-1.4270386327380036,-1.3929088876103477,1.6938261357079059,-0.11635132472255699
1.653918363887003,-0.9433875027420218,0.8101579745265006,-1.2937399188895102,-0.5962425798983697,-0.5723367278181918,1.6938261357079059,-0.11635132472255699
1.8059779573881902,0.618413412247849,0.14979427816659757,1.0730722067180898,-0.5962425798983697,-0.5723367278181918,1.6938261357079059,-0.11635132472255699
-1.6479470949959203,-1.5681078687379701,0.45816231055087675,0.3630285690358098,-1.4270386327380036,-1.3929088876103477,-1.1651700861775494,-0.04138332646667323
-1.5067489010305322,-1.3598677467393208,0.8101579745265006,-0.1103338560857102,-0.5962425798983697,-0.8458607810822437,-1.1651700861775494,-0.04138332646667323
-1.3655507070651438,-1.255747685739996,0.8101579745265006,-1.2937399188895102,-0.5962425798983697,-0.29881267455413973,-1.1651700861775494,-0.04138332646667323
-1.2352139126355548,-0.2145470757467488,0.5077391646319506,1.3097534192788498,0.23455347294126402,0.24823543197396428,-1.1651700861775494,-0.04138332646667323
-0.9854017233121758,-0.7351473807433724,0.8101579745265006,0.1263473564750498,1.0653495257808978,0.7952835385020682,-1.1651700861775494,-0.04138332646667323
-0.7681737325961939,0.930773595245823,0.7551276664965088,0.1263473564750498,1.0653495257808978,1.0688075917661204,-1.1651700861775494,-0.04138332646667323
-0.529222942808614,1.1390137172444725,-0.18584102396227278,-0.3470150686464702,-1.4270386327380036,-1.6664329408743999,0.2643280247651782,-0.04138332646667323
-0.38802474884322585,-1.4639878077386455,0.8101579745265006,0.1263473564750498,-1.4270386327380036,-1.3929088876103477,0.2643280247651782,-0.04138332646667323
-0.25768795441363673,0.618413412247849,0.8101579745265006,-1.2937399188895102,-0.5962425798983697,-0.8458607810822437,0.2643280247651782,-0.04138332646667323
-0.09476696137665042,-0.42278719774539825,0.8101579745265006,-1.0570587063287502,-0.5962425798983697,-0.5723367278181918,0.2643280247651782,-0.04138332646667323
0.046431232588737756,-0.42278719774539825,-0.18584102396227278,0.3630285690358098,-0.5962425798983697,-0.29881267455413973,0.2643280247651782,-0.04138332646667323
0.17676802701832683,-1.255747685739996,-0.08668731580012512,0.1263473564750498,0.23455347294126402,-0.025288621290087743,0.2643280247651782,-0.04138332646667323
0.2853820223763177,0.20193316825055005,0.7551276664965088,1.3097534192788498,0.23455347294126402,0.24823543197396428,0.2643280247651782,-0.04138332646667323
0.41571881680590683,-0.9433875027420218,0.8101579745265006,-1.0570587063287502,0.23455347294126402,0.5217594852380163,0.2643280247651782,-0.04138332646667323
0.5351942116996968,-1.1516276247406712,-0.18584102396227278,-0.3470150686464702,1.0653495257808978,0.7952835385020682,0.2643280247651782,-0.04138332646667323
0.6438082070576877,1.2431337782437972,0.8101579745265006,0.1263473564750498,1.0653495257808978,1.0688075917661204,0.2643280247651782,-0.04138332646667323
0.7632836019514777,1.0348936562451478,-0.9790706892594541,1.0730722067180898,1.0653495257808978,1.0688075917661204,0.2643280247651782,-0.04138332646667323
0.8827589968452677,2.0760942662383948,0.8101579745265006,-1.0570587063287502,1.0653495257808978,1.0688075917661204,0.2643280247651782,-0.04138332646667323
1.0239571908106557,1.1390137172444725,-0.1233741878201195,-0.3470150686464702,1.0653495257808978,1.3423316450301723,0.2643280247651782,-0.04138332646667323
1.1325711861686467,1.5554939612417713,0.8101579745265006,-1.0570587063287502,-1.4270386327380036,-1.6664329408743999,1.6938261357079059,-0.04138332646667323
1.2629079805982357,0.20193316825055005,0.8101579745265006,-0.8203774937679902,-1.4270386327380036,-1.3929088876103477,1.6938261357079059,-0.04138332646667323
1.393244775027825,0.930773595245823,0.5573160187130244,-1.2937399188895102,-1.4270386327380036,-1.1193848343462958,1.6938261357079059,-0.04138332646667323
1.5453043685290122,1.4513739002424466,0.8101579745265006,-1.2937399188895102,-0.5962425798983697,-0.8458607810822437,1.6938261357079059,-0.04138332646667323
1.7082253615659986,1.0348936562451478,0.8101579745265006,-1.0570587063287502,-0.5962425798983697,-0.5723367278181918,1.6938261357079059,-0.04138332646667323
-1.6370856954601212,-0.8392674417426971,-1.9934131237582242,1.5464346318396098,-1.4270386327380036,-1.1193848343462958,-1.1651700861775494,-1.5157539588323872
-1.485026101958934,-0.42278719774539825,-1.9334251303201253,2.4931594820826497,-0.5962425798983697,-0.5723367278181918,-1.1651700861775494,-1.5157539588323872
-1.3438279079935458,-0.2145470757467488,-2.1530505938992825,1.7831158444003699,0.23455347294126402,-0.025288621290087743,-1.1651700861775494,-1.5157539588323872
-1.2352139126355548,-0.42278719774539825,-2.3726760574784396,-1.2937399188895102,0.23455347294126402,0.24823543197396428,-1.1651700861775494,-1.5157539588323872
-1.0831543191343675,-0.006306953748099373,-2.392506799110869,0.5997097815965698,1.0653495257808978,0.7952835385020682,-1.1651700861775494,-1.5157539588323872
-0.9745403237763767,-0.9433875027420218,-2.172881335531712,0.5997097815965698,1.0653495257808978,1.0688075917661204,-1.1651700861775494,-1.5157539588323872
-0.8550649288825867,-0.11042701474742408,-1.8937636470552661,-0.5836962812072303,1.0653495257808978,1.0688075917661204,-1.1651700861775494,-1.5157539588323872
-0.7464509335245958,1.1390137172444725,-2.511987017446257,-1.2937399188895102,1.0653495257808978,1.0688075917661204,-1.1651700861775494,-1.5157539588323872
-0.5183615432728149,0.618413412247849,-2.053401117196324,0.5997097815965698,-1.4270386327380036,-1.6664329408743999,0.2643280247651782,-1.5157539588323872
-0.37716334930742673,0.8266535342464983,-2.192712077164141,-1.0570587063287502,-1.4270386327380036,-1.3929088876103477,0.2643280247651782,-1.5157539588323872
-0.23596515534203857,-0.9433875027420218,-2.1530505938992825,-1.0570587063287502,-0.5962425798983697,-0.8458607810822437,0.2643280247651782,-1.5157539588323872
-0.07304416230505223,0.09781310725122534,-1.7539569185466377,-0.1103338560857102,-0.5962425798983697,-0.5723367278181918,0.2643280247651782,-1.5157539588323872
0.05729263212453684,-1.5681078687379701,-2.531817759078686,-0.5836962812072303,-0.5962425798983697,-0.29881267455413973,0.2643280247651782,-1.5157539588323872
0.18762942655412593,-0.8392674417426971,-2.3325188056727697,0.8363909941573299,0.23455347294126402,0.24823543197396428,0.2643280247651782,-1.5157539588323872
0.2853820223763177,0.20193316825055005,-2.113389110634423,-1.2937399188895102,0.23455347294126402,0.24823543197396428,0.2643280247651782,-1.5157539588323872
0.43744161587750496,-1.1516276247406712,-2.053401117196324,-0.5836962812072303,0.23455347294126402,0.5217594852380163,0.2643280247651782,-1.5157539588323872
0.556917010771295,0.09781310725122534,-2.013243865390654,2.4931594820826497,1.0653495257808978,0.7952835385020682,0.2643280247651782,-1.5157539588323872
0.6546696065934868,-0.6310273197440477,-2.252700070602241,-0.3470150686464702,1.0653495257808978,1.0688075917661204,0.2643280247651782,-1.5157539588323872
0.7850064010230758,-0.7351473807433724,0.8101579745265006,-0.8203774937679902,1.0653495257808978,1.0688075917661204,0.2643280247651782,-1.5157539588323872
0.915343195452665,-0.6310273197440477,0.8101579745265006,-0.3470150686464702,1.0653495257808978,1.0688075917661204,0.2643280247651782,-1.5157539588323872
1.045679989882254,0.30605322924987477,-2.172881335531712,0.8363909941573299,1.0653495257808978,1.3423316450301723,0.2643280247651782,-1.5157539588323872
1.1434325857044458,1.347253839243122,-1.7539569185466377,-1.2937399188895102,-1.4270386327380036,-1.6664329408743999,1.6938261357079059,-1.5157539588323872
1.295492179205633,0.5142933512485242,-0.05942004605553465,-1.2937399188895102,-1.4270386327380036,-1.3929088876103477,1.6938261357079059,-1.5157539588323872
1.425828973635222,0.618413412247849,-1.9383828157282323,1.0730722067180898,-1.4270386327380036,-1.1193848343462958,1.6938261357079059,-1.5157539588323872
1.5670271676006102,-0.526907258744723,-2.1530505938992825,-1.0570587063287502,-0.5962425798983697,-0.8458607810822437,1.6938261357079059,-1.5157539588323872
-1.6805312936033174,-0.006306953748099373,-1.7866776422401467,1.0730722067180898,-1.4270386327380036,-1.6664329408743999,-1.1651700861775494,-1.1659033003049295
-1.5719172982453267,-0.7351473807433724,-1.384609355642638,-1.0570587063287502,-0.5962425798983697,-0.8458607810822437,-1.1651700861775494,-1.1659033003049295
-1.4307191042799385,1.0348936562451478,-1.5720098640690967,1.5464346318396098,-0.5962425798983697,-0.29881267455413973,-1.1651700861775494,-1.1659033003049295
-1.2786595107787513,-1.1516276247406712,-1.8674879143922969,0.1263473564750498,0.23455347294126402,0.24823543197396428,-1.1651700861775494,-1.1659033003049295
-1.1700455154207603,0.618413412247849,-0.9820453005043183,-0.3470150686464702,0.23455347294126402,0.5217594852380163,-1.1651700861775494,-1.1659033003049295
-1.017985921919573,1.347253839243122,-1.8674879143922969,1.7831158444003699,1.0653495257808978,0.7952835385020682,-1.1651700861775494,-1.1659033003049295
-0.9093719265615822,1.5554939612417713,-1.008816801708098,-0.8203774937679902,1.0653495257808978,1.0688075917661204,-1.1651700861775494,-1.1659033003049295
-0.8116193307393903,-0.2145470757467488,-1.035588302911878,0.3630285690358098,1.0653495257808978,1.0688075917661204,-1.1651700861775494,-1.1659033003049295
-0.6921439358456003,-0.3186671367460735,-2.0013454204111962,0.3630285690358098,1.0653495257808978,1.0688075917661204,-1.1651700861775494,-1.1659033003049295
-0.5618071414160113,-0.8392674417426971,-1.169941577471588,0.5997097815965698,1.0653495257808978,1.3423316450301723,-1.1651700861775494,-1.1659033003049295
-0.43147034698642217,-0.006306953748099373,-1.411380856846418,-0.5836962812072303,-1.4270386327380036,-1.3929088876103477,0.2643280247651782,-1.1659033003049295
-0.3228563516284313,-1.255747685739996,-1.4649238592539775,-0.8203774937679902,-1.4270386327380036,-1.1193848343462958,0.2643280247651782,-1.1659033003049295
-0.13821255951984676,-0.006306953748099373,-1.7331346398325866,0.1263473564750498,-0.5962425798983697,-0.5723367278181918,0.2643280247651782,-1.1659033003049295
0.0029856344455413955,0.5142933512485242,-1.9745739192074165,-0.1103338560857102,-0.5962425798983697,-0.29881267455413973,0.2643280247651782,-1.1659033003049295
0.13332242887513046,-0.006306953748099373,-1.7866776422401467,0.1263473564750498,0.23455347294126402,-0.025288621290087743,0.2643280247651782,-1.1659033003049295
0.24193642423312137,-0.42278719774539825,-1.411380856846418,-0.8203774937679902,0.23455347294126402,0.24823543197396428,0.2643280247651782,-1.1659033003049295
0.36141181912691134,1.5554939612417713,-1.840716413188517,0.8363909941573299,0.23455347294126402,0.5217594852380163,0.2643280247651782,-1.1659033003049295
0.5026100130922995,0.5142933512485242,-1.2770275822867077,0.1263473564750498,1.0653495257808978,0.7952835385020682,0.2643280247651782,-1.1659033003049295
0.5895012093786922,0.30605322924987477,-1.8942594155960766,-1.2937399188895102,1.0653495257808978,0.7952835385020682,0.2643280247651782,-1.1659033003049295
0.7198380038082813,0.30605322924987477,0.8101579745265006,-0.8203774937679902,1.0653495257808978,1.0688075917661204,0.2643280247651782,-1.1659033003049295
0.8284519991662722,0.5142933512485242,-1.1431700762678083,-0.8203774937679902,1.0653495257808978,1.0688075917661204,0.2643280247651782,-1.1659033003049295
0.9805115926674595,-0.2145470757467488,-1.840716413188517,-1.2937399188895102,1.0653495257808978,1.3423316450301723,0.2643280247651782,-1.1659033003049295
1.0891255880254505,0.09781310725122534,0.8101579745265006,-0.8203774937679902,1.0653495257808978,1.3423316450301723,0.2643280247651782,-1.1659033003049295
1.2194623824550395,-1.5681078687379701,-0.8521539428119049,-1.0570587063287502,-1.4270386327380036,-1.6664329408743999,1.6938261357079059,-1.1659033003049295
1.3497991768846285,-0.3186671367460735,-1.5110303335493762,-0.3470150686464702,-1.4270386327380036,-1.3929088876103477,1.6938261357079059,-1.1659033003049295
1.4692745717784186,0.09781310725122534,-1.035588302911878,-0.8203774937679902,-1.4270386327380036,-1.1193848343462958,1.6938261357079059,-1.1659033003049295
1.664779763422802,-1.6722279297372948,-1.7331346398325866,0.1263473564750498,-0.5962425798983697,-0.5723367278181918,1.6938261357079059,-1.1659033003049295
1.8059779573881902,-2.5051884177318926,-1.9745739192074165,-0.1103338560857102,-0.5962425798983697,-0.5723367278181918,1.6938261357079059,-1.1659033003049295
-1.6805312936033174,1.4513739002424466,-0.8819000552605489,-0.5836962812072303,-1.4270386327380036,-1.6664329408743999,-1.1651700861775494,-0.9659886382892395
-1.5501944991737284,-0.8392674417426971,-1.0053464219224229,-1.2937399188895102,-0.5962425798983697,-0.8458607810822437,-1.1651700861775494,-0.9659886382892395
-1.4307191042799385,-0.6310273197440477,-0.6355030904776121,-0.1103338560857102,-0.5962425798983697,-0.29881267455413973,-1.1651700861775494,-0.9659886382892395
-1.2677981112429522,0.7225334732471737,-0.4505814247552072,2.2564782695218897,0.23455347294126402,0.24823543197396428,-1.1651700861775494,-0.9659886382892395
-1.1591841158849612,-0.2145470757467488,-1.6215867181501706,-1.0570587063287502,0.23455347294126402,0.5217594852380163,-1.1651700861775494,-0.9659886382892395
-1.017985921919573,0.930773595245823,-1.498140351488297,0.1263473564750498,1.0653495257808978,0.7952835385020682,-1.1651700861775494,-0.9659886382892395
-0.898510527025783,-1.3598677467393208,-0.9746087723921573,-0.1103338560857102,1.0653495257808978,1.0688075917661204,-1.1651700861775494,-0.9659886382892395
-0.8116193307393903,1.347253839243122,-1.6215867181501706,-1.2937399188895102,1.0653495257808978,1.0688075917661204,-1.1651700861775494,-0.9659886382892395
-0.6921439358456003,-0.2145470757467488,-1.4366650524277653,-1.2937399188895102,1.0653495257808978,1.0688075917661204,-1.1651700861775494,-0.9659886382892395
-0.5618071414160113,1.0348936562451478,-1.3439563352961574,-1.0570587063287502,1.0653495257808978,1.3423316450301723,-1.1651700861775494,-0.9659886382892395
-0.4206089474506231,-1.5681078687379701,-1.5288780010185627,-0.1103338560857102,-1.4270386327380036,-1.3929088876103477,0.2643280247651782,-0.9659886382892395
-0.3119949520926322,1.1390137172444725,-1.128297020043486,-0.5836962812072303,-1.4270386327380036,-1.1193848343462958,0.2643280247651782,-0.9659886382892395
-0.12735115998404767,0.5142933512485242,-1.6830620172107023,-0.1103338560857102,-0.5962425798983697,-0.5723367278181918,0.2643280247651782,-0.9659886382892395
0.14418382841092955,1.0348936562451478,-0.943375354321081,-0.1103338560857102,0.23455347294126402,-0.025288621290087743,0.2643280247651782,-0.9659886382892395
0.25279782376892046,0.09781310725122534,-1.1902680876448284,0.5997097815965698,0.23455347294126402,0.24823543197396428,0.2643280247651782,-0.9659886382892395
0.36141181912691134,-0.42278719774539825,-0.7896871066697516,-0.8203774937679902,0.23455347294126402,0.5217594852380163,0.2643280247651782,-0.9659886382892395
0.5134714126280986,1.1390137172444725,-1.6523243676804367,2.4931594820826497,1.0653495257808978,0.7952835385020682,0.2643280247651782,-0.9659886382892395
0.6003626089144913,-0.006306953748099373,-0.8511624057302837,0.5997097815965698,1.0653495257808978,0.7952835385020682,0.2643280247651782,-0.9659886382892395
0.7198380038082813,-0.7351473807433724,0.8101579745265006,-1.0570587063287502,1.0653495257808978,1.0688075917661204,0.2643280247651782,-0.9659886382892395
0.8393133987020713,-0.42278719774539825,0.05212787562688147,0.5997097815965698,1.0653495257808978,1.0688075917661204,0.2643280247651782,-0.9659886382892395
0.9913729922032586,-0.8392674417426971,0.8101579745265006,1.7831158444003699,1.0653495257808978,1.3423316450301723,0.2643280247651782,-0.9659886382892395
1.0891255880254505,-1.3598677467393208,0.8101579745265006,-1.2937399188895102,1.0653495257808978,1.3423316450301723,0.2643280247651782,-0.9659886382892395
1.2194623824550395,-0.526907258744723,0.7878483901900173,1.0730722067180898,-1.4270386327380036,-1.6664329408743999,1.6938261357079059,-0.9659886382892395
1.3497991768846285,0.930773595245823,-2.359290306876549,0.3630285690358098,-1.4270386327380036,-1.3929088876103477,1.6938261357079059,-0.9659886382892395
1.4692745717784186,-0.526907258744723,-1.159034669573752,-0.5836962812072303,-1.4270386327380036,-1.1193848343462958,1.6938261357079059,-0.9659886382892395
1.6756411629586012,-1.1516276247406712,-1.6830620172107023,-0.1103338560857102,-0.5962425798983697,-0.5723367278181918,1.6938261357079059,-0.9659886382892395
-1.6913926931391166,1.0348936562451478,-0.39802995942926883,0.1263473564750498,-1.4270386327380036,-1.6664329408743999,-1.1651700861775494,-0.916009972785317
-1.5827786977811258,-1.255747685739996,-0.7505213919457038,-1.2937399188895102,-1.4270386327380036,-1.1193848343462958,-1.1651700861775494,-0.916009972785317
-1.4415805038157374,-0.9433875027420218,-1.0390586826975532,0.1263473564750498,-0.5962425798983697,-0.5723367278181918,-1.1651700861775494,-0.916009972785317
-1.2895209103145502,-0.7351473807433724,-1.1352377796148365,0.1263473564750498,0.23455347294126402,-0.025288621290087743,-1.1651700861775494,-0.916009972785317
-1.1809069149565594,1.4513739002424466,-1.263146063144007,-0.5836962812072303,0.23455347294126402,0.5217594852380163,-1.1651700861775494,-0.916009972785317
-1.0288473214553722,1.4513739002424466,-1.4237750703666863,-0.3470150686464702,1.0653495257808978,0.7952835385020682,-1.1651700861775494,-0.916009972785317
-0.9093719265615822,-0.6310273197440477,-0.4302549145819664,1.3097534192788498,1.0653495257808978,1.0688075917661204,-1.1651700861775494,-0.916009972785317
-0.8224807302751894,1.4513739002424466,-0.94287958578027,-0.5836962812072303,1.0653495257808978,1.0688075917661204,-1.1651700861775494,-0.916009972785317
-0.7030053353813994,0.41017329024919946,-1.4237750703666863,0.1263473564750498,1.0653495257808978,1.0688075917661204,-1.1651700861775494,-0.916009972785317
-0.5726685409518104,0.09781310725122534,-1.2314168765321196,-1.0570587063287502,1.0653495257808978,1.3423316450301723,-1.1651700861775494,-0.916009972785317
-0.45319314605802036,0.41017329024919946,-1.0712836378502513,0.1263473564750498,-1.4270386327380036,-1.3929088876103477,0.2643280247651782,-0.916009972785317
-0.3228563516284313,-0.526907258744723,-0.5264340114992495,1.3097534192788498,-1.4270386327380036,-1.1193848343462958,0.2643280247651782,-0.916009972785317
-0.14907395905564585,0.930773595245823,-0.7187922053338165,-0.3470150686464702,-0.5962425798983697,-0.5723367278181918,0.2643280247651782,-0.916009972785317
-0.007875765090257694,-1.5681078687379701,-1.1030128244621387,-1.0570587063287502,-0.5962425798983697,-0.29881267455413973,0.2643280247651782,-0.916009972785317
0.12246102933933138,-1.4639878077386455,-1.0068337275448551,-0.3470150686464702,0.23455347294126402,-0.025288621290087743,0.2643280247651782,-0.916009972785317
0.24193642423312137,0.09781310725122534,-0.30185086251198573,1.3097534192788498,0.23455347294126402,0.24823543197396428,0.2643280247651782,-0.916009972785317
0.35055041959111227,-0.3186671367460735,-0.5903881532638351,0.1263473564750498,0.23455347294126402,0.5217594852380163,0.2643280247651782,-0.916009972785317
0.49174861355650046,0.09781310725122534,-0.5264340114992495,-1.0570587063287502,1.0653495257808978,0.7952835385020682,0.2643280247651782,-0.916009972785317
0.5895012093786922,-0.11042701474742408,-1.3593251600612901,0.8363909941573299,1.0653495257808978,0.7952835385020682,0.2643280247651782,-0.916009972785317
0.7089766042724822,1.347253839243122,0.8101579745265006,-0.5836962812072303,1.0653495257808978,1.0688075917661204,0.2643280247651782,-0.916009972785317
0.8067292000946741,-0.2145470757467488,-0.49420905634655193,-0.5836962812072303,1.0653495257808978,1.0688075917661204,0.2643280247651782,-0.916009972785317
0.9696501931316603,-0.42278719774539825,0.8101579745265006,-0.3470150686464702,1.0653495257808978,1.0688075917661204,0.2643280247651782,-0.916009972785317
1.0782641884896513,0.09781310725122534,0.8101579745265006,-1.0570587063287502,1.0653495257808978,1.3423316450301723,0.2643280247651782,-0.916009972785317
1.2086009829192403,-1.0475075637413465,0.8101579745265006,-0.8203774937679902,-1.4270386327380036,-1.6664329408743999,1.6938261357079059,-0.916009972785317
1.3389377773488293,1.347253839243122,0.8101579745265006,0.3630285690358098,-1.4270386327380036,-1.3929088876103477,1.6938261357079059,-0.916009972785317
1.653918363887003,-0.8392674417426971,-0.7187922053338165,-0.3470150686464702,-0.5962425798983697,-0.5723367278181918,1.6938261357079059,-0.916009972785317
1.795116557852391,0.930773595245823,-1.1030128244621387,-1.0570587063287502,-0.5962425798983697,-0.5723367278181918,1.6938261357079059,-0.916009972785317
-1.6588084945317194,-0.2145470757467488,-0.5323832339889786,-0.3470150686464702,-1.4270386327380036,-1.3929088876103477,-1.1651700861775494,-0.816052641777472
-1.5067489010305322,-0.6310273197440477,-0.5665912633049194,1.0730722067180898,-0.5962425798983697,-0.8458607810822437,-1.1651700861775494,-0.816052641777472
-1.3655507070651438,1.4513739002424466,-1.3166890655515666,-0.1103338560857102,-0.5962425798983697,-0.29881267455413973,-1.1651700861775494,-0.816052641777472
-1.246075312171354,-1.5681078687379701,-0.08916615850417867,-1.2937399188895102,0.23455347294126402,0.24823543197396428,-1.1651700861775494,-0.816052641777472
-0.9854017233121758,-0.42278719774539825,-0.4981752046730378,1.3097534192788498,1.0653495257808978,0.7952835385020682,-1.1651700861775494,-0.816052641777472
-0.529222942808614,0.41017329024919946,-1.2145607461445547,0.8363909941573299,-1.4270386327380036,-1.6664329408743999,0.2643280247651782,-0.816052641777472
-0.38802474884322585,-1.5681078687379701,-0.8734719900667663,1.3097534192788498,-1.4270386327380036,-1.3929088876103477,0.2643280247651782,-0.816052641777472
-0.25768795441363673,-0.11042701474742408,-0.2939185658590134,-0.1103338560857102,-0.5962425798983697,-0.8458607810822437,0.2643280247651782,-0.816052641777472
-0.09476696137665042,1.5554939612417713,-1.1124324267375425,0.1263473564750498,-0.5962425798983697,-0.5723367278181918,0.2643280247651782,-0.816052641777472
0.03556983305293866,0.5142933512485242,-0.2255025072271317,-1.0570587063287502,-0.5962425798983697,-0.29881267455413973,0.2643280247651782,-0.816052641777472
0.17676802701832683,-0.7351473807433724,-0.9760960780145895,1.3097534192788498,0.23455347294126402,-0.025288621290087743,0.2643280247651782,-0.816052641777472
0.27452062284051865,1.5554939612417713,-0.08916615850417867,-0.5836962812072303,0.23455347294126402,0.24823543197396428,0.2643280247651782,-0.816052641777472
0.41571881680590683,-0.7351473807433724,-0.19129447791119086,0.1263473564750498,0.23455347294126402,0.5217594852380163,0.2643280247651782,-0.816052641777472
0.5351942116996968,1.1390137172444725,-0.8734719900667663,0.8363909941573299,1.0653495257808978,0.7952835385020682,0.2643280247651782,-0.816052641777472
0.6220854079860895,-1.1516276247406712,-1.2145607461445547,-1.0570587063287502,1.0653495257808978,1.0688075917661204,0.2643280247651782,-0.816052641777472
0.7524222024156786,-1.1516276247406712,-0.1233741878201195,-0.3470150686464702,1.0653495257808978,1.0688075917661204,0.2643280247651782,-0.816052641777472
0.8827589968452677,0.41017329024919946,-1.2145607461445547,-0.8203774937679902,1.0653495257808978,1.0688075917661204,0.2643280247651782,-0.816052641777472
1.0239571908106557,0.5142933512485242,-1.9408616584322862,0.1263473564750498,1.0653495257808978,1.3423316450301723,0.2643280247651782,-0.816052641777472
1.1108483870970485,1.4513739002424466,-0.5616335778968123,-1.0570587063287502,1.0653495257808978,1.3423316450301723,0.2643280247651782,-0.816052641777472
1.2629079805982357,0.930773595245823,-0.06933541687174885,-0.5836962812072303,-1.4270386327380036,-1.3929088876103477,1.6938261357079059,-0.816052641777472
1.404106174563624,-0.006306953748099373,0.8101579745265006,0.3630285690358098,-1.4270386327380036,-1.1193848343462958,1.6938261357079059,-0.816052641777472
1.5127201699216148,-1.3598677467393208,-0.8055516999756956,-0.5836962812072303,-1.4270386327380036,-1.1193848343462958,1.6938261357079059,-0.816052641777472
1.5453043685290122,2.804934693233668,-0.2939185658590134,-0.1103338560857102,-0.5962425798983697,-0.8458607810822437,1.6938261357079059,-0.816052641777472
1.7082253615659986,-0.9433875027420218,-1.1124324267375425,0.1263473564750498,-0.5962425798983697,-0.5723367278181918,1.6938261357079059,-0.816052641777472
-1.6370856954601212,-0.42278719774539825,0.8101579745265006,2.2564782695218897,-1.4270386327380036,-1.1193848343462958,-1.1651700861775494,0.03358467178921053
-1.495887501494733,-1.0475075637413465,0.1527688894114614,-0.8203774937679902,-0.5962425798983697,-0.5723367278181918,-1.1651700861775494,0.03358467178921053
-1.3438279079935458,-0.526907258744723,0.3044740628995474,2.4931594820826497,0.23455347294126402,-0.025288621290087743,-1.1651700861775494,0.03358467178921053
-1.2352139126355548,-0.8392674417426971,0.8101579745265006,-0.5836962812072303,0.23455347294126402,0.24823543197396428,-1.1651700861775494,0.03358467178921053
-1.0831543191343675,-1.255747685739996,0.8101579745265006,1.3097534192788498,1.0653495257808978,0.7952835385020682,-1.1651700861775494,0.03358467178921053
-0.9745403237763767,-0.11042701474742408,0.8101579745265006,1.3097534192788498,1.0653495257808978,1.0688075917661204,-1.1651700861775494,0.03358467178921053
-0.8550649288825867,-1.3598677467393208,0.8101579745265006,0.1263473564750498,1.0653495257808978,1.0688075917661204,-1.1651700861775494,0.03358467178921053
-0.7464509335245958,0.7225334732471737,0.10220049824876629,-0.5836962812072303,1.0653495257808978,1.0688075917661204,-1.1651700861775494,0.03358467178921053
-0.5183615432728149,0.20193316825055005,0.8101579745265006,1.3097534192788498,-1.4270386327380036,-1.6664329408743999,0.2643280247651782,0.03358467178921053
-0.37716334930742673,-0.526907258744723,0.8101579745265006,-0.3470150686464702,-1.4270386327380036,-1.3929088876103477,0.2643280247651782,0.03358467178921053
-0.23596515534203857,-0.8392674417426971,0.8101579745265006,-0.3470150686464702,-0.5962425798983697,-0.8458607810822437,0.2643280247651782,0.03358467178921053
-0.07304416230505223,-1.0475075637413465,0.8101579745265006,0.5997097815965698,-0.5962425798983697,-0.5723367278181918,0.2643280247651782,0.03358467178921053
0.05729263212453684,-0.11042701474742408,0.7095169607419207,0.1263473564750498,-0.5962425798983697,-0.29881267455413973,0.2643280247651782,0.03358467178921053
0.18762942655412593,0.30605322924987477,0.8101579745265006,1.5464346318396098,0.23455347294126402,0.24823543197396428,0.2643280247651782,0.03358467178921053
0.2853820223763177,-0.9433875027420218,0.8101579745265006,-0.5836962812072303,0.23455347294126402,0.24823543197396428,0.2643280247651782,0.03358467178921053
0.43744161587750496,0.30605322924987477,0.8101579745265006,0.1263473564750498,0.23455347294126402,0.5217594852380163,0.2643280247651782,0.03358467178921053
0.5460556112354958,1.5554939612417713,0.05163210708607118,-0.8203774937679902,1.0653495257808978,0.7952835385020682,0.2643280247651782,0.03358467178921053
0.6546696065934868,-1.3598677467393208,0.8101579745265006,0.3630285690358098,1.0653495257808978,1.0688075917661204,0.2643280247651782,0.03358467178921053
0.7850064010230758,-0.3186671367460735,0.8101579745265006,-0.5836962812072303,1.0653495257808978,1.0688075917661204,0.2643280247651782,0.03358467178921053
0.8936203963810667,-0.42278719774539825,-0.6265792567430192,-0.5836962812072303,1.0653495257808978,1.0688075917661204,0.2643280247651782,0.03358467178921053
1.045679989882254,0.5142933512485242,0.8101579745265006,-0.3470150686464702,1.0653495257808978,1.3423316450301723,0.2643280247651782,0.03358467178921053
1.154293985240245,-1.3598677467393208,0.8101579745265006,-0.8203774937679902,-1.4270386327380036,-1.6664329408743999,1.6938261357079059,0.03358467178921053
1.2629079805982357,0.618413412247849,0.8101579745265006,2.0197970569611297,-1.4270386327380036,-1.3929088876103477,1.6938261357079059,0.03358467178921053
1.425828973635222,1.0348936562451478,-1.7192531206898862,1.3097534192788498,-1.4270386327380036,-1.1193848343462958,1.6938261357079059,0.03358467178921053
1.5670271676006102,1.0348936562451478,0.8101579745265006,-0.3470150686464702,-0.5962425798983697,-0.8458607810822437,1.6938261357079059,0.03358467178921053
-1.6588084945317194,0.41017329024919946,-2.157016742225768,-0.1103338560857102,-1.4270386327380036,-1.3929088876103477,-1.1651700861775494,-1.4407859605765034
-1.5067489010305322,1.4513739002424466,-1.6379470799969251,1.3097534192788498,-0.5962425798983697,-0.8458607810822437,-1.1651700861775494,-1.4407859605765034
-1.3655507070651438,-0.8392674417426971,-1.6592651272517869,0.1263473564750498,-0.5962425798983697,-0.29881267455413973,-1.1651700861775494,-1.4407859605765034
-1.256936711707153,-0.11042701474742408,-2.330039962968716,-1.2937399188895102,0.23455347294126402,0.24823543197396428,-1.1651700861775494,-1.4407859605765034
-1.115738517741765,-1.5681078687379701,-2.1138848791752336,-1.2937399188895102,1.0653495257808978,0.7952835385020682,-1.1651700861775494,-1.4407859605765034
-0.9854017233121758,1.347253839243122,-1.5730014011507183,1.5464346318396098,1.0653495257808978,0.7952835385020682,-1.1651700861775494,-1.4407859605765034
-0.648698337702404,-0.6310273197440477,-2.2437762368676473,-1.2937399188895102,1.0653495257808978,1.3423316450301723,-1.1651700861775494,-1.4407859605765034
-0.529222942808614,0.8266535342464983,-2.1138848791752336,1.0730722067180898,-1.4270386327380036,-1.6664329408743999,0.2643280247651782,-1.4407859605765034
-0.38802474884322585,0.618413412247849,-1.8541021637904072,1.5464346318396098,-1.4270386327380036,-1.3929088876103477,0.2643280247651782,-1.4407859605765034
-0.25768795441363673,0.618413412247849,-2.3949856418149222,0.1263473564750498,-0.5962425798983697,-0.8458607810822437,0.2643280247651782,-1.4407859605765034
-0.09476696137665042,0.09781310725122534,-1.5730014011507183,0.3630285690358098,-0.5962425798983697,-0.5723367278181918,0.2643280247651782,-1.4407859605765034
0.03556983305293866,1.4513739002424466,-2.265094284122509,-0.8203774937679902,-0.5962425798983697,-0.29881267455413973,0.2643280247651782,-1.4407859605765034
0.17676802701832683,0.30605322924987477,-1.8972340268409411,1.5464346318396098,0.23455347294126402,-0.025288621290087743,0.2643280247651782,-1.4407859605765034
0.27452062284051865,-0.2145470757467488,-1.5730014011507183,-0.3470150686464702,0.23455347294126402,0.24823543197396428,0.2643280247651782,-1.4407859605765034
0.4048574172701077,-0.9433875027420218,-1.7460246218936661,-1.2937399188895102,0.23455347294126402,0.5217594852380163,0.2643280247651782,-1.4407859605765034
0.5351942116996968,1.2431337782437972,-1.9839935214828204,1.0730722067180898,1.0653495257808978,0.7952835385020682,0.2643280247651782,-1.4407859605765034
0.6220854079860895,-0.11042701474742408,-1.7891564849442003,-0.8203774937679902,1.0653495257808978,1.0688075917661204,0.2643280247651782,-1.4407859605765034
0.7524222024156786,-0.11042701474742408,-1.5730014011507183,0.1263473564750498,1.0653495257808978,1.0688075917661204,0.2643280247651782,-1.4407859605765034
0.8827589968452677,0.5142933512485242,-1.6379470799969251,-0.5836962812072303,1.0653495257808978,1.0688075917661204,0.2643280247651782,-1.4407859605765034
1.0239571908106557,0.5142933512485242,-0.0718142595758031,0.3630285690358098,1.0653495257808978,1.3423316450301723,0.2643280247651782,-1.4407859605765034
1.1108483870970485,-0.2145470757467488,-0.052975055024994576,-0.8203774937679902,1.0653495257808978,1.3423316450301723,0.2643280247651782,-1.4407859605765034
1.2629079805982357,1.4513739002424466,-0.8853704350462245,-0.3470150686464702,-1.4270386327380036,-1.3929088876103477,1.6938261357079059,-1.4407859605765034
1.404106174563624,-0.8392674417426971,0.8101579745265006,-1.2937399188895102,-1.4270386327380036,-1.1193848343462958,1.6938261357079059,-1.4407859605765034
1.5127201699216148,1.4513739002424466,-2.330039962968716,-0.3470150686464702,-1.4270386327380036,-1.1193848343462958,1.6938261357079059,-1.4407859605765034
1.5453043685290122,2.1802143272377195,-2.3949856418149222,0.1263473564750498,-0.5962425798983697,-0.8458607810822437,1.6938261357079059,-1.4407859605765034
1.7082253615659986,0.20193316825055005,-1.5730014011507183,0.3630285690358098,-0.5962425798983697,-0.5723367278181918,1.6938261357079059,-1.4407859605765034
-1.6805312936033174,-0.2145470757467488,0.8101579745265006,0.1263473564750498,-1.4270386327380036,-1.6664329408743999,-1.1651700861775494,0.3584459975647068
-1.5610558987095275,-0.8392674417426971,0.8101579745265006,-0.8203774937679902,-0.5962425798983697,-0.8458607810822437,-1.1651700861775494,0.3584459975647068
-1.4307191042799385,1.1390137172444725,0.8101579745265006,0.5997097815965698,-0.5962425798983697,-0.29881267455413973,-1.1651700861775494,0.3584459975647068
-1.2786595107787513,0.930773595245823,0.8101579745265006,-0.8203774937679902,0.23455347294126402,0.24823543197396428,-1.1651700861775494,0.3584459975647068
-1.1700455154207603,-0.9433875027420218,0.8101579745265006,-1.2937399188895102,0.23455347294126402,0.5217594852380163,-1.1651700861775494,0.3584459975647068
-1.017985921919573,1.347253839243122,0.5583075557946456,0.8363909941573299,1.0653495257808978,0.7952835385020682,-1.1651700861775494,0.3584459975647068
-0.898510527025783,-1.255747685739996,0.8101579745265006,0.5997097815965698,1.0653495257808978,1.0688075917661204,-1.1651700861775494,0.3584459975647068
-0.8116193307393903,1.0348936562451478,0.8101579745265006,-0.5836962812072303,1.0653495257808978,1.0688075917661204,-1.1651700861775494,0.3584459975647068
-0.6921439358456003,1.4513739002424466,0.8101579745265006,-0.5836962812072303,1.0653495257808978,1.0688075917661204,-1.1651700861775494,0.3584459975647068
-0.5618071414160113,-0.7351473807433724,0.5583075557946456,-0.3470150686464702,1.0653495257808978,1.3423316450301723,-1.1651700861775494,0.3584459975647068
-0.4206089474506231,0.20193316825055005,0.8101579745265006,0.5997097815965698,-1.4270386327380036,-1.3929088876103477,0.2643280247651782,0.3584459975647068
-0.3119949520926322,-0.11042701474742408,0.8101579745265006,0.1263473564750498,-1.4270386327380036,-1.1193848343462958,0.2643280247651782,0.3584459975647068
-0.13821255951984676,-1.3598677467393208,0.8101579745265006,-0.8203774937679902,-0.5962425798983697,-0.5723367278181918,0.2643280247651782,0.3584459975647068
0.0029856344455413955,-0.6310273197440477,0.8101579745265006,-1.0570587063287502,-0.5962425798983697,-0.29881267455413973,0.2643280247651782,0.3584459975647068
0.13332242887513046,-0.11042701474742408,0.7303392394559718,-0.8203774937679902,0.23455347294126402,-0.025288621290087743,0.2643280247651782,0.3584459975647068
0.25279782376892046,0.30605322924987477,0.8101579745265006,1.3097534192788498,0.23455347294126402,0.24823543197396428,0.2643280247651782,0.3584459975647068
0.36141181912691134,0.618413412247849,0.8101579745265006,-0.1103338560857102,0.23455347294126402,0.5217594852380163,0.2643280247651782,0.3584459975647068
0.5026100130922995,0.7225334732471737,0.8101579745265006,-0.8203774937679902,1.0653495257808978,0.7952835385020682,0.2643280247651782,0.3584459975647068
0.6003626089144913,-0.7351473807433724,0.8101579745265006,1.3097534192788498,1.0653495257808978,0.7952835385020682,0.2643280247651782,0.3584459975647068
0.7198380038082813,0.30605322924987477,0.8101579745265006,-0.5836962812072303,1.0653495257808978,1.0688075917661204,0.2643280247651782,0.3584459975647068
0.8393133987020713,-1.255747685739996,0.8101579745265006,0.3630285690358098,1.0653495257808978,1.0688075917661204,0.2643280247651782,0.3584459975647068
0.9913729922032586,-0.42278719774539825,-0.6077400521922106,0.3630285690358098,1.0653495257808978,1.3423316450301723,0.2643280247651782,0.3584459975647068
1.0891255880254505,1.1390137172444725,0.8101579745265006,-1.0570587063287502,1.0653495257808978,1.3423316450301723,0.2643280247651782,0.3584459975647068
1.2194623824550395,1.347253839243122,-1.3439563352961574,0.8363909941573299,-1.4270386327380036,-1.6664329408743999,1.6938261357079059,0.3584459975647068
1.3497991768846285,-0.6310273197440477,0.8101579745265006,1.5464346318396098,-1.4270386327380036,-1.3929088876103477,1.6938261357079059,0.3584459975647068
1.4801359713142177,1.1390137172444725,0.8101579745265006,-0.5836962812072303,-1.4270386327380036,-1.1193848343462958,1.6938261357079059,0.3584459975647068
1.664779763422802,-0.9433875027420218,0.8101579745265006,-0.8203774937679902,-0.5962425798983697,-0.5723367278181918,1.6938261357079059,0.3584459975647068
1.8059779573881902,-1.7763479907366195,0.8101579745265006,-1.0570587063287502,-0.5962425798983697,-0.5723367278181918,1.6938261357079059,0.3584459975647068
-1.6805312936033174,-0.3186671367460735,-1.5045853425188365,-1.0570587063287502,-1.4270386327380036,-1.6664329408743999,-1.1651700861775494,-1.0659459692970845
-1.5393330996379293,-1.4639878077386455,-1.7078504442512392,1.0730722067180898,-0.5962425798983697,-0.8458607810822437,-1.1651700861775494,-1.0659459692970845
-1.4307191042799385,1.1390137172444725,-0.720775279497059,-0.5836962812072303,-0.5962425798983697,-0.29881267455413973,-1.1651700861775494,-1.0659459692970845
-1.2677981112429522,0.7225334732471737,-1.6790958688842164,1.7831158444003699,0.23455347294126402,0.24823543197396428,-1.1651700861775494,-1.0659459692970845
-1.148322716349162,-0.42278719774539825,-1.301320240786434,1.5464346318396098,0.23455347294126402,0.5217594852380163,-1.1651700861775494,-1.0659459692970845
-1.017985921919573,0.30605322924987477,-0.8367851180467719,-0.3470150686464702,1.0653495257808978,0.7952835385020682,-1.1651700861775494,-1.0659459692970845
-0.898510527025783,0.30605322924987477,-0.9527949565964848,-0.5836962812072303,1.0653495257808978,1.0688075917661204,-1.1651700861775494,-1.0659459692970845
-0.8007579312035913,-1.5681078687379701,-1.737100788159073,2.0197970569611297,1.0653495257808978,1.0688075917661204,-1.1651700861775494,-1.0659459692970845
-0.6812825363098013,1.1390137172444725,-1.069300563687008,0.1263473564750498,1.0653495257808978,1.0688075917661204,-1.1651700861775494,-1.0659459692970845
-0.5509457418802122,-0.526907258744723,-0.8947900373216284,2.0197970569611297,-1.4270386327380036,-1.6664329408743999,0.2643280247651782,-1.0659459692970845
-0.4206089474506231,-0.526907258744723,-0.7495298548640817,-0.5836962812072303,-1.4270386327380036,-1.3929088876103477,0.2643280247651782,-1.0659459692970845
-0.3119949520926322,0.8266535342464983,-1.5625902617936929,-1.0570587063287502,-1.4270386327380036,-1.1193848343462958,0.2643280247651782,-1.0659459692970845
-0.12735115998404767,1.4513739002424466,-0.9820453005043183,-0.5836962812072303,-0.5962425798983697,-0.5723367278181918,0.2643280247651782,-1.0659459692970845
0.14418382841092955,0.8266535342464983,-1.3305705846942673,-0.5836962812072303,0.23455347294126402,-0.025288621290087743,0.2643280247651782,-1.0659459692970845
0.25279782376892046,0.20193316825055005,-0.8367851180467719,0.1263473564750498,0.23455347294126402,0.24823543197396428,0.2643280247651782,-1.0659459692970845
0.36141181912691134,-0.006306953748099373,-1.4173300793361465,-1.2937399188895102,0.23455347294126402,0.5217594852380163,0.2643280247651782,-1.0659459692970845
0.5134714126280986,-0.11042701474742408,-1.1560600583288874,2.0197970569611297,1.0653495257808978,0.7952835385020682,0.2643280247651782,-1.0659459692970845
0.6003626089144913,0.30605322924987477,-1.0980551390540312,0.1263473564750498,1.0653495257808978,0.7952835385020682,0.2643280247651782,-1.0659459692970845
0.7198380038082813,0.930773595245823,0.8101579745265006,0.1263473564750498,1.0653495257808978,1.0688075917661204,0.2643280247651782,-1.0659459692970845
0.8501747982378703,-1.4639878077386455,0.8101579745265006,-0.1103338560857102,1.0653495257808978,1.0688075917661204,0.2643280247651782,-1.0659459692970845
0.9913729922032586,0.930773595245823,0.8101579745265006,2.4931594820826497,1.0653495257808978,1.3423316450301723,0.2643280247651782,-1.0659459692970845
1.0891255880254505,-1.0475075637413465,-0.9285022980967582,-0.5836962812072303,1.0653495257808978,1.3423316450301723,0.2643280247651782,-1.0659459692970845
1.2303237819908386,-1.1516276247406712,-1.2433153215115775,0.5997097815965698,-1.4270386327380036,-1.6664329408743999,1.6938261357079059,-1.0659459692970845
1.3497991768846285,0.30605322924987477,-1.169941577471588,0.8363909941573299,-1.4270386327380036,-1.3929088876103477,1.6938261357079059,-1.0659459692970845
1.4801359713142177,1.0348936562451478,0.8101579745265006,-0.8203774937679902,-1.4270386327380036,-1.1193848343462958,1.6938261357079059,-1.0659459692970845
1.6756411629586012,1.659614022241096,-0.9820453005043183,-0.5836962812072303,-0.5962425798983697,-0.5723367278181918,1.6938261357079059,-1.0659459692970845
-1.6370856954601212,-0.11042701474742408,-0.03314431339256547,1.7831158444003699,-1.4270386327380036,-1.1193848343462958,-1.1651700861775494,-0.4911913160019758
-1.495887501494733,0.930773595245823,-0.4366999056125065,-1.2937399188895102,-0.5962425798983697,-0.5723367278181918,-1.1651700861775494,-0.4911913160019758
-1.3438279079935458,0.930773595245823,0.6118505582022054,2.0197970569611297,0.23455347294126402,-0.025288621290087743,-1.1651700861775494,-0.4911913160019758
-1.2352139126355548,0.30605322924987477,-0.11395458554471559,-1.0570587063287502,0.23455347294126402,0.24823543197396428,-1.1651700861775494,-0.4911913160019758
-1.0831543191343675,-0.42278719774539825,-0.5978246813759964,0.8363909941573299,1.0653495257808978,0.7952835385020682,-1.1651700861775494,-0.4911913160019758
-0.9745403237763767,1.347253839243122,-0.1541118373503855,0.8363909941573299,1.0653495257808978,1.0688075917661204,-1.1651700861775494,-0.4911913160019758
-0.8550649288825867,-1.4639878077386455,0.4908830342443853,-0.3470150686464702,1.0653495257808978,1.0688075917661204,-1.1651700861775494,-0.4911913160019758
-0.7464509335245958,0.5142933512485242,-0.8397597292916364,-1.0570587063287502,1.0653495257808978,1.0688075917661204,-1.1651700861775494,-0.4911913160019758
-0.5183615432728149,0.5142933512485242,-0.1541118373503855,0.8363909941573299,-1.4270386327380036,-1.6664329408743999,0.2643280247651782,-0.4911913160019758
-0.37716334930742673,1.5554939612417713,-0.31573238165468576,-0.8203774937679902,-1.4270386327380036,-1.3929088876103477,0.2643280247651782,-0.4911913160019758
-0.23596515534203857,-1.5681078687379701,-0.7594452256802967,-0.8203774937679902,-0.5962425798983697,-0.8458607810822437,0.2643280247651782,-0.4911913160019758
-0.07304416230505223,1.347253839243122,-0.5576674295703266,0.1263473564750498,-0.5962425798983697,-0.5723367278181918,0.2643280247651782,-0.4911913160019758
0.05729263212453684,1.2431337782437972,0.2896010066752254,-0.3470150686464702,-0.5962425798983697,-0.29881267455413973,0.2643280247651782,-0.4911913160019758
0.18762942655412593,-1.4639878077386455,-0.6384777017224766,1.0730722067180898,0.23455347294126402,0.24823543197396428,0.2643280247651782,-0.4911913160019758
0.2853820223763177,0.41017329024919946,-0.23492210950253561,-1.0570587063287502,0.23455347294126402,0.24823543197396428,0.2643280247651782,-0.4911913160019758
0.43744161587750496,0.930773595245823,-0.1541118373503855,-0.3470150686464702,0.23455347294126402,0.5217594852380163,0.2643280247651782,-0.4911913160019758
0.5460556112354958,-0.7351473807433724,0.24894798632874524,-1.2937399188895102,1.0653495257808978,0.7952835385020682,0.2643280247651782,-0.4911913160019758
0.6546696065934868,1.0348936562451478,-0.31573238165468576,-0.1103338560857102,1.0653495257808978,1.0688075917661204,0.2643280247651782,-0.4911913160019758
0.7850064010230758,-1.5681078687379701,0.8101579745265006,-0.3470150686464702,1.0653495257808978,1.0688075917661204,0.2643280247651782,-0.4911913160019758
0.8936203963810667,0.30605322924987477,0.8101579745265006,-0.8203774937679902,1.0653495257808978,1.0688075917661204,0.2643280247651782,-0.4911913160019758
1.056541389418053,-0.9433875027420218,0.8101579745265006,-0.5836962812072303,1.0653495257808978,1.3423316450301723,0.2643280247651782,-0.4911913160019758
1.154293985240245,0.930773595245823,0.8101579745265006,-1.0570587063287502,-1.4270386327380036,-1.6664329408743999,1.6938261357079059,-0.4911913160019758
1.2629079805982357,1.4513739002424466,0.8101579745265006,0.3630285690358098,-1.4270386327380036,-1.3929088876103477,1.6938261357079059,-0.4911913160019758
1.425828973635222,-1.3598677467393208,0.8101579745265006,1.5464346318396098,-1.4270386327380036,-1.1193848343462958,1.6938261357079059,-0.4911913160019758
1.5670271676006102,-0.42278719774539825,-0.7594452256802967,-0.8203774937679902,-0.5962425798983697,-0.8458607810822437,1.6938261357079059,-0.4911913160019758
-1.6696698940675183,0.618413412247849,-0.6439311556713947,-0.3470150686464702,-1.4270386327380036,-1.3929088876103477,-1.1651700861775494,-0.8660313072813945
-1.517610300566331,-1.0475075637413465,-0.34647003118495173,1.7831158444003699,-0.5962425798983697,-0.8458607810822437,-1.1651700861775494,-0.8660313072813945
-1.4089963052083403,-0.42278719774539825,-1.1729161887164525,-0.3470150686464702,-0.5962425798983697,-0.29881267455413973,-1.1651700861775494,-0.8660313072813945
-1.2677981112429522,0.618413412247849,-0.9746087723921573,-1.0570587063287502,0.23455347294126402,0.24823543197396428,-1.1651700861775494,-0.8660313072813945
-1.148322716349162,0.8266535342464983,-0.9413922801578377,-1.2937399188895102,0.23455347294126402,0.5217594852380163,-1.1651700861775494,-0.8660313072813945
-0.9962631228479749,0.8266535342464983,-0.4124072471127798,1.3097534192788498,1.0653495257808978,0.7952835385020682,-1.1651700861775494,-0.8660313072813945
-0.8876491274899839,-1.1516276247406712,-0.3796865234192713,-0.8203774937679902,1.0653495257808978,1.0688075917661204,-1.1651700861775494,-0.8660313072813945
-0.8007579312035913,-1.4639878077386455,-1.4703773132028957,-0.8203774937679902,1.0653495257808978,1.0688075917661204,-1.1651700861775494,-0.8660313072813945
-0.6704211367740022,-1.255747685739996,-0.9413922801578377,0.5997097815965698,1.0653495257808978,1.0688075917661204,-1.1651700861775494,-0.8660313072813945
-0.5509457418802122,0.30605322924987477,-0.44562373934709937,-0.8203774937679902,-1.4270386327380036,-1.6664329408743999,0.2643280247651782,-0.8660313072813945
-0.3988861483790249,-0.42278719774539825,-1.0405459883199855,2.0197970569611297,-1.4270386327380036,-1.3929088876103477,0.2643280247651782,-0.8660313072813945
-0.2794107534852349,0.09781310725122534,-0.6439311556713947,-0.8203774937679902,-1.4270386327380036,-1.1193848343462958,0.2643280247651782,-0.8660313072813945
-0.11648976044824859,0.09781310725122534,-0.6107146634370751,-0.1103338560857102,-0.5962425798983697,-0.5723367278181918,0.2643280247651782,-0.8660313072813945
0.024708433517139576,-0.11042701474742408,-1.073762480554305,-0.5836962812072303,-0.5962425798983697,-0.29881267455413973,0.2643280247651782,-0.8660313072813945
0.15504522794672865,-1.4639878077386455,-0.9081757879235182,0.1263473564750498,0.23455347294126402,-0.025288621290087743,0.2643280247651782,-0.8660313072813945
0.2636592233047195,1.0348936562451478,-0.24731632302280407,0.5997097815965698,0.23455347294126402,0.24823543197396428,0.2643280247651782,-0.8660313072813945
0.39399601773430865,-0.9433875027420218,-0.4124072471127798,-0.5836962812072303,0.23455347294126402,0.5217594852380163,0.2643280247651782,-0.8660313072813945
0.5134714126280986,1.5554939612417713,-1.4703773132028957,-0.8203774937679902,1.0653495257808978,0.7952835385020682,0.2643280247651782,-0.8660313072813945
0.6112240084502905,0.618413412247849,-1.073762480554305,-1.0570587063287502,1.0653495257808978,0.7952835385020682,0.2643280247651782,-0.8660313072813945
0.7306994033440805,0.41017329024919946,-1.1729161887164525,-1.2937399188895102,1.0653495257808978,1.0688075917661204,0.2643280247651782,-0.8660313072813945
0.8718975973094686,-1.3598677467393208,0.8101579745265006,-0.3470150686464702,1.0653495257808978,1.0688075917661204,0.2643280247651782,-0.8660313072813945
0.9913729922032586,1.1390137172444725,-0.34647003118495173,1.0730722067180898,1.0653495257808978,1.3423316450301723,0.2643280247651782,-0.8660313072813945
1.2411851815266377,0.930773595245823,0.8101579745265006,1.7831158444003699,-1.4270386327380036,-1.6664329408743999,1.6938261357079059,-0.8660313072813945
1.3715219759562267,-1.0475075637413465,-0.3132535389506322,-1.2937399188895102,-1.4270386327380036,-1.3929088876103477,1.6938261357079059,-0.8660313072813945
1.4909973708500166,0.41017329024919946,-0.8422385719956901,-1.2937399188895102,-1.4270386327380036,-1.1193848343462958,1.6938261357079059,-0.8660313072813945
1.6865025624944003,0.20193316825055005,-0.6107146634370751,-0.1103338560857102,-0.5962425798983697,-0.5723367278181918,1.6938261357079059,-0.8660313072813945
-1.6588084945317194,-0.42278719774539825,0.8101579745265006,0.1263473564750498,-1.4270386327380036,-1.3929088876103477,-1.1651700861775494,-0.24129798848236325
-1.5067489010305322,1.2431337782437972,-0.0718142595758031,1.5464346318396098,-0.5962425798983697,-0.8458607810822437,-1.1651700861775494,-0.24129798848236325
-1.3655507070651438,-1.1516276247406712,-0.2983804827263102,0.3630285690358098,-0.5962425798983697,-0.29881267455413973,-1.1651700861775494,-0.24129798848236325
-1.256936711707153,0.09781310725122534,0.8101579745265006,-1.0570587063287502,0.23455347294126402,0.24823543197396428,-1.1651700861775494,-0.24129798848236325
-1.115738517741765,1.347253839243122,0.8101579745265006,-1.0570587063287502,1.0653495257808978,0.7952835385020682,-1.1651700861775494,-0.24129798848236325
-0.9854017233121758,-0.7351473807433724,0.7432292215170513,1.7831158444003699,1.0653495257808978,0.7952835385020682,-1.1651700861775494,-0.24129798848236325
-0.648698337702404,1.347253839243122,-0.026699322362025386,-1.0570587063287502,1.0653495257808978,1.3423316450301723,-1.1651700861775494,-0.24129798848236325
-0.529222942808614,-1.4639878077386455,-0.25326554551253316,1.3097534192788498,-1.4270386327380036,-1.6664329408743999,0.2643280247651782,-0.24129798848236325
-0.38802474884322585,-1.0475075637413465,0.8101579745265006,1.7831158444003699,-1.4270386327380036,-1.3929088876103477,0.2643280247651782,-0.24129798848236325
-0.25768795441363673,-1.0475075637413465,0.8101579745265006,0.3630285690358098,-0.5962425798983697,-0.8458607810822437,0.2643280247651782,-0.24129798848236325
-0.09476696137665042,-0.42278719774539825,0.38082241818440143,0.5997097815965698,-0.5962425798983697,-0.5723367278181918,0.2643280247651782,-0.24129798848236325
0.03556983305293866,0.5142933512485242,0.018415614851751628,-0.5836962812072303,-0.5962425798983697,-0.29881267455413973,0.2643280247651782,-0.24129798848236325
0.17676802701832683,-0.3186671367460735,0.29009677521603644,1.7831158444003699,0.23455347294126402,-0.025288621290087743,0.2643280247651782,-0.24129798848236325
0.27452062284051865,-1.1516276247406712,-0.026699322362025386,-0.1103338560857102,0.23455347294126402,0.24823543197396428,0.2643280247651782,-0.24129798848236325
0.4048574172701077,0.7225334732471737,0.8101579745265006,-1.0570587063287502,0.23455347294126402,0.5217594852380163,0.2643280247651782,-0.24129798848236325
0.5351942116996968,-1.4639878077386455,0.8101579745265006,1.3097534192788498,1.0653495257808978,0.7952835385020682,0.2643280247651782,-0.24129798848236325
0.6220854079860895,-0.11042701474742408,-0.0718142595758031,-0.5836962812072303,1.0653495257808978,1.0688075917661204,0.2643280247651782,-0.24129798848236325
0.7524222024156786,-0.8392674417426971,0.8101579745265006,0.3630285690358098,1.0653495257808978,1.0688075917661204,0.2643280247651782,-0.24129798848236325
0.8827589968452677,-0.526907258744723,0.2449818380022587,-0.3470150686464702,1.0653495257808978,1.0688075917661204,0.2643280247651782,-0.24129798848236325
1.0239571908106557,0.41017329024919946,0.8101579745265006,0.5997097815965698,1.0653495257808978,1.3423316450301723,0.2643280247651782,-0.24129798848236325
1.1108483870970485,-1.5681078687379701,-1.1461446875126728,-0.5836962812072303,1.0653495257808978,1.3423316450301723,0.2643280247651782,-0.24129798848236325
1.2629079805982357,0.20193316825055005,-0.08867038996336768,-0.1103338560857102,-1.4270386327380036,-1.3929088876103477,1.6938261357079059,-0.24129798848236325
1.404106174563624,1.1390137172444725,0.8101579745265006,-1.0570587063287502,-1.4270386327380036,-1.1193848343462958,1.6938261357079059,-0.24129798848236325
1.5127201699216148,1.2431337782437972,0.19986690078848168,-0.1103338560857102,-1.4270386327380036,-1.1193848343462958,1.6938261357079059,-0.24129798848236325
1.5453043685290122,-2.5051884177318926,0.8101579745265006,0.3630285690358098,-0.5962425798983697,-0.8458607810822437,1.6938261357079059,-0.24129798848236325
1.7082253615659986,-1.255747685739996,0.38082241818440143,0.5997097815965698,-0.5962425798983697,-0.5723367278181918,1.6938261357079059,-0.24129798848236325
-1.6696698940675183,-0.6310273197440477,-0.6697111197935529,1.3097534192788498,-1.4270386327380036,-1.3929088876103477,-1.1651700861775494,-0.3662446522421695
-1.5393330996379293,0.30605322924987477,-0.19724370040091926,-0.1103338560857102,-0.5962425798983697,-0.8458607810822437,-1.1651700861775494,-0.3662446522421695
-1.4198577047441394,-0.3186671367460735,0.6614274122832792,-0.8203774937679902,-0.5962425798983697,-0.29881267455413973,-1.1651700861775494,-0.3662446522421695
-1.2677981112429522,0.8266535342464983,0.017424077770130348,0.5997097815965698,0.23455347294126402,0.24823543197396428,-1.1651700861775494,-0.3662446522421695
-1.148322716349162,-0.42278719774539825,0.18945576143145648,0.3630285690358098,0.23455347294126402,0.5217594852380163,-1.1651700861775494,-0.3662446522421695
-1.007124522383774,-0.6310273197440477,0.8101579745265006,-0.8203774937679902,1.0653495257808978,0.7952835385020682,-1.1651700861775494,-0.3662446522421695
-0.8876491274899839,-0.42278719774539825,0.23209185594117995,0.8363909941573299,1.0653495257808978,1.0688075917661204,-1.1651700861775494,-0.3662446522421695
-0.8007579312035913,-0.526907258744723,0.5325275916724874,0.8363909941573299,1.0653495257808978,1.0688075917661204,-1.1651700861775494,-0.3662446522421695
-0.6812825363098013,1.5554939612417713,0.5325275916724874,-1.0570587063287502,1.0653495257808978,1.0688075917661204,-1.1651700861775494,-0.3662446522421695
-0.5509457418802122,0.5142933512485242,-0.1541118373503855,0.8363909941573299,-1.4270386327380036,-1.6664329408743999,0.2643280247651782,-0.3662446522421695
-0.40974754791482404,-1.255747685739996,0.6614274122832792,-0.5836962812072303,-1.4270386327380036,-1.3929088876103477,0.2643280247651782,-0.3662446522421695
-0.29027215302103404,-0.9433875027420218,0.23209185594117995,0.1263473564750498,-1.4270386327380036,-1.1193848343462958,0.2643280247651782,-0.3662446522421695
-0.11648976044824859,0.5142933512485242,0.8101579745265006,1.5464346318396098,-0.5962425798983697,-0.5723367278181918,0.2643280247651782,-0.3662446522421695
0.15504522794672865,-1.4639878077386455,0.8101579745265006,1.7831158444003699,0.23455347294126402,-0.025288621290087743,0.2643280247651782,-0.3662446522421695
0.25279782376892046,0.8266535342464983,0.14632389838092202,-1.0570587063287502,0.23455347294126402,0.24823543197396428,0.2643280247651782,-0.3662446522421695
0.37227321866271046,-0.6310273197440477,-0.5834473936924847,-0.3470150686464702,0.23455347294126402,0.5217594852380163,0.2643280247651782,-0.3662446522421695
0.5134714126280986,0.30605322924987477,0.4041235396025061,0.8363909941573299,1.0653495257808978,0.7952835385020682,0.2643280247651782,-0.3662446522421695
0.6003626089144913,-1.255747685739996,-0.3687796155214351,-1.0570587063287502,1.0653495257808978,0.7952835385020682,0.2643280247651782,-0.3662446522421695
0.7415608028798795,-1.5681078687379701,0.8101579745265006,0.1263473564750498,1.0653495257808978,1.0688075917661204,0.2643280247651782,-0.3662446522421695
0.8501747982378703,0.09781310725122534,-0.6622745916813922,0.5997097815965698,1.0653495257808978,1.0688075917661204,0.2643280247651782,-0.3662446522421695
0.9913729922032586,-0.7351473807433724,0.8101579745265006,-0.5836962812072303,1.0653495257808978,1.3423316450301723,0.2643280247651782,-0.3662446522421695
1.2303237819908386,0.930773595245823,0.8101579745265006,-1.0570587063287502,-1.4270386327380036,-1.6664329408743999,1.6938261357079059,-0.3662446522421695
1.3606605764204276,1.4513739002424466,0.8101579745265006,-1.2937399188895102,-1.4270386327380036,-1.3929088876103477,1.6938261357079059,-0.3662446522421695
1.5018587703858157,-0.3186671367460735,-0.1541118373503855,-0.3470150686464702,-1.4270386327380036,-1.1193848343462958,1.6938261357079059,-0.3662446522421695
1.6865025624944003,-0.11042701474742408,0.8101579745265006,1.5464346318396098,-0.5962425798983697,-0.5723367278181918,1.6938261357079059,-0.3662446522421695
-1.6588084945317194,-0.526907258744723,0.8101579745265006,2.2564782695218897,-1.4270386327380036,-1.3929088876103477,-1.1651700861775494,-0.2662873212343245
-1.517610300566331,-0.6310273197440477,0.519637609611408,0.1263473564750498,-0.5962425798983697,-0.8458607810822437,-1.1651700861775494,-0.2662873212343245
-1.387273506136742,-1.3598677467393208,0.11558624885065602,0.3630285690358098,-0.5962425798983697,-0.29881267455413973,-1.1651700861775494,-0.2662873212343245
-1.256936711707153,-0.9433875027420218,0.8101579745265006,1.0730722067180898,0.23455347294126402,0.24823543197396428,-1.1651700861775494,-0.2662873212343245
-1.126599917277564,-0.3186671367460735,0.38528433505169823,0.5997097815965698,1.0653495257808978,0.7952835385020682,-1.1651700861775494,-0.2662873212343245
-0.9962631228479749,-0.6310273197440477,0.8101579745265006,-0.3470150686464702,1.0653495257808978,0.7952835385020682,-1.1651700861775494,-0.2662873212343245
-0.8767877279541849,-0.11042701474742408,0.6544866527119287,0.3630285690358098,1.0653495257808978,1.0688075917661204,-1.1651700861775494,-0.2662873212343245
-0.7898965316677922,-1.1516276247406712,0.7888399272716385,-0.3470150686464702,1.0653495257808978,1.0688075917661204,-1.1651700861775494,-0.2662873212343245
-0.6704211367740022,-1.1516276247406712,0.34016939783792055,-1.0570587063287502,1.0653495257808978,1.0688075917661204,-1.1651700861775494,-0.2662873212343245
-0.540084342344413,-0.2145470757467488,0.2504352919511768,-0.5836962812072303,-1.4270386327380036,-1.6664329408743999,0.2643280247651782,-0.2662873212343245
-0.3988861483790249,-0.9433875027420218,0.8101579745265006,0.3630285690358098,-1.4270386327380036,-1.3929088876103477,0.2643280247651782,-0.2662873212343245
-0.1056283609124495,0.5142933512485242,0.6093717154981517,-0.5836962812072303,-0.5962425798983697,-0.5723367278181918,0.2643280247651782,-0.2662873212343245
0.03556983305293866,0.930773595245823,0.519637609611408,1.5464346318396098,-0.5962425798983697,-0.29881267455413973,0.2643280247651782,-0.2662873212343245
0.16590662748252774,-1.1516276247406712,0.34016939783792055,-0.3470150686464702,0.23455347294126402,-0.025288621290087743,0.2643280247651782,-0.2662873212343245
0.2636592233047195,-1.5681078687379701,0.519637609611408,-1.0570587063287502,0.23455347294126402,0.24823543197396428,0.2643280247651782,-0.2662873212343245
0.4048574172701077,-0.11042701474742408,0.8101579745265006,1.0730722067180898,0.23455347294126402,0.5217594852380163,0.2643280247651782,-0.2662873212343245
0.5243328121638977,-0.11042701474742408,0.6991058213848955,-0.3470150686464702,1.0653495257808978,0.7952835385020682,0.2643280247651782,-0.2662873212343245
0.6220854079860895,1.0348936562451478,0.4750184409384413,1.5464346318396098,1.0653495257808978,1.0688075917661204,0.2643280247651782,-0.2662873212343245
0.7524222024156786,0.618413412247849,0.8101579745265006,0.5997097815965698,1.0653495257808978,1.0688075917661204,0.2643280247651782,-0.2662873212343245
0.8718975973094686,2.0760942662383948,-0.615176580304372,2.0197970569611297,1.0653495257808978,1.0688075917661204,0.2643280247651782,-0.2662873212343245
1.0130957912748568,-1.255747685739996,0.8101579745265006,-0.8203774937679902,1.0653495257808978,1.3423316450301723,0.2643280247651782,-0.2662873212343245
1.1108483870970485,-1.1516276247406712,-1.8972340268409411,1.7831158444003699,1.0653495257808978,1.3423316450301723,0.2643280247651782,-0.2662873212343245
1.2411851815266377,-0.3186671367460735,0.03725481940255946,2.0197970569611297,-1.4270386327380036,-1.6664329408743999,1.6938261357079059,-0.2662873212343245
1.3823833754920258,-0.6310273197440477,0.10418357241200955,1.5464346318396098,-1.4270386327380036,-1.1193848343462958,1.6938261357079059,-0.2662873212343245
1.5127201699216148,0.09781310725122534,0.8101579745265006,0.1263473564750498,-1.4270386327380036,-1.1193848343462958,1.6938261357079059,-0.2662873212343245
1.534442968993213,1.1390137172444725,0.20532035473739976,-0.3470150686464702,-0.5962425798983697,-0.8458607810822437,1.6938261357079059,-0.2662873212343245
1.6973639620301995,-0.3186671367460735,0.6093717154981517,-0.5836962812072303,-0.5962425798983697,-0.5723367278181918,1.6938261357079059,-0.2662873212343245
-1.6588084945317194,-0.11042701474742408,0.8101579745265006,0.5997097815965698,-1.4270386327380036,-1.3929088876103477,-1.1651700861775494,-0.04138332646667323
-1.5067489010305322,-1.1516276247406712,0.8101579745265006,2.0197970569611297,-0.5962425798983697,-0.8458607810822437,-1.1651700861775494,-0.04138332646667323
-1.387273506136742,0.5142933512485242,0.8101579745265006,-1.2937399188895102,-0.5962425798983697,-0.29881267455413973,-1.1651700861775494,-0.04138332646667323
-1.256936711707153,-0.9433875027420218,-0.04405122129040165,-0.5836962812072303,0.23455347294126402,0.24823543197396428,-1.1651700861775494,-0.04138332646667323
-1.126599917277564,-1.5681078687379701,0.8101579745265006,-1.0570587063287502,1.0653495257808978,0.7952835385020682,-1.1651700861775494,-0.04138332646667323
-0.9854017233121758,-0.42278719774539825,0.8101579745265006,2.2564782695218897,1.0653495257808978,0.7952835385020682,-1.1651700861775494,-0.04138332646667323
-0.8767877279541849,-1.3598677467393208,0.20284151203334622,-1.2937399188895102,1.0653495257808978,1.0688075917661204,-1.1651700861775494,-0.04138332646667323
-0.659559737238203,0.7225334732471737,0.8101579745265006,-1.2937399188895102,1.0653495257808978,1.0688075917661204,-1.1651700861775494,-0.04138332646667323
-0.529222942808614,-0.9433875027420218,0.7962764553837999,1.7831158444003699,-1.4270386327380036,-1.6664329408743999,0.2643280247651782,-0.04138332646667323
-0.3988861483790249,0.20193316825055005,0.20284151203334622,-1.2937399188895102,-1.4270386327380036,-1.3929088876103477,0.2643280247651782,-0.04138332646667323
-0.25768795441363673,0.30605322924987477,0.25241836611442003,0.8363909941573299,-0.5962425798983697,-0.8458607810822437,0.2643280247651782,-0.04138332646667323
-0.09476696137665042,-0.006306953748099373,0.8101579745265006,1.0730722067180898,-0.5962425798983697,-0.5723367278181918,0.2643280247651782,-0.04138332646667323
0.03556983305293866,-0.2145470757467488,0.3515720742765677,-0.1103338560857102,-0.5962425798983697,-0.29881267455413973,0.2643280247651782,-0.04138332646667323
0.17676802701832683,0.41017329024919946,0.8101579745265006,2.2564782695218897,0.23455347294126402,-0.025288621290087743,0.2643280247651782,-0.04138332646667323
0.27452062284051865,1.0348936562451478,0.8101579745265006,0.3630285690358098,0.23455347294126402,0.24823543197396428,0.2643280247651782,-0.04138332646667323
0.4048574172701077,-1.1516276247406712,0.8101579745265006,-0.5836962812072303,0.23455347294126402,0.5217594852380163,0.2643280247651782,-0.04138332646667323
0.5351942116996968,-0.006306953748099373,0.25241836611442003,1.7831158444003699,1.0653495257808978,0.7952835385020682,0.2643280247651782,-0.04138332646667323
0.6220854079860895,-1.255747685739996,0.8101579745265006,-0.1103338560857102,1.0653495257808978,1.0688075917661204,0.2643280247651782,-0.04138332646667323
0.7524222024156786,0.20193316825055005,0.8101579745265006,0.8363909941573299,1.0653495257808978,1.0688075917661204,0.2643280247651782,-0.04138332646667323
0.8827589968452677,2.0760942662383948,0.20284151203334622,0.1263473564750498,1.0653495257808978,1.0688075917661204,0.2643280247651782,-0.04138332646667323
1.0130957912748568,1.4513739002424466,0.8101579745265006,-1.0570587063287502,1.0653495257808978,1.3423316450301723,0.2643280247651782,-0.04138332646667323
1.1108483870970485,-0.9433875027420218,0.8101579745265006,0.5997097815965698,1.0653495257808978,1.3423316450301723,0.2643280247651782,-0.04138332646667323
1.2629079805982357,-0.2145470757467488,0.8101579745265006,-1.2937399188895102,-1.4270386327380036,-1.3929088876103477,1.6938261357079059,-0.04138332646667323
1.3823833754920258,0.20193316825055005,0.008996012576347714,1.7831158444003699,-1.4270386327380036,-1.1193848343462958,1.6938261357079059,-0.04138332646667323
1.5127201699216148,-1.3598677467393208,0.15376042649308339,0.3630285690358098,-1.4270386327380036,-1.1193848343462958,1.6938261357079059,-0.04138332646667323
1.5453043685290122,3.3255349982302915,0.25241836611442003,0.8363909941573299,-0.5962425798983697,-0.8458607810822437,1.6938261357079059,-0.04138332646667323
1.7082253615659986,-1.3598677467393208,0.8101579745265006,1.0730722067180898,-0.5962425798983697,-0.5723367278181918,1.6938261357079059,-0.04138332646667323
-1.6696698940675183,-0.42278719774539825,-0.8868577406686567,-0.8203774937679902,-1.4270386327380036,-1.3929088876103477,-1.1651700861775494,-0.7160953107696271
-1.517610300566331,0.30605322924987477,-0.8868577406686567,1.3097534192788498,-0.5962425798983697,-0.8458607810822437,-1.1651700861775494,-0.7160953107696271
-1.4089963052083403,1.0348936562451478,0.08088245099390491,-0.8203774937679902,-0.5962425798983697,-0.29881267455413973,-1.1651700861775494,-0.7160953107696271
-1.256936711707153,-0.42278719774539825,0.08088245099390491,2.2564782695218897,0.23455347294126402,0.24823543197396428,-1.1651700861775494,-0.7160953107696271
-1.137461316813363,0.09781310725122534,-0.958248410545403,-1.2937399188895102,1.0653495257808978,0.7952835385020682,-1.1651700861775494,-0.7160953107696271
-0.9962631228479749,1.1390137172444725,-0.6716941939567962,0.8363909941573299,1.0653495257808978,0.7952835385020682,-1.1651700861775494,-0.7160953107696271
-0.8876491274899839,-0.3186671367460735,-0.3489488738890053,-1.2937399188895102,1.0653495257808978,1.0688075917661204,-1.1651700861775494,-0.7160953107696271
-0.8007579312035913,0.41017329024919946,-1.2809937306131935,-1.2937399188895102,1.0653495257808978,1.0688075917661204,-1.1651700861775494,-0.7160953107696271
-0.6704211367740022,1.5554939612417713,-0.241367100533075,0.1263473564750498,1.0653495257808978,1.0688075917661204,-1.1651700861775494,-0.7160953107696271
-0.5509457418802122,1.1390137172444725,-0.4565306472449356,-1.2937399188895102,-1.4270386327380036,-1.6664329408743999,0.2643280247651782,-0.7160953107696271
-0.3988861483790249,0.09781310725122534,-0.13428109571795568,1.5464346318396098,-1.4270386327380036,-1.3929088876103477,0.2643280247651782,-0.7160953107696271
-0.2794107534852349,-0.6310273197440477,-0.06239465730039849,-1.2937399188895102,-1.4270386327380036,-1.1193848343462958,0.2643280247651782,-0.7160953107696271
-0.11648976044824859,-0.3186671367460735,-0.3851399773681894,-0.5836962812072303,-0.5962425798983697,-0.5723367278181918,0.2643280247651782,-0.7160953107696271
0.024708433517139576,0.930773595245823,-0.7430848638335423,-1.0570587063287502,-0.5962425798983697,-0.29881267455413973,0.2643280247651782,-0.7160953107696271
0.15504522794672865,0.7225334732471737,-1.0658301839013333,-0.3470150686464702,0.23455347294126402,-0.025288621290087743,0.2643280247651782,-0.7160953107696271
0.2636592233047195,1.2431337782437972,-0.8868577406686567,0.1263473564750498,0.23455347294126402,0.24823543197396428,0.2643280247651782,-0.7160953107696271
0.39399601773430865,0.930773595245823,-1.2448026271340098,-1.0570587063287502,0.23455347294126402,0.5217594852380163,0.2643280247651782,-0.7160953107696271
0.5134714126280986,0.8266535342464983,-0.42083531230656246,-1.2937399188895102,1.0653495257808978,0.7952835385020682,0.2643280247651782,-0.7160953107696271
0.6220854079860895,1.347253839243122,-0.4565306472449356,2.7298406946434097,1.0653495257808978,1.0688075917661204,0.2643280247651782,-0.7160953107696271
0.7415608028798795,-1.4639878077386455,0.6272193829673384,-1.2937399188895102,1.0653495257808978,1.0688075917661204,0.2643280247651782,-0.7160953107696271
0.8718975973094686,1.5554939612417713,-0.4614883326530434,0.5997097815965698,1.0653495257808978,1.0688075917661204,0.2643280247651782,-0.7160953107696271
0.9913729922032586,-0.6310273197440477,-0.4119114785719696,1.3097534192788498,1.0653495257808978,1.3423316450301723,0.2643280247651782,-0.7160953107696271
1.2411851815266377,0.618413412247849,-0.66078728605896,2.2564782695218897,-1.4270386327380036,-1.6664329408743999,1.6938261357079059,-0.7160953107696271
1.3823833754920258,0.20193316825055005,0.8101579745265006,0.8363909941573299,-1.4270386327380036,-1.1193848343462958,1.6938261357079059,-0.7160953107696271
1.5018587703858157,-1.3598677467393208,-0.8506666371894727,-0.5836962812072303,-1.4270386327380036,-1.1193848343462958,1.6938261357079059,-0.7160953107696271
1.6865025624944003,-0.42278719774539825,-0.3851399773681894,-0.5836962812072303,-0.5962425798983697,-0.5723367278181918,1.6938261357079059,-0.7160953107696271
-1.6913926931391166,0.7225334732471737,0.8101579745265006,-0.1103338560857102,-1.4270386327380036,-1.6664329408743999,-1.1651700861775494,0.008595339037249272
-1.5719172982453267,0.7225334732471737,0.8101579745265006,0.8363909941573299,-0.5962425798983697,-0.8458607810822437,-1.1651700861775494,0.008595339037249272
-1.4415805038157374,1.0348936562451478,0.8101579745265006,-0.1103338560857102,-0.5962425798983697,-0.5723367278181918,-1.1651700861775494,0.008595339037249272
-1.2895209103145502,0.09781310725122534,0.8101579745265006,-0.1103338560857102,0.23455347294126402,-0.025288621290087743,-1.1651700861775494,0.008595339037249272
-1.1809069149565594,-1.5681078687379701,0.8101579745265006,-0.8203774937679902,0.23455347294126402,0.5217594852380163,-1.1651700861775494,0.008595339037249272
-1.0288473214553722,0.41017329024919946,-0.08569577871850313,-0.5836962812072303,1.0653495257808978,0.7952835385020682,-1.1651700861775494,0.008595339037249272
-0.9093719265615822,0.7225334732471737,0.11509048030984574,1.0730722067180898,1.0653495257808978,1.0688075917661204,-1.1651700861775494,0.008595339037249272
-0.8224807302751894,-1.255747685739996,0.16516310293172987,-0.8203774937679902,1.0653495257808978,1.0688075917661204,-1.1651700861775494,0.008595339037249272
-0.7030053353813994,-0.9433875027420218,0.2653083481754995,-0.1103338560857102,1.0653495257808978,1.0688075917661204,-1.1651700861775494,0.008595339037249272
-0.5726685409518104,-0.2145470757467488,0.8101579745265006,-1.2937399188895102,1.0653495257808978,1.3423316450301723,-1.1651700861775494,0.008595339037249272
-0.45319314605802036,-0.42278719774539825,0.21523572555361467,-0.1103338560857102,-1.4270386327380036,-1.3929088876103477,0.2643280247651782,0.008595339037249272
-0.3228563516284313,1.5554939612417713,0.8101579745265006,1.0730722067180898,-1.4270386327380036,-1.1193848343462958,0.2643280247651782,0.008595339037249272
-0.14907395905564585,0.930773595245823,0.8101579745265006,-0.5836962812072303,-0.5962425798983697,-0.5723367278181918,0.2643280247651782,0.008595339037249272
-0.007875765090257694,1.0348936562451478,-0.13576840134038795,-1.2937399188895102,-0.5962425798983697,-0.29881267455413973,0.2643280247651782,0.008595339037249272
0.12246102933933138,1.1390137172444725,0.21523572555361467,-0.5836962812072303,0.23455347294126402,-0.025288621290087743,0.2643280247651782,0.008595339037249272
0.24193642423312137,-0.8392674417426971,0.11509048030984574,1.0730722067180898,0.23455347294126402,0.24823543197396428,0.2643280247651782,0.008595339037249272
0.35055041959111227,-0.7351473807433724,0.8101579745265006,-0.1103338560857102,0.23455347294126402,0.5217594852380163,0.2643280247651782,0.008595339037249272
0.49174861355650046,0.5142933512485242,0.8101579745265006,-1.2937399188895102,1.0653495257808978,0.7952835385020682,0.2643280247651782,0.008595339037249272
0.5895012093786922,-0.526907258744723,0.7670261114759662,0.5997097815965698,1.0653495257808978,0.7952835385020682,0.2643280247651782,0.008595339037249272
0.7089766042724822,-0.11042701474742408,0.8101579745265006,-0.3470150686464702,1.0653495257808978,1.0688075917661204,0.2643280247651782,0.008595339037249272
0.8393133987020713,1.1390137172444725,0.8101579745265006,-1.0570587063287502,1.0653495257808978,1.0688075917661204,0.2643280247651782,0.008595339037249272
0.9696501931316603,-0.3186671367460735,-0.04107661004553711,0.1263473564750498,1.0653495257808978,1.0688075917661204,0.2643280247651782,0.008595339037249272
1.0782641884896513,-0.8392674417426971,0.8101579745265006,-0.8203774937679902,1.0653495257808978,1.3423316450301723,0.2643280247651782,0.008595339037249272
1.2194623824550395,-0.11042701474742408,0.8101579745265006,-0.8203774937679902,-1.4270386327380036,-1.6664329408743999,1.6938261357079059,0.008595339037249272
1.3389377773488293,-0.11042701474742408,-1.4287327557747933,0.5997097815965698,-1.4270386327380036,-1.3929088876103477,1.6938261357079059,0.008595339037249272
1.653918363887003,-0.11042701474742408,0.8101579745265006,-0.5836962812072303,-0.5962425798983697,-0.5723367278181918,1.6938261357079059,0.008595339037249272
1.795116557852391,1.1390137172444725,-0.13576840134038795,-1.2937399188895102,-0.5962425798983697,-0.5723367278181918,1.6938261357079059,0.008595339037249272
-1.6588084945317194,-0.3186671367460735,0.8101579745265006,-1.2937399188895102,-1.4270386327380036,-1.3929088876103477,-1.1651700861775494,0.43341399582059054
-1.5067489010305322,-1.1516276247406712,0.8101579745265006,0.1263473564750498,-0.5962425798983697,-0.8458607810822437,-1.1651700861775494,0.43341399582059054
-1.3655507070651438,-0.8392674417426971,0.7937976126797464,-1.0570587063287502,-0.5962425798983697,-0.29881267455413973,-1.1651700861775494,0.43341399582059054
-1.2352139126355548,-1.5681078687379701,0.8101579745265006,1.5464346318396098,0.23455347294126402,0.24823543197396428,-1.1651700861775494,0.43341399582059054
-0.9854017233121758,0.09781310725122534,0.8101579745265006,0.3630285690358098,1.0653495257808978,0.7952835385020682,-1.1651700861775494,0.43341399582059054
-0.7681737325961939,-0.6310273197440477,0.8101579745265006,0.3630285690358098,1.0653495257808978,1.0688075917661204,-1.1651700861775494,0.43341399582059054
-0.529222942808614,-1.0475075637413465,0.8101579745265006,-0.1103338560857102,-1.4270386327380036,-1.6664329408743999,0.2643280247651782,0.43341399582059054
-0.38802474884322585,-0.6310273197440477,0.8101579745265006,0.3630285690358098,-1.4270386327380036,-1.3929088876103477,0.2643280247651782,0.43341399582059054
-0.25768795441363673,-1.0475075637413465,0.6173040121511234,-1.0570587063287502,-0.5962425798983697,-0.8458607810822437,0.2643280247651782,0.43341399582059054
-0.09476696137665042,0.930773595245823,0.8101579745265006,-0.8203774937679902,-0.5962425798983697,-0.5723367278181918,0.2643280247651782,0.43341399582059054
0.046431232588737756,1.2431337782437972,0.8101579745265006,0.5997097815965698,-0.5962425798983697,-0.29881267455413973,0.2643280247651782,0.43341399582059054
0.17676802701832683,1.347253839243122,0.8101579745265006,0.3630285690358098,0.23455347294126402,-0.025288621290087743,0.2643280247651782,0.43341399582059054
0.2853820223763177,1.0348936562451478,0.8101579745265006,1.5464346318396098,0.23455347294126402,0.24823543197396428,0.2643280247651782,0.43341399582059054
0.41571881680590683,-0.006306953748099373,0.8101579745265006,-0.8203774937679902,0.23455347294126402,0.5217594852380163,0.2643280247651782,0.43341399582059054
0.5351942116996968,-0.42278719774539825,0.8101579745265006,-0.1103338560857102,1.0653495257808978,0.7952835385020682,0.2643280247651782,0.43341399582059054
0.6438082070576877,1.5554939612417713,0.8101579745265006,0.3630285690358098,1.0653495257808978,1.0688075917661204,0.2643280247651782,0.43341399582059054
0.7524222024156786,-0.2145470757467488,0.8101579745265006,1.0730722067180898,1.0653495257808978,1.0688075917661204,0.2643280247651782,0.43341399582059054
0.8827589968452677,-0.6310273197440477,0.8101579745265006,-0.1103338560857102,1.0653495257808978,1.0688075917661204,0.2643280247651782,0.43341399582059054
1.0239571908106557,1.347253839243122,-0.736639872803003,-0.5836962812072303,1.0653495257808978,1.3423316450301723,0.2643280247651782,0.43341399582059054
1.1108483870970485,0.930773595245823,-0.5571716610295155,-0.3470150686464702,1.0653495257808978,1.3423316450301723,0.2643280247651782,0.43341399582059054
1.2629079805982357,-1.0475075637413465,-0.8392639607508255,0.8363909941573299,-1.4270386327380036,-1.3929088876103477,1.6938261357079059,0.43341399582059054
1.404106174563624,1.5554939612417713,0.8101579745265006,-0.8203774937679902,-1.4270386327380036,-1.1193848343462958,1.6938261357079059,0.43341399582059054
1.5127201699216148,-1.255747685739996,0.8101579745265006,0.5997097815965698,-1.4270386327380036,-1.1193848343462958,1.6938261357079059,0.43341399582059054
1.5453043685290122,-1.4639878077386455,0.6173040121511234,-1.0570587063287502,-0.5962425798983697,-0.8458607810822437,1.6938261357079059,0.43341399582059054
1.7082253615659986,0.618413412247849,0.8101579745265006,-0.8203774937679902,-0.5962425798983697,-0.5723367278181918,1.6938261357079059,0.43341399582059054
-1.6588084945317194,0.930773595245823,-0.45900948994898916,0.3630285690358098,-1.4270386327380036,-1.3929088876103477,-1.1651700861775494,-0.516180648753937
-1.5067489010305322,0.8266535342464983,-0.3796865234192713,1.7831158444003699,-0.5962425798983697,-0.8458607810822437,-1.1651700861775494,-0.516180648753937
-1.256936711707153,-0.7351473807433724,0.6118505582022054,-0.8203774937679902,0.23455347294126402,0.24823543197396428,-1.1651700861775494,-0.516180648753937
-1.126599917277564,0.8266535342464983,0.13591275902389682,-1.2937399188895102,1.0653495257808978,0.7952835385020682,-1.1651700861775494,-0.516180648753937
-0.9854017233121758,1.347253839243122,0.6118505582022054,2.0197970569611297,1.0653495257808978,0.7952835385020682,-1.1651700861775494,-0.516180648753937
-0.648698337702404,0.30605322924987477,-0.06239465730039849,-0.8203774937679902,1.0653495257808978,1.3423316450301723,-1.1651700861775494,-0.516180648753937
-0.529222942808614,-0.42278719774539825,0.13591275902389682,1.5464346318396098,-1.4270386327380036,-1.6664329408743999,0.2643280247651782,-0.516180648753937
-0.38802474884322585,-0.9433875027420218,-0.8159628393327208,2.0197970569611297,-1.4270386327380036,-1.3929088876103477,0.2643280247651782,-0.516180648753937
-0.25768795441363673,-0.3186671367460735,0.41354314187791,0.5997097815965698,-0.5962425798983697,-0.8458607810822437,0.2643280247651782,-0.516180648753937
-0.09476696137665042,0.930773595245823,-0.8159628393327208,0.8363909941573299,-0.5962425798983697,-0.5723367278181918,0.2643280247651782,-0.516180648753937
0.03556983305293866,-0.8392674417426971,-0.3796865234192713,-0.3470150686464702,-0.5962425798983697,-0.29881267455413973,0.2643280247651782,-0.516180648753937
0.17676802701832683,0.8266535342464983,-0.49867097321384873,2.0197970569611297,0.23455347294126402,-0.025288621290087743,0.2643280247651782,-0.516180648753937
0.27452062284051865,-1.0475075637413465,-0.6969783895381441,0.1263473564750498,0.23455347294126402,0.24823543197396428,0.2643280247651782,-0.516180648753937
0.4048574172701077,-1.3598677467393208,-0.14171762383011705,-0.8203774937679902,0.23455347294126402,0.5217594852380163,0.2643280247651782,-0.516180648753937
0.5351942116996968,-1.4639878077386455,0.17557424228875576,1.5464346318396098,1.0653495257808978,0.7952835385020682,0.2643280247651782,-0.516180648753937
0.6220854079860895,1.347253839243122,-0.4193480066841302,-0.3470150686464702,1.0653495257808978,1.0688075917661204,0.2643280247651782,-0.516180648753937
0.7524222024156786,-0.2145470757467488,-0.9746087723921573,1.5464346318396098,1.0653495257808978,1.0688075917661204,0.2643280247651782,-0.516180648753937
0.8936203963810667,-0.11042701474742408,0.8101579745265006,-0.3470150686464702,1.0653495257808978,1.0688075917661204,0.2643280247651782,-0.516180648753937
1.0239571908106557,0.8266535342464983,-0.08470424163688185,-0.1103338560857102,1.0653495257808978,1.3423316450301723,0.2643280247651782,-0.516180648753937
1.1108483870970485,0.930773595245823,0.8101579745265006,0.8363909941573299,1.0653495257808978,1.3423316450301723,0.2643280247651782,-0.516180648753937
1.2629079805982357,0.930773595245823,0.8101579745265006,1.0730722067180898,-1.4270386327380036,-1.3929088876103477,1.6938261357079059,-0.516180648753937
1.3823833754920258,-0.3186671367460735,0.5295529804276229,2.4931594820826497,-1.4270386327380036,-1.1193848343462958,1.6938261357079059,-0.516180648753937
1.5127201699216148,-0.6310273197440477,-0.8952858058624394,0.8363909941573299,-1.4270386327380036,-1.1193848343462958,1.6938261357079059,-0.516180648753937
1.5453043685290122,3.3255349982302915,0.41354314187791,0.5997097815965698,-0.5962425798983697,-0.8458607810822437,1.6938261357079059,-0.516180648753937
1.7082253615659986,0.41017329024919946,-0.8159628393327208,0.8363909941573299,-0.5962425798983697,-0.5723367278181918,1.6938261357079059,-0.516180648753937
-1.6696698940675183,0.41017329024919946,-0.12486149344255176,-0.1103338560857102,-1.4270386327380036,-1.3929088876103477,-1.1651700861775494,-0.01639399371471198
-1.5284717001021302,0.09781310725122534,0.8101579745265006,-1.2937399188895102,-0.5962425798983697,-0.8458607810822437,-1.1651700861775494,-0.01639399371471198
-1.4089963052083403,0.7225334732471737,0.37140281590899754,-0.1103338560857102,-0.5962425798983697,-0.29881267455413973,-1.1651700861775494,-0.01639399371471198
-1.2677981112429522,-1.4639878077386455,0.8101579745265006,-0.8203774937679902,0.23455347294126402,0.24823543197396428,-1.1651700861775494,-0.01639399371471198
-1.148322716349162,1.5554939612417713,0.22267225366577603,-1.0570587063287502,0.23455347294126402,0.5217594852380163,-1.1651700861775494,-0.01639399371471198
-0.9962631228479749,-1.1516276247406712,0.8101579745265006,1.5464346318396098,1.0653495257808978,0.7952835385020682,-1.1651700861775494,-0.01639399371471198
-0.8876491274899839,0.930773595245823,0.42147543853088165,-0.5836962812072303,1.0653495257808978,1.0688075917661204,-1.1651700861775494,-0.01639399371471198
-0.8007579312035913,0.20193316825055005,0.8101579745265006,-0.5836962812072303,1.0653495257808978,1.0688075917661204,-1.1651700861775494,-0.01639399371471198
-0.6704211367740022,-0.8392674417426971,0.42147543853088165,0.8363909941573299,1.0653495257808978,1.0688075917661204,-1.1651700861775494,-0.01639399371471198
-0.5509457418802122,0.20193316825055005,0.8101579745265006,-0.5836962812072303,-1.4270386327380036,-1.6664329408743999,0.2643280247651782,-0.01639399371471198
-0.3988861483790249,0.30605322924987477,0.8101579745265006,2.2564782695218897,-1.4270386327380036,-1.3929088876103477,0.2643280247651782,-0.01639399371471198
-0.29027215302103404,1.347253839243122,0.6197828548551769,-1.2937399188895102,-1.4270386327380036,-1.1193848343462958,0.2643280247651782,-0.01639399371471198
-0.11648976044824859,-0.526907258744723,0.8101579745265006,0.1263473564750498,-0.5962425798983697,-0.5723367278181918,0.2643280247651782,-0.01639399371471198
0.024708433517139576,-1.0475075637413465,0.22267225366577603,-0.3470150686464702,-0.5962425798983697,-0.29881267455413973,0.2643280247651782,-0.01639399371471198
0.15504522794672865,0.5142933512485242,0.12351854550362837,0.3630285690358098,0.23455347294126402,-0.025288621290087743,0.2643280247651782,-0.01639399371471198
0.2636592233047195,-1.3598677467393208,0.22267225366577603,0.8363909941573299,0.23455347294126402,0.24823543197396428,0.2643280247651782,-0.01639399371471198
0.39399601773430865,-0.11042701474742408,0.8101579745265006,-0.3470150686464702,0.23455347294126402,0.5217594852380163,0.2643280247651782,-0.01639399371471198
0.5134714126280986,-0.3186671367460735,0.3218259618279237,-0.5836962812072303,1.0653495257808978,0.7952835385020682,0.2643280247651782,-0.01639399371471198
0.6112240084502905,-0.42278719774539825,0.12351854550362837,-0.8203774937679902,1.0653495257808978,0.7952835385020682,0.2643280247651782,-0.01639399371471198
0.7415608028798795,0.8266535342464983,-0.18137910709497596,-1.0570587063287502,1.0653495257808978,1.0688075917661204,0.2643280247651782,-0.01639399371471198
0.8501747982378703,-0.42278719774539825,0.28365178418549636,-1.2937399188895102,1.0653495257808978,1.0688075917661204,0.2643280247651782,-0.01639399371471198
0.9913729922032586,-0.42278719774539825,-0.3132535389506322,1.5464346318396098,1.0653495257808978,1.3423316450301723,0.2643280247651782,-0.01639399371471198
1.2411851815266377,-0.11042701474742408,0.6287066885897706,-1.0570587063287502,-1.4270386327380036,-1.6664329408743999,1.6938261357079059,-0.01639399371471198
1.3823833754920258,1.0348936562451478,0.4175092902043958,-1.0570587063287502,-1.4270386327380036,-1.1193848343462958,1.6938261357079059,-0.01639399371471198
1.5018587703858157,1.347253839243122,0.8101579745265006,-0.8203774937679902,-1.4270386327380036,-1.1193848343462958,1.6938261357079059,-0.01639399371471198
1.6865025624944003,-0.7351473807433724,0.8101579745265006,0.1263473564750498,-0.5962425798983697,-0.5723367278181918,1.6938261357079059,-0.01639399371471198
-1.6696698940675183,-1.3598677467393208,0.8101579745265006,0.1263473564750498,-1.4270386327380036,-1.3929088876103477,-1.1651700861775494,-0.04138332646667323
-1.5393330996379293,1.0348936562451478,-0.01182626613770338,-1.2937399188895102,-0.5962425798983697,-0.8458607810822437,-1.1651700861775494,-0.04138332646667323
-1.4089963052083403,-0.526907258744723,0.08683167348363328,0.1263473564750498,-0.5962425798983697,-0.29881267455413973,-1.1651700861775494,-0.04138332646667323
-1.2677981112429522,0.30605322924987477,0.08683167348363328,-0.5836962812072303,0.23455347294126402,0.24823543197396428,-1.1651700861775494,-0.04138332646667323
-1.148322716349162,-1.5681078687379701,0.8101579745265006,-0.8203774937679902,0.23455347294126402,0.5217594852380163,-1.1651700861775494,-0.04138332646667323
-0.9962631228479749,-0.7351473807433724,0.8101579745265006,1.7831158444003699,1.0653495257808978,0.7952835385020682,-1.1651700861775494,-0.04138332646667323
-0.8876491274899839,-1.1516276247406712,0.8101579745265006,-0.3470150686464702,1.0653495257808978,1.0688075917661204,-1.1651700861775494,-0.04138332646667323
-0.8007579312035913,-1.3598677467393208,-0.20864637683956644,-0.3470150686464702,1.0653495257808978,1.0688075917661204,-1.1651700861775494,-0.04138332646667323
-0.6704211367740022,-0.006306953748099373,0.48047189488735936,1.0730722067180898,1.0653495257808978,1.0688075917661204,-1.1651700861775494,-0.04138332646667323
-0.5509457418802122,-0.2145470757467488,0.08683167348363328,-0.3470150686464702,-1.4270386327380036,-1.6664329408743999,0.2643280247651782,-0.04138332646667323
-0.3988861483790249,-0.42278719774539825,0.5791298345086968,2.4931594820826497,-1.4270386327380036,-1.3929088876103477,0.2643280247651782,-0.04138332646667323
-0.29027215302103404,-0.006306953748099373,-0.060907351677966216,-1.0570587063287502,-1.4270386327380036,-1.1193848343462958,0.2643280247651782,-0.04138332646667323
-0.11648976044824859,-0.006306953748099373,0.3327328697257599,0.3630285690358098,-0.5962425798983697,-0.5723367278181918,0.2643280247651782,-0.04138332646667323
0.024708433517139576,1.5554939612417713,-0.11048420575904006,-0.1103338560857102,-0.5962425798983697,-0.29881267455413973,0.2643280247651782,-0.04138332646667323
0.15504522794672865,-0.9433875027420218,0.8101579745265006,0.5997097815965698,0.23455347294126402,-0.025288621290087743,0.2643280247651782,-0.04138332646667323
0.2636592233047195,0.30605322924987477,0.28365178418549636,1.0730722067180898,0.23455347294126402,0.24823543197396428,0.2643280247651782,-0.04138332646667323
0.3831346181985095,1.0348936562451478,0.8101579745265006,-1.2937399188895102,0.23455347294126402,0.5217594852380163,0.2643280247651782,-0.04138332646667323
0.5134714126280986,-0.526907258744723,0.8101579745265006,-0.3470150686464702,1.0653495257808978,0.7952835385020682,0.2643280247651782,-0.04138332646667323
0.6112240084502905,0.20193316825055005,0.3823097238068337,-0.5836962812072303,1.0653495257808978,0.7952835385020682,0.2643280247651782,-0.04138332646667323
0.7415608028798795,0.20193316825055005,0.14632389838092202,-0.8203774937679902,1.0653495257808978,1.0688075917661204,0.2643280247651782,-0.04138332646667323
0.8501747982378703,0.09781310725122534,-0.5834473936924847,0.1263473564750498,1.0653495257808978,1.0688075917661204,0.2643280247651782,-0.04138332646667323
0.9913729922032586,-1.0475075637413465,0.8101579745265006,2.2564782695218897,1.0653495257808978,1.3423316450301723,0.2643280247651782,-0.04138332646667323
1.2411851815266377,0.20193316825055005,0.8101579745265006,0.3630285690358098,-1.4270386327380036,-1.6664329408743999,1.6938261357079059,-0.04138332646667323
1.3823833754920258,-0.526907258744723,0.5860705940800471,-0.8203774937679902,-1.4270386327380036,-1.1193848343462958,1.6938261357079059,-0.04138332646667323
1.5018587703858157,0.09781310725122534,0.8101579745265006,-1.0570587063287502,-1.4270386327380036,-1.1193848343462958,1.6938261357079059,-0.04138332646667323
1.6865025624944003,-0.8392674417426971,0.3327328697257599,0.3630285690358098,-0.5962425798983697,-0.5723367278181918,1.6938261357079059,-0.04138332646667323
-1.6588084945317194,1.347253839243122,-1.1015255188397064,0.8363909941573299,-1.4270386327380036,-1.3929088876103477,-1.1651700861775494,-0.6661166452657046
-1.517610300566331,-0.9433875027420218,-1.2115861348996901,-1.2937399188895102,-0.5962425798983697,-0.8458607810822437,-1.1651700861775494,-0.6661166452657046
-1.387273506136742,-0.9433875027420218,0.07295015434093256,-1.0570587063287502,-0.5962425798983697,-0.29881267455413973,-1.1651700861775494,-0.6661166452657046
-1.256936711707153,-0.11042701474742408,0.10963702636092765,-0.3470150686464702,0.23455347294126402,0.24823543197396428,-1.1651700861775494,-0.6661166452657046
-1.126599917277564,0.930773595245823,0.10963702636092765,-0.8203774937679902,1.0653495257808978,0.7952835385020682,-1.1651700861775494,-0.6661166452657046
-0.9854017233121758,0.41017329024919946,-0.03711046171905129,2.4931594820826497,1.0653495257808978,0.7952835385020682,-1.1651700861775494,-0.6661166452657046
-0.8767877279541849,1.0348936562451478,-0.36729230989900286,-1.0570587063287502,1.0653495257808978,1.0688075917661204,-1.1651700861775494,-0.6661166452657046
-0.659559737238203,0.5142933512485242,-0.9909691342389115,-1.0570587063287502,1.0653495257808978,1.0688075917661204,-1.1651700861775494,-0.6661166452657046
-0.529222942808614,0.7225334732471737,-0.66078728605896,2.0197970569611297,-1.4270386327380036,-1.6664329408743999,0.2643280247651782,-0.6661166452657046
-0.3988861483790249,0.8266535342464983,-0.47735292595898665,-1.0570587063287502,-1.4270386327380036,-1.3929088876103477,0.2643280247651782,-0.6661166452657046
-0.25768795441363673,-0.11042701474742408,-0.5507266699989761,1.0730722067180898,-0.5962425798983697,-0.8458607810822437,0.2643280247651782,-0.6661166452657046
-0.09476696137665042,0.30605322924987477,-1.064342878278901,1.3097534192788498,-0.5962425798983697,-0.5723367278181918,0.2643280247651782,-0.6661166452657046
0.03556983305293866,-0.006306953748099373,-0.6241004140389657,0.1263473564750498,-0.5962425798983697,-0.29881267455413973,0.2643280247651782,-0.6661166452657046
0.17676802701832683,-0.42278719774539825,-0.5507266699989761,2.4931594820826497,0.23455347294126402,-0.025288621290087743,0.2643280247651782,-0.6661166452657046
0.27452062284051865,-0.3186671367460735,-0.9542822622189171,0.5997097815965698,0.23455347294126402,0.24823543197396428,0.2643280247651782,-0.6661166452657046
0.4048574172701077,1.2431337782437972,0.146819666921733,-0.3470150686464702,0.23455347294126402,0.5217594852380163,0.2643280247651782,-0.6661166452657046
0.5351942116996968,0.41017329024919946,-0.7708479021189438,2.0197970569611297,1.0653495257808978,0.7952835385020682,0.2643280247651782,-0.6661166452657046
0.6220854079860895,0.930773595245823,-1.064342878278901,0.1263473564750498,1.0653495257808978,1.0688075917661204,0.2643280247651782,-0.6661166452657046
0.7524222024156786,0.41017329024919946,0.10963702636092765,1.3097534192788498,1.0653495257808978,1.0688075917661204,0.2643280247651782,-0.6661166452657046
0.8718975973094686,1.5554939612417713,-1.2790106564499506,0.3630285690358098,1.0653495257808978,1.0688075917661204,0.2643280247651782,-0.6661166452657046
1.0130957912748568,-1.3598677467393208,-0.40397918191899723,-1.2937399188895102,1.0653495257808978,1.3423316450301723,0.2643280247651782,-0.6661166452657046
1.1108483870970485,-0.006306953748099373,0.8101579745265006,1.0730722067180898,1.0653495257808978,1.3423316450301723,0.2643280247651782,-0.6661166452657046
1.2411851815266377,1.0348936562451478,-1.3900628095915561,2.4931594820826497,-1.4270386327380036,-1.6664329408743999,1.6938261357079059,-0.6661166452657046
1.3823833754920258,0.930773595245823,0.13591275902389682,2.0197970569611297,-1.4270386327380036,-1.1193848343462958,1.6938261357079059,-0.6661166452657046
1.5127201699216148,0.09781310725122534,0.1835065389417274,1.3097534192788498,-1.4270386327380036,-1.1193848343462958,1.6938261357079059,-0.6661166452657046
1.5453043685290122,-0.7351473807433724,-0.5507266699989761,1.0730722067180898,-0.5962425798983697,-0.8458607810822437,1.6938261357079059,-0.6661166452657046
1.7082253615659986,0.8266535342464983,-1.064342878278901,1.3097534192788498,-0.5962425798983697,-0.5723367278181918,1.6938261357079059,-0.6661166452657046
-1.6588084945317194,1.347253839243122,-1.537801834753156,2.0197970569611297,-1.4270386327380036,-1.3929088876103477,-1.1651700861775494,-1.2908499640647357
-1.517610300566331,-0.7351473807433724,-1.7594103724955559,-0.1103338560857102,-0.5962425798983697,-0.8458607810822437,-1.1651700861775494,-1.2908499640647357
-1.387273506136742,-1.4639878077386455,-2.079676849859293,0.1263473564750498,-0.5962425798983697,-0.29881267455413973,-1.1651700861775494,-1.2908499640647357
-1.256936711707153,0.20193316825055005,-1.6364597743744929,0.8363909941573299,0.23455347294126402,0.24823543197396428,-1.1651700861775494,-1.2908499640647357
-1.126599917277564,-0.11042701474742408,-1.710329286955293,0.3630285690358098,1.0653495257808978,0.7952835385020682,-1.1651700861775494,-1.2908499640647357
-0.9962631228479749,0.5142933512485242,-2.079676849859293,-0.5836962812072303,1.0653495257808978,0.7952835385020682,-1.1651700861775494,-1.2908499640647357
-0.8767877279541849,1.0348936562451478,-1.6116713473339561,0.1263473564750498,1.0653495257808978,1.0688075917661204,-1.1651700861775494,-1.2908499640647357
-0.7898965316677922,-0.7351473807433724,-1.5625902617936929,-0.5836962812072303,1.0653495257808978,1.0688075917661204,-1.1651700861775494,-1.2908499640647357
-0.6704211367740022,-0.6310273197440477,-2.079676849859293,-1.2937399188895102,1.0653495257808978,1.0688075917661204,-1.1651700861775494,-1.2908499640647357
-0.540084342344413,1.347253839243122,-1.931937824697693,-0.8203774937679902,-1.4270386327380036,-1.6664329408743999,0.2643280247651782,-1.2908499640647357
-0.3988861483790249,-0.42278719774539825,-1.8823609706166191,0.1263473564750498,-1.4270386327380036,-1.3929088876103477,0.2643280247651782,-1.2908499640647357
-0.1056283609124495,-0.3186671367460735,-1.291404869970219,-0.8203774937679902,-0.5962425798983697,-0.5723367278181918,0.2643280247651782,-1.2908499640647357
0.03556983305293866,-1.4639878077386455,-1.316193297010756,1.3097534192788498,-0.5962425798983697,-0.29881267455413973,0.2643280247651782,-1.2908499640647357
0.16590662748252774,-0.3186671367460735,-1.242323784429956,-0.5836962812072303,0.23455347294126402,-0.025288621290087743,0.2643280247651782,-1.2908499640647357
0.2636592233047195,0.8266535342464983,-1.291404869970219,-1.2937399188895102,0.23455347294126402,0.24823543197396428,0.2643280247651782,-1.2908499640647357
0.4048574172701077,-1.4639878077386455,-1.907149397657156,0.8363909941573299,0.23455347294126402,0.5217594852380163,0.2643280247651782,-1.2908499640647357
0.5243328121638977,-0.11042701474742408,-1.4887207492128927,-0.5836962812072303,1.0653495257808978,0.7952835385020682,0.2643280247651782,-1.2908499640647357
0.6220854079860895,-0.11042701474742408,-1.9810189102379558,1.3097534192788498,1.0653495257808978,1.0688075917661204,0.2643280247651782,-1.2908499640647357
0.7632836019514777,0.930773595245823,0.1225270084220064,0.3630285690358098,1.0653495257808978,1.0688075917661204,0.2643280247651782,-1.2908499640647357
0.8718975973094686,-0.8392674417426971,-0.36431769865413827,-0.1103338560857102,1.0653495257808978,1.0688075917661204,0.2643280247651782,-1.2908499640647357
1.0130957912748568,1.4513739002424466,-1.537801834753156,-0.5836962812072303,1.0653495257808978,1.3423316450301723,0.2643280247651782,-1.2908499640647357
1.1108483870970485,-1.255747685739996,0.5721890749373464,1.3097534192788498,1.0653495257808978,1.3423316450301723,0.2643280247651782,-1.2908499640647357
1.2411851815266377,-1.0475075637413465,-0.9265192239335157,0.5997097815965698,-1.4270386327380036,-1.6664329408743999,1.6938261357079059,-1.2908499640647357
1.3823833754920258,1.5554939612417713,0.17309539958470221,2.2564782695218897,-1.4270386327380036,-1.1193848343462958,1.6938261357079059,-1.2908499640647357
1.5127201699216148,-0.11042701474742408,-2.153546362440093,-1.2937399188895102,-1.4270386327380036,-1.1193848343462958,1.6938261357079059,-1.2908499640647357
1.534442968993213,-1.5681078687379701,-1.3652743825510192,-0.5836962812072303,-0.5962425798983697,-0.8458607810822437,1.6938261357079059,-1.2908499640647357
1.6973639620301995,0.7225334732471737,-1.291404869970219,-0.8203774937679902,-0.5962425798983697,-0.5723367278181918,1.6938261357079059,-1.2908499640647357
-1.6696698940675183,-1.0475075637413465,-1.3325536588575102,0.3630285690358098,-1.4270386327380036,-1.3929088876103477,-1.1651700861775494,-1.1659033003049295
-1.5393330996379293,1.5554939612417713,-1.9820104473195774,-1.0570587063287502,-0.5962425798983697,-0.8458607810822437,-1.1651700861775494,-1.1659033003049295
-1.4089963052083403,-0.3186671367460735,-0.9265192239335157,0.3630285690358098,-0.5962425798983697,-0.29881267455413973,-1.1651700861775494,-1.1659033003049295
-1.2677981112429522,0.41017329024919946,-1.954743177574987,-0.3470150686464702,0.23455347294126402,0.24823543197396428,-1.1651700861775494,-1.1659033003049295
-1.148322716349162,1.5554939612417713,-1.169941577471588,-0.5836962812072303,0.23455347294126402,0.5217594852380163,-1.1651700861775494,-1.1659033003049295
-0.9962631228479749,0.30605322924987477,-1.7385880937815048,2.0197970569611297,1.0653495257808978,0.7952835385020682,-1.1651700861775494,-1.1659033003049295
-0.8876491274899839,0.5142933512485242,-1.6572820530885441,-0.1103338560857102,1.0653495257808978,1.0688075917661204,-1.1651700861775494,-1.1659033003049295
-0.8007579312035913,-0.7351473807433724,-0.9532907251372952,-0.1103338560857102,1.0653495257808978,1.0688075917661204,-1.1651700861775494,-1.1659033003049295
-0.6704211367740022,0.7225334732471737,-1.6572820530885441,1.3097534192788498,1.0653495257808978,1.0688075917661204,-1.1651700861775494,-1.1659033003049295
-0.5509457418802122,0.7225334732471737,-0.980557994881886,-0.1103338560857102,-1.4270386327380036,-1.6664329408743999,0.2643280247651782,-1.1659033003049295
-0.3988861483790249,0.09781310725122534,-1.0073294960856658,2.7298406946434097,-1.4270386327380036,-1.3929088876103477,0.2643280247651782,-1.1659033003049295
-0.29027215302103404,-1.1516276247406712,-1.6840535542923238,-0.8203774937679902,-1.4270386327380036,-1.1193848343462958,0.2643280247651782,-1.1659033003049295
-0.11648976044824859,-1.255747685739996,-0.8992519541889252,0.5997097815965698,-0.5962425798983697,-0.5723367278181918,0.2643280247651782,-1.1659033003049295
0.024708433517139576,-0.6310273197440477,-1.6300147833439533,0.1263473564750498,-0.5962425798983697,-0.29881267455413973,0.2643280247651782,-1.1659033003049295
0.15504522794672865,0.20193316825055005,-1.8739329054228366,0.8363909941573299,0.23455347294126402,-0.025288621290087743,0.2643280247651782,-1.1659033003049295
0.2636592233047195,-0.2145470757467488,-1.6032432821401734,1.3097534192788498,0.23455347294126402,0.24823543197396428,0.2643280247651782,-1.1659033003049295
0.37227321866271046,-0.3186671367460735,-1.169941577471588,-1.2937399188895102,0.23455347294126402,0.5217594852380163,0.2643280247651782,-1.1659033003049295
0.5134714126280986,-0.006306953748099373,-1.1972088472161788,-0.1103338560857102,1.0653495257808978,0.7952835385020682,0.2643280247651782,-1.1659033003049295
0.6112240084502905,0.5142933512485242,-1.386592429805881,-0.3470150686464702,1.0653495257808978,0.7952835385020682,0.2643280247651782,-1.1659033003049295
0.7415608028798795,0.20193316825055005,0.1527688894114614,-0.5836962812072303,1.0653495257808978,1.0688075917661204,0.2643280247651782,-1.1659033003049295
0.8501747982378703,0.7225334732471737,0.6693597089362507,-0.3470150686464702,1.0653495257808978,1.0688075917661204,0.2643280247651782,-1.1659033003049295
0.9913729922032586,-1.5681078687379701,0.8101579745265006,2.0197970569611297,1.0653495257808978,1.3423316450301723,0.2643280247651782,-1.1659033003049295
1.2411851815266377,-0.6310273197440477,0.8101579745265006,-1.2937399188895102,-1.4270386327380036,-1.6664329408743999,1.6938261357079059,-1.1659033003049295
1.3823833754920258,0.8266535342464983,0.8101579745265006,-0.5836962812072303,-1.4270386327380036,-1.1193848343462958,1.6938261357079059,-1.1659033003049295
1.5018587703858157,-0.11042701474742408,-1.061864035574847,-1.2937399188895102,-1.4270386327380036,-1.1193848343462958,1.6938261357079059,-1.1659033003049295
1.6865025624944003,1.2431337782437972,-0.8992519541889252,0.5997097815965698,-0.5962425798983697,-0.5723367278181918,1.6938261357079059,-1.1659033003049295
