pca_1,pca_2,pca_3,pca_4,pca_5,pca_6
-2.029944493903646,-1.031499119598096,-0.7043675583812393,1.4585830577836727,-0.8508550605195887,-0.44304674538936706
-2.1575417578405096,-3.0723621902673037,-1.7625522935053257,0.7011192506161824,2.221286507391722,-0.48023423900330797
-2.0282998815213658,-1.1306508895898464,-0.8284788146778153,1.4622118075994208,-0.9481942490936912,-0.47718999543357504
-1.8761101661086912,-0.7437342310487302,-0.9128028945809022,1.4044025604925787,-0.7766599129982991,-0.6268270943013471
-1.9558878696883346,-0.7956433465050045,-0.6932369110075352,1.418250651271584,-0.7241362861111317,-0.5074526790416553
-1.863887936961258,-0.2944200914503017,-0.677964770132591,1.5046272143281532,-0.4320295554260818,-0.5185287706950322
-1.8688210207875988,-0.4020629345934018,-0.5918631090332273,1.4050621879977372,-0.4759395794336831,-0.5410444793194715
-1.8169743413197248,-0.4720276646203464,-0.6537575569761724,1.2915166216675653,-0.5545494134958752,-0.6482621063467736
-2.0492660062139567,-0.1843557447447008,-0.43302557337322994,1.5016744286037766,-0.309003499698213,-0.2797099212294216
-1.9975302280292295,0.0016026645859939625,-0.3863002759153885,1.477669670007278,-0.19528822531307508,-0.3115085362405414
-1.9304929632364354,0.08404172999153237,-0.4034212947184178,1.3926969961544604,-0.17022566024155356,-0.4015559214528748
-1.883113549863269,0.06538747821789016,-0.49787099760657594,1.3340430826101008,-0.22352545759273118,-0.48762230176739046
-1.909825190484305,0.1306033888126969,-0.47177698814082614,1.4197105044848655,-0.16531473436042296,-0.4203228451957895
-2.0138153472138285,0.2453357372056178,-0.20217924386301553,1.561758969540763,0.015837778183076686,-0.20719623528462952
-1.9331585021178774,0.40025236319600793,-0.26456610703955336,1.5122048310158736,0.07008558440281819,-0.3009366743381764
-1.8802251696942858,0.5020229320562712,-0.3836891279277852,1.51582103596332,0.0841710185950835,-0.366414668329326
-1.9252193676791773,0.5940699095043125,-0.4254961464240045,1.6867522176566079,0.14695148325491586,-0.2639412606710167
-2.0694888196872876,0.4700356188956806,-0.3319822948602192,1.8680513639976584,0.14208718036956405,-0.05503429544277463
-2.0341972864537907,0.4844099868154733,-0.45442899210760684,1.8603881961789828,0.10561140507042555,-0.11585391688854312
-2.0163909434742817,0.6235474983726513,-0.5116672286411468,1.9393090206661536,0.17332957278612104,-0.10371089005241152
-1.9554063082282112,0.6861343515698901,-0.561383366790229,1.8748519809615,0.17919805449241075,-0.18877415903301548
-2.0042838010294224,0.5299343928133359,-0.49375868760910363,1.828387911630717,0.10912008554076666,-0.15813373632736866
-2.0476834652534,0.4671632494305018,-0.4821247332123657,1.88539244646645,0.08777958291844233,-0.09858902589251632
-1.9869318123023418,0.6094781234122287,-0.5820424942205251,1.8958086442800874,0.13116512216223536,-0.16011807300818354
-1.9494956222566342,0.6467112357723779,-0.661723253448189,1.8770762473837599,0.12033039109319035,-0.21578432131464795
-1.9326366459392008,0.618148544194197,-0.6405931525773956,1.8038068780401872,0.10113814146090148,-0.25738146488716274
-2.0963977962913187,0.6715803953512498,-0.41439149221412536,2.0618837797093876,0.2521074903399442,0.039721371236172774
-2.012154613800436,0.7594676816396737,-0.4181057860872841,1.9227939254816426,0.2770885338052225,-0.08477658637579807
-2.023526347659849,0.7278685348436494,-0.4532994698326319,1.9519008287419204,0.2517816532974519,-0.07280029849945621
-1.9933409652187344,0.6869438151286034,-0.5811536451725715,1.9380276217828623,0.18148670031521358,-0.13484637282860998
-2.0679805504845508,0.46467203239041865,-0.5769863474579717,1.9700064805424597,0.06686856937213347,-0.07006537517768735
-2.1686822696175265,-1.506777657692287,-1.637811916244049,1.2029769695215626,3.173907617767606,-0.12984291669127807
-1.9915669319235487,0.5632869557631466,-0.6660352285414362,1.9122574028253259,0.0796113984255564,-0.1726861386565259
-1.9263951951795597,0.5901761484273191,-0.6888971621465215,1.793022726051151,0.06749798958992763,-0.2804235880358513
-1.9861862405493635,0.18907260958634156,-0.6764498262403412,1.7356252645894683,-0.15146389204991847,-0.27672324604505044
-2.016223379300907,-0.11475794513288501,-0.6315764980133521,1.5890681861318234,-0.32376300742116776,-0.31846969700121214
-1.9571525230632338,0.0811556357465224,-0.5404016083234081,1.5172557145592664,-0.19558857102514665,-0.3665541579486619
-1.878344077299925,0.24751637647840466,-0.6237847804488036,1.48947989589244,-0.13906511093539234,-0.45411737725327944
-1.9079943312136936,0.2126228593028512,-0.6021761127027548,1.5199987880005008,-0.14541646895977464,-0.4138861572922704
-2.0318220389780057,-0.29523381715903946,-0.5477007903083019,1.4558393777604228,-0.4124949880784828,-0.3518590435912981
-1.981590605139373,-0.2083217527786287,-0.5429083261366868,1.3908623356383372,-0.373555523498284,-0.4151123659930146
-1.9609467298135412,-0.4776745764913076,-0.5398352016409573,1.1841216616370407,-0.5519757637725389,-0.5309580191218469
-2.4093137495492165,-2.184610485494681,-1.0777991290808033,1.0462149200054034,2.9849050628964506,0.0928656910547617
-2.0207062075521867,-0.6306168145008786,-0.5751645023590058,1.2583011352800906,-0.6369390560092807,-0.46547804212737554
-2.0702843160001354,-0.7405640374439716,-0.2826756792176762,1.131944765834533,-0.6124375625210707,-0.4150703375574706
-2.2031956306256744,-0.7185735041310556,-0.03449917852389264,1.296183542475589,-0.4859906359972144,-0.17839656937993467
-2.5359350210571248,-0.9040705086516547,0.4605596058386728,1.6319967362898444,-0.3570781972787168,0.340854156341262
-1.9441107905636015,-2.318652999582504,-1.4246413621923237,0.14355878646359935,2.6449033297765685,-0.7531230998370021
-1.9002855773070788,-0.4550266960681567,-0.30945098937587645,0.8256215274396396,-0.5221763775560317,-0.6672791551154301
-1.8636294717268127,-0.8883032657755848,-0.4237698441324959,0.5479979477990873,-0.8426006363788248,-0.8618677386489394
-1.8136320527059029,-0.5150800496090526,-0.39249725878893876,0.6280777606608646,-0.6146219417920411,-0.8450007887353793
-1.8125065461471246,-0.516522383411798,-0.4160651234081033,0.6242397072892477,-0.6235151892056975,-0.8544281578746425
-2.0203604158275708,-0.7481661329834747,-0.19124897953809514,0.8002692709678972,-0.6406221190389585,-0.5708404782842652
-2.1639603127099725,-2.8563180185282424,-1.1453621557469604,-0.03377043679205631,2.4206074850063874,-0.6071093569183078
-2.064111244487731,-0.20689800230965932,0.03691223170181856,1.0612879445266867,-0.2214389807035078,-0.3484552785175976
-1.9041897321049928,0.14106027339186808,-0.1195408188448924,0.9959070055583963,-0.09746944100645197,-0.5271732765897533
-1.9626662733441398,0.04499697874938246,0.32657133063352506,0.7880821280863639,-0.022204444506653855,-0.4690197738213225
-1.8584746703545232,-0.02763418802553261,0.44467924563432676,0.42733424389542685,-0.07557356328165667,-0.6832031845873768
-1.867645410830528,0.3124467005704215,0.5555092532686455,0.5768436766785932,0.17344482280985418,-0.5714560990119941
-1.8497628447534844,0.5893393841996597,0.5406054412823438,0.7038963351975301,0.33950489860666777,-0.5234757459885813
-1.8274891873546104,0.2560002263744621,0.5025195352661899,0.39317267487222085,0.09146564248964675,-0.6934788122637956
-1.8807727284029303,0.56045372536959,0.7923756442057033,0.5125724362363299,0.3803425172090461,-0.5184693699865175
-1.8093612025932482,0.7866405041531915,0.9238905256309842,0.401023286356136,0.5335560561000257,-0.5830845013908815
-1.7951256852071233,0.883983220396537,1.0232912302238306,0.36124646559991164,0.6162855002154474,-0.5842800514983595
-1.7215614170453097,0.9154095707619996,0.9187541854075081,0.27156262746836707,0.5823131526486305,-0.7055173709420623
-1.8139298983757473,0.600557810512161,1.1653237389265243,0.13273191262848216,0.4776075025869316,-0.647119482837265
-1.7999840547744856,1.013987268704903,1.1942544173258949,0.3275383595673726,0.7441975102339695,-0.550344845445063
-1.6756979872581312,0.8261503455833854,0.9994593932745104,0.06155541337821998,0.5297802834140937,-0.817394656692275
-1.734224844179158,1.1016170854260832,0.9303088521215235,0.4106721471777873,0.7094414563627768,-0.62443367609946
-1.8723052522895918,1.1456121770227574,1.0006989058541178,0.7139999161713062,0.8057464884339912,-0.36456635208679933
-1.853677063426386,1.146024398507889,0.8923947698187153,0.7469949697208557,0.7718478412485323,-0.3901828548337036
-1.8174457021757007,1.2915133396086858,0.844430944515118,0.7844905959956976,0.8397141856917781,-0.4079195190871957
-1.7683033247530657,1.2188446060951148,0.6826688348187815,0.7241934505492994,0.7330187350121885,-0.5148864405127456
-1.7281136806590516,1.211860701972247,0.6447508545982965,0.9872978442241187,0.7785902452400227,-0.4692863998994419
-1.7739245774337653,1.17160375247272,0.6280133634095505,1.072228961846366,0.7642799487966546,-0.40226835174715475
-1.691665551652017,1.3702766470180439,0.6983122971965302,0.9619541813617967,0.8804784650019779,-0.4902711358080129
-1.6301371228747916,1.346150765573323,0.7314879848291452,0.7866959093445786,0.8517740377967169,-0.6080327188673343
-1.5909399653873668,1.428446197982039,0.7378067476500058,0.7422415272292668,0.8920095208962279,-0.6535472536915098
-1.7757039268440884,1.4491679242924873,1.0180559489544252,0.9979451434488434,1.0439392330209802,-0.3290491355999464
-1.7228421738209319,1.4485672864119534,0.8582335620228277,0.973015808884645,0.98267371630324,-0.42010318398076807
-1.7528119889983023,1.3689095924627557,0.7436587211186922,1.0588119993719656,0.9119715002872205,-0.39018450286494655
-1.718146906245274,1.318002760118302,0.6285135114349572,1.0171878104568304,0.8366686334917935,-0.46547375389728335
-1.7740746076929303,1.2703174745285126,0.7193701023903176,1.056481310115058,0.8495425342220594,-0.3846764857750129
-1.885003573424613,-1.0383050318460458,-0.34086634380809105,0.10398146130164872,3.7442218925170585,-0.5307634818386477
-1.75533986362898,1.0021217620900227,0.6285385752992882,0.8972562058964983,0.6465393240756749,-0.502009846531451
-1.6860380309663496,0.8986258595931592,0.39682792917095533,0.8056974856412311,0.49371982470058373,-0.6572307791301378
-1.7330857033985823,0.9721913600642322,0.2760444955248447,1.015588562663593,0.5244557599283414,-0.5561094563259475
-1.9529246981229642,0.42621345603066746,0.3345436926078061,1.014126112699422,0.24134274341858908,-0.3833520137365125
-1.8659457322641277,0.5905080596252665,0.203099374265956,0.9853795020974503,0.2800541424625522,-0.4902173120410243
-1.8509667487791108,0.3388470215420937,0.2709277675899791,0.7520267233035673,0.13093194687290033,-0.597749419658694
-1.8077411084995094,0.4881396709163857,0.258403591575306,0.7465191681899637,0.20729435102242108,-0.631647510211206
-1.994370033761553,-0.0996619096222001,0.3677106370186759,0.7373751894818602,-0.07476723750808606,-0.48669466508403403
-1.9366884543039824,0.09140106659359142,0.24757663495742557,0.7897156707565317,-0.0050426807252732285,-0.5310090193650339
-1.8978094357315842,0.24591627660125195,0.22672965316599064,0.799710643371624,0.07378164459460954,-0.5567323199658987
-2.3780767787503025,-2.0443375733233173,-0.4318837594058565,0.43781270797410343,3.215542060320966,-0.058862200617998614
-1.976250226198149,-0.33710226699006407,0.00033411990995184924,0.7401170066309452,-0.33285962184137785,-0.6003593450415354
-2.1305319042049895,-0.6478864352864,0.1483078531223354,0.7992317935340596,-0.4392631099939404,-0.4310067304730004
-2.187306219816727,-0.4117441593747168,0.2661691968208231,0.9898285856360183,-0.23795407327466744,-0.2663419171487548
-2.4686242146184054,-0.7937294615036423,0.5373141926842213,1.2194362631110434,-0.3124139532304418,0.10400454854029857
-2.0595296304782766,-2.3537668312316176,-1.1733555086741838,-0.05923740926911944,2.7062437652031437,-0.719510219373394
-2.1466918348498516,-0.2913010684024265,-0.06533723466654762,0.5246440443991154,-0.40220913700025107,-0.5261956083914403
-2.0556251879509873,-0.19647289437583254,-0.012389556645758514,0.3384656991283617,-0.3604828621353875,-0.6627623514456857
-2.0095839661158434,0.04900822963196226,-0.032101121697051295,0.391888539848901,-0.22519968245395378,-0.6709076047790031
-1.952903868961538,0.11087752686786041,-0.07159307581139565,0.3222188206986997,-0.21636350713145752,-0.7530691273272981
-2.1483150585860566,0.0521942958558825,0.32758521404653507,0.48062827053139573,-0.08037193270615904,-0.4371890629781495
-2.368047674901528,-2.216907893637772,-0.5031300836723982,-0.34345558450757113,2.9382151016409157,-0.3851951437034858
-2.232063994049128,-0.37553746636957586,0.6332424401744045,0.21499938622264234,-0.24516098518991805,-0.4312892048701832
-2.028708118941078,0.24739167259870629,0.5018831257371326,0.2064104118876012,0.04628391386987745,-0.6021514091745548
-2.109483427898672,0.3409280282810311,0.759839888453734,0.28017853464822035,0.20163490786664642,-0.441426593811604
-2.0915136209087817,0.29221680477764883,0.7857445094656492,0.18630026414209236,0.17012492608894877,-0.49275585785201126
-2.0743678403761896,0.5467417322661242,0.908435328223875,0.22167960394263655,0.3585791900650594,-0.45160082958711767
-1.945858660233357,0.7162263845853621,0.8331770022391058,0.07819578018763156,0.4015657880833313,-0.6265575707801809
-2.0232952093020087,0.7310323945831771,1.0483831951717926,0.12805767727640402,0.4946427442477777,-0.49187144740441213
-2.2503880908443623,0.7250464188764935,1.3555105346245144,0.19814495278043587,0.5968698529264351,-0.18930631754557806
-2.061769006531407,0.8364502931029575,1.0901704498095892,-0.0006295928343254544,0.5315308621240371,-0.4836129492391842
-1.9991794621120664,0.8021759313453664,0.9656353661405809,-0.08882353154031067,0.4545723609629983,-0.6026665179053345
-1.9829156518111701,0.8146891458605461,0.8334739251050493,-0.04004884250283075,0.4219255486355588,-0.6256959309432595
-2.148927151260076,0.9576708626598838,0.9906121967345541,0.32223682475263554,0.6131606619209232,-0.2942758255794035
-2.1181703939989793,0.9013292375543941,0.8291495486638478,0.3144872477486636,0.5236369836382466,-0.36308939595191203
-2.125897785493852,0.752400315510437,0.7163408825240017,0.3091764927482907,0.4013840522230575,-0.3924856253240263
-2.1184509501971855,0.9877930427378535,0.6246526428196946,0.4902672815045043,0.5252941336482257,-0.3322074297056294
-2.1834720593284533,0.9410028236433158,0.6107646947193068,0.6162656766304262,0.5146815087404032,-0.23152390127129965
-2.247748270380403,0.8844161333179491,0.613090630368201,0.7248630498270929,0.5017943718045172,-0.13548611453503687
-2.220243472263709,0.9279396664330655,0.4773205039396378,0.770962179844715,0.4842222283403456,-0.1680137712962235
-2.165057083144049,0.9260564734767022,0.3127450931703633,0.7437332102333072,0.4201440363472441,-0.26302558442408713
-2.1914592020237915,1.121812653330649,0.27938675419077913,0.9400858255361995,0.54582960876688,-0.15717850995939656
-2.446749275324233,0.8464516086909628,0.3898230830856806,0.994385942404702,0.42614431777356854,0.1056268977112317
-2.273698349505887,0.8407236493619121,0.17962963556507638,0.7277000877061698,0.30596487499949393,-0.19730159555584037
-2.2370673739209748,1.0085583448905886,0.24648401109096715,0.7062991652591347,0.4179361738650248,-0.21261805396080768
-2.1679254776326,1.1779443766687432,0.3356214710297227,0.5993605556685813,0.5252594854844062,-0.2852680570162202
-2.295288409693119,1.1988590100644476,0.5457286889472581,0.7707450618094535,0.638801340533377,-0.05926336087818303
-2.2459217162052694,1.225860551212308,0.6086334279643365,0.6378733417084032,0.6551152369831484,-0.1396666100349203
-2.2273362412625137,1.25945314442487,0.7162844620684309,0.5482453591376596,0.6980096294261084,-0.1662603143743408
-2.1442602101486825,1.0861118719050737,0.6445713632622357,0.2947754591036106,0.5383934135648488,-0.36641266096519354
-2.1998888668664467,1.149964375081006,0.7646478627266499,0.3804987691427577,0.6299463055237287,-0.2543726811472777
-2.346959398005923,-0.6079726546933882,-0.01895313719833254,-0.32739515254378054,3.9621616469292813,-0.17726043915916734
-2.135801040432859,1.033168530389713,0.7775652035019475,0.1470864660811394,0.5349126410163233,-0.4086938441764879
-2.129727298252872,0.8581317065307175,0.7409373460589098,0.04168656686667239,0.41039479062618256,-0.47575533895519173
-2.1009021360276097,1.0949655643376106,0.6356314679470042,0.1760270279339179,0.5233552693001172,-0.45644392119767896
-2.392642495087797,0.6748051601840608,0.7370090942774157,0.10282824796175911,0.2942970380954934,-0.21907811737180674
-2.333851560987767,0.5214684801105517,0.590953527461674,-0.041700526735653255,0.1362966931364758,-0.37004899697345284
-2.2916855419230266,0.7366576886991779,0.5495436109562588,0.01713348717834447,0.2480507369707643,-0.3790779290443935
-2.3085058305069817,0.7390201688522758,0.4231497421460534,0.13197941672605157,0.2222496897896346,-0.34627679681240386
-2.2406866720861425,-1.4012021275952689,-0.27198570861355703,1.7987487764724823,-0.8257241425087724,0.04297927744030264
-2.3697861668842175,-3.3670763214722466,-1.3157843189681449,1.0813782198844488,2.298712630690787,0.030877941508010973
-2.2518879949584285,-1.442935652860303,-0.3676557008567624,1.8488083820679935,-0.874311821091363,0.048271181996785484
-2.060868499719046,-1.0337371913220115,-0.5062472154536504,1.7500663118762756,-0.716495785311334,-0.1618520333183481
-2.127477519859762,-1.030933408235717,-0.29746072487311165,1.7739642618436344,-0.6364480849819961,-0.04885852859638475
-2.11365567780525,-0.6284443885746985,-0.18167407565013743,1.915388882710132,-0.3534943605946309,0.04567809243543916
-2.0659183004612913,-0.6853957897510738,-0.1658830557397007,1.7706815573354278,-0.4020503827507386,-0.05275574455989823
-1.9271385385743736,-0.6866134483855357,-0.3462269065858991,1.575064319099399,-0.49850434158519813,-0.28974095011013673
-2.185039159387418,-0.4350074440313819,-0.0022883066394586084,1.9566867935380394,-0.18830741601516454,0.18458466789909161
-2.0913172833865104,-0.26621743777148027,-0.02093530342482627,1.8674665628339793,-0.11758824643918864,0.07500342805831647
-2.023792077030665,-0.10345783191166866,-0.025802684196307647,1.8225957571364466,-0.0380858055196831,0.008179367930652333
-1.9914347414762539,-0.18855227840822397,-0.10862070122235823,1.750424367663541,-0.125536484721115,-0.07182372550611353
-1.9818965027719762,-0.11812830199923088,-0.13570623679854574,1.7899674722837666,-0.09077111859155221,-0.06566247932535324
-2.1276780408330445,-0.06921107310714116,0.18551580731037187,1.954827656253851,0.07659426408503657,0.20001481429948734
-2.011571255743299,0.1083925993096624,0.07397590455708114,1.8691016011135129,0.1199222279963229,0.05176331725199269
-2.0340188906951866,0.14136321002123597,0.056091437706139106,1.9392306264208719,0.14321677577665576,0.0960646713721792
-2.0976423342252173,0.30117511444361594,0.05305047906019911,2.169646869885253,0.2661288795320728,0.25109835780799067
-2.2159720930056372,0.21464975059108682,0.11401805086061985,2.3351163072645225,0.26755593505682734,0.4264095413192376
-2.177715409967039,0.29869185435614415,-0.001534522139701825,2.3588537735307766,0.27642720327931997,0.3813710811929766
-2.170510850081048,0.38274830389602615,-0.051886382637276206,2.424078924847175,0.3144550793409424,0.39533959442504013
-2.1223431809305553,0.4425047698191493,-0.08297542983577892,2.375417362872295,0.3279323047439972,0.3315865825544645
-2.194781796681145,0.28964961273228357,-0.02150989014417727,2.290916885712233,0.24540348754535138,0.37072590347645384
-2.1179185507600087,0.33866921753289175,-0.17101600858375005,2.242868875601256,0.2107725516999161,0.2557669894355888
-2.0994279073148117,0.44745764075106104,-0.21338465235186477,2.293117952875322,0.2627541150460642,0.2572802024102272
-2.06155682338305,0.5624058858884341,-0.2811248536199961,2.3132566439146025,0.3046322077607447,0.2241669091047825
-2.0692140906152554,0.41688006806925004,-0.2423745244109526,2.21360817786799,0.22389008533911933,0.18991892896892482
-2.201697056133034,0.5228798886709494,-0.054264059441923085,2.4562992674597424,0.3874407499756213,0.44868994154441416
-2.1181273413939805,0.5985685409122539,-0.05893574759962366,2.311932480008933,0.4046041823414832,0.32170831510955755
-2.1729827396459944,0.5302400950719202,-0.03529140632594671,2.38088112327733,0.3866126584848274,0.3978719334125342
-2.1179437524772617,0.5048781398463239,-0.19768159049249276,2.3414604252986524,0.3084203024405289,0.2974931906657022
-2.1585340024264106,0.26490029129738046,-0.24713720790241803,2.3186342339107573,0.15635379102838518,0.29806357615704815
-2.2369625452593342,-1.6957091028619378,-1.3394176242340723,1.5271315380734778,3.254194736909999,0.20300079423900305
-2.081577604684356,0.33929217649292576,-0.3409372460283287,2.247844083534387,0.1521542104573164,0.18722813552213027
-2.022592796218525,0.39399975916515284,-0.35007338701032836,2.1510558922393987,0.16363333644952088,0.09853366264291599
-2.0792258290471217,-0.13585687247483666,-0.35637016009640937,2.0356655526546876,-0.14029339441610278,0.06358065638799554
-2.0869838383390737,-0.35150017941594763,-0.3304222592762668,1.9039029045026943,-0.2690060123954347,0.00973936815547339
-2.023398397998686,-0.17501806543074724,-0.2491146938117518,1.8161571394328944,-0.15745192542263103,-0.051975525761954654
-1.9837459840546119,-0.041017788099877696,-0.27937941761213747,1.8246343036155346,-0.09384635757284017,-0.08151238034973445
-2.031346605125167,-0.16516818967010855,-0.24545971102322803,1.8339989622525885,-0.14773447553404337,-0.03698794236189022
-2.13370406624515,-0.56373088568884,-0.20528869363086005,1.7964358518369152,-0.3562210026927151,0.020670768186843498
-2.1071344221901676,-0.46158646468275544,-0.1627658562613263,1.7710253712182273,-0.28926252530550683,0.0029120701283988086
-2.1210170969179223,-0.7847995496167461,-0.11696936745615483,1.5833848899458995,-0.47872638355397396,-0.06937042292176196
-2.7261038981484518,-2.658280154113794,-0.4483554591662632,1.5717619641222194,3.061222335425717,0.7755795865603575
-2.177171736130093,-0.9107075897843391,-0.1533264347831021,1.6664160812544704,-0.54793843414404,-0.002040799331177775
-2.3822519274104974,-1.1843547850328715,0.34438594274378653,1.6661493401810408,-0.5193347643765961,0.26823984948046525
-2.530311889038107,-1.2281794760205336,0.604474947722353,1.8173519807089418,-0.42652141505874097,0.5113774399056219
-2.600592341467919,-1.1944555672147872,0.7438833717003435,1.9113545700887398,-0.34349306860906426,0.6423911953592676
-2.0431324730091203,-2.5933972126001787,-1.0875863827957435,0.4770785876608389,2.6947518162555406,-0.38746697583797746
-1.9654517624310337,-0.7772127603525663,-0.05090927081704407,1.0546919619508839,-0.5456542994267012,-0.3906142141678856
-1.9557900572807672,-1.1897145947908627,-0.12164300592553282,0.8239256848343633,-0.8317986542659843,-0.5322880151555893
-1.9539877797137661,-0.8666746136158108,-0.026639366570133396,0.9433902634388132,-0.6021574943826619,-0.4470864091181204
-1.9217036840767479,-0.7822496890458024,-0.0827132893365401,0.941242340717806,-0.5756502589918082,-0.4846446780104889
-2.0919366308035934,-1.091804438805667,0.07346445305869771,1.0271367228784103,-0.673929752873461,-0.2894612699489361
-2.3686125272349536,-3.282634614516088,-0.6956869638546853,0.33017529819802577,2.4300055984053777,-0.12032721391322436
-2.1837103560010673,-0.4280810246770982,0.39305843532956564,1.4149530133869277,-0.1353976460745844,0.052727288875548284
-2.0122704385316013,-0.16373770004988425,0.20592918759641796,1.291647843379035,-0.07705722093220815,-0.1709662157765238
-2.0493638042029807,-0.23121362520265784,0.6248210279245059,1.0695804175168688,0.0017969141795080455,-0.1412151331168183
-1.931840004218964,-0.2580904777796803,0.7304840680793989,0.7141344349042877,-0.03027238150560091,-0.36472987286274505
-1.9408372002708105,0.09737745019082343,0.8435659450193045,0.8712348695303255,0.22912457571652034,-0.24865713222058225
-1.854447706968163,0.428144962460439,0.7353126780979478,0.9334881333381022,0.3809337765096914,-0.303002093419401
-1.8996688325747266,-0.06582577154678668,0.7525045655993658,0.5990114760838356,0.05863119698822344,-0.4197818870489415
-1.9037581977907725,0.38549973676487703,0.992839559740826,0.7267968621209074,0.411100926113501,-0.285816580765206
-1.8755087852426253,0.5407045829664973,1.1772073696041738,0.6372960385544275,0.5480309461426035,-0.29704493665340514
-1.8784388849391374,0.557800912607402,1.2892165983036614,0.5798890071663392,0.5887912119405821,-0.2925977878704618
-1.7836445198700226,0.6354839575579874,1.160541425948684,0.4851337264150761,0.5705773396714778,-0.43667929219610224
-1.8201726508563751,0.35654604041577714,1.3297231908881608,0.2894215690264215,0.44879536254779595,-0.46408776146781683
-1.823265376093111,0.8318369415639592,1.3940686159543494,0.5385589931071816,0.770294001991716,-0.3192901997253637
-1.71684740057045,0.6485359392838631,1.226599649574372,0.29889176322487304,0.5722663925730023,-0.5540980994371157
-1.8242139525894647,0.853341717250972,1.2187606907000288,0.6778203802378262,0.7400708529589599,-0.2978688530271082
-1.9396953140607904,0.9662076274505845,1.2665834169733763,0.9856802409597799,0.8665276870848763,-0.05646551396767247
-1.94931655612025,0.9500364813343044,1.1976580783805473,1.0482368256661347,0.8423389454280955,-0.03821558200434722
-1.9685323916800728,1.0432355251013898,1.2238499189333367,1.1337752661027984,0.9158154275713715,0.024267395752197225
-1.8718898955286387,1.0640816653390415,1.0064443914709746,1.0570505857747596,0.8375594856102366,-0.13681673203561218
-1.9723293824483947,1.0045821224132827,0.9820406500136685,1.1621909398149817,0.8071997642173655,-0.012911951012530617
-1.9775314059662916,1.0614599717424233,0.9205148009952924,1.241802526829888,0.82893161594314,0.012993095759104767
-1.9033338326657137,1.2322553473452313,0.9983193376131452,1.128224744833121,0.9321122578815176,-0.06942128030817024
-1.8530057443906727,1.2814751396510422,1.060045134403594,1.005256918204258,0.961796150947912,-0.14582973745257655
-1.8013161985657904,1.3623467055321201,1.047508205089581,0.9432678317376064,0.9917524036757853,-0.2133837647818772
-1.9344329735665957,1.370420253544465,1.248737165503938,1.1230656927292182,1.096581907386873,0.017988237524094453
-1.905691702755802,1.317849411874156,1.1164400950971296,1.1041991466590992,1.0178135231604568,-0.046932297983855564
-1.9532579372586953,1.1906402436568477,1.0203900133401387,1.1895289047278195,0.9277672501989569,-0.0008352759239708842
-1.9476491677420797,1.2085194307653044,0.9596735787425749,1.2219070881303649,0.9210429413784668,-0.005249787614305828
-1.937266780220077,1.1921662320511028,0.9567837641816057,1.1878983619808188,0.9059104785570894,-0.02975054525707802
-2.0132283404940052,-1.0810998074094766,-0.14984118398778656,0.20630334985978993,3.7986730194735823,-0.225719066422559
-1.863243748391697,0.8653583053726144,0.7740877909818099,0.9245519640810699,0.6217375300833683,-0.2602738515798508
-1.8701175135116799,0.729077353576416,0.650618274415589,0.9188492581367784,0.5032914231605671,-0.2935508291856867
-1.8945400859172281,0.7734387073111884,0.4914231784154388,1.0835004515423727,0.497259646422353,-0.2402971535866792
-2.1885694847933213,0.34759142590925296,0.5153764458883101,0.9616247320517676,0.22430436561630465,-0.03409375820277013
-2.1314551872820067,0.4619395768616798,0.4203819802961235,0.9477212093866197,0.25118629477956445,-0.10425996592109603
-2.1720097752018614,0.19566933073268084,0.568618259032047,0.7816716812087949,0.13346139209820485,-0.12011066857534207
-2.1234533698683244,0.2942537902403013,0.539960821250972,0.7432650900930947,0.17125717153574385,-0.17841939375261087
-2.2680424458551953,-0.21264086662789616,0.5997285825876055,0.7186446201814517,-0.0868988388974515,-0.0819144340753508
-2.2534712340216494,-0.0699975154880375,0.5360183527975274,0.8044140665655524,-0.01810129387783001,-0.06616990074430808
-2.240145160462278,0.04620351715344388,0.5470791728317476,0.829356746154757,0.05362035114395541,-0.05916399972545338
-2.868864044450751,-2.4980645634973215,0.06861739199740009,0.5382551431533056,3.1326215573810225,0.6193423556540618
-2.3237175395043304,-0.5386509674076946,0.32810153609134735,0.7757814268924815,-0.35042571683215273,-0.09442224855850655
-2.559863675588346,-0.9912599043042873,0.5751534369108073,0.8730609324163224,-0.4926245103910853,0.17402928398431014
-2.657855359312885,-0.7656268167419502,0.7527622284841883,1.1137898680422982,-0.2677789294955807,0.40684979706011376
-2.8701598726321698,-1.082047452240942,0.931688932446223,1.2838464511984407,-0.3488921217732958,0.6774955138916435
-2.410954255873198,-2.551815914418424,-0.8390331620728112,-0.016409886363480477,2.694048260020003,-0.2056208084128663
-2.3655937586183504,-0.5045987368111094,0.13905763763835538,0.5010924070717204,-0.4694427081640194,-0.1903913849027526
-2.2990318759696957,-0.44065378903602703,0.2235404128226378,0.3322144538750172,-0.43053406246284903,-0.2938227111188374
-2.2749210621851836,-0.20898360209931324,0.23427889338808167,0.4081323246441328,-0.28834030986406983,-0.2681746280503498
-2.234858921925335,-0.2101861786720912,0.20934911196540348,0.3288067425653564,-0.310165150219871,-0.34049825264837447
-2.401000355051147,-0.1562536865180452,0.5831373153488725,0.5050057737404601,-0.11912397858337115,-0.04148113666211413
-2.621981117465538,-2.415517983330479,-0.24412172979038563,-0.31240241613432934,2.907107555968562,0.0156234710814827
-2.537743278725109,-0.6345802042461027,0.959591932172954,0.2849958986620545,-0.2789643352795958,0.04091833727975604
-2.297485061364765,-0.021154424947251046,0.7717153722375723,0.22194799889674072,-0.021483776918950277,-0.19661091941572645
-2.3385478175352743,0.12227107380972044,0.9785778866084918,0.2676235785965942,0.13833852179191636,-0.08960945860035123
-2.319197751396909,0.0936034095982248,1.005681283302747,0.18207077610151695,0.11948270536300594,-0.13730966320548016
-2.3267627717979864,0.34867278910292904,1.1652905694739042,0.25097360973318655,0.3267150638938561,-0.05324762931840925
-2.185257132376544,0.4979063492320555,1.0673867945005482,0.07972602055015326,0.3462026400955618,-0.2567544563125495
-2.2139177900355964,0.5953266117504299,1.2232746528350795,0.1059043125709353,0.45932671204907605,-0.18166613311528879
-2.4423966530491508,0.5309389322779521,1.543391458583884,0.1830286176468499,0.5384673743323151,0.12199539277829317
-2.3118338304926627,0.6299709911188216,1.362563293519406,0.05607474832727083,0.5079246298944563,-0.07560700563286174
-2.256688411840595,0.5864985101415889,1.2476378509626531,-0.026770329926652573,0.43023555607415803,-0.18453948068291856
-2.2195117341903297,0.6544483812618442,1.0932876623126897,0.022013212821241076,0.4198443678275557,-0.2271181710231037
-2.3474395670372057,0.8735486708218287,1.2059960594270434,0.3717062658751025,0.634659715415057,0.06125401651055531
-2.36238379430657,0.7393676104910988,1.1000458334868952,0.3859298683163926,0.5260584683394594,0.04815360405794305
-2.4371252848396994,0.5643254006106695,1.0828725745688095,0.45751424154988424,0.43589569855033633,0.126834548545371
-2.3972235949994274,0.8282333244830433,0.9474283617732934,0.6094141948527604,0.5550900905259675,0.1395231231884354
-2.413493936445184,0.8030262401004805,0.8643786294221976,0.6807807399489482,0.5228945806709523,0.16235368210697734
-2.4964021944819867,0.7292480971514766,0.8916818641030247,0.8057127971875674,0.5121506038282342,0.28545984664647645
-2.4819632941173517,0.7915137492251014,0.778412657172243,0.8789005302744309,0.5170980236978313,0.2811475719334872
-2.445377470855035,0.826207426095482,0.6474808335880544,0.8952646510994334,0.4918351334394648,0.22927597734930452
-2.4588020911088773,0.9889807397182618,0.5894526327084542,1.057421736748036,0.58535072406348,0.30279397791154494
-2.698215219905421,0.8004048983919735,0.6427355828418126,1.0531781422856474,0.47635074088153245,0.5263417876048744
-2.5464883888078127,0.7919090338863426,0.4638776347416195,0.813778358107905,0.370166692609502,0.25946964530749245
-2.522573690390487,0.9402807460303075,0.5465364188768543,0.7996079437979664,0.4783291231985675,0.2603153731994307
-2.451350190404162,1.1441085228246592,0.6381493038581993,0.7073540575018151,0.6076062663292491,0.19439237223657074
-2.576060516784287,1.1817887220087318,0.8470207285044342,0.8836829368656558,0.7306147016017359,0.4208376448374936
-2.499091548396143,1.2099559229651582,0.8689854713269173,0.7142732573367745,0.7271680297864623,0.2930457620675714
-2.5188910682490633,1.081822049139012,1.0076749576986115,0.5941983499883197,0.6882937291711722,0.28436624874160565
-2.471624635741366,0.8531592632186035,0.9803832134164095,0.36082846449654143,0.5176009800939108,0.12957257916678575
-2.5149097798783844,1.0327548275643355,1.1008048386376132,0.4887030772497751,0.6789460444282203,0.25496631875140807
-2.5747121532992376,-0.59552513863212,0.2081482068358284,-0.270770779387447,4.0346459956357466,0.220014160356737
-2.4049348421954595,0.9096840411976085,1.044346216017248,0.19038908353289,0.5454624478263975,0.01941097508464368
-2.4164560199117315,0.7310330638950272,1.0333632703834577,0.10683141251913977,0.4315864770684736,-0.01829553248661769
-2.3779471469813234,1.0541248363973998,0.9275947270204983,0.27193490937197246,0.5961997570034053,0.010131069776846448
-2.7027628313861944,0.5659723511348645,1.0359213217230616,0.15516117718134717,0.32117566162116784,0.25939381291453206
-2.6444723057383435,0.27638014642479547,0.8685728094035354,-0.05784913759581764,0.07057291415045837,0.06844917380158366
-2.610407362938856,0.5620794711464873,0.8506462436548569,0.0476739905722329,0.23647613955206462,0.09456967396499502
-2.6277673281370917,0.5828709584945989,0.7280387085709372,0.17260023799817406,0.22365272323349286,0.1338287127828515
-1.4227403142082584,-0.1584038137852904,-1.8481591044415993,0.4404788325854292,-0.9874056050692978,-1.3337347263531243
-1.5230753627044344,-1.9575241413139548,-2.907977319732501,-0.23104120444423684,2.2293452265638276,-1.3456876932621973
-1.415091235342316,-0.11661324890042273,-1.958479347373952,0.507523485671673,-0.9930658741196215,-1.336056382168399
-1.390855033440993,0.09967202418737506,-1.8796508325186214,0.5352966504664198,-0.8426370908424452,-1.31547987707032
-1.3771950598485303,0.16733080041834444,-1.7798888040670733,0.48419785830773265,-0.7780784706253274,-1.3218149892729183
-1.3426399921697085,0.5745660837465583,-1.6941334079378159,0.600206940361862,-0.5072902246540552,-1.2616532270637963
-1.3189504061067163,0.5109356127945108,-1.6433289378942748,0.48463836660305004,-0.5423943063048989,-1.3203305939796772
-1.3028994713846493,0.4022120884217746,-1.657894116133428,0.3997525583969208,-0.6206932797365214,-1.3770890770134712
-1.35522723855027,0.6670516554633273,-1.5661493961653692,0.6001205487047399,-0.41452166360693776,-1.2130295672744429
-1.33218807072791,0.7868376044715726,-1.4871099305939006,0.5813104810249411,-0.3244895217920558,-1.214865507419098
-1.277831795112494,0.8047129622325003,-1.4956214584265386,0.48073573894133165,-0.333978318742074,-1.3022317449844698
-1.2708647929431838,0.8379675607655983,-1.5214206284931688,0.5028152561373487,-0.3217469931334599,-1.3028220163281223
-1.2890322648468022,0.9031214524261835,-1.5080407095987516,0.5769765945942835,-0.26993117731056226,-1.2503008583926605
-1.2974237485913518,1.0292435252541177,-1.379032095343844,0.5962200060008432,-0.15219540706247783,-1.1990885489989016
-1.2810830257750072,1.183586310012631,-1.3456983011773322,0.6328763797376348,-0.05044944034765816,-1.1817795086075666
-1.2653655309307557,1.1441084409505795,-1.4325995347679454,0.6145995053294033,-0.10517879510642711,-1.2254757408191908
-1.2928849140491505,1.2072137244427357,-1.50551126411178,0.7470694197441116,-0.07530897719451095,-1.1621467452875753
-1.3443927892360137,1.1501715330365396,-1.5397702542426497,0.8373211081048142,-0.1036920046925515,-1.0938414164840826
-1.3299244308622176,1.2862843796205004,-1.6118675015865984,0.9192010891268187,-0.0417328119966462,-1.08239577026657
-1.3452613617005242,1.3153459251299078,-1.6375352911641168,0.9868303953111979,-0.024447352000882407,-1.0459307033047636
-1.3344682451066687,1.3368889445074394,-1.6189558388260068,0.9691591396935424,-0.009150396508043454,-1.0563956765439861
-1.3436301324563205,1.2730272594564376,-1.5828921718221396,0.9376606609973757,-0.03606004514647437,-1.0567018444358989
-1.3287343860767031,1.2586962275266946,-1.6501491597691864,0.9409277729656447,-0.06770821970878857,-1.0833723450141297
-1.3364742600903194,1.3394922810613845,-1.6579286348977258,1.0122762579511333,-0.015280695985331008,-1.0448629156474296
-1.3427747141308675,1.295905702795812,-1.6856368004075228,1.0112718404004504,-0.048739800478905845,-1.049190528691162
-1.331494722297807,1.2714235875029951,-1.6556580758993926,0.947492415034755,-0.06104066083677995,-1.079995546436617
-1.373859788611296,1.3465164000607914,-1.6069805097555183,1.0531672116988118,0.014248354353839532,-0.986445743701017
-1.3127518175376696,1.4792160262853347,-1.569092868664998,0.967860070381295,0.08699109050798326,-1.0575761870742262
-1.328840921325328,1.5027217056809536,-1.5881690565537296,1.03140139757735,0.10286605912417227,-1.0208123109487859
-1.349230335041239,1.4029791415594397,-1.6500039504847797,1.0558275112367514,0.030167326259981572,-1.0129069266381405
-1.3646001241525259,1.3040400710243838,-1.714031994611592,1.0707924399945943,-0.04436746411033576,-1.0135573133735414
-1.477908646563069,-0.7072216904104643,-2.7623424995547596,0.3006321727350099,3.044959329051522,-1.0633551913016444
-1.360789071158087,1.2431184803007782,-1.720486015604622,1.0298855531463798,-0.08633318737468082,-1.0382893985982478
-1.3445210819988618,1.0729142964648568,-1.7024091544696114,0.8763670854211967,-0.19653490510320604,-1.1205546451204038
-1.279511279307068,0.9307666973585565,-1.746829910425243,0.9315806608516605,-0.2643797400572363,-1.1857095329232101
-1.2967681911185895,0.6867902475815153,-1.711360270464024,0.7981814814867474,-0.405370643068416,-1.2316462937359278
-1.2373011391137156,0.8638184433649717,-1.6238766874046486,0.7162190635296348,-0.2903956844235211,-1.2861061388948694
-1.238390543108798,0.9354630356918157,-1.603570157001334,0.7478183112683643,-0.23901703226204346,-1.263901889303777
-1.2414106780451368,0.9456158268136861,-1.6144031380225732,0.7653451165494236,-0.23448098499623307,-1.2562564042241082
-1.3018640129732586,0.5567058482463791,-1.6351671592533268,0.676273599026064,-0.4676098269551637,-1.2682143741237566
-1.265806598338334,0.5946276071756095,-1.6172270282440457,0.6054652391103023,-0.4515621964879353,-1.3216684118054591
-1.2424649647798984,0.4411525293698163,-1.5993032952140644,0.45399599481373937,-0.5528722381347103,-1.4073663504168845
-1.5012793226809222,-1.1827107635676757,-2.4061474203396678,0.10335826405561017,2.8995781293202136,-1.086394222541279
-1.3292800774574784,0.19906900492014362,-1.6084440678725171,0.5195290984154062,-0.6784004036700892,-1.3216239193670307
-1.2812159116863402,0.1827882388770163,-1.4461568286757045,0.3094632341070936,-0.6626473712882096,-1.4119244382133176
-1.2932922549517585,0.21818914687687785,-1.3757630381435062,0.31803262352156403,-0.6170005413630242,-1.380152321059235
-1.3609612073018882,0.34630323399594926,-1.2248725693747637,0.45650204852471704,-0.47146828084925746,-1.2252958901559137
-1.3116724849948997,-1.5289147706185797,-2.3760387545728525,-0.5358300125567813,2.620285574883768,-1.5189349108989703
-1.183635023327755,0.3895606108338226,-1.3340113668297862,0.13494597924933283,-0.538564813029361,-1.5277514945167627
-1.1849697100034657,0.07960149145219336,-1.3717276803683776,-0.02895200468020528,-0.7465311466050997,-1.6196425341541818
-1.1581215195442687,0.3368514758885355,-1.325029365997283,0.023193113883411127,-0.5805670894585222,-1.5976978075927548
-1.1739773061457097,0.25515383133292174,-1.3365831349623294,0.0012527904456387977,-0.6316953022522944,-1.6020081839520468
-1.2350363788633758,0.10414947237158713,-1.3177755029432683,0.020525263978310743,-0.7032218151322623,-1.5483378408036481
-1.3436763400947953,-1.84716362628047,-2.298911105999368,-0.7811457296138976,2.438877859387755,-1.5982527380284322
-1.220434698124904,0.7146577270256674,-1.1658885214624235,0.23782949356958916,-0.2804506012026188,-1.4064573735134525
-1.1928847480088438,0.9610549551769739,-1.1416989772970974,0.29884702178022093,-0.12726754433949228,-1.386788560238889
-1.1563268615444608,0.9828088548423013,-0.8183240952050995,0.022851948158423275,-0.042455482693357784,-1.4578047098963431
-1.0864892517515594,0.9611629666143242,-0.6409541315444993,-0.2659269176147471,-0.03551696883299599,-1.5974027321032795
-1.0711643143944347,1.2850215057741101,-0.5694518528933644,-0.15774252347188208,0.18411098148982583,-1.5330141234293158
-1.0702974311872464,1.411839268212573,-0.5834898847315343,-0.08411747531120574,0.2603556346035051,-1.5007240864239786
-1.046083137843028,1.2931829065575082,-0.5465706533655564,-0.21452540977589413,0.19077416147971676,-1.575367753373769
-1.0253462766783021,1.483078190000788,-0.38576299793816815,-0.25299346142911583,0.3462699819701659,-1.562857140368159
-0.9788829321758743,1.6846694308818562,-0.22123559430994277,-0.34359267218186257,0.5012095418553058,-1.59181389059649
-0.9788436012140003,1.7450412728624258,-0.10679496431264884,-0.38312921766750974,0.5692325854785045,-1.5796237299590996
-0.9630554356330564,1.8272433254613094,-0.11715060045088203,-0.3694070415796139,0.6128882923778487,-1.5857958177595013
-0.9681189736651974,1.5201427163350447,0.00043927401371327387,-0.6218434845328007,0.44839804987531945,-1.6761615101522667
-0.9528507389719689,1.9126186705649613,0.023876067513055082,-0.4395432172634731,0.6996537812767087,-1.588040437193722
-0.9333799265681003,1.7787373230219454,-0.0056552778312464955,-0.5369014119892516,0.6002491184175838,-1.657411461233999
-0.9694324034587711,2.019596241487773,-0.11355956188387888,-0.23535237121739663,0.7396857873318313,-1.5134798765461668
-1.0100766441342637,1.9495935394701387,-0.20647758287751386,-0.12073339293094527,0.6857617384048975,-1.456094280509761
-1.0207160527903414,1.9403196294381615,-0.27239708862026596,-0.053049224176946005,0.6671811335252412,-1.4337767561690369
-1.0312697902474588,2.004090364686611,-0.26376856750914296,0.005972678926128029,0.7141659108602558,-1.3950288819588592
-1.0333657126591622,1.9175984049608519,-0.35149612196911706,0.0075306523048443,0.6361667155929442,-1.417571841800816
-1.0466813361171368,1.894834689977477,-0.46226239022385884,0.07832706021849248,0.5949994573888033,-1.4034817815165677
-1.0788263154639968,1.866176528273844,-0.4975714962246144,0.15070355077489253,0.578393766320247,-1.3566768804391494
-1.0361780729780916,1.9969013927507848,-0.3792742728106688,0.05920273347798539,0.67771356269304,-1.3965600323704166
-1.0052810911619132,2.0129362092301246,-0.29386401956216246,-0.054401525534059726,0.6992621429512069,-1.4492454691163998
-0.9860155213984833,2.1081156222033988,-0.25566940890552,-0.06544138997784141,0.7631683498860701,-1.456367062156507
-1.0299900082190703,2.08648929095174,-0.19198750192145136,-0.0205713933632954,0.7813775636227565,-1.3880151537859942
-1.0243340936570333,2.093886651668846,-0.28008074374405073,0.022124932796970476,0.7607619268503518,-1.3949675714960437
-1.049983122824708,2.0316641902899337,-0.39824732789977985,0.11097615826907145,0.6987491439368154,-1.367278982531668
-1.0510537665004425,1.994497869492768,-0.4579007099624766,0.12441112084525757,0.6594436671138305,-1.3766311792599581
-1.0551436352770351,2.047983297854933,-0.4279061692487418,0.14533222059336523,0.702753200440027,-1.355154386804963
-1.1731453547074508,-0.10573914885238284,-1.4525220883521532,-0.7190171195750964,3.7084077135354856,-1.4425639245336257
-1.0604145857454523,1.846728512038496,-0.4722324480899534,0.05231052039347243,0.5632699855933734,-1.4109648663482164
-1.075426879198093,1.697596271301584,-0.5859727389990574,0.050812995682034685,0.4419929784735189,-1.4342227537992347
-1.1150481164984503,1.723141072200946,-0.7258829183485445,0.22613926219537642,0.4343179271581754,-1.360527040826687
-1.2913791463034565,1.4262060006595771,-0.8353613931370719,0.04774437732908425,0.1780897436822118,-1.3024161672673038
-1.274647872345568,1.3780565008484278,-0.896770449196525,0.005479502223457315,0.12404725419872474,-1.3516397248613004
-1.271378287885464,1.236809250513976,-0.7937817181165104,-0.15618386549155477,0.058930890734327196,-1.405920339664203
-1.2636057009496309,1.325374356056805,-0.763456577670079,-0.14492954046322531,0.12019840032851457,-1.3968034668125258
-1.3264063744493186,0.8372107479346353,-0.8227103574936065,-0.2701883758532363,-0.1861561909457514,-1.4362544748877295
-1.3034139240231188,0.93586927638121,-0.906259320340876,-0.21819248659321097,-0.15371136818994857,-1.4483709979087496
-1.2964031373280436,1.029857519848857,-0.8896901801305819,-0.1962416104645097,-0.09256248902173132,-1.4372987749977746
-1.5476379747420979,-0.8415096753125131,-1.8221521331482429,-0.6538552350436247,3.164335420217987,-1.210202244360666
-1.394386881719612,0.5905327970808987,-1.0643683906810308,-0.15706123928490523,-0.38684681799483106,-1.40447098876923
-1.399614787783742,0.37938089781944323,-1.1227203262345815,-0.24811864313412735,-0.5364011637227626,-1.4632648279060994
-1.429481480530891,0.6743698863529495,-1.035687144135911,-0.06402453208094167,-0.31507346807046804,-1.3276609927741048
-1.4737758904076879,0.46114971979972835,-1.090596097546932,-0.06771911621859747,-0.45095889252218163,-1.316775385858273
-1.4950315685130182,-1.5245077770593691,-2.2289850093665593,-0.9835999966445433,2.5977188067327277,-1.5236456118254647
-1.4850790082388996,0.5570877591373559,-1.1822849852319877,-0.383275071554616,-0.5079373491271035,-1.4286653212423104
-1.4349261878752526,0.6145363033919194,-1.074568347089852,-0.533491519111267,-0.4613050945499729,-1.5057706091335208
-1.4323067974233543,0.7783221058086418,-1.0428345930671117,-0.4631510338194327,-0.349446140302266,-1.4633306092457488
-1.415444959446061,0.8686767318563678,-1.0184220794349839,-0.4648246034147829,-0.29153228962595734,-1.4681105038884883
-1.4465979460302376,0.9117613804986553,-0.8475945081048164,-0.475759465365922,-0.20844784956170834,-1.405850090024521
-1.5860875633632379,-1.2586459381302395,-1.7819588090995624,-1.357724402732537,2.8177078114047003,-1.4630848643286027
-1.4394865869727116,0.7166800507458408,-0.639817383605913,-0.745617503710197,-0.28219930807762894,-1.487441329733662
-1.3889393646007222,1.058039185891755,-0.5891435225308946,-0.6916407307299568,-0.06913082317687004,-1.4784894920284566
-1.4031702391001706,1.128702624455753,-0.43417057360876127,-0.7190844641313845,0.021005576283587752,-1.4397921545647479
-1.377211593304924,1.1325749516513228,-0.4117803628187793,-0.7971008329215288,0.019382422793846377,-1.489251766128777
-1.3362762020156376,1.3095458699536033,-0.3371529170332861,-0.8331335321539222,0.1371728131856166,-1.5125318076049041
-1.3223017903109746,1.430915365560196,-0.24950626769386156,-0.8469517833307726,0.2326338864468436,-1.5038059646934443
-1.3009680856258319,1.5709320211767215,-0.16121387516094665,-0.8663990070397054,0.3375954142149197,-1.5024100157145308
-1.410608081410996,1.6823903551171413,0.008710541250981174,-0.8625570625797938,0.4470169880484789,-1.3528160653414179
-1.3553680508753472,1.7239463640438815,-0.06915965851111282,-0.9173466474205275,0.4333571928488277,-1.437362019840229
-1.3698535281958812,1.6801444031272434,-0.08042680152508268,-0.9067225162902246,0.40728291893140567,-1.4259934444118467
-1.3619791833916586,1.717194559281103,-0.19616289193357797,-0.8342395883255141,0.3976099633599458,-1.427187214959414
-1.4123670968101092,1.8780005726733418,-0.2084890439422689,-0.6184838485273517,0.5148760283782291,-1.2904359124635516
-1.4264754749940807,1.6915349430565334,-0.3241973675687429,-0.6319594999689988,0.36995400426208713,-1.320688796159282
-1.4350221489621138,1.5647753394871897,-0.43216837339698955,-0.6248949705954335,0.2634505965547605,-1.342003403032496
-1.452157563992882,1.754301669669431,-0.4945862915852089,-0.4339742595433487,0.3743934843414012,-1.252918887929881
-1.4825693611404815,1.8180668719832518,-0.5420990501137196,-0.29837682103495994,0.41346914770694354,-1.178915488304113
-1.5069165507704547,1.786100365736457,-0.5952311594122024,-0.23095646228072236,0.3876672660134729,-1.1445197545899182
-1.521623539905032,1.8651242919401703,-0.6623276391236604,-0.11003413624235046,0.42576827322015,-1.0933799187645261
-1.521133867303236,1.7807477012484203,-0.7588046318336187,-0.10559627151515465,0.3461110442471134,-1.1185572798843773
-1.541664784317298,1.8809040970419006,-0.8164433720662458,0.034290398894525745,0.40216425982232074,-1.0515625704552582
-1.6654081851859543,1.7492999652598227,-0.9284693707124219,-0.10025974972705178,0.24425279045471357,-1.0127036164261387
-1.6611179741643203,1.7313996574910597,-0.889207684890447,-0.14613794797201726,0.2414328759409485,-1.0274330014799151
-1.6552928802066202,1.7206982936441806,-0.8053769122933586,-0.21674691822622802,0.25450177163841814,-1.043013652067347
-1.5967957084067907,1.9290541373738712,-0.694110813794196,-0.28961257689193537,0.3963301019456721,-1.085596253989436
-1.6145114578503033,1.975813309938363,-0.6432571823504443,-0.25264231526168723,0.44582960965424634,-1.0415148635647427
-1.5722972003276472,2.0098708075316707,-0.5685922210551788,-0.37233821612347434,0.47226996387011133,-1.1074578385260039
-1.551951211313924,2.107098933429069,-0.4533403398768845,-0.4320843387948598,0.5572491042824548,-1.118067190690921
-1.5511262269672417,1.967463893613091,-0.39712682379854475,-0.5578629938032272,0.4818548209959076,-1.1659171431628141
-1.5445501387205558,2.059966081769274,-0.3652091546319995,-0.541346976539652,0.5465915194902154,-1.152940395862983
-1.6374205446670473,0.2149636841402102,-1.2437652841118076,-1.3664152965468965,3.778989971977379,-1.1957347989372706
-1.523823243850175,1.859442886883307,-0.30141928029023335,-0.7590606793932113,0.42664271951330446,-1.2574890860316443
-1.5301582804465599,1.656549079047209,-0.3241592028711186,-0.8619733656016778,0.2923205943239205,-1.3115006535938898
-1.5318097303029932,1.812126925298164,-0.39729346954858685,-0.7279442558623965,0.3724945717276441,-1.263896842468954
-1.6888057363796627,1.5963274361101063,-0.44545182271516337,-0.847499261126948,0.19661836464763696,-1.1838388535096196
-1.6739107222009026,1.519634901570823,-0.5137873686154942,-0.8941387199163793,0.12357483719975966,-1.2359733192861866
-1.6855156145759185,1.6222133569479287,-0.493304041905015,-0.8201374184314585,0.1985271038711817,-1.1857666302138834
-1.6991537309979898,1.628353879176544,-0.6238283512763746,-0.7076545011779198,0.17293422675749284,-1.1573366436069956
-1.0802178592846239,-2.0665280270773603,0.7853355717824819,2.0084378273562216,-0.9602324106729186,-0.11120161957673075
-1.2456561700654698,-4.5452710269927055,-0.28622426612082,1.0825953300183329,1.8419184488455982,-0.21236248810828462
-1.0414370216076914,-2.315423302769188,0.5849828207296707,1.8883973802216536,-1.186132168783466,-0.2523279520851202
-0.9416399617592927,-2.0369479419046415,0.5664813380600122,1.8430058681722892,-1.0481685075276141,-0.3438808981321849
-0.9532398435255719,-1.949261195901678,0.7071762090252449,1.8360887157500345,-0.9511108919596024,-0.3004909018390513
-0.8855613810870554,-1.6532533126235944,0.7393747510891009,1.8428046403327787,-0.7772620280280299,-0.331235964673434
-0.8753259354070143,-1.4306712072745453,0.8271088941672846,1.9014534304727857,-0.6154219551914013,-0.2837530725627982
-0.7824802782899304,-1.9044207078278266,0.6276094190636363,1.5267664954165479,-1.0037704688833968,-0.5866683037036637
-1.1817532889245765,-1.6827926781150937,0.8580629747069386,1.5398599509026485,-0.8538658470162754,-0.13127910349556624
-1.0617706232407407,-1.375572795751502,0.7857550708040055,1.5001461795392435,-0.7186693565341546,-0.24793526513191477
-1.0724324165217003,-1.2988145392357155,0.8788884674707893,1.5158586334164577,-0.6411790788896004,-0.2071163639451331
-1.0396058202116847,-1.2511057484222967,0.8318794823224527,1.5030285643409582,-0.6342580525939382,-0.24761385614268747
-1.0543596532994723,-1.4099251356596976,0.8000074797886545,1.4628798181630358,-0.7387001538093644,-0.2672307953464009
-1.1629089769971614,-1.3528808929244196,1.0580135794369985,1.588883866032969,-0.5957400890085969,-0.06247194506530622
-1.073580395396624,-1.0735479941983255,0.9880608902772671,1.6028688770091706,-0.4666362574147533,-0.13198308769113795
-1.0994528709046225,-0.9201380044474393,1.0092060299539958,1.7420234554700957,-0.3536817675812397,-0.03981466065705078
-1.0869978710272163,-0.9177266147543713,0.8817599373284797,1.7934839956167048,-0.3899162140651589,-0.05771093604826419
-1.134111870516506,-0.8622864476472446,0.8671353644817374,1.9426487423258416,-0.34153634519687887,0.04297532460021381
-1.1207238214944797,-0.584823356990973,0.8360965450318172,2.1002651961121206,-0.1767812177361449,0.10473259739393445
-1.170592471449395,-0.5251853191015874,0.8632691859499354,2.231858190283256,-0.1138644133063293,0.21008363468461005
-1.1085132621538731,-0.4822796068589038,0.8099768289838261,2.1501203050367828,-0.12239370862433177,0.11459921757127386
-1.308452280005035,-0.7432263757972033,0.8156126120529952,1.8040278934569118,-0.3567834485451292,0.16364632060387507
-1.2701707323851223,-0.4771885121710909,0.7479393332465607,1.9195013117370763,-0.2178957531900574,0.17812308045667583
-1.3338455552939055,-0.602032967809477,0.7951820576230937,1.9584539903114162,-0.26286290872766566,0.2514808562716348
-1.3021553324679471,-0.5330320868062228,0.744309846667215,1.960648777291908,-0.24318929259534933,0.21812051661395934
-1.2551063981709638,-0.4486197958761497,0.7538377377011771,1.9011828386446414,-0.20322282162290772,0.16101839350231187
-1.3338722543811707,-0.6700920053723677,0.8188438696915319,1.9055691260589847,-0.2999501029208585,0.23166468159884004
-1.3836111159594833,-0.638442142017338,0.9984468114933671,1.9287520659275177,-0.21487476320553744,0.32538457142722255
-1.385100736393441,-0.6205042959268885,0.9567680231129674,1.967640031547403,-0.21386138286011103,0.33412195831053976
-1.299568520042247,-0.7227667077618093,0.7264219057779665,1.8523396139799762,-0.3700649150628059,0.1571938044403672
-1.3701249810331202,-0.7077820733653699,0.7699980977305099,1.99302965638911,-0.3241411132011198,0.28488588558380296
-1.4454513540944205,-2.6831211678743343,-0.32732681525697566,1.186781334095916,2.7616731130745973,0.17901846296257928
-1.3444792129569545,-1.1140250207374889,0.6818986224242934,1.741016908337289,-0.6164557840157221,0.1175097366748244
-1.2701880340910043,-1.1791294857751768,0.6418010847874651,1.557225679216468,-0.6950718304450916,-0.03321295233062984
-1.3831432822957124,-1.0906282872470978,0.6555417508753271,1.55832744874446,-0.6603043950989516,0.0868720079339709
-1.4493420298036694,-1.0008159351050878,0.8120514387745977,1.665019481988468,-0.5385039171696776,0.2264208640277959
-1.3669992089601177,-1.1106514175930615,0.8196684294458958,1.4071177798391585,-0.6360711453285577,0.04681362680061441
-1.4071887499608169,-1.0646127552594173,0.8922015945723031,1.4792362006071524,-0.5735643900608773,0.12889353220748398
-1.4179286759529668,-1.3407335923955666,0.8308996790183619,1.3710656918459678,-0.7627588098516529,0.06430444529120427
-1.4791593185889058,-1.5911823151794162,0.8472739340693477,1.3448883775144342,-0.8972819017712131,0.09477780858803028
-1.457930966839543,-1.521178073080913,0.8974831461103677,1.3070749187975983,-0.8470114212939412,0.07636074406000475
-1.5140607693786532,-1.7225303372822889,1.0137145572152837,1.238577712581682,-0.9257231014585707,0.11039007809326704
-2.06631866260862,-3.985932424774801,0.5480385161183013,0.9453655998285446,2.310021429870205,0.7427828911460028
-1.534849002615891,-1.813903734925526,0.934992019822609,1.2725915383214148,-0.9979801820063359,0.118538060793251
-1.6319503864683504,-1.9992253818390298,1.2764290228465278,1.1696838005793746,-0.9928198234673824,0.22462215616592784
-1.9095799319685562,-2.073348066023632,1.7167726808035626,1.4787949604395052,-0.8268097052597488,0.679976678435201
-1.9102234820560278,-2.193006243714686,1.7003331055206408,1.4136050895402894,-0.9078572703644816,0.64305631843166
-1.3811294478135594,-3.6995283759534123,-0.09055462748756928,-0.05074402801513215,2.0818411053910957,-0.3724570623541278
-1.5126439814052077,-1.7606464178692625,1.0089541268430904,0.44637684294608404,-1.1183311475881912,-0.17904492242399958
-1.5131701951272807,-2.0364170501396224,0.982393750012266,0.2923324521963232,-1.301992364536816,-0.2634102350271567
-1.5206862493044377,-1.7876501054613274,1.0725441972002778,0.39979300126223705,-1.1170008702794814,-0.1795393410457952
-1.4714120397464754,-1.6597369697482212,1.0241295234622259,0.3902867471712005,-1.0658022705297134,-0.229356295501109
-1.6889367115775908,-2.0663759655549128,1.2335076052163276,0.5005665730063265,-1.1946615484625989,0.023222050930996604
-1.8457599615655487,-4.023271443325623,0.3375147620598966,-0.23819144985004875,1.98415370255897,0.05954528768820882
-1.8062027480789753,-1.6487004431447907,1.5739677452153078,0.8000921132298784,-0.7975740868885877,0.34345622179760943
-1.6366622787941931,-1.4638341859112332,1.3969525355247092,0.6328753176304416,-0.7861933391798314,0.10187709619946539
-1.589952962278117,-1.443524534892672,1.7012454067680396,0.35104686007744046,-0.7103096858282778,0.01618876634595531
-1.5006367910828569,-1.1589159493770032,1.8782350429618384,0.21045862596956266,-0.5137907057650482,-0.061591658379408366
-1.5437191087879347,-1.1489555578990103,1.9990378545108272,0.2357695620593212,-0.46088927098361115,0.012391168312335995
-1.4313710444668784,-0.7937082656979694,1.860131529583286,0.2783339422521849,-0.3101439066280399,-0.07690254144744432
-1.5838359249526681,-0.797687132651172,1.8593193489999749,-0.06687798739282218,-0.4095669424225907,-0.05238600583295987
-1.6779417900328282,-0.6453389024184139,2.1654194085902354,0.047596197636955745,-0.1988273502420103,0.15079226107224822
-1.5652347647617022,-0.5217450058392287,2.219360357130546,-0.1667420588837483,-0.14574077296009438,-0.013356493174395122
-1.724770637119622,-0.4035912762308571,2.5728361222521072,0.047697649996762154,0.07890796257899972,0.2949381195302535
-1.4927579559252222,-0.3730392465553876,2.2306690433046126,-0.2498569087140229,-0.07356758303766466,-0.09806791822825221
-1.593951085266033,-0.46102677280482934,2.511977930526842,-0.2476238314795163,-0.020400428559784783,0.04645128334808131
-1.5501235745077016,-0.15836576551611786,2.5045894593097393,-0.16013226285247797,0.15567210114511643,0.06027035859443937
-1.5562583832146977,-0.16685367717739177,2.5282377916075305,-0.16525462877593902,0.15866877384827394,0.06825464546028544
-1.5692324943521176,-0.09705513288560122,2.3701832873322455,0.0021734398182590925,0.16646582910363011,0.11608701663726011
-1.648729488358243,-0.024053792069139268,2.3495974184604798,0.23786564025694898,0.23592376130389808,0.279095730065247
-1.6671880051443275,0.011911231664648787,2.309414929221672,0.32590127648622097,0.25496084787507295,0.32370934814536156
-1.7192983684751264,0.08693362789642542,2.361161362344748,0.4567784005351387,0.3349469372172944,0.43702264215278774
-1.6438090474876772,0.0761454369727436,2.163700613430754,0.3991207981182016,0.2494233409649903,0.30460381350641735
-1.796583997870716,0.12503055166333446,2.1273306379960286,0.4279162245971466,0.24466150118126273,0.4600642778821495
-1.817611324670767,0.0987841323654256,2.0935442444594425,0.4787491902693941,0.22634099708195177,0.4894489385170718
-1.7777369641873382,0.11378262645772116,2.1974836862557448,0.33462550941426317,0.24905680159,0.4209639769340698
-1.7499490234144557,0.14160343528547345,2.270073705772086,0.24452573964527935,0.2760344332286111,0.37846128681396135
-1.7086393530751025,0.24185038177530177,2.2792250468372695,0.20623852647509255,0.3279196040311302,0.3355065751185556
-1.8236795425706318,0.20872358603781985,2.4499343960241373,0.34070920577044017,0.3921482127122964,0.5241008625931933
-1.8007770245115335,0.1016460851836431,2.320603023806596,0.3019339294559009,0.28151052391709896,0.45377756804961583
-1.9080268098057642,-0.016407246639769626,2.344952696044798,0.455063238650103,0.25012697562875397,0.6056817275567993
-1.7504862751270975,0.06202274269714654,2.0751556138249185,0.31008249902938356,0.17362281821149633,0.3569044240807449
-1.809531442520762,-0.11036561495729673,2.1511300780966094,0.290721484447346,0.10397339559557361,0.40612907181282015
-1.9336740753574693,-2.1673466292881396,1.165708117715983,-0.5241332049432224,3.1840723282533694,0.3584434645378475
-1.8096587984616062,-0.29871722707672616,2.1159119866071667,0.19411232121543986,-0.026146321224060076,0.3478653206692295
-1.7987809118092208,-0.43414868959407826,1.9736737637966233,0.1701660747175613,-0.15433121862972274,0.2889821722442866
-1.760868981938343,-0.3256842030324429,1.7566985525584284,0.27831692240943595,-0.15562886569177894,0.25809872189155725
-2.1174432853571674,-0.7123218576092507,1.8372889969589665,0.18741914029632462,-0.38955601623307506,0.5517509194684964
-2.0606315803382227,-0.7418463597222799,1.7179896974667246,0.1110002061395952,-0.46014393531622977,0.44373875986434036
-2.127754335908008,-0.7366398901551127,1.9525881460207615,0.12267411611969918,-0.3715272081750802,0.5581851198730325
-2.090460810869116,-1.0488903137147094,1.8478517168388537,-0.08727240938385479,-0.612062499097076,0.39981362877741705
-2.1914181935244526,-1.344171846042358,1.881402240487594,-0.060031887990193274,-0.7565589537772339,0.48721474004510196
-2.1495033654590716,-1.4190905822675521,1.7445800427301736,-0.11729465382449163,-0.8552855044855678,0.39341064607098447
-2.1746840657899362,-1.3171450306714216,1.812042384147594,-0.04019786152105693,-0.763473533365708,0.4670183045623092
-2.6395466290403085,-3.6114438877227246,1.142261301710931,-0.4229630644412386,2.3682097253334535,0.9415917849182094
-2.16895013420841,-1.774137138948458,1.526117635718284,-0.15770588260314627,-1.1330784921548231,0.32424342947441964
-2.399942039579418,-2.2329434826852994,1.7562667372337373,-0.05615472224719426,-1.284618516266336,0.5869194924594785
-2.5449690744995115,-2.1815707743173594,1.972517649043465,0.16827698544627295,-1.1438566713449239,0.8524734273752214
-2.5598825635188756,-2.2255145973800357,1.9059034264913006,0.21198756828074222,-1.184520026924265,0.8651517679780278
-2.190030675997629,-3.6617018509695356,0.2748502784405411,-0.9480487437784023,1.9485097436335979,0.1484822043838862
-2.2709676814024733,-1.6848119347840553,1.3720643014049783,-0.4415330529498541,-1.2241893773690955,0.29928182468677056
-2.168545562821919,-1.7180278760533492,1.3919045300529487,-0.707077975331749,-1.2767618887825496,0.10645865835063695
-2.208241944626745,-1.4689099494471154,1.5074812447586508,-0.5383594963755091,-1.073103868905057,0.2487202544874936
-2.1517347923742447,-1.4799212802364352,1.449635602393309,-0.6383702377140499,-1.1154451326066777,0.1463416328560925
-2.2991458505206745,-1.5296877690741062,1.7701901970920353,-0.5325495049526447,-1.0111432650254033,0.3832435674435623
-2.539757721576043,-3.825254036826779,0.9818358565490267,-1.34906227270624,2.0092299915064546,0.46425113483783575
-2.4322652029822343,-1.8742493605857726,2.148532134912596,-0.674971240576262,-1.0856180969767963,0.5028151893907218
-2.281324411027906,-1.4715829198977357,2.068340490291065,-0.7255217606098836,-0.9027225258823461,0.3587404891506201
-2.244039517311403,-1.0849244408718568,2.206498324349662,-0.6624627811591703,-0.6325604732221263,0.4052983115752177
-2.2276532444465356,-0.9364938495826922,2.2856792258604477,-0.6610481177568592,-0.5229386087278957,0.4177354231518166
-2.2243866948077633,-0.6953992113935799,2.385984013709334,-0.5864108294483903,-0.34379680277863695,0.4811603418431675
-2.1256252197000918,-0.6215274850766763,2.3379918954949193,-0.737281362748265,-0.34430215490669025,0.329112814101382
-2.1050289234824286,-0.09160130866769536,2.4957498816812285,-0.5608601826172098,0.02867604164851966,0.44862752936402706
-2.454723279867791,-0.45253977773088344,2.875718137751325,-0.5877636106825233,-0.058778116408012206,0.8179331238354782
-2.20197152678141,-0.19610396320941575,2.5676271174513317,-0.8167686842150909,-0.06519145464878588,0.4556110859765877
-2.233778456246705,-0.2312838100516288,2.5798233714395056,-0.7743751765634912,-0.07329223923835974,0.5005446497280348
-2.1946863928292206,0.07117455681159339,2.4773985799837392,-0.6175449312900024,0.07950129743137165,0.525481243595345
-2.3038320056003396,0.09309005621060196,2.5350088219552895,-0.3943462293900923,0.14719802722334216,0.7230540172170232
-2.276850816542896,-0.35692121338925037,2.3151166124478655,-0.5948574072320154,-0.20807456549307637,0.5436739993975273
-2.349974321443636,-0.4108548965446595,2.30506331776366,-0.45534860069854205,-0.2192029169375477,0.6573909734296808
-2.3328899915393193,-0.09061089293272923,2.2149465703801834,-0.24263394914884892,-0.043722117860574485,0.7278495882457334
-2.369785441802776,-0.14615585046582735,2.1461799247457587,-0.14908636899868408,-0.08402017128026644,0.7789819809894809
-2.428844881212332,-0.1873042870986968,2.1437138228277495,-0.037112466837988266,-0.08986201117285485,0.8720763920713411
-2.4387234809514915,-0.11273781149682252,2.067485804272074,0.07866277533742652,-0.05844661200294713,0.9150316358487084
-2.4261000538898942,-0.09090585064459383,1.9794131794270773,0.11820426207063098,-0.07192793234134935,0.9021081562114133
-2.4002086207100346,0.0026055549792785644,1.833316192090198,0.20640433758031976,-0.05946811928406379,0.8888329303965286
-2.4913799881849332,-0.23231405517748446,1.8049045021222376,0.2712483555092318,-0.18848294994889545,0.9738876422660149
-2.3956409001391825,-0.26824503473528793,1.721147571212692,0.08655632923004136,-0.26717277252126503,0.7968327824585629
-2.4350810761430397,-0.20645082981277138,1.8564011033289491,0.13008127706186118,-0.1782427292071111,0.8817210756396953
-2.320635537313434,-0.011142698563375294,1.876766756422237,-0.02173459418832308,-0.08844055965293289,0.7384083180128066
-2.400778794518752,0.0287029410440748,2.0330247962655843,0.08722011360029774,0.006347758012150228,0.8879199077226299
-2.3831176115942836,0.051661618650141884,2.185199913234612,-0.031225972105114633,0.054686436568669804,0.8599950131930918
-2.4221445467857694,-0.022702233200975416,2.3609018603790615,-0.09615260329808722,0.0669027907998428,0.9016122074422277
-2.298083640329973,-0.10437634299880635,2.2610660745879523,-0.36575123119838077,-0.05560471456695624,0.6594068822250208
-2.257698306264287,-0.03252142029283641,2.272948521161166,-0.42200160445245144,-0.020956823719501506,0.6087913424066497
-2.387968012993716,-1.7087294634945747,1.430333006547899,-1.0790617790207615,3.342444635536349,0.684153185177959
-2.2665083856555794,-0.32013573532095907,2.339845747734653,-0.6204177021171845,-0.1846650539508457,0.5336993200321622
-2.2633469359064025,-0.28427354341777217,2.365720998157663,-0.6227400591927871,-0.156162305833334,0.5377653081420048
-2.217523336231916,-0.16120604018533516,2.221801614644267,-0.5654769376411202,-0.1315227665117966,0.4968617595698459
-2.3567165270256565,-0.6071715908705224,2.276984773418603,-0.5574991560176782,-0.35332452218562954,0.605037635625653
-2.31060176941564,-0.7892496828350652,2.148576166468638,-0.6949886026871539,-0.5199763140785287,0.4707031661947037
-2.2838212742672837,-0.4967464720898605,2.1667563061611426,-0.5906969005428164,-0.33765309399518567,0.5109810896263051
-2.3489675804318964,-0.6101971465844431,2.079130302197116,-0.46183514434294,-0.410392544192219,0.5924708432074957
-1.4754725969095381,-0.2801109176787781,-2.0158500713921312,-0.12287184968180719,-1.2651603128892257,-1.2877801489708263
-1.6001890764261162,-2.176526335287375,-3.0549746176442643,-0.8109058451340574,1.9033967063656836,-1.2866623574212697
-1.4856595654111837,-0.25052040507630724,-2.101508611133259,-0.03798638662689866,-1.2658400110358752,-1.2628735422163624
-1.4486422586472534,-0.0023263204395053945,-2.0366364040771647,-0.01126136501905371,-1.1031844111951712,-1.2548848657740679
-1.4420750497523136,0.10296610044245678,-1.9202883756777984,-0.033766747784218044,-1.0076907904780683,-1.2377179430287302
-1.4344320985160388,0.471892092579387,-1.8007011988276969,0.09895044746807848,-0.7430289293795354,-1.1425402984220185
-1.406286751371732,0.39834740865893176,-1.7583359172548043,-0.02777912088500932,-0.7882918634901395,-1.212021402422716
-1.3950080647157082,0.2991633027181811,-1.7644610747489728,-0.10155133040081347,-0.8566097639628082,-1.2578042579105029
-1.469667932353507,0.6507152757231636,-1.6653273364524783,0.10487589291397992,-0.6053787823183792,-1.0608466548274178
-1.4495036986233063,0.7525899182447996,-1.5851172280188377,0.08069339180599988,-0.5255106449780296,-1.0632175123422714
-1.4220981180777739,0.7888155610091753,-1.5506306943429067,0.025597133397725402,-0.5024563468506438,-1.0985545003688615
-1.413213195504067,0.7852091117836778,-1.5852763631863616,0.026370020123807403,-0.5168160194424998,-1.1135270885312945
-1.4236193140010593,0.8580250121772794,-1.582246178626698,0.09396306874584737,-0.4655613435308473,-1.0721482396182338
-1.429722930583723,1.0140591969131258,-1.4518302812728663,0.12529536758936344,-0.32912701149846646,-1.015941371119185
-1.3985314068170862,1.164591402004019,-1.441218704074654,0.14005645019784652,-0.24103228565061666,-1.0254444584245208
-1.4134882968752653,1.1636432206852974,-1.4758575527246358,0.18282057856256795,-0.24650203890893546,-1.0043330797127858
-1.442100456260837,1.2917250288977185,-1.5363096766549964,0.3499603500165591,-0.17135741383884623,-0.9194326078760748
-1.4805385905453503,1.2382647201979302,-1.589148700408072,0.42466637028597165,-0.2069084382346673,-0.872455605863536
-1.4667402449155666,1.286089290957969,-1.674217292047041,0.4628522368312611,-0.20457510299478338,-0.8861142128185846
-1.4873861943302695,1.3756692649858717,-1.682174636258566,0.568346133457424,-0.14203633498231996,-0.8223210949486581
-1.4686521726309563,1.3872895560121923,-1.6771526312669411,0.5348739847723538,-0.13947022105827606,-0.8495710549735911
-1.459464017682958,1.2977677749785863,-1.658075908596647,0.4905804748985988,-0.18630576454024622,-0.8777474773173686
-1.456655375653538,1.285645718207642,-1.7070815931500967,0.5111476509057481,-0.20748983610404884,-0.8829259003951679
-1.4544241485892502,1.3846864721995313,-1.726790465017488,0.5783273481138719,-0.1500474244449162,-0.8562078199426078
-1.4564639475544137,1.369330418937739,-1.7561752006335465,0.5859926941740495,-0.16737548583045467,-0.8593749025109201
-1.4445213189599009,1.3482484270548225,-1.7265292932190872,0.5231197450697694,-0.17780949975107185,-0.8902397410879381
-1.4727920713591616,1.4551591926287655,-1.6936018481979043,0.6260563231218322,-0.09126532902975898,-0.8114622285447033
-1.44330242048285,1.5501834988288006,-1.614588857389453,0.5642328612503756,-0.020642895184595635,-0.8391328312545385
-1.4517922226235036,1.5446077365005002,-1.6498375295998964,0.6026916590778272,-0.03032717443404073,-0.8243216735899197
-1.465914661968802,1.4941928168066645,-1.7131715117888415,0.6436270220965795,-0.07408758211266445,-0.8125597647952787
-1.50249986061552,1.3410997811878957,-1.7544896988154188,0.6595464677255815,-0.16983018218993737,-0.7928411753739235
-1.6138807473006935,-0.7004038088441428,-2.8107085774929144,-0.12865541199170064,2.897369666265239,-0.8551299481761809
-1.4730111429279462,1.3027137228178431,-1.795743886700795,0.5954093480673041,-0.2156121811923227,-0.8553464974046523
-1.4687978240350381,1.1844038925926463,-1.7512690758810856,0.4844738938417742,-0.2814097164757979,-0.9011820175397993
-1.3767979505015133,0.8971523444458933,-1.8311413919373258,0.4779595739660095,-0.4465730594097176,-1.0340525865404773
-1.3742479027779693,0.6880469553980866,-1.8195084960887684,0.3356401382675348,-0.578506108559619,-1.103770403778893
-1.3417446907131374,0.856796400792999,-1.693145812061373,0.2857749401988374,-0.4490839816485825,-1.1140515152486692
-1.3433960641388363,0.9613537102259989,-1.6666369502072624,0.33486318173402296,-0.3748125893237898,-1.080983929409537
-1.3419606946563893,0.9469192539170178,-1.6880491221972143,0.33394288515757087,-0.39035789841761476,-1.0883901886898562
-1.384104244377495,0.4790304000823812,-1.7488394270823477,0.18017804341524324,-0.6910025708557951,-1.155667271797793
-1.3565182130569777,0.6419649850028649,-1.6980069821748462,0.18424779368198296,-0.5833235864667413,-1.1569688559331057
-1.3403030105360978,0.30893429186531013,-1.6986184168954728,-0.048843353594608556,-0.8018906354745581,-1.2842306863769477
-1.5974814502212868,-1.217592636784288,-2.492272429879304,-0.35235985003782094,2.71571511078869,-0.9369880844282084
-1.3882762047328314,0.19969477399431446,-1.7443902821418265,0.03169742414924543,-0.8657909589201243,-1.2260036250704371
-1.3519382953790489,0.1586927391982222,-1.5687517701203049,-0.17522636871461322,-0.8582211385832229,-1.3035120165768728
-1.353234344505286,0.2857019557198791,-1.4996944810849242,-0.13472612639748405,-0.7581277588845294,-1.2629851496708122
-1.4145547866982853,0.3625720263495596,-1.3666319344227713,-0.03085984603235075,-0.6523208779075429,-1.1345188532489372
-1.4031872507275787,-1.590399250633289,-2.4739452566304454,-1.0116961594858174,2.4145891749902875,-1.3859261621845371
-1.3117969176712974,0.277697437114559,-1.4487509076407894,-0.42526630293503254,-0.800190524673785,-1.3967923647194294
-1.2939439185247,-0.087576969254679,-1.5240398402359852,-0.6430736991053526,-1.060204696923953,-1.5384704102258722
-1.2973437154586012,0.20533385510399763,-1.4262420161871214,-0.5319610027404945,-0.847280590013346,-1.4533561362231988
-1.306032034838733,0.17020934942290894,-1.440686773486708,-0.5397286579509464,-0.8718685865386525,-1.4559392936162014
-1.3512685763305818,0.0298734424795703,-1.4434778658532343,-0.5361516601509004,-0.9478018559255804,-1.426274698146421
-1.4531021975841432,-1.9536169205591492,-2.439709511084419,-1.3631368626253335,2.1673687995091075,-1.4974449505393141
-1.3586200551716683,0.6771274368935265,-1.2524958192106885,-0.27036315963510477,-0.4834385090622649,-1.2351300728623893
-1.313197267456685,0.8913186858933614,-1.2599999317105441,-0.24963200802464083,-0.36548528468685915,-1.2559310398722163
-1.2729191508279336,0.8903359413275534,-0.9456962648193464,-0.5420678814663583,-0.29890074952891205,-1.3401000673562486
-1.200659484220595,0.8419511730923026,-0.7761106180317625,-0.8475726380006012,-0.31195398100236227,-1.4918054138538657
-1.2068176710480158,1.1617183880048982,-0.6730904069288282,-0.7124498953128188,-0.079053896811493,-1.3913797220172999
-1.2014696041507993,1.3986249539298432,-0.6758203677506143,-0.5888552203827474,0.0690423496499524,-1.3337286581961114
-1.2528222074055264,1.08901181500963,-0.6447927155860785,-0.8643964204948437,-0.14227729330145397,-1.4046213479622576
-1.2203148363124063,1.4467253206651571,-0.47419786444170337,-0.8333982407466866,0.11903494871141286,-1.362051608498357
-1.186422902958378,1.6030971954263722,-0.2980997946740149,-0.9299319854010856,0.25253962265689384,-1.3827215551765537
-1.1827255691465535,1.7133401776765744,-0.18092987014332496,-0.9489994273811047,0.3519121042194064,-1.3618374412918564
-1.1693135789104114,1.7437110529920938,-0.19602134129543108,-0.9583133412792028,0.36201111010570247,-1.3793664218607022
-1.1538222823778663,1.4815099418068793,-0.10168623848532056,-1.2155350087016155,0.21289332209733855,-1.4917531752840958
-1.1348681962461058,1.9020902090117362,-0.07908390360494623,-1.0238516608358939,0.4806243671277685,-1.4015114024168427
-1.1363957005897625,1.6805498906143987,-0.09178949408535153,-1.1376499020812778,0.3369334360398521,-1.4610219128559268
-1.1676278103413718,1.9311045056269314,-0.2055891763906758,-0.8378580060310388,0.47928811999310345,-1.3227014259194732
-1.2126394134106835,1.995229410244055,-0.2705758189374997,-0.6494761717771712,0.5200355400007792,-1.2177346702556595
-1.2089498024580658,1.9709997324345052,-0.3605495049867911,-0.6088536091210374,0.480469286366837,-1.224864170760293
-1.2112749676621415,2.082085434904889,-0.3566074300972613,-0.536940526747222,0.5535816577568888,-1.1862164312335393
-1.2242207627477377,1.9842037255698932,-0.4299400055756535,-0.5265198214367203,0.47591778428414083,-1.1933631806576075
-1.2490473215852183,1.968417599949005,-0.4977986628539474,-0.3946890365165381,0.4670736540045091,-1.1376957755146253
-1.2522043196191501,1.984183093098096,-0.5690473464092086,-0.33871228171093,0.45921919706496145,-1.1276666601436038
-1.2055285438834709,2.12700924800771,-0.45476518203643407,-0.4294690646220042,0.5638081053404682,-1.1708698627776564
-1.189795819353596,2.104129256374723,-0.3531284704524496,-0.5424771081219122,0.5700672614239262,-1.2090404347360781
-1.169024196028618,2.221328237436149,-0.3136891517918339,-0.5444173073775613,0.64784913193268,-1.2122135995030858
-1.197913529779748,2.2586168337709265,-0.2630277150017616,-0.48998757819160815,0.6949974714386989,-1.1523393856435167
-1.1936243504489195,2.216240516196742,-0.3572126480844687,-0.47076824025489955,0.6414063635628682,-1.1718962335518635
-1.2291328917825126,2.1322635144575766,-0.4642283380663421,-0.3797104233683937,0.5718834953758105,-1.133689848282824
-1.2437817473079555,2.1054229071451647,-0.5019893085765981,-0.342776636950065,0.5497320443962914,-1.116470008732654
-1.2449682794638124,2.1522900019544133,-0.4774049158970874,-0.3291294120791117,0.5863581094760811,-1.1020069164972974
-1.3662012930775107,-0.14724475082872257,-1.5208132232918699,-1.2631529617777646,3.4949140414846322,-1.2275462082615192
-1.225343245222839,1.923353268795654,-0.5632271247654806,-0.4696364125736927,0.40947516912282894,-1.2091221294492314
-1.2560638021883501,1.684532324453723,-0.6678314126888506,-0.4953607914859832,0.23878763022239854,-1.2319427499000362
-1.294193426875957,1.73878833551514,-0.805077557481733,-0.30730157053820856,0.24968642068971084,-1.152065571558955
-1.4100851178506848,1.3559762385724734,-0.9446118673102282,-0.48454961317436984,-0.053178850072180844,-1.1654839518681177
-1.401205899224939,1.3922083791954274,-0.9804404198051557,-0.4732651401388869,-0.043705897224667084,-1.1756870330913989
-1.3933815885590133,1.2278538384756896,-0.8878485505628058,-0.6526953146139765,-0.12793272854966475,-1.2446891588189033
-1.3898777803783673,1.3258054658368308,-0.8495134627214316,-0.6308443679118341,-0.05703079569988631,-1.2252919790945154
-1.436876251300064,0.8207692529812435,-0.9349161484577498,-0.7858362454468891,-0.3866182725792407,-1.2970490764142613
-1.4204186406507704,0.9722962340745651,-1.0000421525652254,-0.6981244068900556,-0.31317984026438406,-1.2819312580464959
-1.4165443062552345,1.1146966942484735,-0.9707325358449644,-0.6472202938350758,-0.21656970884309645,-1.250772374890722
-1.6968821747803886,-1.0171300159561818,-1.9016985139795868,-1.1976995822174106,2.8843747974472054,-1.0512423016771983
-1.5111238806466687,0.5235584402212924,-1.1745022354904524,-0.6893003855890543,-0.616774304208115,-1.2689906163576392
-1.5129557885608658,0.2675295655224208,-1.2449030083420016,-0.8075164679459377,-0.7993760703939442,-1.346935383880651
-1.5222361659235388,0.6382518154151084,-1.1760818376446553,-0.6125299752267204,-0.5416202832943445,-1.2240996500390982
-1.5926728066729692,0.4192074065522397,-1.192849790626932,-0.5839253056139475,-0.661961276986263,-1.1696634161035404
-1.635428499277587,-1.5698047146700307,-2.299615875999362,-1.4724984137850248,2.4004886633791385,-1.3402718382514134
-1.6058513365412592,0.5426793918281397,-1.2733783642253211,-0.876558725317324,-0.6958328029158578,-1.2669844791283438
-1.5626219148592821,0.5655087048228593,-1.1608200583392587,-1.0349463841926552,-0.6676192015665237,-1.3424118453106708
-1.5582581396653035,0.7834066448374309,-1.1228945926793823,-0.9394618774536448,-0.5201206306159728,-1.2867452274809061
-1.5584323489722163,0.791068938733976,-1.086441248153635,-0.9601668790334409,-0.5059333900994092,-1.2868261583814575
-1.563916303263212,0.908480183288557,-0.9418032848839375,-0.9678822080282315,-0.3912338340100587,-1.2466593128716745
-1.6810306531011256,-1.2829925232623496,-1.9128849488939976,-1.8906163550559694,2.603895887476088,-1.3488866407945563
-1.5378469546701754,0.6509053805064501,-0.7722836221114568,-1.2948914868894905,-0.5217086567351058,-1.3797058519849923
-1.495546499564253,1.049516703697442,-0.6999574699116842,-1.2006921126808623,-0.2633921294127273,-1.3392645904331844
-1.506975441433263,1.1726038896447157,-0.5405782703016355,-1.2052275749453922,-0.13953138763868633,-1.2896350240202221
-1.4898317501755665,1.0952427476870963,-0.5180984797662584,-1.3125505136934061,-0.18998403826785867,-1.3481366215296067
-1.465935820020183,1.3511194951287318,-0.40525843752924257,-1.2855730104017893,-0.0056387133383257555,-1.3182581012884824
-1.4383829916595403,1.4244075068743094,-0.3456365121291922,-1.3420701949401483,0.046895524543249405,-1.3474371862708274
-1.428184335319382,1.572817492375085,-0.23940235623927392,-1.3422842050900627,0.16587391970238752,-1.3242723374716105
-1.5123011074115316,1.660219009563963,-0.09730886058390402,-1.3608912737378616,0.25075949554933646,-1.2148206840626314
-1.4783188593239267,1.696167838063239,-0.14441798180317944,-1.3899363210240934,0.24910201023612338,-1.264286483447814
-1.4686965998137993,1.5837332997938791,-0.20267709825228383,-1.4465535527706206,0.1582539523734593,-1.3151634792438063
-1.4845811172748453,1.6112166304813094,-0.2845167449124199,-1.3469375199117999,0.15976289925945275,-1.2781067890875601
-1.5284692148877002,1.8508508934945556,-0.2937338806864846,-1.0998865337082122,0.3259944336195394,-1.1289418591051597
-1.5294691762353407,1.6997689677101506,-0.42321138473589465,-1.113009178977709,0.19546996956909735,-1.1712347762872886
-1.5490639807886206,1.5567895343403717,-0.517367646658767,-1.099331793414441,0.08611737714560658,-1.178318556172098
-1.5729963800582507,1.7979853515196935,-0.5613456337999455,-0.8730749856095251,0.237361861184043,-1.0620209829310268
-1.6031169323129613,1.8082782289065928,-0.6179950993688824,-0.7650456549306576,0.23971262753174993,-1.0045828678499398
-1.6054177770033173,1.8385510094786193,-0.6939590617732617,-0.6957261402419653,0.23994313019225744,-0.9896927806998714
-1.6135500224043133,1.836344961714288,-0.7840186826933795,-0.6248944240707048,0.21770909067790162,-0.9742885711800269
-1.6267132526856514,1.772723198534681,-0.8567405539484135,-0.5915195694292642,0.16240273361527763,-0.969597424453541
-1.6477008245650395,1.9737870122634507,-0.8973190451872384,-0.39976399020193876,0.2876735641482916,-0.8715308394507297
-1.742207467151428,1.770449745399005,-0.9955060399612156,-0.49217779861692085,0.11231167245317691,-0.8498552518100043
-1.7170736107888187,1.7443435396679656,-0.9885821511048033,-0.570226235822179,0.08838793081574509,-0.9030627577734524
-1.7039556448075523,1.7822744718837134,-0.9077162538882064,-0.6259379432870388,0.12922409146592775,-0.9166571025310507
-1.6648716547595885,1.9905496560540838,-0.7675004344325738,-0.6727055812232093,0.28546873598358924,-0.9256655655958573
-1.6735700184372782,2.0536231534246188,-0.7274111565851571,-0.639562177675601,0.33939778700186696,-0.8922686049663476
-1.638571678061413,2.108800902983543,-0.6385420852293088,-0.738807348272153,0.3856374040417101,-0.9393783074229417
-1.6211296912939892,2.169036079197928,-0.5248880176071216,-0.8133820328752075,0.4475592736015226,-0.9560153816554261
-1.6133926507433285,1.9000902638458235,-0.4998182427567734,-1.0140396468944874,0.2788084159122246,-1.0545319703526845
-1.6251577012368539,2.0725592945050932,-0.4275473403836946,-0.9322036264815816,0.4118047592314764,-0.9858084952559537
-1.7222541168543535,0.30528618800945684,-1.2871465949284777,-1.7120763393341054,3.700423334738646,-0.9979403613952832
-1.5747929153360283,1.868649041172202,-0.40830933883879933,-1.1913954493180363,0.2675334740758549,-1.1425298221850655
-1.581574779650965,1.6660543048126328,-0.43025525032152073,-1.293500212343675,0.13377889217052116,-1.1956277345981943
-1.6015704619039561,1.8990551490080276,-0.4634448798705597,-1.0954392415176417,0.2804783310694069,-1.0930354242549534
-1.7038380025544761,1.6013972117038202,-0.5441535714575696,-1.223876615310065,0.056022886515744566,-1.0826704190534748
-1.699429584771216,1.4250014362542687,-0.6129160365556335,-1.3069618468980038,-0.07721589759332942,-1.1465044177357373
-1.6935665992268474,1.5350684427594758,-0.6172402563579844,-1.2526507175145896,-0.010158940870288444,-1.124258009165101
-1.7242588398584904,1.5743753070117557,-0.7169839244978169,-1.100390757475134,-0.00041809492667653595,-1.0563891121938753
-2.1110446195331414,-1.037571058987883,-0.805214697037796,0.9882797201560356,-1.0120676148240357,-0.011636133993766664
-2.20786883644279,-2.9093073652911614,-1.88194719722952,0.2752246970791787,2.1525424594656557,-0.05138597911777914
-2.072211744133961,-0.9044477361964385,-0.9471887159657324,1.0597585571796235,-0.9786145040390953,-0.04049039851977728
-1.9666671444592632,-0.6724566430620547,-0.987031780993597,0.9860891942649557,-0.8780434143879333,-0.15586684290905065
-2.0620043699377737,-0.6409336360504394,-0.7307378806774247,1.0632459773378908,-0.7569829058863211,0.015455779870438913
-2.0195808351776807,-0.25789001143489393,-0.6606704044945851,1.1563575510667508,-0.5085813427260276,0.05472567759305986
-2.0934152855911887,-0.38967785849195524,-0.47569204058967246,1.1373017619363839,-0.5176100208905606,0.1442122163120162
-1.9374166015820455,-0.36009466730827494,-0.6765660993588005,0.9342547221455813,-0.6058143429020112,-0.11322832169368185
-2.1980533057570204,-0.12605804314305397,-0.3537135718701335,1.272351830197163,-0.32286096534727027,0.34278649306730036
-2.110059514865985,0.004026565302391455,-0.3699426084617655,1.1712912219233276,-0.27423182393570117,0.23160288302766238
-1.996841201918623,0.09166424181147806,-0.45496783335455254,1.0268819282251134,-0.27998827015901495,0.06328648312828941
-2.0143795009152092,0.01488291514296784,-0.4620704819239793,1.0260642349974831,-0.3245988407077161,0.07208484585131611
-1.988988252549907,0.20510105831524664,-0.4933793106275996,1.105097765243496,-0.21988842331598127,0.08674802518802256
-2.0542167148362345,0.3391385011427184,-0.27840709480293596,1.2048093263088717,-0.054426256808981936,0.23862814282496322
-1.9830902997711763,0.45114667073296166,-0.33354886876570106,1.146286909154943,-0.02236582246421449,0.14849988663790428
-2.000148385106622,0.42815452585927377,-0.36873434598124455,1.180612107588264,-0.04135572861712442,0.1665662774815556
-2.099720538944427,0.47746475636082963,-0.33629963376267674,1.4031523499977971,0.03284316887093608,0.35051414081636456
-2.2640649580080963,0.3474726734918218,-0.21400872835875726,1.6083132788096184,0.03879765921456449,0.592244718496947
-2.161341635489857,0.5144448337247579,-0.41242335667663915,1.5872725397639968,0.056163659657407466,0.46042813169090113
-2.164720752874906,0.577576743721632,-0.45039350721823174,1.6561117520323057,0.08779385097574144,0.4864269020559277
-2.1336487402760276,0.6177545235279576,-0.4590950654296901,1.6205656133602753,0.10067402731631331,0.446424492849743
-2.2497469872648512,0.4215778310363059,-0.3489027382137442,1.5567951664265256,0.01386867143506478,0.5406616120661076
-2.209232519850614,0.4667105533396929,-0.44479126296512955,1.5557281655383102,0.0036878748211841184,0.48745734335087737
-2.125961616208195,0.6334921813062203,-0.5742953573125679,1.5482775966514384,0.04700216776980636,0.39432166361063276
-2.14911220196492,0.617391036505172,-0.5723779853937893,1.5839392543318729,0.0448744949054034,0.427420887509847
-2.105265656924945,0.574986170300091,-0.5937620315605615,1.4672985614604737,-0.0038853532994300266,0.3349598165263509
-2.1788433862396475,0.7017464580841788,-0.49014288382600624,1.6412353946839287,0.1299334957388634,0.4980269013434998
-2.102519218969778,0.7967792208118333,-0.4809575543283497,1.5163860263914954,0.16566631010886354,0.38933073657213635
-2.1052136093920977,0.8044221161749904,-0.522653825548839,1.5537923249559489,0.160705067948923,0.3981126466652155
-2.0578570030249037,0.7699671156595325,-0.6749712548754055,1.5201571542165748,0.08206630994919985,0.3083570073091989
-2.1114175382088938,0.5817994252547196,-0.6966189060365756,1.541143821492405,-0.024948775919904836,0.3469535021425626
-2.175439512824979,-1.3895772407452496,-1.8120143177600176,0.7248612561398127,3.054851917076296,0.22380702975951036
-1.9720916031765237,0.6873848813121238,-0.8781911282310942,1.402368081370523,-0.05426654100095641,0.13767391140711555
-1.938438224726238,0.5380290283728583,-0.8826243588236135,1.236060411548933,-0.1631807247329958,0.03160408335609556
-1.9705932416668166,0.28395317493808037,-0.8964703580225877,1.200923691983294,-0.3092619743773122,0.024502479899538455
-1.9846725982779487,0.08368511642648323,-0.8586392174804985,1.0854521396632701,-0.422784259514778,-0.01381227575378958
-1.9480775950567477,0.27769030770377784,-0.7343003358340761,1.0428928622156526,-0.2791804611066166,-0.023607935252645967
-1.9388185207489756,0.36205762184347234,-0.7273309019392281,1.0670460241622644,-0.22681756152900137,-0.015472141754833644
-1.9779422828621467,0.30609892026384466,-0.695035075426333,1.0996020922814633,-0.2404961101108,0.03481585290065741
-2.069524480644842,-0.15960933793891516,-0.6818129685843337,1.0134429637509452,-0.5028371648550618,0.0536924688821507
-2.051323146186327,-0.05108167559513276,-0.6258131370730916,1.0025119963670175,-0.4253004397662566,0.052304167269563155
-2.053896691935523,-0.37349751647671586,-0.5966731834832025,0.8001087583844901,-0.622617202568886,-0.039256379344089494
-2.6906111837806925,-2.250872848975439,-0.8814752470695264,0.8291138250095413,2.938261306060718,0.8592823122431139
-2.1773963363375484,-0.5277195370580099,-0.5370890898013901,0.9594795947713379,-0.6609294627130553,0.1361713152248263
-2.242760579643586,-0.6837325157691041,-0.22846248643242692,0.8310240843009915,-0.6560794242838044,0.20011677390378974
-2.407680899727701,-0.6790142692882256,0.06467134822719939,1.0295927144571515,-0.5175589911484876,0.48700914639195736
-2.8309995395240386,-0.9287216305803943,0.6843618789454528,1.4546955910563737,-0.3649853847701908,1.1437032663453042
-2.078998618597069,-2.2817172020786938,-1.4295262159701536,-0.21793379418508974,2.559741944284932,-0.20882594881741404
-1.9234689074967242,-0.34975199306900573,-0.4973874846764027,0.3012570458009539,-0.6652659412720672,-0.31769787720658643
-1.8928721287523949,-0.6625002109481265,-0.583157589469737,0.0929742649625397,-0.8989244622874213,-0.46566525963814503
-1.8557179669709796,-0.3294584306869747,-0.5393877708523581,0.1698398040780608,-0.6888533515667697,-0.4387195699768764
-1.8794481300889774,-0.38849520231343837,-0.535375303341235,0.1701087877741604,-0.718589986681613,-0.4225115403810424
-2.0456336620310016,-0.6876232147372953,-0.3837128715553474,0.2557327586647524,-0.8128346519476441,-0.23131265132502676
-2.1404141722395225,-2.5848378407620864,-1.3765827080117745,-0.5370094519796312,2.355922293604521,-0.2888757153700455
-2.073325687204945,0.010089404537980193,-0.15440620574318653,0.574392173647006,-0.2989482215454854,0.010041520373772948
-1.968482807364788,0.22839616494025883,-0.24984490886175653,0.5172396927806158,-0.22246186067754942,-0.11233239021806514
-1.9592191418246037,0.222668908344761,0.10985550789836279,0.26408174243440186,-0.1360364187126894,-0.14431534013858588
-1.9057013981951176,0.2263950468982611,0.31574966121354886,0.010204135430878692,-0.09959170376915398,-0.24801742444865515
-2.028920114797797,0.4033475447835842,0.5700448800752874,0.23027386539048525,0.12301546947433384,0.012026327811073177
-1.8675174274462174,0.7489024287691082,0.35228444397232805,0.19904021441595368,0.22900260476439713,-0.16770242188480716
-1.8709877397157546,0.45560542683156613,0.38872699022894364,-0.005904356457573239,0.05042106029229394,-0.2575485510626431
-1.894510907611299,0.7645622130469324,0.6348685696329388,0.07568032236774165,0.32016967847768363,-0.13272313158284368
-1.8018123805833013,0.9866342469532661,0.7339109711490499,-0.06665270616328105,0.4546886243006746,-0.23544406443808605
-1.9139898016467074,0.9535996027218703,1.0005333736176367,-0.0025899236433977006,0.5425766375730974,-0.057119111317696064
-1.8059467332822416,1.0864671088403939,0.8609703810472515,-0.0872087391950601,0.5521238815761469,-0.20762052047577392
-1.797281080045269,0.7687682791561291,0.9564579278132378,-0.36344462080115075,0.37020396758623114,-0.32486310933143414
-1.7650316348949584,1.2158593962754503,0.9634989341804214,-0.176217155120551,0.6461087135519605,-0.24969444454469056
-1.7125884613438649,1.0787182972987843,0.884122044568451,-0.31971276915930064,0.5198522111612788,-0.3771887418537413
-1.841537154979067,1.2484646386701557,0.9029610869217233,0.07058473462684046,0.6798794510932611,-0.09401932389463805
-1.9882939243723394,1.2087661143508144,0.9728922790094182,0.34320950525735733,0.7255946022559012,0.15586486879855066
-1.9282425551475677,1.2567921992680398,0.8107190969595828,0.3447541886670545,0.6933954242496668,0.07297571592209506
-1.9467407748220944,1.330952307677362,0.8328151451403326,0.41970086974559156,0.7533664661342819,0.12854508974926016
-1.9073414259338366,1.2958351324885704,0.6916102062730773,0.391544959694538,0.6795373397789187,0.049661960814946116
-2.008249400957923,1.221819103207877,0.7433543307941547,0.6229347275886721,0.6997156926629773,0.23191506005821333
-2.0325280410831903,1.239001780288178,0.7037859930793114,0.7080283335226425,0.7085498956542368,0.27888525380132406
-1.8805269225644368,1.4188921628542672,0.6671005940784969,0.49438707419327843,0.7599830081961034,0.06461643325957928
-1.858173474911377,1.4306438163857595,0.7645010574003738,0.3900688233249068,0.7849533128577374,0.02539292438280672
-1.8203320714996634,1.5517172655456422,0.7791559513496186,0.36714967926094777,0.8526758213730522,-0.006125942667380057
-1.9002912448081026,1.5309496030316099,0.8965527585299782,0.46083134366063905,0.898253062906576,0.12469131361554958
-1.8356150631601036,1.5374003921473647,0.7203064488529269,0.4236158000429139,0.8330159092205014,0.01534312102549771
-1.8676222971735512,1.4411238017876231,0.6060903301362912,0.5037254704633929,0.7524951516197411,0.04381139900769949
-1.827836813324878,1.4958641182552668,0.5004172612481024,0.5088428992679362,0.7454735620228172,-0.008659525277141582
-1.8670703530768105,1.508765842443867,0.5762073180960375,0.5564362509718589,0.7872604288704879,0.061430394361815056
-1.985877645086687,-0.7767374241409621,-0.4685408274268476,-0.3737252985557093,3.7035863272934884,-0.06409532748603661
-1.784045887435244,1.3533893367263305,0.40778184215532515,0.367958088479007,0.6133442239087006,-0.13330745476929967
-1.7959403128607248,1.097478791103083,0.27227338730100925,0.3081749750429067,0.41694130032477966,-0.19386662405085198
-1.813738475070932,1.2005618066400388,0.11254631186696694,0.49360880859388,0.4459841565863318,-0.13457164089273865
-2.0863400687305336,0.7737588488816048,0.12358163669657725,0.3753415337377378,0.17128266431371464,0.04955565901852852
-2.0287353640948695,0.721193465947785,0.0006950096155247767,0.27595040651723624,0.08384145880830876,-0.07159218182964663
-2.0284173366677267,0.6503974392427724,0.11956677794366903,0.15407602457703595,0.06903075804662664,-0.09959434084289284
-2.0254618153058543,0.6974330946642224,0.15043447567195806,0.1507889964093676,0.10557924419100342,-0.09454112955348595
-2.1113337776974,0.21732453301802795,0.12694924608329652,0.060714105006349335,-0.1780632294795819,-0.0916193559459432
-2.1321133410598843,0.2934734031006501,0.10507102323347306,0.16022772741533342,-0.12834576627776914,-0.03472170662275883
-2.1230612246511553,0.4018030859083754,0.12107019632689332,0.18681637024697717,-0.0588726312911123,-0.022783907760024334
-2.760864159506781,-1.985144755343224,-0.31858211249584284,-0.0123384299407393,3.134176316880088,0.7184758749056617
-2.282890056082592,-0.22691408335141244,0.008262305247449577,0.21330752686241072,-0.43619788696818884,0.06046467568947523
-2.4370018209154916,-0.6304328515880784,0.14082598353195488,0.22501885482436967,-0.6060667219811012,0.201627432783551
-2.527506177728781,-0.352625177043918,0.31557784664751404,0.48206043410378596,-0.3512489798636026,0.4370472140676589
-2.959202527511251,-0.8670725985926567,0.7893114730277193,0.8466833487697714,-0.4041273698545819,1.027733986521971
-2.363715691516119,-2.2419785242967407,-1.1692310303350284,-0.5888157506115718,2.6020137279706925,-0.06271106658672956
-2.2430553912455893,-0.05266313455960933,-0.2987288226771071,-0.13178988912216524,-0.5347464035820084,-0.14972228734200033
-2.179231509324156,-0.05380722450251138,-0.22078378005573387,-0.33008171320308854,-0.5382472375190511,-0.2679846147109654
-2.1651694589428296,0.21768917741217805,-0.1886496455798506,-0.2204465166595496,-0.36140156966355397,-0.21303256821159594
-2.1525078533745283,0.18536017149573766,-0.17780764664452764,-0.2787266188852984,-0.38406837401833466,-0.24731034098108645
-2.2550303393034774,0.24911650418426373,0.10274208577810892,-0.18314197176010202,-0.23371464485385393,-0.05539834235507491
-2.4463361566642785,-2.0083031467920014,-0.7684634402424194,-1.0395508655186945,2.7716653278838694,-0.04908146063008063
-2.306359817943789,-0.04913538621922267,0.3809816726704895,-0.426701765669906,-0.3343162198547755,-0.06679402700655274
-2.180151914225278,0.44363571093313187,0.3434716708812788,-0.39760996206451166,-0.0742520929208426,-0.14327418344504517
-2.217789653757305,0.48068162146627014,0.5279496246722702,-0.41058474977158904,0.010401768300164387,-0.07412893109361335
-2.2215783028443306,0.4052670954505536,0.5819032113175904,-0.4887837502630248,-0.02314582704649752,-0.0958646524140232
-2.324777933620003,0.5192679882790529,0.8611641111516299,-0.36285545002645847,0.1590364303042705,0.11129542074501625
-2.1374614700706056,0.7282679985110252,0.7046711875987246,-0.565389675706642,0.18519142832134156,-0.15352495175828162
-2.1297309585567854,0.9065496436141772,0.8194205493239292,-0.5471185320458627,0.326393375045143,-0.11713432373057575
-2.3992494282691452,0.8840484329999299,1.2064340255293793,-0.3953048204437171,0.4638778762108453,0.26923854944517817
-2.2478774005693736,1.0021112052448373,0.9976822267966797,-0.5405883559456295,0.430825721960421,0.04135380902106282
-2.1439138514312095,0.9904602419476224,0.8151311084612746,-0.6729730082717653,0.33848233366921276,-0.14249196178812773
-2.1633233768927544,1.0596439891082905,0.7452785704037184,-0.5474577479332615,0.37106715478331476,-0.0868466075028831
-2.242238741860986,1.197783319567348,0.7718215011977296,-0.30481263550299315,0.4941222351718585,0.09246711624462149
-2.243852498211348,0.9971630301963275,0.6352287893196831,-0.3422640475674402,0.330245343350446,0.03637680270456177
-2.2594328815330886,0.8880766335960811,0.5405833016092392,-0.31677757098838283,0.24103432741795622,0.032515380396604884
-2.3407388613411415,1.0876856540466218,0.5753910743169182,-0.03443474880221695,0.4066378877609943,0.23559056481738522
-2.411263717908175,1.0794455896717132,0.5759703686288923,0.11855419450514927,0.42644100804687324,0.35736724271585785
-2.4365948131136204,1.0470311875595482,0.5241995140686404,0.18704842149931425,0.401053789539618,0.39330962837159944
-2.417362582172502,1.1035323094680916,0.40286871739991725,0.2508716341712398,0.39850306609320885,0.3789879094082935
-2.4157926428475927,1.0585440056626518,0.31118890623629003,0.27387218578169636,0.34493209936692093,0.36377098308610656
-2.4545017916701526,1.2315714040609875,0.29246435069664184,0.4752248018891101,0.4642630454676533,0.48407269116239404
-2.7295116421782635,0.9201954701725313,0.3945612402667631,0.4832953647292492,0.3100676763509072,0.7448212478425527
-2.5253984125580677,1.0050118446315581,0.15270242564139422,0.22076206407506152,0.22852906826304775,0.4152921900589411
-2.499390949160165,1.0912474405754684,0.22216535710933405,0.17222130049361453,0.2927233623711903,0.39387716748460905
-2.4284732141345726,1.3336903749703504,0.32045999456968716,0.09996377975514395,0.44857002966038,0.34004432190651057
-2.5029725318763143,1.3382690961221853,0.44912834025360143,0.19192793148416057,0.5115857181907179,0.4697076084808599
-2.453437653778643,1.3853986902727686,0.5150211529331783,0.06903402517934712,0.5415023958404304,0.3950355102105394
-2.4002274484642885,1.4733262553331954,0.5798334986345135,-0.03961688714919883,0.5956735928601699,0.32482173233510875
-2.3593600676221747,1.2167742944354116,0.5575097470099971,-0.2785723670101958,0.41069442567524345,0.17270021406077896
-2.406911422293753,1.3499451030403606,0.6767216332588997,-0.16856101578511037,0.5435161509554784,0.29152070567008564
-2.5207020158109654,-0.4059934724325382,-0.15619434773769966,-0.9202419126351488,3.852291793078723,0.3116425233122357
-2.249390606586512,1.252225146353759,0.5534030187311885,-0.5180448544825943,0.3918782999157678,-0.018740534028958502
-2.2854008413413562,1.023499413537241,0.5707567302925897,-0.594112581072976,0.26205023423118673,-0.029136472531360282
-2.2650745019788827,1.282233630488838,0.4816156894075129,-0.43725287578612226,0.39626806749857074,0.011411390370717289
-2.5005179387388146,0.9309671894762565,0.5081144727990936,-0.5548177775947968,0.17066271200625466,0.17036842860366105
-2.4682195846062083,0.7607213292553343,0.39875787439851346,-0.6723200842490514,0.02083799388412471,0.06012186474544297
-2.4550506027721455,0.9249025561773323,0.3922990180669842,-0.6003725058002883,0.11937889517885951,0.08595129176601858
-2.477800711258996,0.9756410975147157,0.28256995277653824,-0.45299422514738535,0.13100545879707953,0.1435104752013376
-0.4138997969613925,-1.7490276857124456,-1.7522029582268126,0.4366357814102629,-1.74730233165292,-1.8389140255048266
-0.5536598789560745,-3.1002664791631913,-2.6512255366464808,0.030296366906001744,1.8124561176045095,-1.6477020690339461
-0.429666097795196,-1.160323442691721,-1.6896903047491558,0.7846028167796144,-1.3491755594310708,-1.637019480537036
-0.4125679994755736,-1.2196092709203619,-1.6649552838856727,0.692680772811687,-1.3869144043143933,-1.6870735083983934
-0.39870280094859273,-0.7984943408033145,-1.56110333590674,0.8510306057300958,-1.0953293384914848,-1.5874486847513147
-0.37364594467899187,-1.0690851761806213,-1.5342888534463022,0.6120608864680847,-1.2705485169120785,-1.7156822571305035
-0.4349670132145275,-1.0534908075191485,-1.4265426291218495,0.6942219527839602,-1.2105906660720622,-1.60519494006615
-0.38724806864971967,-1.213155365084089,-1.4800627846681151,0.523325881015246,-1.3436253254279698,-1.736258672333024
-0.43209243215686155,-0.6897548288838566,-1.3409820937611876,0.7957960145737867,-0.9698557304881756,-1.5230055252198758
-0.37255799639116827,-0.7944028184687912,-1.4032069772970484,0.6369306298347376,-1.0741477654372233,-1.6580128210022165
-0.31373360801535444,-0.44644974726326575,-1.4079417898600846,0.7194069148236814,-0.8734286716452553,-1.655486496079961
-0.3087835183613714,-0.39687756285009984,-1.3870417186044353,0.7274118951617061,-0.8378051680059874,-1.6487449451155034
-0.29059080139027016,-0.533587789713959,-1.4521188450471496,0.6448614013919822,-0.9486401719504065,-1.71994696109004
-0.3033000442232805,-0.5044088336730415,-1.4185170161862248,0.6725041573141581,-0.9164887515220739,-1.6885458144145298
-0.2820603410112418,-0.43336349890814824,-1.4081961144393917,0.6631977927985394,-0.8756719889991695,-1.7038309391593842
-0.3001803636321837,-0.2643004291758577,-1.373771849761936,0.7863312894133878,-0.7519604892604569,-1.6209069188899994
-0.3431997889689754,-0.03558148941500243,-1.3390026875067518,1.0012882720856435,-0.581183530703695,-1.476001356150022
-0.3993895847546247,-0.11699428612541965,-1.3313538646174912,1.0744665495085959,-0.6113244308409357,-1.4013617448897064
-0.39565184646453444,0.24254304323921888,-1.3055558815770267,1.2690328016581245,-0.3757206507045141,-1.2989909235587305
-0.38820785633746724,-0.14937726383233377,-1.3978246166346813,1.0700821386253654,-0.6534373504097388,-1.4293335037882697
-0.42482319476139774,0.09586798137174955,-1.2341654413440908,1.2004960640772282,-0.4407194806277245,-1.2947402208184253
-0.41751051134301853,0.13856123810264365,-1.1886639311504628,1.2462960797718472,-0.3897898438895664,-1.2733325052766213
-0.4355722344357502,-0.0014581356486530266,-1.2146987642649003,1.216443167599356,-0.47997002171871916,-1.2841030182630477
-0.4150464745601796,0.1660827561096661,-1.2415458651801556,1.2844453995712612,-0.38740097969452114,-1.2706809102101149
-0.42791863230297067,0.24483143292140688,-1.2283465558148638,1.3466131369248013,-0.3296008982004738,-1.2276957219419176
-0.4525717214821867,0.2787300782121893,-1.1928157852472556,1.3945927723777118,-0.29047197020837556,-1.1780467924734437
-0.48231732288504037,0.097992638908451,-1.1827090685267239,1.3394379338918276,-0.39356358148266346,-1.1839700481435014
-0.4432954817509833,0.08717075486775674,-1.1908563615144163,1.2437402260681494,-0.417027926742929,-1.2591590617204018
-0.430247763129874,0.08198887939349547,-1.1967000508017946,1.2134961053178932,-0.4266163078290214,-1.2842864352471595
-0.41206928605953264,0.02432463785481031,-1.2358722955403134,1.1600979692022804,-0.480353080435442,-1.3336382697010347
-0.38596936154226247,-0.22082612028272744,-1.2432699901400897,0.9562108994817614,-0.6485181891047017,-1.4545386212780453
-0.5058982158935981,-2.1585040954190076,-2.2394558665810074,0.2109774821215237,2.5036400262637537,-1.473035955033317
-0.34967035976982996,-0.22631865306089569,-1.255109626872402,0.8742877082629031,-0.6683717685024713,-1.5220993063175359
-0.35210188160479416,-0.2652404683442561,-1.27296132156013,0.862905316367158,-0.6974893063956759,-1.5313108044424701
-0.295576399584539,-0.17710430937633573,-1.3418290669859514,0.9718795934760629,-0.6475883723057538,-1.5535046931269239
-0.32286369079973426,-0.41531355246244717,-1.3669221621482592,0.9000504921951821,-0.7973445736686557,-1.579198938787078
-0.3081385509245172,-0.696355458502555,-1.4077571267823727,0.7181097968468513,-0.9934314219582934,-1.6912582347200287
-0.31471660320535394,-0.6654672670568585,-1.394327623624143,0.7416915663282476,-0.967981946721491,-1.671501303110889
-0.31493810103757497,-0.743907830680503,-1.4321281574849614,0.7157708455211753,-1.0281905508237315,-1.6949769564179358
-0.3297869530519069,-0.22901675396967225,-1.3607146513607735,1.0158891516823538,-0.6748805705358746,-1.5150977241902703
-0.34930213101763913,-1.2343835158800154,-1.4819385122250472,0.5225750815756474,-1.343310876678962,-1.7839111295463184
-0.3254268337464437,-1.0830267141528118,-1.4566212425658536,0.5456792644097451,-1.2482126329982905,-1.7804407982210477
-0.6903210634438951,-3.4634548688849245,-2.1973266687810966,-0.06973751998478094,1.774503769364637,-1.5060550007308002
-0.3871025360750951,-1.2836260570767208,-1.475079901693571,0.5754165561418537,-1.359478780546566,-1.7313926198541372
-0.413728393762328,-1.2158695757675326,-1.3963498622932449,0.6294104058378525,-1.2859655710964877,-1.665266442195197
-0.47905134600934035,-1.3817576128125566,-1.2416234923562635,0.5799569986154222,-1.3286081197972825,-1.6050315500859418
-0.7025411018088695,-1.3750317574462814,-0.9057910437143321,0.8785245064908269,-1.157543092726978,-1.2188010572942176
-0.5954252994144079,-3.50409572564497,-2.2032310436991787,-0.313550993375284,1.7124927119417206,-1.6904883810749078
-0.5244354898865259,-1.662795342675081,-1.2177229531740952,0.0983888958301304,-1.5723251049574312,-1.7539787991522575
-0.43937514938914446,-1.5352525657164695,-1.2773666193085562,0.01624520077575771,-1.5368514810369664,-1.8661407704031965
-0.40261182354767155,-0.972010945586397,-1.1373343044142035,0.18627611149266204,-1.1530147737587926,-1.7651168025321522
-0.3892479895160311,-1.5034613220360393,-1.1859860869218735,-0.13981938467915372,-1.5109408637947963,-1.950746867617261
-0.42022849033167553,-1.6674534263959468,-1.1641034597397244,-0.18650238688581117,-1.599536113918983,-1.9483017596540915
-0.5337628068056303,-3.398797922726817,-2.1056406502763494,-0.8566336361969326,1.6965151530375893,-1.9179336224743215
-0.41847836002898686,-1.2490646303224897,-1.0350097889033156,-0.02132295905896063,-1.299112595997907,-1.8304921861301606
-0.38642287433914824,-1.1999331205243073,-0.9903155744019495,-0.09243765178226286,-1.2674438901624543,-1.8740416059192226
-0.3501454810382222,-0.9691254978757123,-0.783274165004186,-0.1611551186354639,-1.0783839814003726,-1.8735293575352137
-0.31373123041497053,-0.9359123899563431,-0.5929398323347456,-0.3397019712481523,-1.0201993089363761,-1.9328313227640244
-0.35519879859877246,-0.7054113579676096,-0.437402735770619,-0.20361730729129274,-0.8174477079433073,-1.7945970327348635
-0.30214385872909,-0.7293739036510019,-0.5088197671362146,-0.2970014732561476,-0.8705599317301209,-1.8952801550281033
-0.3342512033144631,-0.6980245552992757,-0.49384375744386544,-0.4873390826563179,-0.8948648299513968,-1.9262495169004514
-0.30426966560416535,-0.43851667745676715,-0.3767084430979076,-0.4712393125750132,-0.7089187978961825,-1.904457726152582
-0.2291519558881685,-0.45277137176434196,-0.3576292510781297,-0.6632986334901588,-0.7398849427839123,-2.043263953033007
-0.25171571553468225,-0.3151518694527298,-0.2618540278702634,-0.5911935251073817,-0.6190754569915966,-1.9659243648099356
-0.20704887404309652,-0.45060123307483935,-0.30701479453620756,-0.7502154225312858,-0.7337735728558203,-2.0868013196470043
-0.18417438288762988,-0.4163349789972766,-0.2148820424094805,-0.8405195208798113,-0.6961172077429849,-2.1208312290111304
-0.1793774323281716,-0.03482037679333662,-0.10837995969455651,-0.6886952425896081,-0.42609502153632084,-2.0179692852722693
-0.16828245937356662,-0.022974102322617554,-0.01829770457821581,-0.7610833914913055,-0.3988019181929202,-2.0360439207271357
-0.2002954672998511,-0.01101802053959973,-0.02554587835595214,-0.677780458603171,-0.3817583028465617,-1.9759316250825247
-0.26699569876754237,0.222889114459625,0.05653126571447012,-0.4361931412585563,-0.18697263676904688,-1.7893280246581629
-0.32830014042655287,0.43607083863820206,0.1340899565475765,-0.21653960972255717,-0.008542831915324156,-1.6184228178732463
-0.3340189830053615,0.25686907053888436,0.046561204848751224,-0.2615273994042357,-0.14438654317887734,-1.6619082442249415
-0.3659357666359562,0.15021507094199749,0.012072989372653031,-0.23733702178843388,-0.21076287989314538,-1.6391657441493401
-0.4195336916328611,0.5027086477861163,0.05016589495500883,0.10226730770756098,0.050578597946556544,-1.4289928903736369
-0.4768368276910772,0.4582293475090336,0.0274699143876259,0.2139822123182489,0.03605752437002879,-1.3429009965350855
-0.40017160418222303,0.3518822145846196,-0.12156202187876275,0.06253814435422228,-0.09869303102966256,-1.5095287030265856
-0.4291304759554852,0.40240530738375463,-0.05400361085556539,0.1094159996492449,-0.039133957329595195,-1.4487190936351946
-0.40715286915078136,0.4413837063238662,-0.08312776069858359,0.09333701928534638,-0.030354483860234427,-1.4790490109892627
-0.43597144225776646,0.39575971981726293,-0.04165080803234265,0.09745568088076681,-0.039217668819992266,-1.4470748270697753
-0.425176942406196,0.3559862972006038,-0.09091960917885887,0.07099022673224953,-0.08216782930071767,-1.4811347337084364
-0.42220305160870325,0.40245243475876435,-0.16603052445773966,0.13228914723951746,-0.07373075622048522,-1.4734511500292993
-0.41740815997202035,0.4606157671666927,-0.19180447962751979,0.16716292475146668,-0.04545989805366611,-1.4663231274744273
-0.38588153677022224,0.34517591006555814,-0.21674534104635648,0.0364061587256285,-0.13750724259515357,-1.559001207457617
-0.505221795418216,-1.8096905813147826,-1.1693821141469172,-0.8717507727748505,2.8865413815504546,-1.6473465745702829
-0.34123599066121507,0.060060522527551716,-0.19043540591952887,-0.26159419765951336,-0.3296949154032078,-1.7295205501639814
-0.3309914771319375,0.06541519870935603,-0.23270617669854815,-0.25851514459875774,-0.3412437878466442,-1.7463987743648008
-0.31216765915469363,0.20271289785383906,-0.31454350500106587,-0.1709196802466391,-0.2817850543945474,-1.737492093776322
-0.38826719297840784,-0.07939671230980401,-0.3745845866165764,-0.2689387057398626,-0.4804483957516662,-1.7355449832588261
-0.3758967821827969,-0.3600975674356253,-0.4529320548308738,-0.42248434403016216,-0.6853129360646042,-1.842396232647531
-0.39850868844206755,-0.18301554977317472,-0.2972867022159159,-0.364624947687844,-0.5237082905310567,-1.7553912421196218
-0.3792554710211079,-0.47808045949579525,-0.37497607932587895,-0.545609262119827,-0.7402967458208153,-1.8802291052897535
-0.4138319340703511,-0.7079027655958375,-0.40486675209130096,-0.5950928474505288,-0.883557999637009,-1.8914495345130864
-0.4168290832117808,-0.855170821010823,-0.46673899231735766,-0.6461943919095983,-0.9935535813119303,-1.9325801204972708
-0.41347317024101593,-0.49559419701001145,-0.460726106011671,-0.4428937667438608,-0.7633717347404897,-1.8311887630747536
-0.8288201703673372,-2.7229763895359502,-1.1706998073629282,-0.8737435950599852,2.3829161046573897,-1.4235663622767933
-0.48156300421812914,-0.9144270188245462,-0.603839621477525,-0.4611712505289474,-1.045280782340073,-1.8371568320843854
-0.5394883470995938,-1.3112772470859442,-0.6641234472742338,-0.5369590517894702,-1.2947720868724544,-1.8551587203613646
-0.6050812040055898,-1.2381785654848487,-0.6696558674137617,-0.3464210121736832,-1.2266750139163092,-1.7194740148783934
-0.8665938687991803,-1.5934016750616165,-0.5030433751280582,-0.08227909933683619,-1.318492711288162,-1.373777216897244
-0.8382005062727624,-3.250481760267809,-1.7844221754740583,-0.8245022386818852,1.8853285366514287,-1.5653852948952431
-0.7458867135947158,-1.1876768049604456,-0.8971058996460421,-0.1950578484152855,-1.2748417819357585,-1.5721136007971843
-0.673526551837963,-1.5355956295434656,-1.0979206872246852,-0.4542642054486257,-1.5764825474675421,-1.804559627122825
-0.6676996325596902,-0.8120007998603339,-1.0287615924308264,-0.07294903344829574,-1.0975314805400191,-1.5978002445397996
-0.6482580445554184,-0.8184197984277382,-1.089425027177241,-0.08568867218586333,-1.1246148220410273,-1.6336177261971936
-0.6782354883011801,-1.015695417635942,-1.0901383115148522,-0.13921039112307854,-1.2406159945845279,-1.641556284390917
-0.7653228631977178,-2.980612584765708,-2.0283331877459254,-1.0102440257305143,1.8976823542184997,-1.7277620417407804
-0.6812953928709155,-0.8163653231123702,-0.914522708064713,-0.12058401102804807,-1.0661334223364367,-1.5810311011314997
-0.6646733904812328,-0.8924367737831896,-0.9243015169120902,-0.19831840065387607,-1.1232792713283812,-1.6333268453993168
-0.6109760829860077,-0.9285176759427348,-0.9037838442264491,-0.35341335945710434,-1.1599852417729726,-1.7395188701174755
-0.6005918282286303,-0.583227794757258,-0.7002812726569201,-0.2909408192603854,-0.8892946237156729,-1.657734554808838
-0.6016760955827339,-0.2600853164652367,-0.30510452723183157,-0.33495814064844837,-0.57867568704709,-1.568263174940492
-0.5141006542750268,-0.20895372038241714,-0.12698774719410433,-0.6156050871007178,-0.5308298677855436,-1.7148293713601346
-0.466915389018798,0.2214443954928221,0.014540824449764332,-0.553839584011344,-0.23562358348092294,-1.6743251922148643
-0.5205274910865756,0.2411577789370159,0.18403585895711652,-0.7318272133131462,-0.20443784409777602,-1.6522672057735235
-0.43797196567113933,0.22497840059162594,0.13355014764062184,-0.9038095381751985,-0.25791700899143205,-1.8053192683488513
-0.38610468197171216,0.201071018161801,0.11433959167790773,-1.0208455099072824,-0.29637576486565936,-1.902388647034137
-0.39395840712016345,0.6332683759711146,0.18229404988657505,-0.7803222914494946,0.0010230352148796965,-1.7577548138635686
-0.3994208446544052,0.39827847778642816,0.11293713326336695,-0.8660902417823727,-0.1654093748866166,-1.8166874644917945
-0.40510190899366283,0.4970037259044699,0.08243586381132773,-0.7728257250295507,-0.10801879618442332,-1.7748592994676113
-0.4205071264764932,0.5055962426608461,0.0498361492569353,-0.7136123383776363,-0.10566202928993133,-1.7445175181247767
-0.47447146275822355,0.4937308149046021,0.07058485812170376,-0.6134637598836447,-0.08885579541922793,-1.6541312261061494
-0.5311708319717211,0.5961643930146961,0.10187178588827946,-0.4443477953231169,0.004823803094541755,-1.5244830857016014
-0.5678670198594393,0.8496408197700777,0.15701474298270524,-0.2431330221896603,0.1943485938853478,-1.3848039932374654
-0.590444889659066,0.6899252589061566,0.13273498464167652,-0.2759166302965647,0.09361374762116961,-1.3936735838284633
-0.6007584507368852,0.8441280387639433,0.19225450112649237,-0.19722272192889903,0.21138737279535996,-1.3309863980339163
-0.6249531685021521,0.998726228789114,0.1796967817381016,-0.043561134781173697,0.3153943425488341,-1.2421068632451164
-0.7837746058562856,0.7718084148842541,0.1835328583568853,-0.09186900112240279,0.16911954524590828,-1.1251485495950735
-0.7184400533381085,0.8010731468085077,0.032749097211125025,-0.13161486613895032,0.12498365814540746,-1.229033927776135
-0.7222909415187931,0.7415239366211145,-0.020819858946213562,-0.12863706850204132,0.0739854587846281,-1.2401412919592592
-0.7272078761112534,0.7965562739727977,-0.03191168461595262,-0.0795689265301272,0.10783812772769191,-1.2155536175421287
-0.7370685266535478,0.6757005255397804,-0.11051162366705723,-0.08508213965623165,0.013161720420794764,-1.2341091428217594
-0.7397733379790662,0.725927180163833,-0.13255364956517765,-0.03727415800984518,0.04028196906268703,-1.214635185430512
-0.7067782500939493,0.6290531247527991,-0.136144130369533,-0.16866341943863222,-0.03438998409586114,-1.302524346512626
-0.6801855219149366,0.6413142125983766,-0.15138949516963376,-0.2116824463759922,-0.039940975829274285,-1.3453073951228915
-0.66523820278589,0.6965152385620982,-0.16811773164692959,-0.20165809364547105,-0.014287885988307292,-1.354502794367301
-0.7806717408336925,-1.274402788957096,-1.1185694348574644,-1.0033422546183826,3.127152550694244,-1.391305879430438
-0.6043957025501545,0.533138091785132,-0.10908325331432095,-0.4740625044668269,-0.12494930383476585,-1.5132404790632283
-0.5682599649390824,0.5319842436208524,0.011986546884076897,-0.6382734352452908,-0.10753721290607729,-1.584701838474115
-0.5601667451474768,0.5095808870039058,0.03044732604080278,-0.6903672261210091,-0.12075371265179781,-1.6108952229585305
-0.6606023646183196,0.45021466726667475,-0.01836378434084272,-0.8611212252835607,-0.22079500943744945,-1.590062316779631
-0.6681188219331546,0.18824801715786268,-0.08932478689052668,-0.9691483286399808,-0.405270076977416,-1.6594273098525216
-0.6808497470603101,0.23360775457066676,-0.08309449378485621,-0.9206044427124827,-0.37046124342006814,-1.6252829182313517
-0.6868075022201169,0.1928715094187253,-0.19301310675248107,-0.8682954127476686,-0.4235520965432369,-1.6261463549808326
-1.9273166946204037,-0.828923684557121,-1.4960720087152877,0.0357093074699627,-1.3587453114518702,-0.43220794292609244
-2.0494584412443366,-2.756145994026544,-2.5441249215394763,-0.6714989825361498,1.7868309745237356,-0.4448467176296347
-1.919138827563972,-0.6559436103987359,-1.5859524241716576,0.16863204752138683,-1.2752778543084318,-0.3961178365339999
-1.8262172340323422,-0.6057028023061665,-1.6363461830589658,0.019723701519825165,-1.2893104849478816,-0.5441138616870901
-1.8294512518469828,-0.30754057397053003,-1.4741080681038705,0.10835330658678,-1.0548767094478848,-0.452129928083548
-1.8022373542028214,-0.121506948673315,-1.4132059936306904,0.1219599773194644,-0.9295654184788471,-0.44558022800545105
-1.7706673098845813,-0.172670329472254,-1.372124267495344,0.0021204611723261153,-0.9620300670465981,-0.5141481971653397
-1.7189483141222648,-0.1564713382878513,-1.4196235083819289,-0.06733693022638754,-0.9816470532061666,-0.5951473202428769
-1.8187205218568652,0.2507370531135706,-1.2257766747114975,0.2834076943823572,-0.6365328053236586,-0.29969857381592385
-1.8021452470222206,0.24267010018660987,-1.157789989501947,0.20839930981725566,-0.6289301694232453,-0.3286790246900651
-1.7661921138837382,0.40588030011278287,-1.1153572789712924,0.20635338364719005,-0.5255373319719726,-0.3406465300190377
-1.7481615741864227,0.17791889710581507,-1.199912226136417,0.08095986363376255,-0.699795958334102,-0.43867725128737994
-1.7027381460466846,0.38904772244929237,-1.257673395906931,0.14366960341920212,-0.5957298503691448,-0.4523830354274098
-1.779398809874501,0.40083249857897185,-1.0454318245004541,0.19671756371833718,-0.5051706934197364,-0.31736766855376014
-1.7442061399179065,0.38806498389789695,-1.0672329089401817,0.12318967150124786,-0.5314991952234711,-0.382760118707365
-1.718020610486767,0.5771545245080882,-1.1327526400164707,0.20684467270486498,-0.43805570302607894,-0.3760470717819678
-1.7744161944008072,0.8297736488201658,-1.131971861101756,0.47435195728920804,-0.2573599051662883,-0.20596642866543038
-1.8552764406727231,0.7867937823362553,-1.120219902128294,0.6112246653923279,-0.25428801844811777,-0.0826813469379552
-1.8395098953321052,1.0304163843684586,-1.1768600511793401,0.7459251299855587,-0.11993455283814128,-0.041256022625963944
-1.818650479739149,0.9142855458077932,-1.2799622216828341,0.6911627587504059,-0.2286846943513793,-0.11092062342339948
-1.7747088742053392,1.0626181533082368,-1.2902616832114464,0.6932560007746857,-0.1515557894041095,-0.14070974947026096
-1.7861846069500618,0.793033174779219,-1.2725436049744456,0.5800896740767425,-0.3082483694033785,-0.18954022218018793
-1.7884298489119541,0.6973943490980941,-1.3274122322453505,0.56514661085892,-0.38261285747314233,-0.21093631338191562
-1.795784488960812,0.8667665949560267,-1.321432207935863,0.6809372513659104,-0.27002892140757945,-0.14654026083467234
-1.7588470219299692,0.9250848443193874,-1.3970850404181334,0.6734905637786626,-0.26615293100996934,-0.1951048050883106
-1.7522279076755143,0.8607116595060129,-1.3666175350767842,0.5957318693415556,-0.30220426218650215,-0.22980775591223587
-1.8294484895145238,0.9521151262748628,-1.2633608815035393,0.7565745769245587,-0.18982610780170583,-0.07108372350543618
-1.7941040183553143,0.995134427809428,-1.201594229551509,0.6604044859649671,-0.15909256209406689,-0.12453857085108605
-1.8040365514297936,0.9501164031393685,-1.2409308586149301,0.6808834678399425,-0.1945615937669215,-0.11896302511344425
-1.829970459975377,0.7523523288560263,-1.3103625966311456,0.6630156107103169,-0.330018519964581,-0.13085050350897207
-1.8489880140125186,0.766908090560884,-1.350586904757614,0.7404979299211913,-0.3243882951941162,-0.09116761471136509
-1.925792052309951,-1.158309488177114,-2.4393703349427027,-0.03509412399244353,2.796467020867306,-0.17830823516600855
-1.8049745539201154,0.7755433999481909,-1.405691736343204,0.6808162862419087,-0.348830067339242,-0.16458034361977755
-1.750651235873029,0.7228389389370549,-1.4253118024357598,0.5357440841761123,-0.40719462405341295,-0.2774430956654166
-1.7384644385645098,0.5615731767270201,-1.4463557428342717,0.5630391126060859,-0.4890885599083177,-0.2985240551664005
-1.7759891058693869,0.3313421112022337,-1.3784595784436116,0.46388207156736894,-0.6056050440810322,-0.30528574748216225
-1.7207517965045307,0.3933029106428171,-1.303293415744523,0.32920263540878825,-0.5660005168268692,-0.38692425871361197
-1.7264880983306656,0.40073499707457083,-1.2864534761950859,0.334459317132374,-0.5549789396617864,-0.37593230618810375
-1.72644760017584,0.21990320416216436,-1.3327527246272324,0.2509269797666097,-0.6830479005383063,-0.4308327526428792
-1.801060376747249,0.07070861610835817,-1.2936269053980214,0.3025797123963957,-0.7420528480431119,-0.3464410662442364
-1.7792453051826995,0.07044869070710208,-1.2606420407709544,0.23155015143527227,-0.7414527329004956,-0.38670786479413605
-1.7484997099301691,-0.29322252642784546,-1.2877634132721403,-0.0365711088914635,-0.9917114058724175,-0.5482215200148414
-2.132299645471208,-2.159969392842867,-1.947655515549006,-0.3423527659019154,2.3880859405445407,-0.08388354188219359
-1.810004322739266,-0.40678731497898407,-1.313821028075119,0.060149864022677114,-1.0483892850987102,-0.46772698387069594
-1.8468028843005875,-0.41305791168471534,-1.023449943042119,-0.030670345326152617,-0.9626006979924937,-0.4082473761839815
-1.9410540427961986,-0.39297659024308795,-0.8330770762770191,0.08067136107685027,-0.8662050670712237,-0.23893757667469837
-2.133882428626764,-0.5275037936090392,-0.5381734500731962,0.25420142994189665,-0.8066790452947713,0.053662079523530595
-1.7343456245066335,-2.1155064587982966,-2.1647995907978577,-1.063520846346524,2.220209766177811,-0.7596638206878267
-1.7318168414449848,-0.46317262533470827,-1.0613528248208,-0.500045787238839,-1.0905193410706222,-0.696842331833573
-1.6875896587957762,-0.5733871917231508,-1.1346425145667822,-0.6238486521220787,-1.1961160614622477,-0.8076587315323149
-1.6896543128205166,-0.17858867131672954,-1.0226049238888866,-0.46299305305483324,-0.9147587350207241,-0.6944760468698179
-1.668577106357384,-0.25704245217071675,-1.0886753807745868,-0.5329745852950473,-0.9911819288888216,-0.7616958079775862
-1.7913083011616622,-0.8966857303357247,-1.0570389509578082,-0.678766277022397,-1.3502184900004404,-0.7478408272925947
-1.9397914905743299,-2.6579462715914555,-1.9480508080438583,-1.33037212062625,1.9512431946954873,-0.6718734031633045
-1.8614630985078464,0.02463521229090924,-0.7285606751950453,-0.18968230562413574,-0.652230943480003,-0.3661977964219111
-1.758117401477556,0.14731528752467132,-0.8373436927918612,-0.29342943912836184,-0.6399228194034411,-0.5147134157511086
-1.7061825049369708,0.3338692926756793,-0.5102185341418289,-0.5064620773581439,-0.45410687795911686,-0.5629246997509072
-1.6346361677362735,0.3056789401706653,-0.33645646806388435,-0.8008632872251269,-0.4529078221198084,-0.7074416113985316
-1.6265586806632812,0.6001726431155223,-0.25890861596983694,-0.6978362585694944,-0.2479213584176372,-0.6393224077617145
-1.5856607840112047,0.7459252087761153,-0.32953954049058737,-0.6684546212945895,-0.18857121462228604,-0.6705954815754335
-1.596694692322468,0.38650356659564267,-0.2727871326145062,-0.8629425695188695,-0.3913552884292286,-0.7514638289427403
-1.616524488730735,0.9768425788100529,0.013268700192866172,-0.6435794631795329,0.06760991811863401,-0.5487493568755981
-1.5545122687736483,0.9954598238171852,0.12501424676624995,-0.8479731257881332,0.08610906312427166,-0.6594515135468475
-1.5568549916723458,1.0730683207676144,0.24579193906561692,-0.8755573439590901,0.16766755323806418,-0.6379754892436967
-1.502101971659328,1.0211343966244242,0.15566367719630475,-0.9823403514534866,0.09076979980421604,-0.7517523592964678
-1.5342893983584673,0.904299688518116,0.344459936738715,-1.101712628631626,0.07631498087768471,-0.7381695215547154
-1.505719313739986,1.4394842989696912,0.37116531215068704,-0.8648711300366627,0.4150454942408241,-0.6302763516785715
-1.4607523870927257,1.2058425882022563,0.2875015353575845,-1.0471622767859243,0.22857857809192214,-0.773647642093446
-1.5085800189812821,1.3997058688959798,0.1895445249550422,-0.753623604910209,0.3447177715997201,-0.6234347751111152
-1.5796186832376145,1.631964156086801,0.1908359806674968,-0.44468890906115055,0.5196914138644958,-0.4228667233336133
-1.5705354060587897,1.6251876963696348,0.09593469725888332,-0.4022661246323983,0.4881278146959132,-0.43390973208684536
-1.5898599985839288,1.6960738041716954,0.11878624269282427,-0.32783245743229583,0.5465008916324187,-0.3778579845091632
-1.56510237897874,1.6769419468713886,0.0019405742559854664,-0.32820940789709935,0.49446690883201255,-0.42665472662868775
-1.5558625264099113,1.7432609397306738,-0.057492389348542366,-0.12201831646023555,0.5517540436474219,-0.36877087413865867
-1.555847458119422,1.5975967194786878,-0.1596610325243913,-0.1522973181834293,0.4313524510917942,-0.412665695622987
-1.5198850301855225,1.6838134263457643,-0.038603331942899374,-0.25739601599953604,0.5052797586736562,-0.45432772028412
-1.4838615527347845,1.78226105902416,0.052504541253477297,-0.33606424563807913,0.5792480894904087,-0.4911740433545481
-1.4595312533120812,1.8497598086026532,0.07867374613495558,-0.36796702322610586,0.6204937670561697,-0.5153526534679036
-1.5177847874587502,1.7546918538303964,0.15175130506488874,-0.34116502980761704,0.5992226343975574,-0.44431875011313243
-1.5079984769627781,1.7826474114836253,0.06083089439908724,-0.29358926238125654,0.589559876966971,-0.4522515004810657
-1.560434242284243,1.6000985986792882,-0.036888809062737025,-0.22977852715138125,0.4653883737834351,-0.41430300000815196
-1.5822023056229062,1.6376902803379727,-0.05360163813598097,-0.15055362194302402,0.49251181302890534,-0.3654465689047563
-1.5654993759757985,1.6589892226413305,-0.059800538138219235,-0.17394172954216464,0.4983717759903301,-0.38958134430865715
-1.654213730638921,-0.7736001058513242,-1.1731856870030064,-1.21923954355113,3.291918827884074,-0.6112425077263556
-1.5582418531780327,1.0982480234276848,-0.18096931561978685,-0.46628923477540707,0.10424848342834712,-0.5748259028942614
-1.5360723714502391,1.0920279876375907,-0.32699601346844703,-0.445268647952952,0.05279905092485578,-0.619554650690746
-1.5751508568582737,1.1576197084803093,-0.46123874963791883,-0.2503480207210548,0.07204568143770089,-0.5347953243703515
-1.786471871903649,0.8975658576266548,-0.4770844524266207,-0.3022472280626372,-0.10552286754496172,-0.3768539283051557
-1.7485992666709442,0.7191070721002925,-0.5910883202083063,-0.4390988028036751,-0.26423369483141357,-0.5017089165864487
-1.7559640280159479,0.6760119036579536,-0.45637179020148166,-0.5366368862422692,-0.2544530271942033,-0.5081745734800838
-1.7325341137883,0.5918632227955102,-0.4773294273451021,-0.6341146762846636,-0.3227051207991472,-0.5779146959504049
-1.7956526608489136,0.26867592378073596,-0.5094156191641865,-0.6752075408582604,-0.516246234313695,-0.5673620086334936
-1.7870846058297643,0.3003092641364499,-0.582317466837104,-0.6378295857929573,-0.5187963358557187,-0.5746238730788822
-1.7726160763080863,0.3624680329603154,-0.5820162908546779,-0.6420703068382582,-0.48492332511997127,-0.5859946117006831
-2.147051554556695,-1.8381582150833098,-1.3841698611273316,-1.1010767540275566,2.6390481752702315,-0.24451668338285631
-1.881636045530157,-0.15735752641933728,-0.7532840372840893,-0.6289107792558348,-0.8259243138069182,-0.5582164537613572
-1.934365023469009,-0.5757006420028463,-0.7743819346504879,-0.7612372290638921,-1.0814870833120742,-0.5969658495629435
-1.9806809954645086,-0.2731806175153501,-0.6616210171861255,-0.5511941990275562,-0.8427706003029528,-0.43065612402198655
-2.2312630255196444,-0.5550131604102998,-0.4202261350646445,-0.31220466317005957,-0.871838344759221,-0.08354620755435102
-1.9370839970830755,-2.154667865285219,-1.9662141407718763,-1.4565015007526296,2.205312474061177,-0.7202787668217874
-1.921816269554076,0.018862850368259965,-0.8780781414001717,-0.7577416669915862,-0.81494055039647,-0.5795057494934956
-1.8562369021887188,-0.1448993716992734,-0.8291479845071092,-1.0409961723336576,-0.9307496715668192,-0.7496068849891742
-1.8515376814835292,0.23891081539181497,-0.7649103431722395,-0.8617724785689388,-0.670298333209581,-0.6448073397932381
-1.8217689747414683,0.22577173754419527,-0.7764792646315396,-0.9333417340783222,-0.6926201541188808,-0.7029357781198748
-1.9034060210762607,0.18153143821496145,-0.5445519359771198,-0.9206873795032545,-0.6315258310726245,-0.5795364213940053
-2.0740675441911067,-2.0940217920041113,-1.4494790860819,-1.814088832279096,2.346095650384669,-0.6143766577892744
-1.976708792891146,-0.12180459457490553,-0.23446142979904502,-1.1373167030927622,-0.7192587626246756,-0.5544967831502565
-1.8504884681209348,0.3230792459051503,-0.2798047347890332,-1.1325939458781196,-0.49190679636568735,-0.6453959003352865
-1.8459397176736558,0.5218313631187961,-0.13209172735639613,-1.120286305897448,-0.32835174225674274,-0.6007833268378714
-1.8421035111935622,0.4917597414210243,-0.0822291673687481,-1.1857726961735129,-0.3366620946013757,-0.6221566215273626
-1.7969793628555426,0.8084600996929006,0.008766025811311137,-1.1565161415555416,-0.1266422852512575,-0.6107950790049095
-1.750289595598163,0.7301253719800486,0.015344937486283312,-1.315712524395136,-0.19182227430183696,-0.7185191641366186
-1.7536995611867017,1.2472726138322867,0.20153674880970698,-1.1104461147130171,0.1889166169179613,-0.5612733707277874
-1.8870680227058785,1.0347112536150473,0.3664057128638825,-1.2186178276205775,0.10418331536854944,-0.45821270023653204
-1.794469669954203,1.2236840768615769,0.2567191593484006,-1.2488374133815974,0.16329511191627494,-0.563181807410401
-1.7738416621180042,1.1797705270870513,0.1931073814371632,-1.2855074619727098,0.11099265902572866,-0.6125791663826585
-1.7976052245546703,1.386565904226992,0.1519850326929444,-1.0843030045269804,0.24071450285327217,-0.5081677479214879
-1.8567646812421028,1.4491679130679105,0.1368383864752121,-0.9065947220450247,0.29750010754536704,-0.38568448855876625
-1.8651437471368335,1.0975787449914876,-0.014128285276275798,-1.0115928760520185,0.03563272133001314,-0.4753466151123983
-1.8786859672874783,1.039595728938682,-0.10352528082898026,-0.9628975996622993,-0.02021775134602462,-0.4674033881100911
-1.8854226356173687,1.4467319035323325,-0.1462254062936966,-0.6755094685648504,0.23147466627504432,-0.3310705713631925
-1.9209791087849595,1.478185443114768,-0.19129935378855914,-0.549391460915411,0.2523332628335432,-0.25785457021602687
-1.9414179334820394,1.299530397088876,-0.2739916380365803,-0.5616855381867804,0.123522589113753,-0.2741913189688424
-1.9509428437554015,1.3774849663430748,-0.3489831106498295,-0.4482770508086867,0.15703451508231275,-0.23233471082472767
-1.9535262796076287,1.4237967143506134,-0.41973375594898593,-0.37336990340322357,0.1688456719541251,-0.21302067020609472
-1.9570961650349756,1.6072871841890097,-0.4891636666473685,-0.21400167308357793,0.26913237016793734,-0.1503809695448054
-2.1104182321003724,1.43527530860598,-0.5364836136228873,-0.28284853096458124,0.12665550080716256,-0.0508670165019904
-2.0713458612288345,1.3770346076596687,-0.5555827527328883,-0.39599494771331584,0.07040251030382007,-0.13784888079945617
-2.0535786519926926,1.4628588223825156,-0.473929071117193,-0.43367452030045434,0.14044468839755778,-0.14514921600814196
-1.9901000225501002,1.6104160674513268,-0.3799251623394739,-0.5441025545038423,0.23707458772989407,-0.21457380389934816
-2.02687366428364,1.7042651881311608,-0.293052141238251,-0.4575924346909516,0.3329013293662579,-0.12341410774969659
-2.026814065836986,1.6801889413106554,-0.16497616974596704,-0.5500873057226061,0.35106769330589666,-0.13387389066010963
-1.9815710003249452,1.651732063549377,-0.10716484297322412,-0.7071234876895331,0.3317379036922546,-0.22522258639557352
-1.9962127290631877,1.3868093809522426,-0.048178032245810146,-0.8756905880213224,0.18236780585786963,-0.2838800319868114
-2.0192201608425036,1.4321631327747837,0.02019401308030228,-0.8433096624971023,0.23696370864008096,-0.2338704847243837
-2.0819503923032117,-0.17927442782730757,-0.8654832916489779,-1.5903710640021376,3.6062953156632465,-0.25877978434940824
-1.9364959956336139,1.2368120525239772,-0.007569884095465467,-1.141802954575903,0.07436898870340476,-0.44410055197822634
-1.9200789014774375,1.2467138449759665,-0.029782167839763566,-1.1673119981813669,0.06830984217178561,-0.4736747276775211
-1.9568398801445943,1.3530163962056525,-0.058571360590263,-1.011063554560826,0.14100735172015152,-0.38011791837525827
-2.132334857633484,0.9334687217445542,-0.10011758462863422,-1.1886200638788595,-0.15084749798099129,-0.31958502706236164
-2.106870106301043,0.7222544551121015,-0.2059734248027656,-1.3177610878875705,-0.3235594432924784,-0.430327573310689
-2.0901054560543577,1.024215434482935,-0.19550281077191192,-1.180720581106663,-0.1336803817407153,-0.36941945691806205
-2.1107910417945526,1.0436495389726332,-0.31337387882648776,-1.052009266340012,-0.1449530926544317,-0.32481516266814664
-1.5332899852332489,-0.42620652901286643,-1.9093999011864515,-0.14785783812565415,-1.3043212115798202,-0.8134101741314836
-1.663959816898164,-2.3653513133530057,-2.9466805264312392,-0.8496500484123889,1.8394682048367004,-0.814877312490554
-1.5264639636737634,-0.2510977564621184,-1.9969251096431189,-0.012038600414955428,-1.2183957825562266,-0.7743462164868979
-1.4869568145744434,-0.17480919374575274,-1.9635011036990335,-0.07586528246213,-1.1748699634687234,-0.8221454407331661
-1.4902692147406182,0.0096107481875274,-1.8195468172895684,-0.04486098977416276,-1.0179921125329894,-0.7641195799816882
-1.4681556134720322,0.30791038455131975,-1.732872819254082,0.03259509266683235,-0.8122715694201457,-0.715091091529029
-1.4447749908810836,0.24582460960881666,-1.681341752212336,-0.08176258430343576,-0.8460852233408097,-0.772760612094834
-1.4384190628713092,0.20189608303701384,-1.6709566036287513,-0.1207045403495799,-0.8729414558476738,-0.7933154470738228
-1.4901580152264595,0.6475280893921654,-1.5539507492021278,0.16529509244205975,-0.546251869267411,-0.5785597361127307
-1.4616940684069606,0.6738297871402699,-1.498104752626265,0.09174818728647872,-0.5240454723055753,-0.6177908255572068
-1.4188396659068814,0.7604253304109102,-1.4783450375071105,0.0415356817926469,-0.47806994528433605,-0.6646559910351542
-1.4247050924573597,0.5751015808615111,-1.5203892555168437,-0.030067928143929768,-0.6054354090715574,-0.7085738129094361
-1.4301973944271005,0.739577884372169,-1.509823717244621,0.07745803215917015,-0.49528278173527923,-0.6482001919797447
-1.4361696406663227,0.841594369564078,-1.3883189770705715,0.08121259077647104,-0.39579737337811166,-0.6083971007313798
-1.407522514272523,0.9424180254892955,-1.3819865345567481,0.07414648609843034,-0.3397384742767754,-0.6284180159413593
-1.4283563226715776,0.9570559885501253,-1.4056886910771866,0.13249126031463954,-0.3303274321093698,-0.592689843997171
-1.4865656897369528,1.0970249160014405,-1.420454848383186,0.34524427050189244,-0.22515980747826056,-0.45325498242120804
-1.5248947097566838,1.1455591412876087,-1.4572951313492903,0.4713378980415872,-0.19132440638422002,-0.3761117624827676
-1.4958195596699864,1.3132781737420625,-1.5460712620056853,0.5495925230043816,-0.118686553076193,-0.3804721900305957
-1.498669919097052,1.2737185862873912,-1.6014510823184647,0.5655924812594447,-0.15752714007904245,-0.38617484451458833
-1.489666775038109,1.357661453969371,-1.5700969817337114,0.5820093709756758,-0.09831246372180934,-0.37483183915054646
-1.4776272315598027,1.1162522972784414,-1.565613036150804,0.4809765701369106,-0.23997527360509266,-0.44216903540980385
-1.4548532754530352,1.1234616750067994,-1.6411146273678139,0.4845857944498179,-0.2627883060935902,-0.47600210742986343
-1.4522682985024742,1.2801671638626213,-1.651994750842768,0.5805765407029453,-0.16625022322753527,-0.4325937199133116
-1.4504722878291343,1.3363990692317416,-1.6756245245266261,0.6193407807166798,-0.13762798143353938,-0.4210077025441082
-1.4469894598723547,1.1825820458286849,-1.6549638709128176,0.5003959088879626,-0.23238139027545646,-0.4771033755734771
-1.4885320852232564,1.4098181448711804,-1.582901124930777,0.6821842800291478,-0.053887761157309914,-0.339373316825953
-1.4426834017386805,1.4624433572723976,-1.5352403234329848,0.5767542485376784,-0.02442525630878793,-0.4081210497167895
-1.4625733108008176,1.4162696917902247,-1.5599160889878707,0.6100485036229801,-0.05326320826292238,-0.38566366166328786
-1.4810027581478875,1.302922519698695,-1.6268613491006592,0.6249405717674017,-0.1367007306771801,-0.3852189150217225
-1.496263999363313,1.2204105523394844,-1.6883811256693229,0.6481058206994967,-0.20010218555148293,-0.3811250672914131
-1.6015609668022786,-0.836749473950239,-2.7560457231754545,-0.15612135104347813,2.851941974673653,-0.4585311108345986
-1.4623188603079516,1.2038254356308045,-1.7325512174706061,0.5891755562001086,-0.2342507075744503,-0.4446763141614107
-1.4437827649218435,1.087110037015345,-1.7092019019457676,0.4597539866344708,-0.3096428240471847,-0.5148319747691349
-1.4405400472644534,0.7526820449416936,-1.7449405620852148,0.4111846108822649,-0.5030398668144098,-0.5723540871790717
-1.4391453584398177,0.6290603530909898,-1.7177929689298104,0.31378242661033173,-0.5757948259100246,-0.6144734952848879
-1.3792289713604033,0.7806848858753099,-1.6350928500738087,0.2183188167380046,-0.4784908286953138,-0.6773278116285077
-1.3858509194652078,0.8730790174248576,-1.6031873603852271,0.2678907829903514,-0.40883370325616486,-0.6393364590947228
-1.418639920906843,0.6416306051292021,-1.6087575260290317,0.20282882254209902,-0.5469930331737862,-0.6526303279238428
-1.4341432525621607,0.41272788323104126,-1.6706170427902953,0.13450284023088424,-0.7044141752182633,-0.6943699019606686
-1.4246430083799977,0.5389805725718009,-1.5988113118123288,0.14425442104123912,-0.6083127613193016,-0.6754137582378906
-1.4109100622852748,0.1391405146094794,-1.6064266702688936,-0.11933452358381212,-0.8705793507849089,-0.8183406102529508
-1.7073847581518269,-1.5445134848707038,-2.366814541823798,-0.4496509113756054,2.5691232094669276,-0.45014843337065863
-1.4663053485425006,0.06486568061151746,-1.635214250590823,-0.010877912174228713,-0.9049901274689498,-0.7366242269799665
-1.4515287013608074,-0.021674830191574478,-1.4346811867246794,-0.21181900302946724,-0.9123856146667516,-0.7904062253724612
-1.4882327724445705,0.08479527441749618,-1.3160790892482157,-0.13403939734412965,-0.7998968705860283,-0.69472847674438
-1.6109337460409219,0.03094432309362739,-1.1126191026171401,-0.013895890697479632,-0.7375459677362668,-0.499233046607841
-1.4322862500841027,-1.7731126483931774,-2.445033636066212,-1.1441255604331875,2.3064259390445296,-0.9952740653326885
-1.3738705564633666,-0.024401875936158855,-1.3951624762837893,-0.5828060059249496,-0.9692653585400632,-0.9889995279770625
-1.3505495954273194,-0.19731513803217945,-1.4474417092155984,-0.7103081341162898,-1.1020755769263375,-1.0824507783635176
-1.3412294029206155,0.12903108532796878,-1.3634633832878151,-0.5995253380906348,-0.8759148285990965,-1.0094901495516297
-1.3539321352205087,0.09395456679381345,-1.3721927950759942,-0.6020576386886125,-0.8975858667464791,-1.0052918506868234
-1.4210583119092284,-0.40063971262418585,-1.3999640076715836,-0.7490396524806989,-1.1990628949823654,-1.0441401107468984
-1.541886929783907,-2.191910170147198,-2.3370595243305394,-1.4530925966790147,2.0613174203040887,-1.0250107981015812
-1.454324838951382,0.5707519034849287,-1.11838295735717,-0.28418499976737127,-0.4943925038207635,-0.7113075138282824
-1.3849633564650592,0.6596398452345205,-1.1820011371206343,-0.35937363044736337,-0.4798368249048785,-0.8111806632454639
-1.3405153477618137,0.8315213348486346,-0.8461034168397684,-0.5697889267798552,-0.2984610101956423,-0.8508475557434789
-1.276423919125748,0.7287620079057379,-0.6733087444315483,-0.892018484439854,-0.34259841957468656,-1.004830675187832
-1.2678699974198497,1.079230539600776,-0.5874241787952136,-0.761227888163672,-0.09977457704700614,-0.920762885915628
-1.262548553699424,1.2642968519777211,-0.5986890101785819,-0.6640390593002582,0.012894933391808727,-0.878725298036948
-1.27963713176045,0.8219704065668841,-0.5834350938785118,-0.9558564667446298,-0.27060171802919203,-1.0034867983419749
-1.278837283411828,1.412314680968226,-0.3281319879762148,-0.7642509733650998,0.17299817429656883,-0.8364589636108672
-1.2222228752570354,1.5197129328807233,-0.19398655253870128,-0.916326089375043,0.25609650147551954,-0.9112175912291693
-1.2191697180553098,1.5615729433443015,-0.08704183946063423,-0.9693197478562436,0.30923915720804973,-0.9097953525810556
-1.2086301179892016,1.520225486294674,-0.10957776474059702,-1.0112553134220337,0.27249186148114424,-0.9439321486866181
-1.1914404253779631,1.2533600322569236,-0.018647961450588665,-1.2732118303349524,0.11888026898750834,-1.0607314039270357
-1.1896431064303625,1.8174988261714502,0.052632005817170854,-0.9856620454469613,0.4973056886051868,-0.897857274767496
-1.1710816677226383,1.5706142159063916,0.006193268059711472,-1.1391397584145158,0.3214754244287225,-0.9995156792954893
-1.22795397032956,1.841443029767633,-0.06581238084898458,-0.7943539837815231,0.49687829903168995,-0.8105751096176883
-1.2734383787605534,1.9670811039611207,-0.11983610007375409,-0.5739028093878967,0.5800706804493871,-0.6861553313194135
-1.2609518969263807,1.9577208579832428,-0.2202082583240085,-0.5373568732697529,0.5442164842376016,-0.7038470735925381
-1.269198604594717,2.0677437236330154,-0.20752653892584477,-0.45795693102046586,0.6210474352295742,-0.6552200171544226
-1.269963156645238,1.9682165502672377,-0.2993532153066879,-0.4648105120758444,0.5331593842661765,-0.683977018048612
-1.282532732925913,2.0171642495241193,-0.38343677061164855,-0.3309466515789589,0.552875889951327,-0.6368013053624405
-1.296168559439463,1.9903479292073079,-0.44603586065976486,-0.28253905042072724,0.5237395948235499,-0.621461299684319
-1.2525680380685533,2.109167836823683,-0.33108652686459344,-0.3813653814457777,0.6142254605916666,-0.6665618067172605
-1.215898696954171,2.114822748716021,-0.2559516914227496,-0.5079994656594945,0.6243941789438797,-0.7323387261671088
-1.1933737288521118,2.217836668216338,-0.22134028848747267,-0.5194431484097773,0.6912213871574812,-0.7427452294866279
-1.250154885921115,2.1868385446542,-0.14008430653361176,-0.4620974814289968,0.7125759267691928,-0.6550484307482007
-1.2411358851221581,2.185452081037249,-0.23460441011875127,-0.4283797123961846,0.6834639456407406,-0.6704468093977761
-1.281798691196459,1.9147930129178747,-0.3641244808794717,-0.4251294235799845,0.4903995096131376,-0.6792728315383435
-1.2927774237291016,2.0116181312081847,-0.3873296584517249,-0.33035236374848226,0.549907691125312,-0.6313204864630154
-1.2917845801113077,2.030537931523098,-0.3705016231803255,-0.3338132214312718,0.5658450221442857,-0.628995858523628
-1.3987593928020352,-0.3419406834590117,-1.446947326413939,-1.3240338032925758,3.4140111254958754,-0.8010537932610429
-1.2677566292762745,1.6401340974442027,-0.48910354279073254,-0.5622642280813483,0.27546522472779333,-0.7921875948619048
-1.2942525935500422,1.478042998926543,-0.5878479476087486,-0.5549047016788914,0.15389035641255747,-0.7994809633700215
-1.3327445796730308,1.5641147335568908,-0.7196666497705094,-0.350388715985846,0.18666930363679904,-0.7096069673905713
-1.5091759600228045,1.3044233775270853,-0.8125398429109534,-0.4919029683414884,-0.036008378909357354,-0.6318593749424753
-1.5001498963486366,1.1204858115660876,-0.8844582630144749,-0.5927394505138792,-0.17697930581439797,-0.7084735422671684
-1.4971539057575343,1.084697350043739,-0.7640075260100556,-0.7005126831558779,-0.16993242208922127,-0.7306742683132934
-1.4876530657000724,1.0472558493218864,-0.7566587055493488,-0.755550101213154,-0.19594141110380373,-0.7623267690497717
-1.5362118805086291,0.652119719502314,-0.8220929336191645,-0.8527559653920004,-0.44942651324149724,-0.7985302851934735
-1.546000505981817,0.7750212126856312,-0.852879578610267,-0.7443627409246917,-0.37602812627023613,-0.7466884297545162
-1.509761979689033,0.8323405155951149,-0.8858184868000174,-0.7803570694918518,-0.36167727283383516,-0.7971730634704999
-1.8396936681061267,-1.416744072420453,-1.762150947696021,-1.323842455488182,2.6960744510601784,-0.5472067307483672
-1.6060721648268035,0.28478010935762643,-1.0805506245892567,-0.7983985492748898,-0.7310841000014224,-0.7997151272595207
-1.6259471591567114,-0.06511728931700649,-1.1395497993208596,-0.940192820919407,-0.9644163922505621,-0.874782107887007
-1.6783439251895085,0.24607422002264082,-1.0163381039432036,-0.7175776006702069,-0.715259139513165,-0.6953645837629492
-1.8308564624920305,0.0017114016841024708,-0.9150309651451359,-0.5915045584892713,-0.7918013647267247,-0.506648045067751
-1.7054507924501967,-1.711121390436955,-2.2278364676874247,-1.5662093577610587,2.3338138656807343,-0.8854043060383736
-1.6912543041831443,0.3816885574883313,-1.1976730129095077,-0.9864419096597633,-0.776633764391115,-0.8039673622082786
-1.6321577492676027,0.2818200668740997,-1.1287514710409279,-1.2285494459243866,-0.8440176480099038,-0.9437076936509865
-1.6336319611348171,0.6157454015690085,-1.0633887794699781,-1.066343330501072,-0.6130100978620817,-0.8431861939416923
-1.629886570312557,0.548297738446826,-1.0449683039622717,-1.1304721610600406,-0.6530106297218284,-0.8725865579711833
-1.6552321310505125,0.7335702578911042,-0.8597893263455869,-1.077048844807699,-0.4772255011025287,-0.7777485310371959
-1.8028037964384087,-1.5424468924353039,-1.7992022420203484,-2.0017494472165756,2.4828816797772895,-0.8526653962172552
-1.688245783432231,0.3709444263877199,-0.61933862588254,-1.3779774748321671,-0.635426171384066,-0.8401706514213838
-1.6111189035566267,0.8121221738553767,-0.5921294145831199,-1.3090965092256968,-0.37404195460929845,-0.8472732442430517
-1.628598499592903,0.9526803289329623,-0.4210132433229735,-1.2966978377333243,-0.23379393447658214,-0.7820097116258236
-1.5893108421107331,0.8868322595546089,-0.4297760449599214,-1.4280401478606408,-0.2929236510010716,-0.8754285939924524
-1.5540802652887256,1.1541369798941703,-0.33203405498005156,-1.410549056227549,-0.10924355724481531,-0.8617648514832761
-1.539343483865564,1.1425025953515677,-0.2670450384665157,-1.4929033913681709,-0.10510998971772721,-0.8942279317410751
-1.5381545092696889,1.4924808861621086,-0.1147567721681962,-1.3786761492345796,0.15813015993368662,-0.7950486122625349
-1.6389073768077105,1.5001670652059702,0.046553383883504794,-1.4028598225819986,0.2066615885218895,-0.6748949254876209
-1.572105014786241,1.571103150063641,-0.04379190413440481,-1.4582903407461425,0.20443929005207714,-0.7706311609208729
-1.5527760255171923,1.5424364215083404,-0.10300329143038245,-1.485475566067571,0.16350753885972416,-0.8132128440723112
-1.577026220125281,1.6863565713750472,-0.15357738795580803,-1.3155329092178965,0.25068562165204106,-0.726809662375079
-1.6210259388445512,1.8449355192666048,-0.17578683070857323,-1.1095036886102467,0.36167292193809525,-0.6017770447972866
-1.6452146533777816,1.5148546254666302,-0.299716238898427,-1.1823180853221622,0.12625617649035745,-0.6576489930376288
-1.6486841171217013,1.4428645875109574,-0.40638855697144094,-1.1542820386576291,0.05334615410660706,-0.6713254133470494
-1.6518904747243495,1.7883368105204833,-0.46432453054821005,-0.9029406657307079,0.2603319114120111,-0.5595816074179685
-1.6947145570349003,1.7544505885205095,-0.5091381374606794,-0.8002091029779604,0.24201758691157024,-0.4933805091782441
-1.7088818863350057,1.6784226519574998,-0.5845659776658321,-0.7688455426905966,0.1785686437955096,-0.4897975200712715
-1.7142627961469605,1.7758572995063946,-0.6625791977572868,-0.6511230491465272,0.22228768234623572,-0.44926786643423094
-1.7273944383604294,1.7090282219267228,-0.735922540809503,-0.6194568944289883,0.16474786581486886,-0.4456283620845198
-1.7334607227737733,1.9089333510113888,-0.7989795489339506,-0.4484008104851857,0.27809366039268274,-0.3737524284379708
-1.865022963902419,1.7572700957314424,-0.8670772233823903,-0.5219101103646917,0.139749943048354,-0.2991272541187054
-1.828197569823188,1.7341765963629692,-0.8771438887965253,-0.6141958141084041,0.10915311573447907,-0.37168878805375966
-1.7962671132163437,1.8145367475176815,-0.8174825982716485,-0.6737037825611282,0.16491735282280515,-0.4051251824874102
-1.7548126944741813,1.9888832094845996,-0.686325581291967,-0.7409069945002643,0.29623015951192244,-0.4284275957071682
-1.7773047977363983,2.11186960917046,-0.6160221207593103,-0.6588212080752185,0.40130234111709095,-0.3532360355416168
-1.757646229721921,2.0952750251208303,-0.5159439701615318,-0.7738858954650406,0.40997634198752353,-0.39535269601183837
-1.7331824189084537,2.0579799615997887,-0.42860172846995265,-0.9074573254712376,0.4000898900479626,-0.4534137589534511
-1.7465604775691461,1.756721573455034,-0.3773831908641051,-1.0961716639173362,0.22498157308894054,-0.5251527382258994
-1.7450898704132836,1.8681572961213642,-0.33480035202755665,-1.0631816522291087,0.3064381064902181,-0.4976741802478594
-1.83003271470166,0.29896817603411174,-1.1805454046337134,-1.7589200753543288,3.7211408753695374,-0.4715032460740119
-1.6888824882927789,1.6852729013375436,-0.3210425457205617,-1.3196822494869436,0.17209547046501897,-0.6583107445751473
-1.697405655937867,1.5513530876505623,-0.3293671568021713,-1.3846455781287013,0.08646737393950078,-0.6878655108187537
-1.7037060798026729,1.7829050226709449,-0.3832862388977183,-1.2058034571560858,0.22194493220033587,-0.6094502066827268
-1.8941278561865793,1.3478341598411245,-0.42913875986431477,-1.4122289924762184,-0.08794599944463855,-0.5468730160562307
-1.8691115418217463,1.131159886220574,-0.5352151642002684,-1.5435418311830615,-0.26405182948623157,-0.6584801051799958
-1.8596646590067927,1.4254856982021498,-0.5150759042517424,-1.4005329853235677,-0.07393307019801793,-0.5872045136173083
-1.8915095514353755,1.4267749085761947,-0.6192535845714404,-1.266019504952112,-0.08927638730685661,-0.5287384777008
-0.3378868924283718,-1.5368424282303366,1.3095207062251888,2.1746256456537054,-0.35592175174871443,0.03428571791187961
-0.48728990271584416,-3.652693198040512,0.08541481474400665,1.5246357053735242,2.6327179134665797,0.018343632687320022
-0.29841568622068215,-1.3753895662704776,1.1934499065553095,2.25051752769012,-0.29735448870212644,0.014555611353035283
-0.25387932116726564,-1.5628027612776207,0.9412464360737351,2.188413999074048,-0.4993439006667205,-0.11572535352466552
-0.2247464639940141,-1.4073379245659756,1.0115811111108461,2.173568770408934,-0.39178896260951046,-0.12200955768758927
-0.1469465234780284,-1.4233184397594254,1.1621461284217303,1.8971598849708788,-0.3900766142892549,-0.26787796680420517
-0.143699890035352,-1.0828177560487031,1.246714968911139,2.0448009146519155,-0.15114174431213612,-0.17223197036966706
-0.12986086236888184,-1.145064987141002,1.0888607573046765,2.0714895495247987,-0.23730936741500314,-0.21196685238419516
-0.34687277350623186,-1.0849622250108004,1.4783289612018349,2.0687080489617573,-0.08403445925940992,0.07721801164797093
-0.30500858679272275,-1.0155802497604958,1.2862596164496454,2.132818681816933,-0.1048637524754327,0.028775697301548157
-0.12620747030240337,-0.671443748803194,1.2572160229803224,1.9587345708491508,0.04466809696018723,-0.1805471326079706
-0.1455737068284642,-0.828216900635624,1.162068878916654,1.968418586092532,-0.07344930475225328,-0.19000516904560028
-0.10116575658161592,-0.6542586907252929,1.221371739415489,1.9417654088374754,0.03808023361120922,-0.21498214623358222
-0.18232284389947456,-0.67060445239572,1.3802688646547798,2.0217142505313284,0.09837137499340236,-0.07856848463310653
-0.0985121389881895,-0.4934082407944131,1.3174825080151682,1.9819301759263432,0.16595060753100688,-0.16949785295455694
-0.13221037832271781,-0.3687639380214596,1.34563476170534,2.1170114198108494,0.2651042498805,-0.07241718646090961
-0.1896114645443891,-0.49667007403035685,1.3046381743283861,2.1942221692738566,0.19287301446558755,-0.008632868793093612
-0.2421855574624861,-0.3540966818297197,1.2056709273500916,2.459363083391623,0.2767920024571001,0.1299882387969022
-0.1354751417445193,0.019964135999083654,1.3073281795535117,2.385692250166431,0.505216158370897,0.053595024547237295
-0.1798628562898495,-0.27936910739323817,1.1152528915914184,2.420152424726759,0.2789204037766968,0.0452601970730968
-0.08703912198531355,0.09305949694597968,1.2929398565200003,2.329277553269369,0.5310353811682709,-0.009589400373386575
-0.28315702290084604,0.0961146930555445,1.233288189428585,2.4143575320895305,0.5000699440506862,0.19927643267410777
-0.19491623693398613,0.1407907197147877,1.3183550718528423,2.1913315138310194,0.5197569052363369,0.055134907316672074
-0.27336772453743613,0.06285541794577175,1.2009598652185862,2.3913532352310436,0.4667985893413978,0.1724336867209355
-0.23342522709951058,0.01742496116346777,1.3771254918506632,2.1685484984758827,0.4699476797876281,0.08476067115205237
-0.26288664441921544,-0.16086499425311715,1.2295297505796046,2.2168204763296724,0.32759862752883284,0.08632570411655137
-0.3098722539917786,-0.12850563119532774,1.4876573696709032,2.186799165712384,0.4327741065254912,0.17366066980820127
-0.3410699713917715,-0.09662749479854062,1.4127572830133084,2.3222715737854553,0.4446131531517217,0.24042825926291278
-0.357202353159253,-0.05763148650632135,1.4289679334970566,2.371810389161058,0.4794782952780999,0.28007772955282173
-0.1896651652286106,-0.09925420167019146,1.139520523350798,2.1447695677794885,0.3175718780564143,-0.021693103324733717
-0.19671087626388334,-0.12824149886790676,1.2566775089511306,2.0717473773088786,0.33222979682936465,-0.020931031974407363
-0.323137472907357,-2.0552336778354063,0.043919436851466036,1.4792791280495503,3.436732828105749,-0.01948672889340343
-0.18107778497505939,-0.06983508504498245,1.1400752510235623,2.140728900010548,0.33329704170285945,-0.029061699469309435
-0.16640648069717429,-0.075537955848567,0.9629300048434061,2.209604155968599,0.27777950104235644,-0.05362016662915857
-0.20913632892394854,-0.017372107153166165,1.03882897806945,2.0562861870531703,0.2976806994873405,-0.04697796621569582
-0.31979897725371526,-0.4594096604689074,0.9984772240294366,2.059826329917823,0.04317705975853627,0.013980483869020137
-0.22694381321233617,-0.38884098184451416,1.138233429557586,1.807679031007642,0.09203145281647049,-0.1323673748914909
-0.2730419681741521,-0.7142839873789012,1.0391282034553526,1.7719000736432813,-0.12615222975632934,-0.1487509014766895
-0.23933203472260325,-0.6259213022845493,1.2009153060656412,1.6497457391811756,-0.03924761868328853,-0.18608257171718415
-0.33806274597262526,-0.6626098563504055,1.1324225263533791,1.8884716162418602,-0.04601586637678743,-0.022769322765375896
-0.346599496772978,-0.9875605443621978,1.2988790880135117,1.6081640884987323,-0.20742926696783276,-0.11112244364059985
-0.40884680233418863,-1.151975364861866,1.2204839951721733,1.6933743587905983,-0.31144830377475735,-0.05077400182680218
-1.0194968208904769,-3.549043001934409,1.066013358511243,1.2623256563960061,2.9411221691916625,0.6370756760295184
-0.6184309322227741,-1.6067140807132125,1.4450988609656115,1.748108142061149,-0.46983455326398954,0.17318999478924688
-0.7123003009627398,-1.330296374705196,1.7137588069433947,1.9614425699644997,-0.18946180469905866,0.41527468234516124
-0.9131534610394896,-1.5373155384026065,2.0353758890077027,2.089424687631897,-0.16680597977042477,0.69761617701555
-0.8810782242950208,-1.550072516027349,2.1731311440873085,1.9222947514801096,-0.15052415237587313,0.6320215023693718
-0.3397020413586362,-3.1765168150950496,0.07636866889659472,0.5425985784771741,2.677777209756676,-0.4347186128668916
-0.27371156994241674,-1.4264396233093064,1.2340111404446998,0.8793734827068757,-0.6024395560527547,-0.49509408855014647
-0.26430182998175233,-1.170853235857546,1.3009743976299843,0.9681686501967574,-0.42504209285777206,-0.43785567143179294
-0.23527556985330425,-0.8904281636373165,1.340073520817489,1.0435779744933698,-0.24611485324477123,-0.4076596646466078
-0.29494298143960784,-1.1054864403195577,1.2094125029000964,1.120803325679452,-0.39747034493769573,-0.3676585671624426
-0.43379543787742303,-1.4802276800164915,1.5525345399735622,0.9928959520533577,-0.49860816436420974,-0.24705769809773476
-0.6444392587040353,-3.1951022939961864,0.7690319895276562,0.45354279230158107,2.8836376784882702,-0.04494266392278167
-0.5048400588647762,-0.8964263739892332,1.8853781785713941,1.2937893458478753,-0.013555746448607011,0.042267254572413406
-0.4223732761900344,-1.131063352165313,1.6653767172194052,1.094140053438495,-0.25112219377607925,-0.1721324152361491
-0.33347144060767253,-0.8463071484619518,2.0492895522614107,0.8295328443647522,-2.7517501381418785e-05,-0.2537409690806742
-0.33077923159252165,-0.591290430177669,2.0067741262859764,0.9982088538601895,0.1505367750534194,-0.1829196033713727
-0.21921003018179122,-0.2002163889418173,2.350722575025569,0.7720828081242973,0.4512398812261828,-0.2708929259501043
-0.2274032077078251,-0.5347953799008006,2.0030585671707217,0.793901140200494,0.14836058873107386,-0.3523330526794744
-0.3049341869225366,-0.31270615437691585,2.1169980733487073,0.7273747308930114,0.28084617600916323,-0.2597377118172594
-0.32089535657764057,-0.11434280036867417,2.248770812412215,0.7995528729187745,0.4476326611967122,-0.17647077194262728
-0.18091434361796296,-0.3463473345526679,2.4658164922480785,0.21013493953088946,0.3063614003814179,-0.500203696721837
-0.38346264301053334,-0.028999638892696782,2.521967659613285,0.8214224505269484,0.5956046103460494,-0.0490448946268117
-0.2243898628224734,0.08543707588541789,2.7043188810066834,0.42150043772524226,0.6603193456928097,-0.2996968281008146
-0.1902418115738064,0.13456433460211692,2.7322130200081873,0.35592763110315717,0.6868428919350965,-0.34651527968655466
-0.10062227237347351,0.23133173354338735,2.6284253561463293,0.27419137634746277,0.6896656750566554,-0.4737336993840356
-0.16996363799237543,0.055878591268099076,2.339343380899422,0.49891557123954927,0.5260460587149117,-0.3980278478059751
-0.2013820125265964,0.229494128539203,2.31668166051094,0.6887979816668863,0.6423467846955409,-0.2891997674513313
-0.24642759741981676,0.2969387302390238,2.326370065285423,0.8254627207462106,0.7040207459446569,-0.18927935247675332
-0.18394826578389126,0.4745282816271272,2.4136828367847154,0.7404242972538537,0.8185513022887029,-0.24720990493049072
-0.25052775608859196,0.5274201960655028,2.4421536053540076,0.9044634014345447,0.8833788780351665,-0.1145872005739315
-0.21688816368614464,0.6161617141208328,2.1856415012725385,1.0367258053556516,0.8608308633241697,-0.14172742873273067
-0.3142278807134063,0.7932387639096212,2.2949860880652473,1.0091285036908002,0.9740723125846393,-0.020569443716311343
-0.294861811256488,0.5484164806685502,2.1415700356444614,0.9092178427463582,0.7701950814714913,-0.12603651501269145
-0.35088929301800736,0.40421854615801506,2.177007391513614,0.9254880497482738,0.7069533456195427,-0.07224280508900094
-0.37504017909747217,0.45267851992537345,2.0793598635073924,1.0673952269089908,0.7207953733291481,-0.013142085247324629
-0.3569444258088619,0.4005478342394325,2.0382815203651647,1.0193486819631719,0.6701908442538047,-0.06028626187895826
-0.4195003823149132,0.4922247769020274,2.3331902581825243,1.0364540731094043,0.8283416342869456,0.07089068720629456
-0.4440287845527154,0.3168937014297058,2.325380106664177,0.9894461200177521,0.7227040976881064,0.06076638542408504
-0.48514439967960693,0.3322617559858749,2.300271191907843,1.1047099832593177,0.7403323305835172,0.13766945294459645
-0.3552046169750529,0.5704930767263844,2.0063554416735485,1.1330271006175043,0.7695073823303666,-0.013438963417951205
-0.33550451727340924,0.6300976390908171,2.2174016446084885,0.9956440349267237,0.8559422504787924,-0.03564683381956457
-0.4039926489452153,-1.318319409041099,1.084098474431842,0.2108852590025388,3.9470069033176665,-0.145212052924156
-0.26918076130143953,0.17104330810069973,2.0170068041446982,0.6857389264832521,0.48573930844394886,-0.28949599679513977
-0.2919434119888471,0.3373354262276814,2.083740713841323,0.7937185643866597,0.6173899366800528,-0.20219383423740037
-0.22681141118545114,0.41232655918150446,2.147398689439799,0.650895897305009,0.6587410283307,-0.2974572623660174
-0.4841897069161791,0.04446118053126565,2.1826734653576714,0.5185732908099941,0.4212815676517638,-0.12155060152868732
-0.4676920037195754,-0.15184952165380225,1.9022121554894318,0.5291089786798256,0.21589937594043468,-0.20551245724464964
-0.451563803278823,0.18363963752589496,2.1796510880540585,0.5278769825800047,0.49768444210355445,-0.13857082606024465
-0.4695551692982027,-0.016978952165711644,2.175363891895979,0.448966389378926,0.3745001975176291,-0.16785780745503937
-0.5649372483674656,-0.25520977722950483,2.2528133294923887,0.4716958115906228,0.2760666568209897,-0.07395353709686099
-0.7292111256793726,-0.9227699447859457,2.1296657576623748,0.5104526589041836,-0.1254147499690737,0.015605448888376113
-0.5901449711298286,-0.6735199062524,1.9487005717483767,0.4579832788881402,-0.06263397261711881,-0.15009755487518409
-1.2613673709537878,-2.940920780298973,1.8658308215658788,0.2002789116492524,3.313318361857867,0.6833391651177435
-0.7163159026105386,-0.8309541717063855,2.165665788572312,0.5141603653192716,-0.06187685531302046,0.01933221167428756
-0.981034548984885,-1.606151738883508,2.3364300820393757,0.5358048230146996,-0.41954609015998046,0.2467967747389963
-1.112951649257475,-1.4756282837348413,2.286381274757928,0.9396289233438937,-0.30269621766271493,0.519177547861884
-1.2109951204926683,-1.619668375886488,2.4959130718522977,0.9425655597945325,-0.30551457476066246,0.6418832080816457
-0.8281028951836973,-3.09930371883621,0.616643607453865,-0.12306706106968544,2.729925795205065,-0.10543217850942878
-0.6483782685905266,-0.644744174673147,1.4696082150185414,0.48497735936518604,-0.23827385779013807,-0.17533858878260253
-0.6592366777536012,-0.9632412321394916,1.4900448288334345,0.3007722186996022,-0.43319779613235876,-0.2550366432797254
-0.5795492556916899,-0.7116213879230954,1.725511021153797,0.13045168621515751,-0.2386571682384401,-0.3251263353186927
-0.5461569021278241,-0.7115436580907961,1.7004672963253977,0.06924275342452145,-0.25711877038154657,-0.3841250734306562
-0.7459291411356462,-0.8017639775124304,1.7555770297270827,0.4285666356036424,-0.2298962917925111,-0.06129111773040085
-1.0509028001771084,-2.835002667723489,1.3153033933617824,-0.2949369315948007,3.0724901483868132,0.2050091924154268
-0.8806574891930257,-0.9397213087110514,2.3399314391279415,0.2903417734537871,-0.11750160439386262,0.1192116796959134
-0.7425687968615743,-0.7003682295558571,2.460465826668543,0.04849496829672075,0.0181409011023479,-0.05621816304689268
-0.7306150001882115,-0.6511940042976239,2.3307847407277698,0.12598750530180247,0.010971967384684669,-0.061432916849753404
-0.6576612490700209,-0.5617857723825433,2.372845759996268,-0.012934403419556595,0.05308327894717206,-0.16578979307803016
-0.5736897710008264,-0.23213380307630122,2.8313488639270976,-0.2823818125153925,0.35442241929708745,-0.22572986239027337
-0.5070468279655239,-0.3721633660801359,2.733003025226241,-0.46018366920096737,0.21517366274044358,-0.3849320849757346
-0.4900209700152778,0.05870092226844048,2.7855058409528097,-0.2721099831357625,0.498386316696244,-0.28683465967533495
-0.7870716233840083,-0.21069266278262722,3.0766272682831657,-0.14378155570619924,0.4637838850108224,0.07752027166026874
-0.6674402219262668,0.03894502530945847,2.8884556901327927,-0.15041034929226563,0.5315644209528294,-0.05487466371896532
-0.5765512575943604,-0.019836193128468693,2.4973961295644163,-0.15417171695787293,0.35910239191728804,-0.22441170567632215
-0.5385652326221299,0.4542626804026217,2.477683493766398,0.05906737301526612,0.6438377908161198,-0.14729456653133183
-0.6218088885920642,0.2626827541713095,2.518874975861274,0.10477433994971792,0.5614526952591155,-0.05978361313462366
-0.5636637466044091,0.3153045893774125,2.6604902790045717,-0.07989520161316242,0.6117232170925841,-0.14965513749254092
-0.5272330608220649,0.7152810719985333,2.8820865275498453,-0.05161557102837253,0.9131525697013418,-0.09650398019958223
-0.6053053523107984,0.6229630140813603,2.674482081655577,0.19604035711991696,0.8274220244571209,0.019145384076423258
-0.51673496852917,0.5256723936186343,2.7867371694246263,-0.12683677927544992,0.7635952605571319,-0.1675780241639919
-0.6173769696514556,0.633246268189605,2.6571451260400067,0.24537272474067973,0.8342373749120809,0.04676210746701857
-0.584454171183587,0.7345939664927447,2.6968079685745954,0.21120877320512038,0.898091758968114,0.01981592922267486
-0.5848450197358996,0.7423452545734402,2.47629628658274,0.3514829838689352,0.8454241149135178,0.028507898752657426
-0.5936398572828817,0.7438664324417772,2.25182889980335,0.5092493441423547,0.7907017636184596,0.050211916539900335
-0.7964672118407142,0.41486405437751106,2.031931688761839,0.6437221026067931,0.5378189117660074,0.22300784965132336
-0.7510251702096862,0.5764549724002241,2.0894699711983122,0.6061774896895165,0.6404032255268748,0.1913931685781594
-0.8632816621184206,0.2465494959137176,1.9724603568215524,0.7285438779553468,0.4381849670804598,0.29141927012956886
-0.7736091704756767,0.36081893364757267,2.1661835328772248,0.47854803229384857,0.530408505383653,0.16333363923407693
-0.9091275274159472,0.22161214376497673,2.0459364019519417,0.7705545142832773,0.4575898994631216,0.3622891381673424
-0.8033643602788365,0.5962204422671253,2.3196933225366623,0.593661644889564,0.7317310251560665,0.28303881297096534
-0.7105353387253104,0.6630979867602487,2.519446404445357,0.30358810067997377,0.7940344956271363,0.13454121747515965
-0.653033725105392,0.49895678121724707,2.4968571951299667,0.0868641958464962,0.6625675916604824,-0.01707370870470033
-0.6260076714346773,0.633184828294353,2.1863424411796166,0.2931914087889027,0.6571935314803948,-0.018045832700022506
-0.714109515681959,-1.2994464878679068,1.5402225368973028,-0.7325361768349988,3.8932021669876415,-0.09917812216421258
-0.5969700573385697,0.37533171464939824,2.236035446358672,0.03819116793465251,0.49463350715406246,-0.15044224071548812
-0.5705598709354456,0.5727086488825853,2.5009397380327845,-0.0630057477053491,0.681036185068569,-0.14367631393291702
-0.6344837158628251,0.4919702130916745,2.3088083645855924,0.14647906546492281,0.6013947225386601,-0.051879581280655236
-0.7063871961042341,0.49843571123716246,2.5827622172271005,-0.12928959945843424,0.6423220307966905,-0.02690278546359595
-0.5752541903228985,0.5368008903783077,2.970144005885354,-0.6359398615231251,0.7221173373402973,-0.25570086919671736
-0.5960753102685803,0.3936027293714571,2.9440612362674488,-0.661759804812928,0.6308405410945843,-0.26270834551947725
-0.6479267453598964,0.22495104416651365,2.7383019825730064,-0.5247869868541593,0.48705884438450264,-0.21877246934450792
-1.7758964144948648,-0.7314523114470467,-0.9848501065588487,0.9640939970018947,-0.8878285461598866,0.18526222934410072
-1.9358480654808976,-2.590023325840961,-1.965448164843411,0.34259792546033163,2.332755132514946,0.25860009794981687
-1.7785395729158202,-0.6656723501990105,-1.0759510080111885,1.0571611866741062,-0.8694533401699038,0.20793331439260046
-1.650612725517236,-0.3795720382266238,-1.140344406682113,0.9808797529171276,-0.7486103242456641,0.07009574423785722
-1.6928829886662538,-0.3526328364903984,-0.9638245985482121,0.984353443993224,-0.6701825297559116,0.14829061863605206
-1.6149441181174062,0.09489009722832867,-0.936200249732645,1.0624491325029393,-0.4042138794252094,0.1454931474652037
-1.6192800483557546,0.010122462320056027,-0.8470526784476765,0.9738534654215223,-0.4328688620484053,0.12895220183990136
-1.533007371112195,-0.041448210497487495,-0.9570135640819858,0.8235105737791166,-0.5244671770857416,-0.032128526322562544
-1.678772645250921,0.12882754072051697,-0.7413308884761712,1.1015777726073734,-0.3132343396060428,0.2651923016302133
-1.6770773253241804,0.26580734653472315,-0.6277026714602497,1.1202083025361642,-0.19557290068467334,0.3054267841138002
-1.56415273243819,0.306293585851744,-0.7198335375430268,0.9523204099103766,-0.23325278203886823,0.12353927090998651
-1.5405771831270834,0.3415964139531717,-0.7700512316440813,0.9530966181122835,-0.23199346614592498,0.09483696449039844
-1.5142856491439693,0.4584784236084339,-0.8145533522055165,0.9937051597203372,-0.17799121614797964,0.08596875830650264
-1.5460124279307597,0.6088278780702293,-0.6468501948313604,1.0566383274993552,-0.026343380326126906,0.18480433946035907
-1.5090509145252358,0.7210333157022801,-0.6510639526633175,1.0441658158033693,0.0312907112826038,0.15381618886820397
-1.5241813561687616,0.6809134311259478,-0.6920996539484044,1.0670618358864634,-0.0009018575423964,0.16328189257237932
-1.5423856777337797,0.7493470058735228,-0.7780304242486678,1.1897050585848836,0.025666253070557293,0.2120968903401473
-1.6518461018533974,0.6447921279150011,-0.7336172417202372,1.3338016879344625,0.008023048540171785,0.36639359822707707
-1.6273529409815057,0.7741219008409079,-0.8217510143595067,1.3987526118972082,0.057887304611052404,0.35846703339669767
-1.6344617556958418,0.8065038358610899,-0.8591429988199843,1.4569982753141184,0.07131042658348283,0.3816961634615636
-1.5775429392343263,0.870651194409724,-0.9024056722166224,1.3989009584507055,0.08132655638829908,0.304224068046746
-1.5980966660256195,0.8037014014796013,-0.8498656603437982,1.3811600846545606,0.06079402556750568,0.32269542429600157
-1.5896207244011913,0.7973835217587633,-0.90625922199294,1.397130933929484,0.03939525054247997,0.3095306969413104
-1.6021567871955953,0.8494314344607674,-0.9115433995536758,1.4603393970821665,0.07577753682298582,0.34771769192845825
-1.5768396592932787,0.856891806517508,-0.9781076116047341,1.4427116005537202,0.053604067089942545,0.3040069646550925
-1.5728429899393985,0.8251663349010107,-0.9384474235907518,1.385053568907543,0.04178490374034659,0.28362777855527466
-1.6592658009314256,0.8699340739290391,-0.829022385256484,1.5346052678505815,0.12919377796027265,0.4442889631877682
-1.6511065621447676,0.9426429087597915,-0.7219384083289285,1.490077862703587,0.20043471299456447,0.4467547412414412
-1.6901520512279697,0.9438468551095686,-0.7104139333467846,1.5731816314046532,0.2181887134532586,0.5165383966098555
-1.6224605925600326,0.9417687933578297,-0.8877026103808104,1.5286885196641427,0.1465341329942939,0.4013767632074316
-1.6299609641816493,0.8215144766292439,-0.9669067988874173,1.5222476204344821,0.05159313576196756,0.3807257650228498
-1.7035816977273133,-1.1449558531941382,-2.067111780623931,0.7214321541099776,3.141926364630231,0.27571136414405323
-1.5684363155787742,0.8057246400382942,-1.0520621824793894,1.4266087184717064,-0.0025591587374335367,0.2697018556362474
-1.5262420059204982,0.649436374867716,-1.070368737588656,1.2452759160483555,-0.12257421776384565,0.1467662152907971
-1.4673977680785937,0.5402124767961113,-1.1002739681483318,1.3254954814571616,-0.1633603887529693,0.1021448577123376
-1.5354359817220287,0.2609564180786888,-0.9948391800601051,1.2425033391551215,-0.2906047770593403,0.13346326866394534
-1.4290488289468954,0.4787179516274561,-0.9706842955132915,1.1180964808129075,-0.18277904273969886,0.01006143648315904
-1.4244518285690082,0.5264764770270717,-0.9627167997201999,1.1299217249882905,-0.15193502840785741,0.015270139741903312
-1.44469748677236,0.5660189296699918,-0.9431246373159793,1.185539306732848,-0.11451467493642556,0.06151898199913448
-1.5481930124726726,0.11531958098608501,-0.9097460369937146,1.1230076265875377,-0.35775082537909914,0.10548377867286948
-1.5022964085170278,0.14266971174418788,-0.9081788864781866,1.0335968877949508,-0.3562451484273562,0.03184286218872803
-1.495808428453932,-0.026498077098306802,-0.867679290958223,0.8968349234220337,-0.45571143739127085,-0.02940934247337266
-1.9395977155927189,-1.7964819035274802,-1.4225196936672198,0.7208693337095685,3.0347936840063103,0.5676913776089622
-1.5718052957627242,-0.2147708009842856,-0.8842338158929318,0.9751282459664888,-0.5525770501350626,0.053752899606567754
-1.6549132789599925,-0.33970275090863195,-0.5440562539616528,0.8863742684641754,-0.5132718625363031,0.15775629462344873
-1.836362406145512,-0.43905564530229974,-0.24306963286584413,1.0543963224818853,-0.4334339240038721,0.4420790623035582
-2.1452666482580423,-0.5242090212955108,0.23279787463157295,1.4091402919821336,-0.25376553081925335,0.9502428670028457
-1.4761280819284366,-1.8880501950672095,-1.7593152806120878,-0.15748826862081233,2.725293850754588,-0.2621879614211317
-1.3558888248963183,-0.003401631456925492,-0.7111408276104433,0.5066083492422399,-0.4508315564407857,-0.2676571578498872
-1.3659372943313453,-0.338881845982338,-0.7400016741469392,0.3414785681211847,-0.6697232948690361,-0.3521274078806515
-1.3550669851297579,-0.08823164393468154,-0.6705611719916743,0.4117682708144251,-0.4963628518029266,-0.30452587069992576
-1.3017863776686802,-0.054859512388927355,-0.766521288695858,0.3552288345372111,-0.5204603466195222,-0.3939193995572658
-1.532052151619076,-0.3891424736023606,-0.5252204897190496,0.5090999833625884,-0.5910321037445531,-0.1025320449070472
-1.6438973416751121,-2.3497008468149394,-1.5030757271986162,-0.29295189747811323,2.547145908613135,-0.1496746746014168
-1.6114562197027238,0.09472583012122315,-0.2537392459560003,0.7885864265851221,-0.18466476872252832,0.16397703616755455
-1.450935487330569,0.505043489766307,-0.40117679908052206,0.7539263805778423,-0.018658474332748653,0.0027992119660861983
-1.4385866854765663,0.508158466959462,-0.04474178130612014,0.5010381615118308,0.07146505473030743,-0.03193248910771625
-1.3329100610733196,0.5389472743755649,0.0877059422158782,0.19066135582342303,0.0874921482544666,-0.21779898117771568
-1.3789035499898312,0.763784096798517,0.23456113584240806,0.33107338117456264,0.2852176997241207,-0.07703836603068656
-1.2755374862517967,0.9808373859719606,0.08238109983146792,0.3126118483117906,0.34669862418742015,-0.19498016056959327
-1.2752073151405987,0.825294867694998,0.14892348558253565,0.1956115455509723,0.2697349310424966,-0.239371444361274
-1.2946857217764463,1.00590712721533,0.3681575503346838,0.20653190443369798,0.4488476214160806,-0.16008755256888205
-1.2505165045491515,1.1961175224729377,0.5342620280780123,0.11324214137785911,0.5977296656302685,-0.1884880554222221
-1.2841612349331066,1.25127200945078,0.6980541971254353,0.11637145789810847,0.6872796318760458,-0.11960217474019924
-1.2642529824139759,1.3325971426203835,0.6814169295434189,0.12410589565938347,0.727268387657113,-0.13316321466283576
-1.2204034926906282,1.0907936119121187,0.7366831031934945,-0.16098777223368002,0.5709065908725255,-0.2885543225963508
-1.187019021656832,1.4666171829854815,0.7304285338465583,-0.011511251688011818,0.7973063759581412,-0.23675889717855864
-1.1561145278263782,1.3467544741623085,0.6861272435394712,-0.11713514336867555,0.698952276611508,-0.32170314628554236
-1.173561775184332,1.6040597034171555,0.553158853947549,0.167732794027773,0.8357549023146043,-0.20502090207830526
-1.2832740828938585,1.499306098188343,0.5575423698081495,0.35762779230358205,0.8095577443173262,-0.038592970515148574
-1.2762236585848308,1.472293182280449,0.46239109042152365,0.39251028588826653,0.7656972728652827,-0.052189328381660995
-1.294328742871148,1.5293204467415502,0.48118137371271547,0.458267883025422,0.813704481092052,-0.0024021975579839954
-1.2521546440127898,1.4893125115436254,0.33500481683424094,0.42386546040470996,0.7344539742638868,-0.08757968809206415
-1.3059044031526923,1.4374695266369004,0.27978773197794055,0.5342963955373681,0.7035579072967575,-0.01227215970735045
-1.3454654081610042,1.4192513415854342,0.2572193180558087,0.6219486333532794,0.6995996116775499,0.050489066297181605
-1.2713191246086877,1.553709717277003,0.3291824854795815,0.48996955941496906,0.7780080322928129,-0.04275369397901398
-1.2654599319676523,1.5649323241701631,0.45112521121179755,0.4076052469117089,0.8149204408072764,-0.05357649659284023
-1.203755130302186,1.6879797760434812,0.43058665680816693,0.35361865615431176,0.8662355759472471,-0.1257466526978155
-1.3332175615889292,1.6013862613361276,0.6111493829319513,0.4805164305136697,0.9037816816269691,0.07098930730258156
-1.3143747548078308,1.6137515818970283,0.50420901186119,0.5079945115277101,0.8767347950203469,0.04271818087216236
-1.4289615736709127,1.4636725950020841,0.5043602877455662,0.6718961494376836,0.8210089024376214,0.1978960645539591
-1.3169560194739642,1.5347578690666703,0.293718407109419,0.5881603213702485,0.7713560767185917,0.025418809952550685
-1.3096949250820324,1.6305195075251144,0.3136388423786293,0.6152701817510492,0.8350603595648831,0.03993627917097095
-1.3937733682147115,-0.4629444054839899,-0.7517784594545454,-0.26412863550321725,3.856569133366175,-0.08808291091241502
-1.2969455028392358,1.4139840316245995,0.2399860202556161,0.49024995093463825,0.6717286201417076,-0.05162284741263425
-1.2951252408585956,1.2961430969824337,0.10622543475646218,0.48199117481283854,0.5592678410881564,-0.09461395339877482
-1.3017652046527806,1.3448332540323227,-0.07908792649136188,0.6246970405016037,0.5428231107525282,-0.0710241076970505
-1.5604033580698828,0.964191361512024,-0.07945802725003885,0.5145388749828145,0.29077513967851015,0.10435166863546687
-1.5267391861577637,0.9441493960980244,-0.1615520981519284,0.4637617192747524,0.24330158313435224,0.034266934642470256
-1.5316445929684097,0.7985371248407459,-0.047087378326416435,0.3108802856578945,0.1812951492795989,-0.00718277907281056
-1.5177845705132225,0.8828031505983435,-0.026529367011101822,0.3117632147414272,0.23509523298054502,-0.009883440266416044
-1.6334373990290458,0.3572470517714328,-0.013073926440838926,0.23862479947861767,-0.05741231762141869,0.03086907478369612
-1.5827734195181558,0.5039815967075577,-0.13007929949049007,0.2777978046751156,-0.012770248176133137,-0.014696097816127846
-1.5471836045602572,0.6134007445100521,-0.1536014743475903,0.269134727744188,0.03762341468651684,-0.04842822465716243
-2.0541532247375374,-1.4823953349628218,-0.7412854403131435,0.041635972762922455,3.3318399705442756,0.5537080272284524
-1.6523895517530602,0.15562595655228442,-0.3205027446638163,0.3086658891542434,-0.26387204236739376,-0.008639778172971424
-1.828528492225927,-0.21990690844863717,-0.15076375477467735,0.36409214411490565,-0.3983067931478143,0.17889618307015145
-1.9231906534137326,0.03377235647595718,0.026142628972681173,0.6143853078762712,-0.15690999643226244,0.4141863427642099
-2.232379766097263,-0.43449598432831826,0.3247069830915721,0.8375861927977905,-0.2695488437518477,0.8067757999347277
-1.7631986698272581,-2.0170310673725678,-1.4792957422938724,-0.5334443415141621,2.688947159868952,-0.12750587257772478
-1.7151002087250766,0.14945480048989676,-0.47570377307896766,0.058653323919562746,-0.3871912552818883,-0.0730547318398429
-1.6729202807763208,0.17183941161084532,-0.36177993799433983,-0.09863543930978608,-0.3585481067454068,-0.14688134637944317
-1.6324317084176374,0.3309412832389078,-0.38723656878351065,-0.08161669420144074,-0.27808956575295196,-0.17134375408324692
-1.5962861446294927,0.4401313593688085,-0.38851264717583633,-0.09967143086209651,-0.22168477202756615,-0.20383031462674744
-1.7216966859726723,0.42572926499022007,-0.08652536554747199,-0.012984054803501675,-0.10762747038980316,0.004224440615345074
-1.9627670155348462,-1.8424905159224063,-0.8853424404296255,-0.8079439529938444,2.927437466611305,0.09336156669451083
-1.8114392858552557,0.12956575849949203,0.249226106410339,-0.2038554736814376,-0.17822124672625034,0.05984956961094559
-1.670001280245601,0.5698740334281733,0.18046674798823392,-0.22192594671765978,0.034675247554946796,-0.0587405157795205
-1.6897360236151004,0.6347976149667526,0.3427127213334195,-0.24487897333403663,0.12499401203809528,-0.012244371074425777
-1.6635235184086619,0.6305314640168282,0.3634076830076127,-0.327367838009902,0.1176282035641522,-0.06458274532974961
-1.6647588994522984,0.7529863992922669,0.4920561297433736,-0.3343411144876379,0.22962553111802644,-0.03126686114107774
-1.5531418266015413,0.9721095649265713,0.4500145009574482,-0.42989650891023834,0.31907018619826366,-0.16211931484656122
-1.5358162464071985,1.117455810547276,0.5451421997241206,-0.4412464956703375,0.4306537191693387,-0.15219327665969362
-1.7818441828126252,1.1249353387838297,0.9014855554659623,-0.30670438249549764,0.5707004259600528,0.20212643640632338
-1.6987548570200048,1.1438989081220812,0.7784586372592127,-0.4104263928307788,0.520882295643179,0.06263993424218102
-1.5965855244433678,1.199024321702907,0.6093613448852123,-0.5065201023987467,0.47543267841917003,-0.09810123430907498
-1.5622218179319527,1.2617244725808543,0.4583015777657936,-0.456652885152311,0.4635342129956955,-0.1374216819834076
-1.6730286539914894,1.3551384494984249,0.5251061453733868,-0.19382477020063577,0.5798116080076609,0.08362754841830104
-1.6447855371781432,1.2182570832145503,0.35430946970342425,-0.2391062423954693,0.4371827104345922,-0.005012229914564784
-1.6983353481513908,1.0610999686238787,0.3084830327389311,-0.18692977207154332,0.3434538395497887,0.04239797490778841
-1.6810054602019002,1.269214782534069,0.19771305796689512,-0.03293889047064073,0.44141222740263797,0.07744383138969448
-1.7424815601412238,1.3161755628480125,0.19377289727970146,0.1359186840519802,0.4921568171872216,0.20013835340810687
-1.7931136109436487,1.273985097539177,0.17815592367739652,0.23350970230760743,0.4789546528816553,0.2769313572677642
-1.8131396015534946,1.343430466760169,0.11743581070532964,0.3567255640954909,0.514480863588368,0.33439951953679614
-1.785662848648732,1.2909351655304957,-0.014098222824738186,0.341041077647593,0.4364795845924754,0.2721025989861458
-1.7638260609422336,1.4588481499933623,-0.12390886811872759,0.45832415914966623,0.50721439966087,0.2861299345377014
-2.007364775301175,1.1846246610835196,-0.08049488967199404,0.4125391857810671,0.341202444247913,0.4894327880722242
-1.903330720027987,1.2466420391958795,-0.17693882992682253,0.27304387192445634,0.318630163969994,0.3261441822251807
-1.9033546582984853,1.2618683699685673,-0.08019630424797837,0.2234639873698567,0.35374799801269186,0.3284523811896988
-1.8251202317497959,1.4672893324542142,0.0011825325267043906,0.122556703425991,0.4788737170845808,0.25085255363074727
-1.9084345575552568,1.4549911063274834,0.14023426581088239,0.21779792268638185,0.5369296934966687,0.3906890602832651
-1.8783438890293571,1.4777156004856389,0.2311318515932628,0.10865902394045289,0.5646659534082683,0.3423176487807757
-1.8778848625349982,1.5585039691056581,0.37335893008399407,0.0673216068018123,0.6532382165888871,0.36117647885902354
-1.8571295567835222,1.4280818696836697,0.4013632093005362,-0.08059232227436487,0.5692870370181478,0.2816169524744845
-1.8279491271670198,1.5814478081554295,0.4094448437267886,-0.06359156943534496,0.6587210902900426,0.27374263219482375
-1.8748891288526468,-0.26578548812568326,-0.5379175150039524,-0.9515810148069306,3.8553892176591793,0.15083853344961395
-1.7364939914805717,1.4385054163186186,0.37715347985553016,-0.3472265095233216,0.5253877477561629,0.0641239486146858
-1.7780222835092492,1.1917123258306954,0.3997546710151814,-0.4250775099332726,0.38732054394758486,0.05782262904163558
-1.7293054238617611,1.3662412409054958,0.25462844939297025,-0.3491880081265131,0.44291322271064315,0.023990735761395855
-1.9826247921611377,1.0843092835927435,0.33930923045950656,-0.37273016730561265,0.2936487225177128,0.2508243259358011
-1.914710128055048,1.0160969528558996,0.19333634643983602,-0.48639087638322503,0.1869040596410245,0.10952954056572582
-1.8625443910353057,1.1979786897902838,0.1316217084021286,-0.45792490272370995,0.26847678655289253,0.07321187061843741
-1.8679176437186717,1.1845907773665683,-0.014378899519636931,-0.36647283252123664,0.2234024782948346,0.08149292079800617
0.9966501232803799,-1.139469922545633,0.25193248280521274,1.9634789627735765,-0.4353914353101725,-1.2807789328128814
0.8594421380758721,-3.107853493830608,-0.7636397341470985,1.2493621083591402,2.6980588303077635,-1.2781194264893474
0.9852533130723324,-0.9672470179340166,0.2134076983391701,2.113268746351977,-0.33158942362052807,-1.209299483660628
0.9891538718586177,-1.1581246250267005,0.021198875222209305,2.1040728180686195,-0.5056782166499448,-1.2703355513341064
1.0187904473625369,-0.9543234097463157,0.287696305363525,1.9988211870908652,-0.3158618448190558,-1.2672076789084827
1.0616036397226427,-1.0695945009599168,0.09786699799615779,1.9465688894075428,-0.4547002711175467,-1.3739528316335476
1.1107204064058733,-0.6449121887092908,0.3150751946472169,1.96200683224725,-0.14328298997099456,-1.3365765712727746
1.1130569807585626,-0.616275796894438,0.3661270528180724,1.9433083544512801,-0.11237328657003413,-1.3331114075188126
1.0934006650811592,-0.6399835052775098,0.39678798551350414,1.9546348180868456,-0.11253869066374737,-1.3063045004915612
1.0745429119062229,-0.6761470870660766,0.4259623435946968,1.9575258007241696,-0.12134717672590371,-1.2846509458074575
1.1379958386069426,-0.4104582759955348,0.4082804146714545,1.9881304284957275,0.02174269345283693,-1.314695921731454
1.0967966935296454,-0.4796321344657138,0.3598436583898774,2.0716498522817512,-0.020337464735543247,-1.2601320704274277
1.1416834909404174,-0.323791138081122,0.41550125897581264,2.035156432532808,0.0784725003569995,-1.2913682946250467
1.089075945477859,-0.2626283966258034,0.5443962595498111,2.1160407779141255,0.17039128841376708,-1.1810988481648095
1.147762193816904,-0.27117757048107033,0.48899334892334856,2.015773891101401,0.12993257921323145,-1.284254409684917
1.1465729498235613,0.0015075930519148364,0.49265650155987034,2.1822654248509443,0.305895264920898,-1.1990225675126263
1.1292151517941786,-0.3362538987704599,0.35802933461577297,2.099087303530875,0.06063822115221042,-1.2674056565194114
1.0317807832561,0.03716377969810719,0.36326729380669204,2.5417509431539385,0.335493165835057,-0.9819938147506716
1.0581776521662678,0.40465733458228387,0.397890959637137,2.6849761455032572,0.5705019993277838,-0.9173158011217054
1.126148475099565,0.13578307166328532,0.4146157779201495,2.3593721121510574,0.3788082561828909,-1.1191147084264985
1.1378331771505923,0.38400536908952837,0.5074632189408336,2.42679171271909,0.5578474448061101,-1.0667302324857535
1.1486596368441093,0.5708908042407538,0.5572839103712863,2.485007295014399,0.6866426712347028,-1.0304835934389471
1.1525825662507758,0.51444164584686,0.5333219712159049,2.456004258162684,0.6427952628405166,-1.0542472999318384
1.1699864870068601,0.7745882515588564,0.5392301041659586,2.5709131107197956,0.8046688648654672,-1.006095622745692
1.178604779515548,0.8610691537235248,0.571981550792779,2.584971942589178,0.8656415262774041,-0.99534340329657
1.1490917139951622,0.7008941889983774,0.4273941002446547,2.642508337124036,0.7356923617350322,-0.9882586702695623
1.1441761709612073,0.6068244978635705,0.6023706924804366,2.4917177097884355,0.723261495053579,-1.0115877325532732
1.1813783800062843,0.4331670973099299,0.5813738611136957,2.316582935689332,0.5935556066350651,-1.1289446445462978
1.1325418323702825,0.5665846352495689,0.472507428995946,2.572308493401249,0.6675575639271232,-1.0002187173328034
1.1208322206123205,0.5977310009405424,0.6458825817656338,2.512192080396056,0.7371053336818533,-0.9742431546477137
1.0584343150695619,0.16665149424736161,0.5965248200264057,2.420684062167794,0.470307831374082,-0.9941884556675157
1.0433866975897037,-1.6309648083783561,-0.6185959895669972,1.6578335041798642,3.6176075624225352,-1.1497753080201925
1.191733138664813,0.23767801198034175,0.30661990384796795,2.337779322646018,0.3923519214859132,-1.2020498679563294
1.1649611623570606,0.163910100927091,0.180219078170459,2.427858002312001,0.3212538067238909,-1.1753323045215847
1.1842046980667131,0.3246111275647468,0.28275875401912526,2.418193967982096,0.44404205708554556,-1.1636901305195035
1.1399861623215226,-0.194141024744215,0.2839709695710166,2.200959850345316,0.12787665682043084,-1.2440534121614233
1.1666853926257261,-0.06653586021266758,0.19977187583125441,2.2672419011072957,0.1778059145546025,-1.2514997769621075
1.1799383531537546,-0.2659816291400135,0.21138814648468268,2.1075431772331386,0.04834175884919546,-1.3367432970574835
1.1127809654543293,-0.6028831351717931,0.2587041436031188,2.02364263107155,-0.13128229836754748,-1.3227382890598443
1.1641530836101268,-0.3639647665591073,0.4133766779528198,1.9572643170549948,0.04385086794651834,-1.3453712334800345
1.1542877962198506,-0.6505866789757015,0.38173341799424965,1.8228505181728205,-0.14458441114112733,-1.4153476133879974
1.1956411241206018,-0.5908045220874167,0.38120004395458296,1.764070831810033,-0.12131600203852559,-1.47133771984022
0.5935933901480034,-3.2705252675169145,-0.027795702512421503,1.2963973972614842,2.8805110104040863,-0.8787384653684672
1.037292969796608,-1.2983481417254894,0.2925872787703879,1.7399766634284597,-0.5418303749432275,-1.4074154463410675
1.0505340856800307,-0.9936737238064001,0.5987339624592236,1.7072202071829523,-0.2713939662408213,-1.346400873880139
0.9416358912073237,-0.9736778097745109,0.8183362974322922,1.8277668487046004,-0.16276365898188708,-1.1550130623088328
0.6187466195161883,-1.2717407786556083,1.248079399688897,2.108644472244992,-0.12690459092672027,-0.6879453387035123
1.0673064747239078,-2.939927192975316,-0.7171233152778327,0.8326234694437958,2.7420401555488616,-1.6066640487651924
1.214143953531751,-1.271289986017071,0.44217870302070555,1.250522121827759,-0.5494714241741808,-1.7236530230449283
1.2878079845494794,-0.9991836909495867,0.41606378877902767,1.2612632744688936,-0.40865623509559795,-1.7725962099157757
1.2672597337381257,-0.6642073227659108,0.3436171693540382,1.548433159015439,-0.20658856538495943,-1.6359821651733348
1.2529460309550629,-0.7384489523568176,0.5532164179417611,1.403439866241277,-0.1945206210247589,-1.6407778024988342
1.1348705699321382,-1.0370800803691145,0.6868819203286965,1.4015168064049894,-0.30930010633192734,-1.5290521634218799
0.996993117297671,-2.7075419089714963,-0.19786989171516367,0.7868166636320991,3.049057565259043,-1.4394796597119797
1.1013009776523734,-0.7368491085840628,0.9179938021044112,1.508059555724229,-0.04566280201132793,-1.3895502695910706
1.18539325755577,-0.8104956057947343,0.9485311901412339,1.2508238002437195,-0.1149991759404521,-1.563548841308609
1.201095314392838,-0.6317156770377688,1.1974670366454343,1.168014220216878,0.05871337279906942,-1.5452723455498538
1.3032634446949412,-0.2796430362590308,1.3455934419880673,1.056845658889509,0.28628039507148945,-1.6245986907601275
1.2566368312542886,-0.12092946771831516,1.220706335040826,1.3286315522181738,0.37110684063099225,-1.493774929171822
1.3575381852602006,-0.3233874278280722,1.4074229085882,0.8625183268855583,0.25452871445106406,-1.7393270751146162
1.281100072423132,-0.09280690421948927,1.319951501518465,1.222500475157793,0.4057379761616161,-1.5348035446559432
1.3545312751578304,0.07259888805706965,1.6311969991612099,0.9655222446899047,0.5669636262076714,-1.6231035698717684
1.3171136006939244,-0.24718024466685942,1.4004773990474444,0.9919369019547256,0.3146560582944688,-1.6507950745177717
1.3813831607865548,0.4158185663304203,1.8678793640327969,0.9647534329741185,0.838753838902145,-1.5742560620651087
1.3999101222859236,0.2977188905469842,1.8490163041572834,0.8612819744356476,0.7515136117562672,-1.6432303112624018
1.3942683351462626,0.3114109810574647,1.930471001950454,0.8312507697382151,0.783491312454764,-1.631850988517495
1.4267797163117677,0.43437682792968385,1.9160249652727488,0.8396383455312585,0.846724501473245,-1.6524419371570291
1.4524959578515857,0.2881091886551274,1.7977151974800003,0.7653604872136079,0.7130219597775252,-1.7392433939744116
1.401663795723498,0.5858262247495221,1.781090214995096,1.0703210072444245,0.9171821622662079,-1.558679133127683
1.3803078236057469,0.37384506899679376,1.6827562284856188,1.0499041015536459,0.7633141141902192,-1.5828843123734295
1.348027313581007,0.5819284138349655,1.6789898656445372,1.2511704056750685,0.9069370048289898,-1.4625002917074323
1.342057171432506,0.8578111269819523,1.6532247665267898,1.446860888778406,1.07878988728315,-1.367860698890104
1.3235315170511246,0.9078783958965136,1.6246212637921333,1.5351417988905378,1.1097788320583768,-1.3198497131596911
1.3304894902692006,0.9297044213253206,1.520810974967514,1.5945419381633406,1.093940331731319,-1.3236543917190824
1.3013422376375368,0.865304584525359,1.317611363340135,1.7428858075725877,1.0095905882637521,-1.2877622298379134
1.3022314111732027,0.7971046857002763,1.2822486767120953,1.7201246647273654,0.9562699391246554,-1.309667351460492
1.3425162885819812,0.9742529055896966,1.4257022316946006,1.6495369131031474,1.092991780565018,-1.3304736523059948
1.3674364838706752,1.0759997635012932,1.423420461132328,1.655873265657844,1.1486278879313458,-1.3438285234673497
1.2995469035793714,0.9210184816061752,1.4955529551113478,1.6702557274336802,1.092330960758282,-1.2731230012060821
1.2909519458875038,0.898404065075089,1.3288426717992283,1.7759347692331522,1.037059345793248,-1.2614690010545968
1.2958369105662215,0.9415847967793655,1.3995529828670037,1.7468280791301427,1.0813852532344055,-1.2593472623502262
1.2602110171478556,1.0156102042296447,1.4581550623166317,1.8345421825716928,1.1565750013221643,-1.1762633168843875
1.2536712821304423,0.9941934834590095,1.5628288470050027,1.7713179760391768,1.1725081715974297,-1.1744302437039325
1.2557088927194857,-0.9640171291535524,0.5669440543764942,0.7392079820372456,4.268460631359542,-1.4143425071164895
1.3975414112409799,0.5262809340055918,1.4757895101194238,1.2134018683478471,0.7989913951975706,-1.5701829644990986
1.370331470150604,0.7047234987712262,1.3207688141776872,1.472725666700691,0.8817597834669819,-1.4664220332842366
1.3995181099237908,0.7693181018401519,1.4363100231124606,1.3729820355727262,0.9427877678450676,-1.5026311842278974
1.3242987324629,0.22651496446984773,1.37192468112616,1.2487343086781926,0.604803919414666,-1.535063911378532
1.3325375496384622,0.11452360641281303,1.3013497416005784,1.2020324266928877,0.5114094861336911,-1.58355652969
1.3367103274788057,0.3380819046694534,1.3945575228081664,1.2712164333103548,0.6774202615716765,-1.5253987602790935
1.2656653972801246,0.03816443003161238,1.2538563311872715,1.3337705750617388,0.47362815906456307,-1.4882556292287878
1.2536416207393843,-0.218252372991713,1.4035486912311559,1.1146334334269685,0.35306209087165585,-1.5484150432309811
1.2217348451934764,-0.646071005587116,1.3746381066664723,0.944312796012343,0.08294662091477913,-1.6215510589118587
1.3035856340989511,-0.382528652764559,1.2760906390079771,0.9791843519559924,0.19673890841030564,-1.6838955679424548
0.7035174519777369,-2.7729288311194455,0.5825214203238557,0.856256105086058,3.3084730711126227,-0.9996143139094291
1.2008429601432025,-0.5650721657018497,1.2065418338780343,1.1406805550245431,0.09791330023926094,-1.557007403480282
1.1019292403703245,-1.0411079282738362,1.178634211022618,1.0911234604097042,-0.17910001265060263,-1.5266376077587083
1.0176916717856137,-1.0842920344165117,1.2202354181347603,1.2273315934195936,-0.1661926042755009,-1.3930405745680334
0.7785269331438628,-1.2261845426589364,1.449602121730365,1.5365068346017334,-0.11254525120143959,-1.0213638469006576
0.9682158630819098,-2.9170003597635543,-0.17592960066165383,0.623592132911015,2.922682173875064,-1.4978220698164815
1.2517571890520265,-0.6225636656804092,0.9364712236951318,1.1423673887732062,-0.028954412018843894,-1.6645330198287034
1.322695231188767,-0.628887110227433,0.9267867935412676,0.9816490619897483,-0.06094234401992314,-1.7930425432760313
1.3294910869241117,-0.6894642351364682,0.9109338084757469,0.937897080426781,-0.10640211756793587,-1.8237638830561937
1.3121145417286426,-0.5452483762781623,0.9848697019539979,1.0181486321491593,0.011305761437127708,-1.751744461045871
1.2038103274492848,-0.6223522149850819,1.1791202554488818,1.095918202565343,0.05112574984537367,-1.5892615046461038
0.994511591917625,-2.5214813908933245,0.3446501899975996,0.4769413553197161,3.3019995835014293,-1.4421571926723533
1.1032274260730097,-0.6367859584443323,1.45925612707955,1.1396204794029379,0.1506099883151435,-1.4247070804765798
1.240382584606539,-0.4189224799263311,1.5777042651952917,0.8881216838428665,0.27228356119224006,-1.604964272848767
1.283756822934824,-0.34173066225226206,1.9145629691231325,0.6300934440623849,0.3944425622999193,-1.6674442942056171
1.3280704729915087,-0.19793154073420796,1.9926335707037017,0.5666571383228483,0.4909375324513027,-1.7056163844503567
1.3519494476453624,0.1904637366854491,2.0568344138416856,0.7059920108199309,0.7475700080550954,-1.6330358454860252
1.308677050958118,-0.21392157733806605,1.6497524780817587,0.8015624830803685,0.3969445098237652,-1.6718152443347127
1.3996285340358467,0.23698131034914252,2.025088238969296,0.640667448867149,0.7516196072730417,-1.7051325391140548
1.276258018889647,0.06975722942847018,1.8823239080343805,0.8999682578386455,0.6504710229482734,-1.5366513989137602
1.3461966462162438,0.17935373673186997,2.022304601138048,0.7218660241290203,0.7323727213297414,-1.631235400492026
1.3893247154602382,0.2951320777854933,1.921475603173065,0.755657643453733,0.7647029401806522,-1.6700822459424671
1.383227789565545,0.6901945687999551,1.944351559551986,0.9943148766085269,1.025628723119978,-1.5401829714879958
1.3291934644166639,0.5667870783942681,1.9667990876186674,1.0270207995990377,0.9716201647992752,-1.4830620271770005
1.3551421619496022,0.6385255011547532,1.965237990515306,1.0127474422159615,1.0079081424736742,-1.5071948452208463
1.3481803136329573,0.8713648642018218,1.8840867299290105,1.2202396953598067,1.1382287362043608,-1.421523419134367
1.4238136094893288,0.9657490000176735,2.103364462834323,0.9777789534562863,1.229729219256517,-1.5296741478635694
1.4260658177784398,0.7533150472594565,2.040261601616944,0.8850120060686381,1.076688017483817,-1.5952708191894727
1.303729380777899,0.8392902648776852,1.9395034412749608,1.275443162502858,1.1487490600177566,-1.3498828053519847
1.362272841410565,0.940495066096365,1.940963393650948,1.206739995157739,1.1934242075416581,-1.421185154103815
1.3500682741140089,1.0955184151504116,1.7618876648919657,1.437660236971816,1.2500516053560822,-1.3479121899454642
1.3344637705979496,0.9975874295752726,1.5314748906975608,1.5541067926763994,1.1325361562548932,-1.3442432059335327
1.1524542838330252,0.8576234367115168,1.4392697057637098,1.58182356123841,1.005355862721901,-1.1880245337387896
1.1780561422720266,1.1010048778858685,1.3694263228211565,1.7153224681887596,1.1338421957594762,-1.1570193037992729
1.1904145692440213,0.746639050200161,1.2982632760907575,1.5153222767422945,0.883961926810112,-1.2850980268756294
1.2207785148149568,1.074195135055076,1.3793761181736106,1.5956841663817052,1.1040611498359418,-1.2414274549502498
1.1888975111849687,0.852002274701275,1.3748981486874283,1.534752333826942,0.9719058517439119,-1.2529092672703588
1.1872178938520768,1.1480381033541645,1.5124137198498433,1.6339120734074624,1.197972541563929,-1.1635711823401018
1.230503607762894,1.206104128432405,1.784570101418693,1.406014992368997,1.2911619562661438,-1.2290204368879432
1.2155804940941604,0.8638281125157757,1.8410824611584167,1.1963028940636575,1.0920787005711265,-1.3087698711500442
1.2175792030767802,1.0400526386210098,1.9304953139469725,1.2425920031338786,1.227439294267109,-1.26178153234441
1.1794641036244886,-0.8179720226015026,0.8661218878496845,0.4025116626250131,4.383692423938227,-1.3990895320215055
1.3477254532487728,0.9410655023663302,1.7864634897014577,0.9737622027428844,1.0799282092706013,-1.5199015264358233
1.3197973391757798,0.8913063884386084,1.8052758381420597,0.993694899257687,1.0627771112808766,-1.4868505488168822
1.30006889574409,0.7629272290728605,1.5395756165665044,1.1195431902743591,0.9177104750652597,-1.4857752628546443
0.9829168804635687,0.7506704898273485,1.6293840074954495,0.8902552144496473,0.8518660186258558,-1.2436670083720944
1.163456032946253,0.6993947233716055,2.213992136628437,0.09920551031775225,0.9086250758524762,-1.5911376421314753
1.1392028731591444,0.5620128988969849,2.19396495930433,0.08095488141332884,0.8238733783430364,-1.5904655085310755
1.0844126831012226,0.3727195659186389,1.9892448392336572,0.21140368083834082,0.6681948265964389,-1.547634571584891
-0.6329765289882818,-2.33267874200699,0.5157786870316307,1.3087947296222677,-1.31206510114302,0.12024783074998042
-0.7947264765789106,-4.198050990900771,-0.4104528598839354,0.6581666604183384,1.9194361267327884,0.19543180679278435
-0.6391712136675505,-2.188540289487725,0.5251227105455715,1.4009743204597935,-1.2155034410357177,0.172972318057852
-0.5324499283878468,-2.301618238549652,0.36933898042323965,1.1859545953584583,-1.3665887042026719,-0.04651855505101967
-0.6104573529054221,-1.975230854757159,0.5616691906367517,1.4414728626128797,-1.0797554410701153,0.18519739547256656
-0.5278306457811685,-1.9990085527095105,0.5232830286737501,1.26368281285215,-1.1343542349983793,0.032658649909150725
-0.5391536289824804,-1.8166326311064709,0.6538275079606967,1.320537740395808,-0.9793801856211687,0.1049937513580163
-0.5296510364710877,-1.833963071332471,0.7005144870177732,1.2605567820122636,-0.9815636246344764,0.08197910561766426
-0.771444390529478,-1.9376397170884307,0.974449713834816,1.322765862408367,-0.9461477318025764,0.3814015706538814
-0.5950698675852921,-1.893398445420506,0.7789904365126817,1.0716277951939606,-1.0315009247258806,0.08830026575127974
-0.528374243818829,-1.4114060534033255,0.8241392877421474,1.1879265794473144,-0.7346472063575056,0.11676193690333005
-0.5814514449320606,-1.2601537786714045,0.9665932257159356,1.3162097855855217,-0.5813541531101076,0.25488827142861753
-0.4956745862606074,-1.4540867896816176,0.8187663060558327,1.0991054924485701,-0.7742485470897128,0.04998844140046118
-0.6424356636248545,-1.7196775862875662,1.0093086541150171,1.1563771921789068,-0.8419491367914251,0.22572725317996323
-0.5582672806237201,-1.437723106883571,0.9560649598639432,1.173440935017695,-0.7049562357731467,0.16573582514171298
-0.5358667843640393,-1.1483816201594221,0.9496173034781149,1.3031485666290914,-0.5293286175274381,0.21466296164404408
-0.5648961794901104,-1.3533159804540347,0.8882571684713804,1.2823180083181107,-0.6662257611792334,0.20552003151865583
-0.6739497096712271,-1.212492812732624,1.0106932919237388,1.539449703653202,-0.5053254991581128,0.43824360305953103
-0.6924607500846721,-1.042049073971326,1.0150297452977106,1.6825410871804776,-0.38848698554043437,0.522977191290556
-0.6764312698006231,-1.2832615935819733,0.9142276098287017,1.5613491312817105,-0.5749807539226902,0.423743965359612
-0.6522781380605732,-0.7749286640114759,0.961824529343782,1.7855745786564676,-0.2457873171472604,0.5340667186775795
-0.7395778604339824,-0.5447347576954046,1.0369640496258858,1.8865564209293606,-0.08948129646795074,0.6892181910613561
-0.6438113842138158,-0.7392763141745714,0.8417584789895021,1.6711765088286263,-0.2991238936286194,0.4654739092169794
-0.6881707353181471,-0.5455598457280227,0.9203612475049693,1.840648299584335,-0.13883826430881357,0.6007282516221731
-0.6686954113096606,-0.36497298445211473,0.9315334229425954,1.9003336057915259,-0.02715171109843493,0.6213714653908621
-0.6079391231562193,-0.43498547013728456,0.830323448348859,1.7835164716993532,-0.1199242217953845,0.4957221310092139
-0.7088477456454839,-0.4355920534289613,0.9898517924071745,1.9142178716444929,-0.04267356918959986,0.6703021429541468
-0.6364554028121042,-0.593260716861861,0.9172830652297359,1.700897338577365,-0.18812921404104213,0.49691181974853127
-0.714047795002108,-0.6033827246419174,1.05323224459928,1.7863707526748847,-0.13152830524423137,0.6273348417701091
-0.6524531896557533,-0.5872778272349901,0.9705385801976488,1.7072614996168523,-0.1647565152439976,0.5252271938571602
-0.651859616496474,-0.9308850295398899,0.9377307047550052,1.517242206395885,-0.39350119148694307,0.42041245392508053
-0.6757941733987981,-2.7396367766677283,-0.18859304722167655,0.7139505281465629,2.77313105954582,0.2751374192870556
-0.5673887505600903,-0.8154950290533807,0.8412227596035735,1.4539843247819269,-0.3750265359880788,0.307778545166832
-0.5110614456913823,-0.717852932345902,0.7665603538827139,1.4299441986172106,-0.3522281577636263,0.2388632750356366
-0.6114905695082208,-0.7371018291172656,0.7975733120191424,1.4348022309496105,-0.36260508965131344,0.3418153399348503
-0.6886049455869019,-1.0124580137081347,0.8459361086029776,1.4102967859063298,-0.49901357049159095,0.3922296286163361
-0.6749698565887403,-1.3223882425977043,0.7808838236633833,1.2294770978162628,-0.7194157251037874,0.2746500819461235
-0.6370070360937584,-1.187437066620045,0.7513423907861827,1.2415904145469925,-0.6544425102882437,0.24821165631879635
-0.7032214935156389,-1.6722419910863027,0.7561297019159869,1.0917351113469105,-0.9402099710718252,0.2166308704983829
-0.6839218303023538,-1.4821780798529318,0.7392519982143477,1.1714725633853156,-0.8300480672345933,0.2395287725705211
-0.7431963880694977,-1.8003217524225825,0.774418363406292,1.0885662466062747,-1.0036457735111866,0.24559924774721373
-0.7307150347155771,-1.8052082083125969,0.7720650102094694,1.05657739438511,-1.0120308341618738,0.22092491099684944
-1.396988840167617,-4.66157751788028,0.40784654009829197,0.5991446586426636,1.9112198117460064,0.8721519928872481
-0.8504573410974456,-2.5015499828257712,0.782446086500248,0.8927454143813062,-1.4130292565063385,0.21799099730737032
-1.1057300813947786,-2.3157508227433543,1.1996090504656387,1.3239582273994832,-1.0945959454829814,0.7137938911320879
-1.2755160359403663,-2.5069083707782527,1.4620255060289564,1.4275465950026096,-1.0883170451287134,0.9475007917577704
-1.2755230228414354,-2.5149542717256588,1.4644171775728474,1.4171145686880604,-1.0932246354437674,0.9428994462502236
-0.6792635570614043,-4.087427865291638,-0.5163069307630282,-0.12328323832251852,1.7806822021575337,-0.20679412620956691
-0.713637231837695,-2.566971638035533,0.5198530985778689,0.293530460382087,-1.6604637708893102,-0.18540590181013983
-0.6685071526303212,-2.390149519194418,0.49849345681442936,0.30779632431300935,-1.5692857391629498,-0.21306334659010412
-0.7189658723243957,-1.9048982740688263,0.7012182456435745,0.5868301311284607,-1.1882294964345108,0.015742863865495872
-0.6201551525151453,-1.9255275815892237,0.5910470837741282,0.413471736479295,-1.2658088489784989,-0.16508408743982234
-0.7644034073673301,-2.3415117714614486,0.7584774669289857,0.37888113618385433,-1.4375644212576544,-0.04357526461085714
-0.9320294386277226,-3.980886678029248,-0.030499347260507095,-0.20806638594257246,1.9763500841587804,0.10573665645239946
-0.8447346863123179,-1.741562690223094,1.1180871193363753,0.6942314211012484,-0.9318681584277236,0.2664230350536051
-0.7128737691664763,-1.8886956351507007,0.9933498947122137,0.37906117735136435,-1.1058859752542665,-0.010618902743138084
-0.7239903819012351,-1.8232674339584705,1.20546193396561,0.310111913166731,-1.0048962546113223,0.021363522520605707
-0.6608108688028466,-1.475683682095439,1.3628301397960014,0.2782003311254125,-0.7639933146883497,0.009196766932973994
-0.6433197724734763,-1.3161933200818297,1.4639767963382044,0.2698766751747526,-0.6419810375639529,0.022204595320885034
-0.6057513222143689,-1.3577667549760788,1.4462117131644072,0.16695194870064786,-0.6869168081303502,-0.05835096867098039
-0.7247498786397509,-1.3445802173077936,1.5671594969384404,0.030225028347357807,-0.6787978973997604,0.03227582211530178
-0.7236039382307471,-1.313775150662384,1.6703916499541038,-0.02020357467140387,-0.6327724918696142,0.03518972095902785
-0.7471179929165125,-1.3482181083596083,1.8158045580976236,-0.07956726377094671,-0.6086428499514993,0.061185119771258026
-0.8531612451753754,-1.2132694100817634,2.0613413624991477,0.0901330847935727,-0.4204985827478627,0.2826822535861588
-0.6899766085474341,-1.200322356953321,1.8670250900635534,-0.1528505997946072,-0.5210870349634409,0.0023725115431174324
-0.7334382454714922,-1.0758399846042517,2.0554278327347912,-0.09550466747048085,-0.37676380089178924,0.11165005233402402
-0.7068374928708462,-0.8756601161536176,2.0915076366036685,-0.05763179706031109,-0.24876514184719262,0.1237785920544018
-0.6304446854748668,-0.8117205095597719,2.04343118677506,-0.16090423141188617,-0.24742785259499875,0.009855832080775421
-0.6409652377935046,-0.7374342371472614,2.0302819373518495,-0.0838323759530664,-0.1995765561875557,0.051501046688283036
-0.6959675055461716,-0.8596883685756378,2.048177353857924,-0.04460450483131641,-0.25361547248093314,0.11124069535695735
-0.7432440065209186,-0.5926060400465032,2.1278754760022895,0.17561974133762548,-0.045022194784730914,0.27410068512193686
-0.8118623324201714,-0.5878482187398133,2.182537841697741,0.29927168762897866,-0.0033972263472110517,0.39513213407613307
-0.7700698422352372,-0.4530981600099468,2.079470762589244,0.3483535990953585,0.040905805233348115,0.36416454150295247
-0.9208148785944176,-0.20490761689909667,2.0839217605878595,0.4516582252266427,0.16995246271438066,0.5696216682346186
-0.9179076681365796,-0.10803400565808971,2.0086060117197255,0.5483683532605096,0.21105064670858162,0.5950908884353032
-0.8771998703996292,-0.1384013502079784,1.925184855950962,0.4881274836958793,0.1552445068084313,0.5155421489647302
-0.8946580283540447,-0.044077047302738086,1.9831349535728742,0.548745289487825,0.23692667621129657,0.5732977739204979
-0.8192902879398876,-0.008657730773251805,1.8949435689795757,0.45354911671760456,0.2097295177694212,0.4528060007996993
-0.946371588453182,-0.18407849175489463,2.0915131226001447,0.5132940510630911,0.19395159614098048,0.6188823975929691
-0.8711456058886607,-0.10265603280601918,2.010977107312371,0.44163918543091263,0.19825193065164634,0.512426270713883
-0.9616117578097714,-0.1604254208195642,2.087112516348624,0.5622776745310485,0.21310929687943805,0.6518815829608092
-0.9264838204899492,0.04375566247099238,2.052744039593024,0.6260679901228867,0.32216260923429274,0.6517984092119179
-0.868909994209457,-0.06823187689610563,1.9647074516144483,0.48048173358156343,0.2068745248410501,0.5174260719794215
-0.9229238487912704,-2.1388825869103925,0.9035102625626236,-0.45435128463057445,3.2335399749594296,0.3436600309159828
-0.8320433397843859,-0.35992738291129467,1.9642171962992472,0.21724647470354144,0.006667958609364941,0.36182710519575506
-0.7797826358158872,-0.4550354464957229,1.8802905974163375,0.0895386307303206,-0.0950303421746025,0.2409323744192117
-0.7797963048945388,-0.29107382155581163,1.8611765167546364,0.19689466222108745,0.004545435707733864,0.2893366777954395
-1.1147953754866609,-0.6994183841970729,1.9849420219962677,0.03764906994994304,-0.2353010469417304,0.5442465572945836
-1.0305660930717337,-0.9569483469976691,1.772418758984201,-0.18203766959080797,-0.4859592736996649,0.3208076199870879
-1.0566192380331578,-0.8690130451160322,1.8457474589582057,-0.11506313138325881,-0.40126880673682475,0.3915440002974989
-1.044282605144633,-1.1253508931160983,1.7649020880992563,-0.24955152932529134,-0.5909307831217859,0.2935959667072136
-1.1131888720695056,-1.3338852807154091,1.7836366079564583,-0.2328230164999034,-0.6951379156488066,0.35114539087702257
-1.1731502528283437,-1.7446380445170873,1.7631950695625822,-0.3349262704896091,-0.9421925117750761,0.33245139096182164
-1.1149238628465097,-1.453837415639611,1.681916215462778,-0.24093370220777893,-0.7980726234613468,0.31963590674526476
-1.727059853903982,-3.838752605698508,1.2599132376975237,-0.4975412288873938,2.392746077694092,1.0208122717608838
-1.1698551326396722,-1.7742519974663873,1.5394373417884895,-0.22620340847904014,-1.0211718401449967,0.3220409636438277
-1.465439162358662,-2.36975380412462,1.8007461386440373,-0.08117430045310443,-1.2291687915198126,0.6564137050290263
-1.6586740581218662,-2.4402680429585217,1.9745668194862978,0.20337354887480102,-1.1605029914021565,0.9709126344951854
-1.6889527695390432,-2.6058691996563055,1.8252126840581342,0.2579408341489267,-1.2953092745434287,0.9756091744438551
-1.3176101162425073,-3.855620451145965,0.07942834313725866,-0.7232512984880017,1.9263665003001709,0.3154235800599136
-1.23905261570087,-1.8312005671571523,0.942141248014902,-0.10474733828166022,-1.2678411173043103,0.310654687289486
-1.2000001714440578,-2.101351357921427,0.7963213623059351,-0.27130793469931763,-1.4931271854601311,0.16134202614623763
-1.2136603667990862,-1.8571279327083414,0.8396457853033543,-0.12036306130183022,-1.3207766481472327,0.25783095874573364
-1.1577431462046273,-1.7473629503351034,0.7919088990082599,-0.15204312002931736,-1.2829707621618354,0.19290750458750483
-1.2846088054062035,-1.9544612476468224,0.9790320935370175,-0.10697683920538842,-1.321644131027819,0.34883143396612704
-1.4887449068346532,-3.819793147766457,0.17499899105384095,-0.7354802116323137,1.9570238225666514,0.49641137510267913
-1.467651890864735,-1.906102339337823,1.3286070496546845,0.11796345984858198,-1.1345977517701948,0.6762469006232762
-1.2672824266220324,-1.7702183610763882,1.0937686262825608,-0.11164452577206835,-1.180494802970175,0.3675480512845904
-1.2666383047462968,-1.8477650955935985,1.2440730414655539,-0.2546548939339048,-1.1912344101633086,0.3375971315323041
-1.23681271615969,-1.564853723113319,1.4796995147337557,-0.2965474858753867,-0.9592292405165512,0.3636615210274001
-1.217892684193846,-0.9836494105508964,1.7990860121325127,-0.1835579802850142,-0.5104585141090112,0.4977993303640274
-1.0939198996236643,-1.003591705448754,1.8530547827997723,-0.509451768715359,-0.5531333347251036,0.2705818920062164
-1.1054470202029398,-0.7976320736376017,2.0096974369966487,-0.4563347181560296,-0.3763978534644942,0.3484644337778918
-1.356113099916602,-1.1018933530573305,2.3606436416832404,-0.4604303972463443,-0.42760868665214286,0.6293990320140626
-1.1989240875564762,-0.8519574605469258,2.2334452376387497,-0.5880686514558312,-0.3569024924618899,0.4295336448377956
-1.1261956901821915,-0.8396708182438427,2.147395901513807,-0.6923339654221564,-0.3973782816724123,0.3067836936027772
-1.1354288006083773,-0.31943462995127564,2.2398950989120787,-0.4129289448538752,-0.036963872595026294,0.4786365947009306
-1.1575997760171208,-0.7186998657783195,2.189130566998422,-0.5745360066077044,-0.29797986918528746,0.39753176411230645
-1.2218003205176233,-0.7047016371374302,2.2489624058851767,-0.4584084104458901,-0.25065306465664455,0.5134265440967979
-1.2554114939389516,-0.418346325424121,2.3451098133033335,-0.26580870013616026,-0.030112085074839538,0.6583649306175565
-1.196782586688594,-0.47324933616336856,2.23895713590721,-0.36380564417741107,-0.1135820232313458,0.5421386930041658
-1.1946685323886126,-0.5232678427557251,2.2074988803662174,-0.3770630311181288,-0.1543360982436418,0.5253538737132526
-1.2967355521921955,-0.34976551989075616,2.369179302958409,-0.13775131325364462,0.03548061534590518,0.7557270533195118
-1.2817974370945115,-0.4326811959002856,2.3009658060019875,-0.17788633366107784,-0.0405437638989836,0.7069827896915405
-1.2469838339281356,-0.15848075582430654,2.2619195487717167,-0.06502787319328159,0.11249420793902702,0.7304145613080008
-1.223871592040225,0.17401646595786724,2.18614046457715,0.13159691152236422,0.2973267307340215,0.7929756299732983
-1.4079415483050177,-0.032175388983860256,2.2360379098516834,0.14976177198325274,0.19043836545869042,0.9690886899346266
-1.2935916488384742,0.21461471825208098,2.0465273859210575,0.15832955806264343,0.2583127729301862,0.8473500046162903
-1.3406954619375584,-0.12697422194980415,1.993843506244936,0.08843541350640832,0.04247926010560021,0.8275531024912911
-1.2517597270314285,0.1144709871846832,1.8671597722224635,0.11069688814396056,0.1322086160437173,0.7464756289847921
-1.3476070048763287,0.0831857010913805,1.961391947163138,0.24933930139259358,0.1707445690022199,0.9034701187028562
-1.3466234205812533,0.07255106277703201,1.9524873000467884,0.24534742277739713,0.16118517270546934,0.898335738507042
-1.373665536367115,-0.021753662394808877,2.0383421280735803,0.1957266871687114,0.13281265085190563,0.9147760181559839
-1.3385527536332975,-0.0535561295077268,2.043027120388959,0.0929153949748242,0.10110442999754775,0.8421680073991126
-1.3360161001879307,0.028109347171488528,2.1232130724375926,0.08632882521104362,0.17334412129624,0.8597267844613397
-1.4999113973816196,-2.18978532232259,1.2464898089379068,-0.8025265604988868,3.1930524542302248,0.8307881872680276
-1.1957690990895125,-0.1993306734085483,2.089459549854772,-0.34958490076579213,-0.030976426305876745,0.5423794479601567
-1.1870480290222167,-0.1906754034166063,2.200631214404613,-0.4324056919986015,0.0005490323800792464,0.5264938935420389
-1.1804734117702866,-0.29925804643088677,2.172261223959202,-0.4970566053547008,-0.07882824685375063,0.48192957520057295
-1.3100882281124147,-0.471582562603041,2.2509778550604347,-0.5331742819123535,-0.16107527982230924,0.5941970882122988
-1.2874713906086224,-0.7003329517473543,2.1483143005893943,-0.6617042007302629,-0.34252624146238064,0.4865516586075042
-1.30598560738661,-0.8304927533693546,2.126060680017359,-0.6871257285156948,-0.425269813209643,0.4793479889380371
-1.3265668006514424,-1.0398886913379066,2.0768294513213896,-0.7396298746027649,-0.5650750937091289,0.4523195653238109
-1.3942604586011151,-2.2925524024705446,0.5663653654685663,1.7039240430172586,-1.01709806677274,0.7696027345542158
-0.8927231025881819,-3.6452621965423186,-1.2945858791628655,0.4366325935319857,2.0623409073572434,-0.14925738767249933
-1.122380149114822,-1.9278540711178802,0.14816621023015847,1.5603386008860904,-0.9902574170523968,0.40695878195458524
-1.0456023825488159,-1.7279367201758995,0.08026440308557456,1.5482753305664918,-0.9074600743528476,0.33290987387691673
-1.1354988616929471,-1.714668825804849,0.254602666527431,1.65115024803618,-0.8215749093544177,0.4906519852653719
-1.0671964108548524,-1.3286929756189476,0.2844467716490652,1.7116891093690736,-0.5910571962019177,0.4858133482949236
-0.996945094326577,-1.1543941152378097,0.25526044874319803,1.680441624776866,-0.511702694074004,0.4172327107240906
-0.9813470801456612,-0.9378897801945866,0.28749551955803454,1.7612104126027028,-0.3698145631004657,0.4568623003948855
-1.3169287255277136,-1.4342876571190273,0.6550419091333974,1.8840671083334701,-0.4966896169978174,0.8520692174304126
-1.146877819842263,-0.6436300504239167,0.5654914104242463,2.0391391645393027,-0.07397792498423862,0.7963290539580327
-1.0450720709408374,-0.955356854442195,0.4169685733366211,1.7142126387819685,-0.3481849584227206,0.5269738747466881
-1.0552137672471569,-0.9927135427399317,0.43166058848810945,1.7060999143675644,-0.3645896292348896,0.5335011932468392
-1.0113807883728232,-0.9617617288340758,0.4044776151842702,1.6434290745446523,-0.36735852426897325,0.46653937564136205
-1.191518238440281,-0.4612655805178939,0.8317290742779766,2.0933855897312355,0.12882766640695217,0.9267174114076925
-1.0251149041201402,-0.914354030498637,0.537498679205602,1.6226202923788786,-0.2972357829425453,0.5021874650092785
-1.018931327091688,-0.6091965841931255,0.5305009762816637,1.7900517520927854,-0.10671075193311057,0.5800983092299723
-1.119135125047041,-0.46676836606022926,0.5955431353208057,2.054360217383195,0.03620661742933637,0.7945728489709021
-1.2291239641595273,-0.33009703153437137,0.6862684516269687,2.3216387497798157,0.18564296460421553,1.0239780877171851
-1.165855548391988,-0.5105080651120216,0.49156348050661414,2.1803500872577777,-0.004012264537431463,0.8581308356521947
-1.1737781929220827,-0.4202080197432059,0.46779726636013924,2.2667375533118412,0.0502895204323285,0.8997984714061432
-1.1622176305872216,-0.1597069632438805,0.5427520096056311,2.355635096606512,0.23280985758601744,0.9580401458503175
-1.2734684097727536,-0.2994624741921915,0.6183487178814981,2.289126614755121,0.16125159107132772,1.044684053150129
-1.2116814747829479,-0.04309646276022105,0.5318364967792947,2.360295317565291,0.28097336941922313,1.0167270291715824
-1.1431655262435505,-0.15562973287009613,0.39422762956760854,2.2213164604656033,0.14859806029020844,0.8648018601942601
-1.0888026085800138,0.019821699109948705,0.318201979581341,2.2477899846487492,0.2213506151437018,0.8220485502724275
-1.094269482570349,-0.04101043368130124,0.3309178487444162,2.2119634441993323,0.1873569681760169,0.8111039177885639
-1.2069368481751772,-0.22834119592824018,0.47088046790302085,2.2634126525890395,0.1437233361820234,0.9479194968120482
-1.087964237140029,-0.07352106462983841,0.3519628220018547,2.158217468716734,0.16917319892157962,0.7859710052020903
-1.0988313444041002,-0.17904738649466156,0.3065740300163842,2.146409987406661,0.09359314900453854,0.7742474384774363
-1.0814664225991821,-0.34073058288471586,0.2134648887400125,2.066040806292841,-0.04043142407514052,0.6967831857962123
-1.2030899310711107,-0.20129756770668725,0.34869718503084707,2.342111336080627,0.12731502539474335,0.9505905559165987
-1.3344014540157905,-2.3801244982352325,-0.7078656032610781,1.5145197545083509,3.1134814609326575,0.8811533221661642
-1.0514620127672913,-0.5048664862191016,0.05758942709216157,1.9930067540526804,-0.19704286174583144,0.597320054798129
-0.9995440241226553,-0.3838629162176614,0.010388525387485158,1.9763137509596307,-0.1505357520014133,0.5426006829710834
-0.9917229371985237,-0.2996254479699735,-0.009322666662888227,1.9968225559126547,-0.10980833971307624,0.5457309052769226
-1.1371767156076615,-0.9158434215939812,0.2042540670893697,1.8195054758895872,-0.3968034746725436,0.609473909212666
-0.9975618060376827,-0.6880891398853035,0.2104031617408907,1.638273595525972,-0.29897500283985384,0.43137671609481903
-0.9869266226346578,-0.8614971802372857,0.24933811288784852,1.4840901236590525,-0.40364294291245684,0.35823498062155185
-1.0181012753179228,-0.5897589854520832,0.3452546572824639,1.6588468630259832,-0.19372250732139148,0.49257059591939273
-1.0852658805666613,-1.2152345766728962,0.33586609048484534,1.434915693163194,-0.5728549954676274,0.42050043245769314
-1.0908729208202934,-1.1970160356098845,0.3698481287564945,1.4362061965926325,-0.5504612456023461,0.434233919470224
-0.9843881855229837,-0.9467378861170641,0.3731191584709482,1.3502797741236154,-0.4267435844259093,0.32427008166383264
-1.6028676202392442,-3.3905739249976903,0.097553985250521,0.9887307451812622,2.767535072193143,1.0180455056119586
-1.166247584089255,-1.4208311590083817,0.6535781781562456,1.3113970840501297,-0.5913208409452512,0.49948608040888504
-1.3798190921518911,-1.961503269502461,0.9961964933111117,1.261275153730936,-0.7714028532365315,0.7066664398665432
-1.4516407181392892,-2.0144205230779972,1.1490008603310473,1.2995568955943642,-0.7396249768909282,0.8145135055530297
-1.4516346193416685,-2.0106894515935836,1.1504907572437992,1.299835536091617,-0.7369489183364083,0.8150546462755485
-0.8137874870647157,-3.2834724086608036,-0.8138385233833765,-0.15937578320391887,2.3186223837794673,-0.31582166226092595
-0.9138883284796339,-1.3458978995830915,0.45303095143881295,0.702478212623491,-0.7315704451249072,0.00848783121104382
-0.799276511574278,-1.5906921146880517,0.26140456929011474,0.41029977504950715,-0.979269447084925,-0.2647715301094024
-0.8243625070888155,-1.3899863916583441,0.3645237397831466,0.5154756665312367,-0.8158697370546066,-0.16726625506023018
-0.7375151079686466,-1.5452271181281956,0.2157377306648389,0.30601736744888464,-0.9859508046697125,-0.3694512309181838
-1.0018291926811407,-1.595439992941454,0.5831797326589604,0.636819169756693,-0.829144095360584,0.06775026643400317
-1.1111272514573147,-3.4138019263759687,-0.41478690499438986,-0.06799557547315296,2.3942887854267445,0.06212643950985314
-1.017661561896887,-1.1603114547789324,0.686028888688055,0.8539410757314072,-0.5199614696262309,0.21527151397277336
-0.9144791675986069,-1.2386023160494681,0.5625353932669511,0.6405000952716464,-0.639803083551486,0.007793260806930406
-0.9813792632458541,-1.1378052781719283,0.9449494756737671,0.6117296254179198,-0.45208350172492406,0.14320273113185447
-0.8633591686869561,-0.7570858046163926,1.079902758267708,0.4866643835209669,-0.2155871867793106,0.04307078687019342
-0.8515646958720683,-0.6684092699628186,1.1548870158030857,0.4607562887208416,-0.14405743201339966,0.043517049295364735
-0.8199120478348901,-0.8179285610459276,1.0675459508500855,0.34460682094955863,-0.27454800844303956,-0.059455155302149246
-0.8211361216337044,-0.965227976014729,1.0475893791603215,0.2290786769341374,-0.3817579594080529,-0.1172610622858627
-0.9120259908182128,-0.5978644774240829,1.3777746054447395,0.44873395684531264,-0.028545733287529577,0.1432972772671673
-0.8401811202436279,-0.3220574460236692,1.4837388826637652,0.3835611263180875,0.14973364225002178,0.09450002411351639
-1.0119153130710135,-0.4664109924913339,1.8342224664137818,0.4647204774974066,0.2095947921417393,0.3428955071939434
-0.7691485411778378,0.23996460669393915,1.7029629956820158,0.42112243771952873,0.5408189341313437,0.12943590710229458
-0.8584760462452313,-0.09661577287051701,1.921886108174253,0.2803468696612198,0.41400040074266536,0.1771799147143337
-0.7916209269553033,0.047388326495682725,1.875816791391374,0.23988283677308342,0.4699158862814384,0.10130476403676152
-0.7612319650623942,0.13881633605150404,1.841695245995722,0.2518028175735554,0.5091146167900545,0.0783869439462349
-0.8645985824443113,0.2953068315909233,1.8919356328533843,0.552514454316031,0.6593782011386122,0.30910749187636055
-0.8811298961937625,0.5025866825508456,1.8450593692593946,0.7476466185581576,0.7859460640416674,0.4043281015230804
-0.9283306137533717,0.35731025648633463,1.8246550007757176,0.7822316185003999,0.7047067814832123,0.4460664450677656
-0.9065884258029092,0.1985537050916451,1.6988108538781772,0.7124197046991041,0.5623021442689788,0.3619045711333757
-0.9102576577402056,0.38692577922205973,1.6657565892914927,0.8499045194096037,0.6750088963758625,0.42381070888375927
-0.8964548165223283,0.3198217623233562,1.5887179963638984,0.9457521611422225,0.6342025993256939,0.4228201871016825
-0.9009304350864871,0.43227939390214803,1.5463001280698716,1.0447498308351668,0.6961583441570238,0.4633257707325196
-0.812509363585298,0.5596771578847747,1.5160710364211365,0.9372816626401924,0.7380830744203083,0.34458505694605274
-0.7489456502923715,0.7707028313526476,1.5407797145003583,0.9042622939593584,0.8568460830936011,0.294423769499645
-0.7369901862899598,0.7507712292177895,1.5482942423384747,0.8577180724918817,0.8415479898537531,0.2655512011143113
-0.8669838631366362,0.5341930072132207,1.7269246178862607,0.9075121473532717,0.7955247167641813,0.42343499306496307
-0.7836549500814738,0.552576959183867,1.5517662164836397,0.8342604365367797,0.7315486517888544,0.284436903434838
-0.7826552735756922,0.388596058772865,1.410223592887664,0.8159713264640905,0.5888803790952676,0.2348934109237992
-1.0525631872233174,0.1327849286835242,1.6954453040208837,1.0927307369220756,0.5952838995330003,0.6256051505562261
-0.69808970110677,0.3632998297471819,1.2011121369381539,0.7327540669955784,0.4874818472168942,0.08057164398502945
-1.1150047380213788,-1.7367789153044821,0.6686980798354094,0.275081823343389,3.7623984451146644,0.5255696739538641
-0.7659669931252735,0.2683999930095569,1.3483202013125821,0.7315039264878739,0.48871689116487166,0.164421448854603
-0.7831948163849589,0.05183839358634573,1.2786934863847617,0.6721522281478619,0.33709690625726624,0.1260151937209336
-0.7630244961591279,0.3039294066851729,1.1690069805215537,0.8367286262882463,0.4616271687660494,0.16475281233035408
-1.0038103290652054,-0.41933818032635795,1.2439513466444136,0.76206610284288,0.07559501733571353,0.319912165378844
-0.8900773251616793,-0.041612086128376705,1.0570128885911858,0.8400218065258978,0.22723295887790426,0.23394590469634147
-0.9632331926943843,-0.24600849253972012,1.179957321736547,0.8025981862114042,0.15423528341881035,0.2962668391534245
-0.9980013364364405,-0.5579161421228102,1.176728902104716,0.6901242522454861,-0.03425854596437583,0.2611109883079994
-1.085106677865983,-0.9207127782091559,1.2140350803203406,0.6398862685616098,-0.22617225744031347,0.30187223034401645
-1.0291245330592997,-0.7426150104342966,1.1204822938529384,0.6748244376389002,-0.1569097280157421,0.25741007082350686
-0.9539179833272756,-0.5424758485472304,1.0366512515514894,0.6723804759416173,-0.07794375850269476,0.1846701982689074
-1.5740810411234236,-2.9612033890171636,0.6270830745671846,0.4001620242115854,3.096808011093132,0.8865610398872411
-1.0992330726606863,-0.7251340074537638,1.0802321028732913,0.8497435485771103,-0.1331545383679976,0.37824948229790745
-1.3353740041424038,-1.0645662486404504,1.308935119075981,1.030342729530034,-0.2074003931925418,0.6833480467171781
-1.4225637392067099,-1.3772506975215963,1.380428532515084,0.9879639802724713,-0.35843000668963276,0.7376699803388251
-1.5167896640946992,-1.3767191502658362,1.4756232014063517,1.1371296710303953,-0.3002806425618566,0.8991212551460072
-1.089623221448142,-2.9664463892179667,-0.29458679806625065,-0.16228872487226684,2.677529315207629,0.037009152236141825
-0.9584096166433772,-1.0890154047111331,0.6869886129228376,0.4037443274070706,-0.547985411535985,-0.028003929331817865
-0.8210240980269513,-0.7500101904705165,0.6894950059250764,0.29367769734637467,-0.3794561053287839,-0.17007915881634975
-0.8802893785672273,-1.1309645243037318,0.7476215903875765,0.15724480885430303,-0.5873719368021502,-0.18441557406290918
-0.7386014899678414,-0.7781850895458772,0.6490861654343617,0.10836700452465449,-0.4379441534373616,-0.3269017487612889
-0.9159763131117654,-0.7282131833488467,1.0045208546965416,0.3183930075307037,-0.2502947543891455,-0.008924222918188535
-1.16623283839321,-2.937704558929012,0.18417587952035072,-0.4074093600190825,2.819941276065015,0.11468403118119055
-0.993131872256802,-0.9869679442329732,1.2046474109257883,0.20495251599321082,-0.3369095899408551,0.03944199408710786
-0.8820451215899067,-0.6581960876702289,1.1628986709574336,0.17320538995610144,-0.17737473571151946,-0.05905623325134263
-0.8955059993674598,-0.6903754707745993,1.3050693509148366,0.09151502522045998,-0.156491872434739,-0.051602781417213896
-0.9518143465400916,-0.580808101500087,1.4566725110871641,0.18615909583730145,-0.027283473846053685,0.07417198863931485
-0.8941624727242,-0.3423544798355833,1.429550677630837,0.21243148912818885,0.09733041671766812,0.0429264678631017
-0.8501804123229751,0.0307490440110532,1.4874234324446534,0.3015988015783069,0.3354490070511738,0.07578362115177714
-0.8439526400429641,-0.28805082030122225,1.515380479645717,0.0747731257682947,0.13631160193199357,-0.034046642754982356
-1.103346654293104,-0.5512505305771974,2.0056835546044316,0.37155319149019705,0.2261229979412119,0.39201702727433213
-0.774338750423787,-0.18084870567707098,1.6555653683093954,0.06552510895641757,0.2546306492907457,-0.06929701501054576
-0.753510578396977,0.24295589296426812,1.662220565615505,0.2691354798916471,0.5200037405149311,0.021306930573090313
-0.6997825303257853,-0.07829783476172676,1.4889708861174626,0.056537221428787414,0.24974779867667887,-0.16811082365053304
-0.8286647323888302,-0.1294186291061781,1.5799877793202683,0.2578776972063641,0.28628951176717654,0.040438529447598195
-0.8732984978901869,0.03387818472060036,1.5646835312646468,0.4640658226643669,0.40233793315496963,0.1678929246867153
-0.8477086014102942,0.22706969538405097,1.486717371255797,0.5698674407919737,0.49636722543675643,0.1827199544485874
-0.9298843720828288,0.17546841604044996,1.514679342100563,0.7060272596350576,0.4997136245136751,0.3111689136864609
-0.9587189918324647,0.3980732584741026,1.4972099236862055,0.9158449432782764,0.6477388459224411,0.4297881689976358
-1.0100098522814054,-0.031111458043446723,1.4128906709712845,0.8219160421316055,0.36907090021576583,0.3917445118704012
-0.8982164031263086,0.31955357297495945,1.1839855022107426,0.9208858141908949,0.4937825171817517,0.3058613972902534
-0.748188195208509,0.5129644335547145,0.8943843590945166,0.8746681721853847,0.4883393956050383,0.10581267988757902
-0.7194262232844524,0.5564519528523262,0.7577952058687074,0.9175646031250623,0.4700043871258115,0.07063891074354935
-0.8721463935276164,0.6619793598823419,1.0092294758725853,1.3124993585196565,0.6885589136544011,0.4155423923029222
-0.6421963394625253,0.7619795903982408,0.7641913811704716,1.0033201761425996,0.6067937558310719,0.0452823093899208
-0.6350323239576591,0.7422805614685992,0.8260099252132197,0.9380094354970093,0.6078942217935266,0.0253326696466019
-0.5608924498100686,0.7680618608989817,0.8572655010546026,0.7682879869309494,0.6063975543903759,-0.0982009564610058
-0.6795309523883999,0.6474241914737178,1.026617022634296,0.8594144725810748,0.6156126232461983,0.07059298973595084
-0.6531148090852736,0.7657540615196747,1.1233380405366382,0.8133358748945883,0.7073968170047726,0.057804411304219996
-0.636615774497584,0.7002591164907224,1.2322487506886919,0.6682073782226,0.6880065795956919,0.005087249515318762
-0.6038679397694529,0.6262179393860092,1.2143103315566877,0.5560612661803453,0.623906443967821,-0.0770717443803614
-0.5891773369895941,0.7406845165947289,1.2640986727681638,0.5576585342794398,0.7045983779590131,-0.07171913935331045
-0.8947605005759183,-1.2701045107779974,0.5938093691113931,-0.015114514853621325,3.960863464864081,0.20593046320894265
-0.5283980152823311,0.5592411908634669,1.276087860145177,0.2946086415053052,0.5692649287002596,-0.23902672125976085
-0.5104907050914456,0.5123740161430199,1.3917189654667321,0.14992226983938092,0.5627209566326931,-0.29057706068288985
-0.49553237994858945,0.49945493465148033,1.2920469861462704,0.16251235496615551,0.5224074118808404,-0.32184049080432137
-0.6190897035184457,0.4003743588519409,1.4258175277882223,0.27240795143661806,0.5326936309608504,-0.1475306392302444
-0.5848186542695081,0.058507091888636724,1.3404010927705194,0.03387675975167413,0.2788042900493871,-0.31294827734141056
-0.5604358879459198,0.142301258913608,1.2642258465085499,0.07573387586929474,0.3037891997295994,-0.32888652628408765
-0.6638018846794773,0.1142893308689303,1.2648475028667556,0.29140715638504733,0.32264740841400474,-0.15474345878588122
0.3946601452518994,-1.7866072358632468,-0.4629458650296708,-0.08803615791696744,-1.5641731094685754,-1.3204267218922219
0.24990697059253011,-3.6237498695605193,-1.4427376712928617,-0.7275595624457749,1.665303170107489,-1.26554008245815
0.37476444828272093,-1.535130259303804,-0.47330589851769506,0.11081144313221183,-1.3993500756994919,-1.2110555011669677
0.4400629742310172,-1.3940948172907583,-0.5475752772410645,0.09247967313399237,-1.351868999458187,-1.2827194340481316
0.4149131763578044,-1.3419168891159283,-0.4876856592751854,0.1424122150964564,-1.2940479881452691,-1.224887464648185
0.42192740346154617,-0.980578411758716,-0.40850890739027107,0.2956137954380479,-1.0447012763605736,-1.1303908837675225
0.4355895879111228,-0.8416678873554473,-0.369807479417989,0.3240385104002343,-0.950630707798843,-1.1140135992425848
0.43657608995915437,-1.0265681352543887,-0.397231885554386,0.22492041784483197,-1.0766428101094985,-1.172026826000011
0.29241743363132416,-0.8863277148121582,-0.257424440414286,0.34814369374818027,-0.9433129904795253,-0.9497545290371088
0.36097679484709577,-0.3629540611182266,-0.21592584170204365,0.48439228917169014,-0.6218911611761617,-0.9135442924391171
0.3605653937614907,-0.6526349872142787,-0.23247571457991176,0.31836146962854167,-0.8116070375661506,-1.0011483637216207
0.3617856766549599,-0.7596506448473535,-0.2339830821160684,0.2500900593052473,-0.881069325626239,-1.0365818599663013
0.4171307152798562,-0.6130378610758846,-0.257915144400015,0.22735721606636156,-0.8132561471260586,-1.0899808618807205
0.3725672129087507,-0.1226478449601879,-0.022326346988492573,0.48028478527309465,-0.4219999727134374,-0.8687475878005949
0.42098258142384015,-0.6578123049838025,-0.1532591623863959,0.12487984361051868,-0.8161158103655212,-1.1144678500908645
0.4015502816532508,-0.24342907067553668,-0.08692572733025601,0.3764771701339197,-0.5269321698206498,-0.957420758544329
0.29970778458346986,0.07491348376837317,0.02822731871480993,0.7255072395073773,-0.2572551444088414,-0.6853276136317825
0.3218694876698486,0.06020629247294827,-0.078113162662772,0.7282789306375977,-0.30268853065765783,-0.7279327980617393
0.3600841639294503,-0.24161940813419674,-0.2445224377260241,0.5574848321427738,-0.5532952453558134,-0.8846026853696929
0.3286836258691429,-0.1026754223935069,-0.22796940970576998,0.7006206791693793,-0.4490803433525075,-0.7882334882930186
0.3204819624700253,0.14853577428721343,-0.14833699054744373,0.8220321042573735,-0.2646129100571894,-0.6998312380572392
0.26472409457112683,-0.11148415877303744,-0.1529981331669604,0.6877686345061187,-0.43550205611560344,-0.7175560116351148
0.27238852883846637,0.2966869215256978,-0.13005693431435336,0.902824574812723,-0.1710912220031438,-0.608243239001091
0.30921701204226226,0.16262373351384676,-0.21929852343363349,0.7920662333716575,-0.29340636168088474,-0.7122684597584452
0.32994255018920576,0.1911138068838186,-0.2615293590436703,0.7876604325931909,-0.2936499981760631,-0.739541567136789
0.31798330210307635,0.141637837448528,-0.23844652802995417,0.7699909671856389,-0.3150800892421424,-0.7343054368824349
0.30699288371549327,0.15969144511929753,-0.20244193120803802,0.7832177892677327,-0.2902477126423088,-0.7105779835254697
0.3127379943797801,0.13977078329249287,-0.24737288733249932,0.7847796337903938,-0.3168829322369672,-0.7260708132957343
0.29927428601214284,0.08707232072383579,-0.2539966657829116,0.785861652776415,-0.347702927319945,-0.7188212950395924
0.2811648080242798,-0.1552073015136714,-0.3153171990684861,0.7156622213737659,-0.5125553916376361,-0.7596792826743547
0.28173776131087885,0.13238151172161497,-0.3135790852251068,0.8861680047543236,-0.32839302080509175,-0.6741252108018722
0.15152905907280076,-2.1671496339370586,-1.4045076283121183,0.0022980564717273292,2.570980421040425,-0.7821283796925248
0.31308725841764695,-0.3977297940356728,-0.47143871241516694,0.5885660547725606,-0.720299679557144,-0.8875553285013722
0.33452579703558843,-0.21577900060681046,-0.489257145744706,0.661538787418797,-0.6161078463247377,-0.8696463116004896
0.31168589484843,-0.3267911616078809,-0.48458902781189744,0.6043405361157727,-0.6863458262601579,-0.8767328357911796
0.31314586467417616,-0.5787073799295841,-0.4190737222198448,0.4091737311344615,-0.8308394540734387,-0.9570836694474923
0.35165795695826363,-0.5974796179596804,-0.3148349033055932,0.24786773613462618,-0.8291371339624543,-1.0332225542856839
0.3499051844508221,-0.6864603777425816,-0.2423191719735134,0.15198513260924287,-0.8666155754771762,-1.0598346048105134
0.3534085884007971,-0.3904566412308826,-0.1909755694127987,0.2901502071630001,-0.6651615678642544,-0.9784474352357736
0.33937084618911123,-0.9406256262615886,-0.27104610095935044,0.03487159703763339,-1.0334765857322425,-1.1199213237751338
0.3389893053738387,-0.9589807378971217,-0.2475918265045499,0.008310854810317514,-1.0391294573689216,-1.1264332252702716
0.3699779844187517,-0.7492329800157991,-0.13246721801191402,-0.001448355318789673,-0.8854079589337354,-1.1187433251081058
-0.0827567903059259,-3.0321572798315835,-0.6146002818338391,-0.5143895159085508,2.2988765150472608,-0.6644426653993314
0.29030469905807704,-1.0947701374306775,0.04185027381279331,-0.1306633107669915,-1.0319791889052021,-1.0837351790857528
0.2430913135607317,-1.5562202219144172,0.1345444190465263,-0.3568083573944716,-1.2859297875209752,-1.1409288153458463
0.1641605081019025,-1.5604187320601046,0.33043771648641923,-0.30062501708811223,-1.2092928198543955,-1.007508047256067
-0.09585555177422976,-1.7847234850793867,0.6933039348272345,-0.07442142617271956,-1.1658835298456365,-0.6266563898118254
0.35332382258686834,-3.132719013051482,-1.0221937417615663,-1.307429854358158,1.973437294060567,-1.454135795294206
0.3987521415052087,-1.0549742703410072,-0.012247109279465698,-0.6801202364724911,-1.1383345313577442,-1.3906312582563138
0.42215381379547423,-1.4284679586424198,-0.08216220236372968,-0.9192569206052313,-1.4042192692706803,-1.5450342913794592
0.42340279127695163,-1.334675297498728,-0.029965321873069994,-0.8998980969448993,-1.3312270014787109,-1.5215200652373242
0.4298117102786177,-1.4053915308043927,-0.03442539939727596,-0.9574794882322751,-1.3802043862418683,-1.5557484825519692
0.3771195167791087,-1.409821746194316,0.03756570963085968,-0.8884041664817585,-1.3457998720451818,-1.467388149395622
0.24379935201025732,-3.2720491960845473,-0.9123270494929712,-1.587600123544243,1.871364323655266,-1.4413117765952264
0.3188088310423167,-1.000137710113266,0.2194072303397674,-0.6267360155124178,-1.0159834085709978,-1.2481618754715424
0.39544262655436785,-1.3659445552616376,0.09728052011456137,-0.9513294444004564,-1.3096749565123305,-1.493990486190913
0.42345111393089435,-1.028254037028629,0.3694541338151076,-0.9791126096626028,-1.0324766915507735,-1.4494554134365571
0.4918119215774945,-0.7011640735376815,0.5694654962405383,-1.0603286414890247,-0.7952739704166357,-1.4776617569667334
0.49457824012066526,-0.4667139925313676,0.6754495293787243,-0.9931442270149141,-0.618821670145016,-1.4160727636747839
0.5068348173336652,-0.7324219971014178,0.59879644124073,-1.1395483013884,-0.8137171673574747,-1.5188110028491142
0.4629276599615377,-0.8063948673536817,0.6276784449724211,-1.244079731479259,-0.8684445828263814,-1.5150002788705406
0.4576943128189708,-0.3979883721553966,0.8426027735725276,-1.1193105483544494,-0.5492312972943665,-1.3888873066955736
0.46951267535560576,-0.08041293466004899,1.02112734060752,-1.0654760166320345,-0.303692775154299,-1.319398327452322
0.45954791976243453,-0.3264482507949602,1.1312733334743716,-1.2617196162015794,-0.4289790060672338,-1.3805246568832865
0.541439440765651,0.2731382946375022,1.2001157702127432,-1.1273775941578283,-0.056470355569506116,-1.3461133325463073
0.515089704834831,0.0723748174974777,1.3334092694460855,-1.2734057829785679,-0.14091745218283203,-1.3651378611268852
0.5207478538187926,0.3459729267982703,1.3994999960002918,-1.1635427488606698,0.049216858676324575,-1.2951810904267813
0.5419214381563171,0.3671314628139359,1.3532196029553119,-1.1737871278837613,0.042792218535829686,-1.3268355677023638
0.4926199952427091,0.6215191532583921,1.348279368922839,-0.9095526335549929,0.22137645875067308,-1.1644250178175473
0.4321666546529997,0.6948977560761416,1.3358242153622875,-0.725310000698662,0.2861024359224043,-1.0371024250764038
0.4537826228585145,0.7035133402390461,1.2266893679032203,-0.706159517575123,0.2549906532209714,-1.0719436121082684
0.4425405364904756,0.46921992531992307,1.1393144992028494,-0.7755518839874913,0.08556957386306838,-1.1241356944644085
0.42226633551773174,0.6679750301256557,1.1531457322283138,-0.6252638024685465,0.22287109227044202,-1.0321046845569322
0.4438791781795697,0.5340536652627053,1.0885101280034668,-0.5441686479104267,0.15128991002659478,-1.0498645814473482
0.46034913251765885,0.7615944073686344,1.0436483758320863,-0.4235063153152247,0.2786111542813223,-1.0125656851469773
0.4748099716558566,0.7809610855047511,1.0703175738661046,-0.4665418200744918,0.2923135871800529,-1.0359387773419126
0.5030343399810487,1.0648023966470281,1.169408763934312,-0.4215525497854405,0.4896483389278114,-1.0036205476196416
0.5314748932684867,0.9078916870767418,1.1538809591043118,-0.5746051351338041,0.37477428440729693,-1.1028453654399588
0.5144454325398999,0.8623652288201108,1.1966319999515356,-0.5933309349957198,0.3625502337675927,-1.0894237722499422
0.5172067507850423,0.749800159690299,1.1285632677633826,-0.6301193969008441,0.27133335847240037,-1.128760577754294
0.494864683574816,0.7074191229760067,1.0626952650424886,-0.5673461793870745,0.23466949037016976,-1.101563204584956
0.4794941903891184,0.6396638173031479,1.0118167270360543,-0.5443100140958398,0.18327231465319652,-1.0945128418035397
0.44106380227136815,0.5428379556103202,1.0060689268132885,-0.5143567736216366,0.13327478872546739,-1.0566369507597477
0.36491634292592623,-1.2971978259494021,0.03617485936426679,-1.3145641198388769,3.3393538162484955,-1.1232078604039137
0.5279985503656952,0.4345971721084259,0.9565474971537892,-0.7479866805879309,0.020015543440281773,-1.2430498012606377
0.5152473002808583,0.3005860225224465,0.8869311093539131,-0.7604929906160682,-0.0797069436709296,-1.2607480940167906
0.5194466336615836,0.5057422291150887,0.8417812682892111,-0.6205291314595266,0.038035127727049145,-1.2059763557731786
0.47356946185228016,-0.072367713794811,0.7036575001208959,-0.7135816730606006,-0.3361685867417285,-1.2728536857645265
0.49325669667779976,0.30093192039586214,0.6801148153422851,-0.519294433140017,-0.11059802150007546,-1.1946623782845254
0.45134763864780697,-0.08047971275718997,0.7036041626192678,-0.6697371307855388,-0.33362993472555874,-1.236748289859971
0.45999585302789786,-0.2960522814202929,0.6562418281556553,-0.7905112971017012,-0.487017552204528,-1.3160666618624643
0.4369771603075918,-0.39966725806249737,0.6415247568108227,-0.79212026726748,-0.5489983464816951,-1.3063257916728508
0.4292023220209564,-0.2764937123909383,0.6407897573514079,-0.699121391742713,-0.46757506363280193,-1.2549657145039468
0.4428317168425004,-0.2872889092170213,0.6151453542464633,-0.7209614034625056,-0.4860525459288947,-1.2817942888795553
-0.004705737488659292,-2.661457777351302,-0.02297696713041802,-1.2102180225832984,2.5967017081762327,-0.8627474323388519
0.35823152825073645,-0.4051844823173598,0.6337244022964599,-0.6145302753097747,-0.5268014019065038,-1.1693393646235553
0.3009484306921054,-0.7246222234825765,0.5999829329534297,-0.659356618217927,-0.7198652982552393,-1.164768766689899
0.2234137615459796,-0.904863646433992,0.6579202339830895,-0.6305639033941721,-0.7926947625292163,-1.0846840030373255
0.0029913723758318678,-1.1177544175697032,0.9090035935181998,-0.4183277583864074,-0.7852831219250509,-0.767423575084789
0.27034187302839086,-2.8144782884606836,-0.6740959334638735,-1.5336141735363524,2.2299724992617374,-1.3828719566355854
0.480634981527767,-0.9085425638037721,0.2645009222966219,-0.886196110385978,-0.9693907930849702,-1.500921339928939
0.5472335989752488,-0.6077423537610348,0.35148808382810315,-0.908407392776025,-0.7778150482556845,-1.5301157530674219
0.5299688485533611,-1.1484242639580997,0.3535936006318042,-1.2023245610425501,-1.1175264154937585,-1.6658627547546467
0.5576437715976451,-0.7689579505409717,0.4255933672623341,-1.082370965094394,-0.8659710723955493,-1.6032346256319243
0.535433769948205,-0.6067592910438554,0.5831870495956212,-1.0336375320549533,-0.7133355302684372,-1.520489169947347
0.35243851657717534,-2.6637834184905156,-0.30093196619419416,-1.7799754690396017,2.413912130646895,-1.4679361039439207
0.5053870149915106,-0.7875247066326406,0.7268121363944684,-1.1701208465002735,-0.7814018824079048,-1.5295302347814577
0.5431676918883406,-0.634780876715947,0.7666064847585159,-1.1898335984517718,-0.6868768457262572,-1.552360794067301
0.5756495108226394,-0.5833253257177582,0.8374442877897231,-1.2777220874373618,-0.6471411772136917,-1.5972694501304412
0.5839790801576734,-0.42758235811186635,0.913016746660724,-1.2510990490713558,-0.5308919424287357,-1.5680712947077546
0.566900158689168,-0.06101114340468609,0.9954022250159051,-1.043700331339094,-0.26894527464205575,-1.430172873037325
0.580804695294174,0.3798659471895701,1.1005762338055058,-0.8744013552729026,0.03560677950042368,-1.3247166860353126
0.5968871860078405,-0.18257233275188853,1.0590597235458614,-1.228728641820585,-0.34114665944367534,-1.5242141374919687
0.6106335936280617,-0.3202719235764021,1.1996217437516772,-1.180560605369632,-0.3423601993753608,-1.5063617157817082
0.6924660946278614,-0.10880120233607554,1.1853570579086494,-1.2305131026665017,-0.23997796119288461,-1.5875836025002101
0.7041148599868858,0.29455295504442314,1.2023556867152758,-1.0249525698787731,0.018266493204074433,-1.4872504418457306
0.7049833474609377,-0.1743000907578998,1.1114706814383428,-1.257998411626873,-0.30612849906208434,-1.630117623562302
0.6592932626461016,0.12010826524647708,1.1584676483847258,-1.0077484478452987,-0.08945290874121066,-1.4624291509695813
0.6370674869818999,0.19706600493428078,1.0837404224264389,-0.8682766001292312,-0.052179950397097795,-1.3993627828555948
0.6155655436859638,0.3386948439383641,1.0934444148588063,-0.74084141584553,0.048527739050044226,-1.319082891847306
0.5376626495788686,0.5891790989074925,1.164006044978198,-0.45703688237175977,0.2548632412875102,-1.107413349468854
0.5385605800330602,0.5572980328307728,1.0473812203768191,-0.4080230079048699,0.20350792695270034,-1.1161470866788894
0.5601198764322401,0.26210368716619104,0.8917385282710514,-0.5412338722837648,-0.03388917504222349,-1.2403154115885509
0.5180100972098253,0.5039277794913216,0.8471338058239861,-0.2737997228526309,0.12397999439323522,-1.091978317647846
0.46478723070245836,0.6789297796174346,0.8437242166613337,-0.04759713977769401,0.25375589313562447,-0.9456728134484474
0.49008923802457555,0.4890490437099326,0.6797239821467586,-0.12159026123620238,0.08011963491112851,-1.0449092878094959
0.4620482781572593,0.6534002057821656,0.7334481829187012,0.059051251893953716,0.22063028491299266,-0.9291259944814879
0.5334104746537233,0.6541650978265453,0.7001226648539683,-0.08193450901942531,0.1870192104019267,-1.0546253231576221
0.5463115768969421,0.7753808281472157,0.7753442466609046,-0.08179851367599394,0.279887911349864,-1.0416597198329722
0.5874522028226329,0.7853616003219225,0.8678393700941973,-0.2228579452177946,0.2961315937677223,-1.1126030408384406
0.5741011001258646,0.745239734793902,0.880437886831038,-0.22359308196622943,0.2785968127054715,-1.100913670651497
0.5880009624734467,0.8011455490612875,0.9453218386208541,-0.25898992278047883,0.32660645249762593,-1.1092918539772239
0.6245772242615197,0.7291570600923607,1.049782413565537,-0.44949857972887086,0.2948852449349573,-1.198783496269368
0.615371138077893,0.6134307893860448,1.1002846735341414,-0.5331985722487022,0.23698948812976767,-1.2207365526327305
0.620817287574524,0.790009312174874,1.167657245180802,-0.48304581113073686,0.3653889074368044,-1.1802159778256411
0.5309692493501564,-1.0523079351560853,0.21408991945978914,-1.2663221505993232,3.5788938205484646,-1.225020352168803
0.692968831155212,0.6564519887532103,1.1392735470635156,-0.716326301270484,0.24625774211200546,-1.35115770191063
0.7222781148756435,0.5329259679287178,1.2706542794428497,-0.9397345109883362,0.1910301519317989,-1.4449726846586322
0.6932617883401212,0.3796723706882473,1.2090985680528838,-0.9335666898131807,0.08673471452596276,-1.4407008789423594
0.6082149242819085,0.46253809838005383,1.229556746525651,-0.9510875341944243,0.12135477630084576,-1.3537196016944715
0.631415773957088,0.11501028805119053,1.1962715469404517,-1.196877815459374,-0.11829004799480941,-1.5010596312569713
0.6201377936407519,0.2307795583995829,1.177478996895115,-1.0870117023803008,-0.04486572077692192,-1.4440502457335709
0.5949910829323835,0.2862259199274353,1.0861997955550164,-0.9376293138615482,-0.024070927398931043,-1.3787243656044355
-0.6576396470678133,-1.286642446661779,-1.8625208566021387,-0.382129857093815,-1.7910018910739436,-0.8845220399023801
-0.7766867025766896,-3.1393539785905364,-2.873557000918674,-1.070874967607456,1.4111318156598571,-0.8794627617819901
-0.6631380368105729,-1.2489115785366016,-1.9044665923893715,-0.3276429130648832,-1.7764991165473167,-0.8655532803767025
-0.635257007815216,-1.3223297182642055,-1.8980870914254282,-0.4412442789138831,-1.8319125549559545,-0.9384938697597431
-0.6253310910374941,-0.9463080210985612,-1.795661727996925,-0.3004837965483172,-1.5681645994674327,-0.8455733847985836
-0.6075376152647923,-0.8841958212664313,-1.70418617999684,-0.3608065395357258,-1.5109421774313916,-0.8615091571883768
-0.6446525998311404,-0.7384710810069023,-1.611454337734012,-0.2451566675220633,-1.3802133232206089,-0.753879067670877
-0.6229575406023649,-0.8424048550589128,-1.617175622167919,-0.352755384652847,-1.4558360225742562,-0.8232255171070417
-0.6921914344185455,-0.6042828307220571,-1.5641912472245407,-0.322620172733521,-1.3174745093735638,-0.7139800415246162
-0.6395029454440649,-0.6242851362316884,-1.6025171752925256,-0.4293108583262006,-1.3589067743745915,-0.8117722128787161
-0.6417303267562486,-0.20516370672000134,-1.5047566884042844,-0.22857937690232794,-1.064153306251519,-0.6823168447128453
-0.5930341637833597,-0.19017450734589522,-1.5546429066457732,-0.29697851154258764,-1.0847099044936048,-0.7616052389643652
-0.6054026976087693,-0.4642005882837164,-1.5963979548526677,-0.40811566031531926,-1.266485993114882,-0.8211121788769802
-0.616814920733456,-0.4847699141878327,-1.5727790865675029,-0.40746933199071206,-1.2692481108319746,-0.8068674985397337
-0.6098191955009793,-0.3353296538069374,-1.5285462077385308,-0.35782145967618534,-1.164327113569338,-0.7740157145650921
-0.6353319742497658,-0.14019052521185754,-1.4788857333422527,-0.2115068456446769,-1.017315700957056,-0.6704883542607637
-0.67634978064853,-0.015100424246072728,-1.4638683455003016,-0.051843242769405086,-0.9187444042178375,-0.5601098184372072
-0.7121574443809839,0.003874611075006284,-1.4703483402679707,0.0448711543943058,-0.8955622038732903,-0.49062953683042987
-0.7288816970629274,0.3065373443875575,-1.423261325530799,0.23809547667208322,-0.6835292114658507,-0.36991720616910784
-0.7363354345785642,-0.07400098802060295,-1.4914877463433438,0.06496360885107295,-0.9423834963194707,-0.47108077265574366
-0.7276262884338761,0.30868602258672184,-1.3731303626833027,0.2041675792418435,-0.6696339649403592,-0.3736792160508633
-0.7585709213020683,0.35375594533519344,-1.2848621555309774,0.2776433034830408,-0.5998857028062219,-0.2970253680054674
-0.7668430849850083,0.24597737536707132,-1.3202682046437921,0.25098581705797773,-0.675356254378134,-0.31506294554456205
-0.752000756341988,0.47045555160751257,-1.329432431806911,0.35553442525590084,-0.5397010912362228,-0.27474259901575604
-0.7571211701875108,0.5753651662248883,-1.3235514267103747,0.42055293677248273,-0.4698224789011198,-0.23732245706278438
-0.7417602903490735,0.5925914999625687,-1.3503471220286498,0.40624036871893654,-0.47187206272705645,-0.2618793279476177
-0.7604966712772291,0.46037863145309976,-1.3487941527886644,0.3609056141370598,-0.5500506061195167,-0.272297746364103
-0.7233824541882363,0.3774894720880333,-1.3657604708422544,0.23119375310413592,-0.6212719138750067,-0.3657911074521565
-0.7059495025832385,0.3840025728641515,-1.3762465563561863,0.20098653358907304,-0.6261458320176356,-0.3949973238437364
-0.7468898400468758,0.42492513947346994,-1.311367191983452,0.2771605012164394,-0.5685778800990992,-0.31254405437148325
-0.7089542724312974,0.19304312850608177,-1.3342551782455503,0.0640863526645774,-0.7365035134895817,-0.4499376579603406
-0.823667925123736,-1.7198907436993351,-2.3342086868167558,-0.6756031259744684,2.428655566865631,-0.47003757837974136
-0.6885437753329947,0.16722577123688162,-1.3257067694635485,-0.006779144568315628,-0.7583930532664213,-0.4961105028968602
-0.6843425399644351,0.230148853423391,-1.3369622617374386,0.02461077896025338,-0.7229529665713762,-0.4862637119556221
-0.6229616451250997,0.2780168438287032,-1.4206265247906602,0.10482811312865915,-0.7049535738156143,-0.5297579053629287
-0.6145594757384948,0.09756352374777412,-1.489557927146636,0.01430324877902152,-0.8418786782827091,-0.5998667974723443
-0.6177372520143707,-0.2356485519079276,-1.5121561198750337,-0.17003411425142226,-1.0602320228382307,-0.6966004875542162
-0.6787461014824874,-0.2554713758815686,-1.4258200847307958,-0.09896853784045971,-1.0288481463631736,-0.5979021461417866
-0.6531493227010609,-0.6037251005008273,-1.5457553957265109,-0.2965754717037289,-1.2924024560839786,-0.7469153968119795
-0.6261853160193835,-0.43411029633170717,-1.592522965018335,-0.22796449783462705,-1.205845599226528,-0.7428596281623951
-0.6295046355137583,-0.6478771400491213,-1.6097869804252427,-0.34126043180803317,-1.346161308319967,-0.8023856795365775
-0.6272054406212657,-0.8859128440822289,-1.6153276966462826,-0.48678120747454223,-1.5007097475184328,-0.8783264868136399
-0.8831727330550492,-3.035937489694243,-2.4810720832882405,-1.1317841723781576,1.5981043783951867,-0.7232714708253952
-0.6775350924474687,-1.0732939347473898,-1.6485552302660655,-0.4655979913886569,-1.611406238646563,-0.8449399011940971
-0.7109383433079076,-0.7940866137927436,-1.525509083846367,-0.29515700186791066,-1.388554217277737,-0.703704515191667
-0.7506033842463918,-1.0294520395620266,-1.4202606556592245,-0.4143930299579878,-1.497716651176541,-0.7086747689351643
-0.9925730901903315,-0.9965754509233291,-1.0526578393965758,-0.07769124226480166,-1.295043247601353,-0.2826422107131543
-0.8080340627963858,-3.079107816450044,-2.4579438608507713,-1.350302965978197,1.5490819095381745,-0.8742913723932936
-0.80095043409164,-1.404981420131086,-1.4319449280271284,-0.9845632576118233,-1.8235996781617991,-0.899389337345333
-0.7226806773142297,-1.1437178822830083,-1.4598309278009651,-0.9896968548328534,-1.691819358094627,-0.9597205986113748
-0.6987393031393471,-0.6980825505213273,-1.319722183409021,-0.8621124069843112,-1.3786860517098816,-0.8717749545202667
-0.680246351052521,-0.9531829546635366,-1.3312990512239327,-1.0548362601782608,-1.5518547685884283,-0.9834342847978377
-0.7022080084513377,-1.2290386222036804,-1.3409577505548491,-1.1704325369177044,-1.7235012234152185,-1.030121691487007
-0.8062775651634811,-3.0475373538579396,-2.310702364760926,-1.8975348016382938,1.5060280362915677,-1.0422501547488645
-0.6985230991474916,-0.7189482872517005,-1.1999083508171022,-0.9613093873089333,-1.36194281523414,-0.8881689321380877
-0.6732115563393903,-0.7187324203275754,-1.1530797639107107,-1.0481806128958038,-1.3586307277488365,-0.9347176186304456
-0.6401595181331889,-0.4456165699078399,-0.934385731307277,-1.091083997967293,-1.1382980885049274,-0.915943988335709
-0.5801288926588234,-0.43857238866667797,-0.7834789815278789,-1.3146842381692643,-1.1155597076053358,-1.0239374002977497
-0.5969588870987335,-0.1818069426046341,-0.6604066137670315,-1.1984122606034384,-0.9132351727451072,-0.9204427609318155
-0.5739570551275992,-0.29980163595441883,-0.7022547317940071,-1.2990964185846794,-1.0081307275642164,-0.9973344382526899
-0.6507547770725699,-0.14371064856949206,-0.6276636129134835,-1.4124192707640568,-0.9350082559609759,-0.9352231349788575
-0.6159730283470156,-0.007983718267223473,-0.5377114856595298,-1.4656066905447513,-0.8371037403744184,-0.958839839080229
-0.5856635804862397,-0.08188824892317145,-0.4615116685917191,-1.6276643335822996,-0.8754018729750095,-1.0380273414686128
-0.5382675016494685,0.19110809543971008,-0.4480838440871698,-1.5809584871838152,-0.7143176898085641,-1.041107637192187
-0.5380566083471601,0.09363682650788273,-0.42085108111234865,-1.6608979830275508,-0.769990227783191,-1.0737090924515396
-0.5484860165507478,0.14043921697637998,-0.2770604772888501,-1.700036195944445,-0.6989753375596245,-1.0463788052767036
-0.5303479820544638,0.3363864504224184,-0.22046727479266548,-1.6603508708746613,-0.5655179352865948,-1.0222194439246879
-0.5289391619220053,0.38036083962726885,-0.1107518737429203,-1.7034007212248232,-0.5090870059432963,-1.0139098572570366
-0.5451625979345661,0.4009366326394965,-0.14013475767988393,-1.6369637558766656,-0.4979211559719924,-0.9785231551844774
-0.6126646069014707,0.6577725464849695,-0.05315252862666665,-1.3826594792778988,-0.2868920587697375,-0.7836593962317356
-0.6685305535680512,0.663819755458898,-0.01721626887014497,-1.2754609986301337,-0.2538584822729565,-0.6842537341851842
-0.667146458971277,0.7473824339548103,-0.07280985762130555,-1.1966283009203758,-0.21568545542070702,-0.6612548929157892
-0.6710513377339087,0.5903090979332672,-0.15719999397236387,-1.2357136768991674,-0.33732992824387076,-0.7020759176784844
-0.7177303179051612,0.8685872147826509,-0.15605575838506294,-0.9680850400533284,-0.143081562128508,-0.5377536907143264
-0.7534668456670582,0.8739260289797723,-0.20282872830937193,-0.8600959921991003,-0.13966978978117062,-0.4740291819252898
-0.7247533359734705,0.9039284938391401,-0.2583395211216527,-0.8778228054233287,-0.145663830513269,-0.5168460981508189
-0.7196110469893932,0.9233409267013487,-0.24663272163592107,-0.8926115555351325,-0.1327320654466116,-0.524343748344706
-0.7215301904713234,0.979898387460287,-0.23730146626432122,-0.867620072688799,-0.09415908872302137,-0.5080722856364915
-0.7292080536571347,0.8747808882506234,-0.23695538004809788,-0.9221394939985385,-0.15936498305497737,-0.5304974368920152
-0.714944864936284,1.000639556076291,-0.26459100951398357,-0.8691985520307716,-0.09187348223731594,-0.5209048782167023
-0.723009436771279,1.046495197081532,-0.32335125886730565,-0.7933598098993955,-0.07563179089549961,-0.49431224980438654
-0.7306706962254584,0.9902666947350088,-0.349073743237266,-0.7997929801851669,-0.11614327506322725,-0.49993163370984245
-0.7407295570793203,0.8444115956842013,-0.31696587220353517,-0.8900444678866872,-0.1979735775202975,-0.5298013679890224
-0.8415749353113972,-1.2461630397104895,-1.2867600564711084,-1.7904482710156258,2.8561723330192272,-0.6308624546152176
-0.690404952499389,0.5630050511730874,-0.29851868193133374,-1.1938021247461243,-0.3918600289491261,-0.7090313661817682
-0.6727726899107697,0.45511801685499675,-0.37012314010422515,-1.258141615338974,-0.48618573046086916,-0.7726341048146512
-0.6484437896219015,0.7259933491694146,-0.4385488951112994,-1.1101496815367953,-0.33967552040689214,-0.733206125525198
-0.7209223369548389,0.37295131796007874,-0.5138967030876371,-1.2463660371340788,-0.5882286767598371,-0.7575387069093324
-0.7353446325540125,0.035474495587726605,-0.5615051831513408,-1.3926870272501644,-0.8118817193454686,-0.8350693157636631
-0.7612086369507034,0.2889803684859418,-0.3886468450104607,-1.2916609194421707,-0.5957043893335124,-0.7195297738160367
-0.7260164218779852,0.1399406612309969,-0.46645897471041525,-1.4199669616388573,-0.7245182761714827,-0.8281613371572947
-0.7391238083245292,-0.18541497214953595,-0.5438017214975968,-1.5468237170910244,-0.9489598751412642,-0.9051527750906658
-0.7493614267895774,-0.33843748596829043,-0.5958154278166181,-1.5911057714457997,-1.057489672405921,-0.9354853178468177
-0.7355429421303593,-0.2543849423642634,-0.6499784608363463,-1.5417325943477524,-1.0231139813501071,-0.9347844030194343
-1.0301467186457471,-2.32200410130831,-1.5140305605232687,-2.053920882675942,2.1422669704663333,-0.6881062043194276
-0.8017347215512196,-0.48094844778612206,-0.7648078814101597,-1.4649700435239041,-1.175234714837445,-0.8863983491904386
-0.8481210476190564,-1.0198552498780284,-0.8652743433956107,-1.6283870138385637,-1.530257492164961,-0.966942651606143
-0.9393246311733471,-0.8220370788655389,-0.8124599902820449,-1.3400896506175706,-1.3579792241841435,-0.7495743673953319
-1.1542426169719713,-1.0906788880151124,-0.7012722461404786,-1.094682563000381,-1.4254177576522526,-0.4585127667764892
-1.0979556399486612,-2.733270362565522,-2.0218734415387387,-1.86707588563456,1.767515747325773,-0.6940221806465132
-0.9426098630463389,-0.6984271072922059,-1.1353127697847598,-1.1696749599438345,-1.3832362133151057,-0.740440912963568
-0.9128039453597037,-0.9272262490422629,-1.2534377970206902,-1.3111707939839894,-1.5718978427979453,-0.8635766268924195
-0.8956729244350334,-0.5645163759694519,-1.2595215594685363,-1.128243235564735,-1.3476287763952306,-0.7845520049409741
-0.8875643679608993,-0.6030276013429666,-1.3084896623555209,-1.1420264990626166,-1.3881708119783622,-0.8103883032668989
-0.9054143274381649,-0.7152428906063627,-1.3135109946375247,-1.168687418964178,-1.4551602747641328,-0.8138037631496958
-1.002437513805851,-2.6315369460227904,-2.229031503697462,-2.0016742489602506,1.7237178002415783,-0.8682487496997512
-0.8932147730844554,-0.4728764204986203,-1.153670906880842,-1.148744406280698,-1.2626751911930687,-0.7667701360259872
-0.8901335047741319,-0.6460974644407853,-1.158991906793498,-1.2575747481104118,-1.3760297389831295,-0.8247686551723804
-0.8503577243077707,-0.6953936598149866,-1.119866920132622,-1.4006494205112405,-1.4113851863703486,-0.9108436723234402
-0.8428663717340806,-0.48692191245691735,-0.934192948154057,-1.4037322711627425,-1.231902814455791,-0.8650700776531915
-0.7993305729173132,-0.02911188280871579,-0.5837171907613826,-1.4394200706829223,-0.8626206659371477,-0.8124036986827982
-0.7290340355596594,0.11310361220200303,-0.3651125044115583,-1.6505892289968933,-0.739751482091805,-0.9017799969919208
-0.6983991580207979,0.5171700753014993,-0.2031815635768846,-1.5799246098387365,-0.45018717896888616,-0.840543868867136
-0.6785935887851848,0.5902496412647247,-0.044072904193209896,-1.6751447805615156,-0.36746929734615724,-0.8575774610468029
-0.6315179292130885,0.5353764056746149,-0.04794806694059933,-1.8190376446265892,-0.4209279685920771,-0.9608631145395877
-0.6106530082816232,0.4820058951559949,-0.025726729557963852,-1.9093222025081118,-0.45640205710574405,-1.0131432294129432
-0.5852368228184618,1.0835878651908413,0.020058511214959936,-1.6275785165859495,-0.06819624390622524,-0.8752760325491135
-0.6121377779958492,0.7491334346090281,-0.033445961718291846,-1.7349928088494786,-0.2865349339090885,-0.9269454562278651
-0.6571827846728058,0.7808241756946047,-0.016134670405692664,-1.6227990523284646,-0.2455703545773832,-0.8371287456306541
-0.6761601707108915,0.8699281842386412,-0.03038298063494965,-1.51791354172782,-0.1856131744207842,-0.7764734615260543
-0.7031222835925334,0.8601766884847333,-0.04953076198924213,-1.4530172131960246,-0.1874751053537653,-0.7321563450174623
-0.7250975247640079,0.8884452548228939,-0.08199074129222082,-1.3682597470892275,-0.17026648756522642,-0.6847994399566223
-0.7802269111933886,1.0700553176157686,-0.011007979943979514,-1.1787258037324395,-0.016053662891733555,-0.5347819390788968
-0.7632389789751772,1.0770541084840124,-0.06727115296615785,-1.1801140018728604,-0.032492691503006085,-0.5621079693376617
-0.7675547014771322,1.2613835019725632,-0.011814564624736339,-1.094196918877168,0.10137185877930939,-0.5007634872371542
-0.7721129794400189,1.4961281525893515,-0.04066528602301185,-0.9262703147421776,0.2454448704840594,-0.4218213369263948
-0.8733087171561807,1.1852054907576846,-0.07882616829985283,-0.9965373755449843,0.04330669683843087,-0.38400177347467185
-0.8343029955399527,1.2016669045190407,-0.19244665608250672,-1.0073626794030732,0.010043155568307968,-0.4461870517636259
-0.8409993900008879,1.1208284892386622,-0.24522022347572067,-1.0113630366238422,-0.0533632327066592,-0.45875475715737396
-0.8283651295064368,1.1485621952560119,-0.28688414133876156,-0.9997624073348845,-0.05121053310546274,-0.47270688721142357
-0.8720408400327837,1.0848440932935508,-0.3058471893367986,-0.9307829344201811,-0.08171225486789094,-0.41564782532974415
-0.8577698366890714,1.1519561933668532,-0.35045411616420097,-0.8972411557145822,-0.055712836352105014,-0.42047334251896934
-0.8261689792236059,0.8933818383841506,-0.37813288190115235,-1.1088317915407506,-0.23968846327071705,-0.5544242976309709
-0.8422054173467131,0.8609084685626707,-0.33709132637889505,-1.117209756229483,-0.2440163369716341,-0.5368863564254929
-0.8429539148429913,0.959502679237692,-0.3234079627417369,-1.0640444859824896,-0.17706242178081594,-0.5059263031263731
-0.9407837895465011,-1.0502911708442688,-1.3063833396967466,-1.9091431767147093,2.924738851781716,-0.5848304609022362
-0.7958216571065266,0.7591193673789323,-0.2499308079587668,-1.336788785070641,-0.30276524151622813,-0.6520442573842073
-0.7552112313066173,0.8227592759341172,-0.12504439081042915,-1.4741308988676833,-0.24447143234707372,-0.7118216453543076
-0.7237086872831102,0.676681797527619,-0.161480708476131,-1.6204919197359349,-0.35951622478075607,-0.8155777048846409
-0.8039423319826766,0.6470368050170052,-0.1828193600840738,-1.713169007206434,-0.4135743785559867,-0.7788039254953169
-0.8270653036163623,0.3646204176520547,-0.23383275065105638,-1.8105811735765815,-0.6003806656658743,-0.8273062525538252
-0.8895441896777815,0.2135986643360448,-0.18524631294901034,-1.7947936123120924,-0.6625286426798934,-0.7659878060881365
-0.840594133883038,0.2512144180548007,-0.36430950270231327,-1.7765798939318294,-0.7030473387135661,-0.8383316956398489
-0.2519088804207479,-1.8739152199134996,-0.6866662469981626,-0.3796671547074034,-1.8823130992680586,-0.5960638732824431
-0.4070121591151519,-3.9653756637645263,-1.659387678498152,-1.1539962374454809,1.1899583468174815,-0.6001508771445125
-0.26421574101740575,-1.8155653930699458,-0.6820960053563059,-0.32281024441052414,-1.8397402019556914,-0.5584848460357194
-0.2268065128491523,-2.1215804735620747,-0.7658119265575426,-0.5425190092602812,-2.070860968450643,-0.715931205294255
-0.24409430625617407,-1.5524977908418072,-0.6246933915411678,-0.24549597280479488,-1.663638454277745,-0.5164822506559784
-0.21574854912018404,-1.5800106312183448,-0.5827947985293114,-0.35215945234010554,-1.6803587584417161,-0.5762567028416247
-0.19241090941394307,-1.3908658912012561,-0.5028060707155969,-0.33849662197276875,-1.5465802566597677,-0.5618412905699227
-0.20899539826285982,-1.3343603142317726,-0.4052963001774037,-0.3259052266400194,-1.478949905429479,-0.5176019052544929
-0.20978687463006812,-1.307806052066105,-0.31478051441415983,-0.2575505632619263,-1.4147400537648285,-0.4729666848980859
-0.14625089610341774,-1.3483725310397976,-0.3558118156933645,-0.39993775429038264,-1.4739251392379717,-0.5963261642978988
-0.12461149828997536,-0.9135284450934233,-0.2511498567066563,-0.2469580979893685,-1.175687857359257,-0.5040692809511148
-0.2662182097745465,-0.7731583157301486,0.021469337530609426,-0.005102520994707292,-0.9638857301141661,-0.2160850337751018
-0.1489300133686397,-0.9804156925032412,-0.17547171796800443,-0.27136131701965754,-1.1893414642580928,-0.47948094639602956
-0.17071216932800398,-1.1276980226401923,-0.15202786112250335,-0.32216803466114524,-1.269391627499703,-0.4844392972277095
-0.1443198569340614,-0.847710545922644,-0.11949227509626405,-0.22837835914855334,-1.0907105907349626,-0.4450912545015373
-0.15569281525778983,-0.6195905230145669,-0.08551763129942512,-0.08431157188764342,-0.9317059075362983,-0.3561022559558794
-0.2001524884604451,-0.8793271105416481,-0.13275161910058747,-0.11220115982663469,-1.094507195847292,-0.35498525684462134
-0.21320518599391916,-0.6987924133087812,-0.1469493717930165,0.03594065032593277,-0.9780077137225087,-0.27639970293250693
-0.20007558299188954,-0.5757020103572494,-0.19742623214754706,0.11243091313037591,-0.9170477469089144,-0.26058678100840277
-0.22925927214326527,-0.6869672182092068,-0.20982419037189234,0.11802241513058066,-0.9811934425543865,-0.24266501260527756
-0.23914208744117457,-0.41512672536051454,-0.14977573936609315,0.26799485273768786,-0.788029950392676,-0.1443677479333214
-0.2632981111787567,-0.2274314105048646,-0.061714533607489026,0.4570794987250053,-0.6198018030674325,-0.020575034098644408
-0.18479070264197195,-0.40314365291869,-0.2281538235165894,0.2744751929990139,-0.8037413471400952,-0.20882363859328526
-0.21472807489713866,-0.3138201395744148,-0.18793522750026026,0.3715570229524213,-0.7254332226346518,-0.12980755921011297
-0.22374516055828467,-0.1747394230048948,-0.14102024913954503,0.4485043007416475,-0.6208493512622522,-0.07232644146214316
-0.1826484446184857,-0.12953106216315013,-0.19428887528279315,0.41661919777156486,-0.620354704123746,-0.12943270446296576
-0.1548290582465859,-0.08420139119201185,-0.21915699138296688,0.39746344636240827,-0.6076316709928555,-0.16372942637398327
-0.12059122566953417,-0.23960623952966625,-0.23450175643045482,0.23662007731275667,-0.7231258498503906,-0.2704493231726287
-0.13289466864814037,-0.17785824621598817,-0.18421596930309947,0.2707425775488228,-0.6661076618484115,-0.2314050268943
-0.14474591201627818,-0.2594002673712917,-0.17326203532414752,0.24087343125113378,-0.711267880384506,-0.23575302959471475
-0.16308574829695782,-0.5307537828571612,-0.16616352996324754,0.11299970801167246,-0.8766064299823997,-0.28616102239306984
-0.531674172875892,-2.6891819122690968,-0.8354698271616459,-0.4041310271948096,2.3081023402217284,0.05985183514779075
-0.18649726779921574,-0.5232219099036829,-0.11935909671509133,0.14012526102481124,-0.8513841701685688,-0.2445351076060063
-0.1754099124878893,-0.5190062700029717,-0.1417232314760378,0.12952297132274324,-0.858644970430322,-0.26321029900214793
-0.1009190486251908,-0.46233291604507193,-0.1793651327549707,0.24471019787735102,-0.8087057519193889,-0.29708356684505377
-0.1042649216064348,-0.5409866204614406,-0.2091018160658215,0.22080991638238986,-0.865828373490275,-0.3152928859005631
-0.11195807149600545,-0.9343086109540557,-0.2558651364173168,0.026353863208727388,-1.127251102900788,-0.4209817740342903
-0.09551766197028067,-0.8963506425666727,-0.26902920431744076,0.01818810974311584,-1.1124352878591939,-0.43927103700530096
-0.1313189391468102,-1.2214481205689172,-0.2837199631032123,-0.09151565983166872,-1.3118716685758551,-0.4755784212667034
-0.10505846623751086,-1.1043113204213924,-0.3227715186183103,-0.05815923173097627,-1.2566584886324714,-0.4865814079784519
-0.1315584902583212,-1.3515455342077287,-0.32497117900010536,-0.14916338543815946,-1.4062783299074375,-0.5159408766761058
-0.07911649195878809,-1.3030570468943192,-0.3782366540852475,-0.20781762162686018,-1.4080029016682207,-0.5937305688107348
-0.3566861820152594,-3.95811214815682,-1.289123626172056,-1.0859774626353684,1.3631232222977132,-0.55445525424251
-0.18930101545562086,-1.9056145107683853,-0.36692257728516836,-0.3369036826954832,-1.75212263040078,-0.5850816386303759
-0.21191970932047136,-1.5889750935266098,-0.27528710655330774,-0.15226032145920113,-1.5176815191040183,-0.45245343539764576
-0.26520045030102407,-1.8611020952056816,-0.19958835114144527,-0.24650186016495979,-1.6534256744368678,-0.4445255964132189
-0.44184110512535685,-1.9544712724248612,0.05221501013097743,-0.06262308116480682,-1.5850036906393454,-0.1692000177389344
-0.09827339717079572,-3.65619362206356,-1.5728639870364474,-1.3286874985654158,1.3889050274595949,-0.920584714028553
-0.28547574890816,-2.5369633326319816,-0.2140138594863318,-0.6367533083784017,-2.0887547757153473,-0.6279771863090984
-0.0610999145832559,-1.966456436425395,-0.43877938130399863,-0.6637918834355286,-1.862430085507401,-0.8476412151998631
-0.05038483907965311,-1.5802347368375254,-0.34324016494707155,-0.5173194099838878,-1.594511191219843,-0.7543271104634193
-0.03136457209921837,-1.715493180597404,-0.35305705723105507,-0.6415224534762914,-1.6908856582471121,-0.8315116255932768
-0.08453691368718684,-2.1482238657618637,-0.32405736678854935,-0.8071349637000945,-1.9419002168736683,-0.8725472545715782
-0.1848597021254215,-3.8970658346969675,-1.231042796120011,-1.5401875243002396,1.3471894392230581,-0.87245776959783
-0.08959113439355969,-1.554763859987352,-0.07767521068088092,-0.5963463442979107,-1.4966967657843808,-0.6946929190129668
-0.010130529613101714,-1.558047575185516,-0.10104844260301551,-0.7680080549132182,-1.5335272001450677,-0.8379816180776845
-0.011754598397092787,-1.5285427989773426,0.09110481745952403,-0.8679616122325272,-1.464120977391438,-0.8331862785713748
0.047474735357936525,-1.142168619915696,0.2606365333687488,-0.8748696191471753,-1.193805972136929,-0.8268925394813536
0.06561835632685788,-1.0311552248970526,0.3529663734400865,-0.9086773803513283,-1.1053596990185632,-0.8295453580566912
0.07120626401555115,-0.9348693652836926,0.40516657955989355,-0.8986040713669482,-1.0324037480178825,-0.8134612027179766
0.04454670324894638,-0.8119992749235289,0.5029141348870403,-0.9387188162017241,-0.9435733735551273,-0.7727829837573591
0.05055978004991279,-0.7945141424327917,0.5967379084027163,-1.0024560540444383,-0.9102622483388545,-0.7822801982557064
0.061342019140563024,-0.7327924822028634,0.7066038027230652,-1.0591455631980025,-0.8460543417289087,-0.7867759764689183
-0.08739513696735324,-0.7635694114765738,0.9889454945932792,-0.9161306224546112,-0.7392014564889897,-0.5411156660304401
0.09301659239146487,-0.6779591966425139,0.7807156859330097,-1.1454064962118904,-0.8030359367191953,-0.8294388857953063
0.06037844129230557,-0.48549786503219916,0.9639895248940759,-1.068115819897017,-0.620385895632709,-0.7185033784730567
0.07594208773870276,-0.33277661083358234,1.0088371218881156,-1.0394844538385506,-0.5165521416808238,-0.701511901030727
0.10385591159055946,-0.2026620450336081,1.0437120561898996,-1.0439500565224407,-0.43395184949870114,-0.7117483104924687
0.06426919046684809,-0.27604992200752854,1.0499807674140604,-1.0027338808399158,-0.4652235017857374,-0.6640990325354897
0.05440311588727558,-0.34455107473159957,1.0093126619341994,-0.9969420124280137,-0.5161986014444991,-0.6663130099558342
0.058476617115349454,-0.16736634522730678,0.9979422827076098,-0.8914281968131206,-0.40719460455137163,-0.6192164529572283
0.04098528255345967,-0.11650482930736944,0.9838758836085473,-0.813154166491943,-0.37218740539713047,-0.5727933187238257
0.012629418166698544,0.008003648769456076,0.9836862202703094,-0.6749023412244862,-0.28262808204079126,-0.48550290507201616
-0.026957582873594142,0.20016494392781092,0.963368074037888,-0.4933552521184522,-0.1588148942376471,-0.3698316703117136
-0.024604264869415436,0.30383401106722085,0.8899773571633675,-0.39245070383647324,-0.11266705698000264,-0.34136735284560027
-0.019761079257491286,0.20829930240231703,0.849456216568099,-0.43752213646344407,-0.1862313104165308,-0.37842024852751033
-0.014222341222778068,0.2850105820746321,0.8702863712410636,-0.41678148614888805,-0.13369562668488094,-0.36571980206391574
0.014048667929529779,0.2679257990634694,0.843782182151248,-0.47527029007722765,-0.16164421657952233,-0.42049263572732454
0.016956014243499164,0.17255513843514625,0.8595969017255277,-0.5497626553930924,-0.2196098333292443,-0.45524698327277024
0.06446131776749822,0.18298017999409874,0.8088814528543785,-0.620163124921797,-0.24311138931149576,-0.5350406486973981
0.05812372737802161,0.27146958045919095,0.783316202444424,-0.5384611061313964,-0.1911061989667558,-0.4972492490011693
0.028586074559105924,0.4064863879052987,0.834120025789005,-0.4227850710398577,-0.08108808062114788,-0.40622075381592326
0.024021756891718517,0.30736803659510514,0.8407638125127008,-0.4782465734443386,-0.14131523649411645,-0.4292615292815477
-0.2989998953830289,-2.010910913924058,0.1403699179889124,-1.176884640667347,2.9167233975866007,-0.21198544792285118
-0.09826255055463726,-0.05960046837457717,1.0652589285957714,-0.5655885785300202,-0.27435480568599874,-0.3321587555979789
0.008229502736322813,-0.12995128813450638,0.9045232360015202,-0.7536857185801367,-0.39954946099655414,-0.5394301502724563
0.018788701924656516,0.03422744248923031,0.8696886579451255,-0.6604428391758786,-0.3076999811064847,-0.5092475302088101
-0.07009618325344813,-0.26050808349457727,0.831596405624091,-0.7743994906583299,-0.509292530514921,-0.4976001663026759
-0.05613310404742828,-0.49859904764704066,0.7269290167643877,-0.8896922985052036,-0.6943530740347489,-0.5936798561335411
-0.04815612491067734,-0.5032105934567903,0.7345705053222225,-0.9154730199033113,-0.6981602211430082,-0.6095447288009905
-0.09273313020552187,-0.7397227460254325,0.7417456655499102,-0.9633339959153144,-0.8319053448033399,-0.6031121053313965
-0.09606879288525139,-0.9099242066878342,0.6689701825522053,-1.0153582856324446,-0.9587902083201905,-0.647482036400816
-0.09605177979213642,-1.2772633646323857,0.5661742652521204,-1.1761124275861323,-1.2208905901771063,-0.7569000940797024
-0.07762051918658236,-1.0756519174167734,0.529765507474829,-1.073855984464302,-1.107993608431719,-0.727622608763949
-0.4472749118189716,-3.1961287937916025,-0.21079140541639657,-1.522441011396939,2.082679022518727,-0.3665696292897247
-0.15467494173556634,-1.4056795204859116,0.4186988754935374,-1.0342435444701197,-1.32117576425636,-0.6898352039230373
-0.19151012319248598,-1.7749321381043477,0.33103269921271844,-1.122460071747953,-1.5674940232913244,-0.73516961559992
-0.2714860092217602,-1.732319076693536,0.35438143136292916,-0.932854098943077,-1.5059846119731992,-0.5826503335627526
-0.4523402955527061,-1.996817370187318,0.4134108718414558,-0.725921070381029,-1.596131452014255,-0.34716584629507363
-0.24375006070928276,-3.3405009913887755,-1.1050406424627428,-1.535846277524947,1.6826607095856416,-0.7540142035137097
-0.49668930901323477,-1.6700845845697525,0.2330444890759673,-0.5850140134253503,-1.4763674675492775,-0.26079669859028426
-0.2848815256872684,-1.7641272837673236,-0.14171703881426745,-0.894586816550188,-1.710144299780821,-0.6561135920014763
-0.24347111211329986,-1.4777315668851057,-0.17363430770960822,-0.796320615195408,-1.5500313899084053,-0.6422323550713949
-0.21320276787698017,-1.3489625516548476,-0.1800741949205234,-0.7838498328434162,-1.4801546736545736,-0.6570967964559123
-0.2731509052144349,-1.5285745772507713,-0.0882233523623549,-0.8148539435947407,-1.549910537952043,-0.6086733675735839
-0.3919617152342902,-3.50231004739026,-1.0369493337809605,-1.6131670431231815,1.5912358395493684,-0.6411678774812257
-0.3035240092655107,-1.3759171963851988,0.0507209864049348,-0.7423552795368621,-1.4053976738555902,-0.514049150333495
-0.24021626268776913,-1.3398600691580225,0.003977420596516584,-0.8382492063439907,-1.4173345403230106,-0.6156122361301035
-0.22082742829920143,-1.4273542395680197,0.12473889994704572,-1.0115254458816132,-1.4488228054828336,-0.6809658553629752
-0.18240474066177603,-1.142263406177685,0.34790669968427385,-1.0638771825538178,-1.221733338544969,-0.6691176118996609
-0.13231336756421913,-0.6287834455205926,0.6098828454337266,-1.0271975252573937,-0.8423925345898046,-0.6091954298762751
-0.08967021422416126,-0.6567931036186138,0.7837431342774495,-1.2477759700151272,-0.8299998296623755,-0.6981640273490738
-0.08504946154528135,-0.46515406954556154,0.9140049932310544,-1.2236511040586,-0.6750631212683431,-0.6525036605569523
-0.20366576406106612,-0.5400077485537743,1.0901423737155034,-1.3148347046191895,-0.6797770855853116,-0.5432430113194624
-0.11730306410155648,-0.34374062345560147,1.0598043899445537,-1.3744340900268959,-0.592943787731025,-0.6366960617723622
-0.2790130358525227,-0.44927494809624285,1.3040482853996807,-1.2231211341434773,-0.5392142664294972,-0.38928234867295264
-0.14671271024242882,0.07650974526022425,1.1865329971056457,-1.131300310705435,-0.2804247334677461,-0.46056148895009696
-0.15412332106174625,-0.305199719261712,1.1166134860727197,-1.3038529502709186,-0.540454118803847,-0.5619330207638339
-0.1702574327500575,-0.28545367801077254,1.1057470941040013,-1.2494701214379371,-0.5250039449814584,-0.5274506024045154
-0.1857790627763123,0.05286631617323594,1.183346367302607,-1.0548291099238725,-0.2824756867547196,-0.398222210348961
-0.1984717692118917,-0.10587859739313053,1.1666733075029638,-1.1095881090029722,-0.38368709093051334,-0.4222199498502578
-0.17049650433741048,-0.14421523364673106,1.098567153755749,-1.1517062144338295,-0.43573049869250274,-0.4802322547188276
-0.20602321515847366,0.05245974704990607,1.1648393261191519,-0.9901469701898326,-0.2796588913453925,-0.3580002519117709
-0.19558700922554012,-0.08546702540865016,1.094432783659994,-1.0521486356889436,-0.3898691620089871,-0.41544883667532007
-0.21181543252546203,0.12054798088155992,1.120415462347478,-0.9052349662544668,-0.24534497691975052,-0.32417519541255313
-0.2281449928643421,0.38812394563337027,1.0929069263943731,-0.6885035407911709,-0.07543841228008451,-0.2128574217148219
-0.38970519355031574,0.25337038981397136,1.069097436089279,-0.7527415842304853,-0.19028395057523698,-0.09540322471732228
-0.34085918492399675,0.4295615774208385,0.9657762925995345,-0.6918885453950738,-0.12179936978389368,-0.12501038780102586
-0.34216927675298353,0.3314940940102767,0.8842569316651318,-0.6997792095512732,-0.20556337184335913,-0.15101086819095383
-0.32239395078900024,0.4738288302061715,0.844597828837584,-0.6347855788685837,-0.13195643848523358,-0.14217949863290685
-0.310084356130487,0.43114981041079115,0.775811532717262,-0.6474265680094469,-0.18174835675973813,-0.17566797008885654
-0.2916015217536014,0.4589068896697071,0.7470420581480031,-0.6554725042773638,-0.17814284159419685,-0.19956017403555398
-0.2785686048718032,0.39773609147814537,0.7785389510678717,-0.7421865852461162,-0.2137522600066142,-0.24250078694911675
-0.32218259689587314,0.29723661388540223,0.8894257536195003,-0.773958904002606,-0.23370434746086924,-0.1995369203565555
-0.2704139929861202,0.3249848523957193,0.8875217698308456,-0.8741433871842403,-0.23492395213403638,-0.28329229723074484
-0.6366669433113505,-1.9749089428967919,0.2990818405218703,-1.5323949912342794,2.879540987942233,0.01318455830309511
-0.37425641791674835,-0.028793696910238156,1.1970651379703883,-1.0458189801012487,-0.34366355419004174,-0.21633689069281742
-0.2627144481023062,0.04422050110686023,1.1654280842977025,-1.2342937794710092,-0.3447992699074396,-0.39076780372926595
-0.28657457636377826,0.000716022466874311,1.1929425750521063,-1.2249689345072388,-0.3571009495585372,-0.36318375916213635
-0.4158005655052717,-0.15427924111808716,1.1354335007929661,-1.4893927011222132,-0.534724839573222,-0.3565197559372679
-0.4002051315278756,-0.4361746041724814,1.0346334086961384,-1.6354526475548432,-0.747211810264017,-0.46795239373095276
-0.43064028318536957,-0.34470255359549845,1.0660082394360009,-1.5323398373610744,-0.6698383860215552,-0.38809863411495715
-0.43042178573984763,-0.6501973976347067,0.9702309311967606,-1.6616037299753312,-0.8907114104765691,-0.4799098456359202
0.40001147316317515,-2.1683762925764087,-0.21175999291914546,0.7713162535128556,-1.4745211048520017,-0.678726378161061
0.28716698002258423,-3.873795733851915,-1.2229438491446887,0.15884436658034987,1.8197222065926444,-0.6394271212409872
0.4246435214193657,-1.810136410393631,-0.2643228395610085,0.9602984909406019,-1.2682023022960691,-0.614518483301027
0.4825374909829187,-1.5946516594046884,-0.3069157012327779,0.9845235475582635,-1.1621463497768603,-0.651248922306151
0.41016679726573335,-1.587318468291242,-0.17703837614801585,1.071063243640757,-1.0979521050091323,-0.5253401627450955
0.4498072839651883,-1.351347117226892,-0.13238739254916793,1.095963772949039,-0.9494258176465586,-0.5256201606801989
0.49333558331894656,-1.194860179352753,-0.12331499858320122,1.0858607642164482,-0.8624452889762435,-0.5558978913103733
0.4886881573504979,-1.1216085877869086,-0.11088433148939014,1.1315889340874312,-0.8108104048592647,-0.5265505300984001
0.3996602489451475,-1.289553783249952,0.019826187918280502,1.2302950351089605,-0.8347921703779674,-0.3956436868467996
0.46193393582653564,-0.7105278085678702,0.05906900282188255,1.415713084518732,-0.47612916106244624,-0.33141987089219377
0.4977301664732131,-1.01893293121691,0.016475095991983303,1.172771404163878,-0.6974638919332221,-0.48794977577499554
0.5024173684385633,-1.0096530844100782,0.02690099245903101,1.1599049160108084,-0.6906011967707709,-0.4944792382416555
0.5630868530147524,-0.9155413823581381,0.019200166335991305,1.0836239323624484,-0.6540032280959717,-0.573552323701335
0.46797556349352776,-0.45366507063972705,0.3134678631033155,1.397350010220844,-0.24771720050147444,-0.27317184119104654
0.5545474437038912,-0.950660123593919,0.10606567735593911,1.0255700069792968,-0.6509757153437932,-0.5728716110735371
0.5421184532007582,-0.5899448293744936,0.14296430783477984,1.2467374081971627,-0.40633857604975937,-0.4437961015886061
0.4204507191382802,-0.38685408906256713,0.2604159573271685,1.569131222327323,-0.20279932459615863,-0.17177142812312282
0.3947662923587645,-0.3801039238575026,0.21337654825903873,1.6565091547688942,-0.2020182009094479,-0.12484575754029303
0.4516817687217485,-0.5641089083307944,0.050198024104646306,1.5130904015835995,-0.3829939284959943,-0.2788087528087753
0.4373172236851128,-0.5149201056847218,0.0354352179177336,1.5825558760208223,-0.35045784640885186,-0.2390022135363273
0.413744534523895,-0.23939559974492153,0.12299860393015687,1.7484129573895641,-0.14291658152936149,-0.11630522266322918
0.41454815816548785,-0.36332488760660536,0.14773706138038478,1.7438905909361355,-0.19666069726414476,-0.1251779209107639
0.471381916486123,-0.007815528388922686,0.104355955048082,1.8567213042294546,-0.000743290517035015,-0.11703879090610081
0.5058417752702683,-0.08487691599018352,0.02271092622106528,1.7811990619780724,-0.08375124144802083,-0.19976497651057895
0.5581244383416776,-0.08729883477449042,-0.07670531183943766,1.721766192015967,-0.12994603388139686,-0.2907709149193366
0.5293036859975745,-0.10598805729812996,-0.02351372343641021,1.7424069421262793,-0.11780958046349528,-0.24714222515677095
0.4693084005010335,-0.23336962690625962,0.04479351952634421,1.7581250790463818,-0.16023625389012236,-0.18187126373679247
0.5300043651798507,-0.15737670907293758,-0.0029008056270614655,1.6960135898237956,-0.14564629302486642,-0.26506946625130456
0.4862746128662685,-0.2862662517578147,0.016372582266706327,1.7032930123903067,-0.20772207489356487,-0.22815898795137593
0.4282603085512738,-0.513709970872024,0.020356738965977412,1.6922292993321015,-0.3318276815623389,-0.19562693538638756
0.4365973139737716,-0.21282339338197023,-0.00451343730626397,1.869427725841536,-0.14888746463994362,-0.11913280147631333
0.43030031749264447,-2.3160580686511523,-1.2397352009056333,0.9133069546146949,2.794406119941552,-0.38279986105488517
0.557654910864919,-0.6414343748525124,-0.28822610708101093,1.507858309687568,-0.5406013154515755,-0.457103297570561
0.5908172807977733,-0.47198840899421424,-0.30662965805665326,1.5472856769675833,-0.44870901479929604,-0.4636410031269685
0.5884093887118813,-0.36400979857469434,-0.29287715599493036,1.596660592874675,-0.37806125659514445,-0.43153934867243166
0.4970084502195179,-0.8964478369128379,-0.14125048476057256,1.3881824715183677,-0.6466238393151004,-0.43521820865289096
0.5802994511696176,-0.8929769313120349,-0.08982751775381968,1.171694566299931,-0.6603851652414044,-0.5823679841646243
0.5762080162384706,-1.0607820079202372,-0.04205302928528306,1.0482967321754628,-0.7539729316135444,-0.628220257823142
0.5915055792108576,-0.7239500697024873,0.020668909265673906,1.1778154688012514,-0.5275743344353762,-0.5554901758872396
0.5547076119827118,-1.2551916602819042,-0.012107583099747462,0.9565302210812499,-0.8633139064948223,-0.6521536693157446
0.5667457733077024,-1.1962608339263185,0.017378257439836543,0.94521965936307,-0.8223181392802729,-0.6572461292756778
0.6127075422460212,-1.0615242258560404,0.09117586258497362,0.8813979649805731,-0.7327404063004688,-0.6977868763049244
0.09196762530736208,-3.44285818348789,-0.3192928625254981,0.41830062708754456,2.4314283619040036,-0.15505949643347092
0.5117010086632052,-1.4359118852851327,0.24620210027379916,0.794284366042751,-0.8952977070412973,-0.6334969291474538
0.39196801205422854,-1.9338898704046703,0.46168189155469147,0.6346914840270766,-1.1147467390916042,-0.5766700569005113
0.27700552580089605,-1.964880776357097,0.6398923073095839,0.7662593247253409,-1.0471609755772375,-0.38746930816958197
-0.01914002293169592,-2.182837665076526,1.0627827302005886,1.0411726094548435,-0.9711573539911866,0.05765987045019854
0.6440289832503199,-3.4782285933608863,-0.9630887424604211,-0.45300802382305033,2.044685190346738,-1.1241652441642602
0.6681116355040528,-1.4496631202849128,0.12258366218055385,0.26271986690792765,-1.0455661381491665,-0.9986275570714546
0.7798453483745138,-1.6163034274206325,-0.03517672428352612,0.0035163722769991374,-1.2333764760828918,-1.2440296927835144
0.7065234938001359,-1.6766421175089377,0.09117091226684833,0.05222926307632681,-1.2131822605958626,-1.1374748246676105
0.736430912220336,-1.926522532460124,0.0227015795737759,-0.12790536249916834,-1.4019200097305837,-1.2660545282776359
0.5949173705642288,-1.8294415898844347,0.2417610422952922,0.11322308441130235,-1.2325448044882656,-0.9936008980014517
0.43442609789458436,-3.621961112347581,-0.658080528379187,-0.5129988160024063,2.051972203112025,-0.8995948133108435
0.5742387688266838,-1.4440591047613016,0.36874807013278504,0.30881452191788045,-0.9459848043808542,-0.8468624900985463
0.6383032018125903,-1.5796396611296095,0.27854060753205595,0.1325328172549491,-1.079531105956694,-1.0014003976267405
0.6452263683943783,-1.4386146488669793,0.5554685485436877,0.03017392060840246,-0.9194766264597115,-0.979465854869407
0.735337623784793,-0.9502330116324574,0.7766716017570046,-0.015052911487474506,-0.5811877675785633,-0.9975527511425644
0.7832796360419465,-0.798348829929823,0.7847842957196461,-0.04016373721153415,-0.49923706741629964,-1.0384678888818097
0.7794609450905302,-0.9648865343793627,0.7429769381068714,-0.1114884018640599,-0.6158417525347627,-1.0835592275454704
0.7331823810566613,-1.003645370521656,0.7448733798797967,-0.22503368517346317,-0.6657325801876861,-1.0826542862085813
0.7028340069248015,-0.7020550794424056,0.9765012044733915,-0.11861904211539259,-0.4016068412978672,-0.9450465628256216
0.7541631930600761,-0.3858296146220343,1.1251517797276345,-0.1362813598197396,-0.17874277519114343,-0.9449500465941942
0.7017064940887514,-0.5415589982730897,1.3407363694671974,-0.24614390907032463,-0.203536195035086,-0.9061232467547703
0.8126897091554085,0.04083629723752198,1.3857918824416324,-0.17316798933775696,0.14144252981948513,-0.9276793320059802
0.7763004419126731,-0.12966970660610316,1.5647276613625558,-0.3059134160875428,0.09189074484366638,-0.9208428301291162
0.8301788791892012,0.07910031909881052,1.5450324270333293,-0.2917480206021497,0.20097104003305138,-0.953644732935867
0.8299183198663729,0.04861742610457456,1.5481218147287534,-0.3149516465292332,0.18204148918457133,-0.964281140712837
0.7614462056467737,0.22791705632450354,1.5613180510599576,-0.06407993504929504,0.32411596245894114,-0.7912606708067731
0.6659708591925709,0.35900386848469384,1.6172667620252787,0.19241361788430306,0.4561104229759451,-0.586217893252481
0.7412020085636885,0.35799976561214153,1.4180831597387522,0.13974823356698757,0.37624591621632264,-0.7164840611769682
0.7223186954555423,0.1017530635842118,1.312757541447082,0.08507357909875074,0.1907644414172956,-0.7614672838556037
0.7068578256901931,0.2372189847297007,1.3143317163954262,0.19364537836571882,0.28264758122886513,-0.6968484407551445
0.6442601743765495,0.28990765095398746,1.3042791873018027,0.2622709464203877,0.31253903059390087,-0.6103044269537163
0.6592492729435265,0.41892331336759897,1.2439620875848671,0.33595412775141803,0.37327963506039913,-0.5999410849108763
0.7208744112240226,0.5321898630290846,1.239608184846696,0.26258966655492044,0.4222504938616581,-0.6772760669381769
0.7257957203022506,0.7118354590165029,1.3531267280675396,0.28811693915441666,0.5649363695756272,-0.6358115042586274
0.7543263698834052,0.5671613243081742,1.311940506322935,0.1577744507707951,0.4511231007683853,-0.7309120993048382
0.7217830327376077,0.5694336958682781,1.3666357605483792,0.19560742749572518,0.47810547101536766,-0.6759083869593432
0.7642971959717404,0.563341603068176,1.2599947978714163,0.1573074845723561,0.4308399921875195,-0.7521603104954511
0.742416045460154,0.36993853217496153,1.1569688028568308,0.15007513137508338,0.28761777276654327,-0.7707646429997771
0.5884909144360931,0.2723265716769933,1.328360462108589,0.33188457543745736,0.32445601694396997,-0.5334801567918694
0.9973389994719938,0.538769803407087,0.7406493704720718,-0.07106275661337734,0.1959956199165282,-1.1608899317371086
0.60562932032957,-1.5787733588145438,0.15140435891556098,-0.5606054157323458,3.435995413655087,-0.7638611351113407
0.7964565644203975,0.30542179286183363,1.0430594214373556,0.05327516598515554,0.19682929599426152,-0.8857377006929513
0.77483432978358,0.06223364104700463,0.9466485585400366,0.01078976700542107,0.023344816807867746,-0.9203238764589969
0.7567533960953623,0.33649724756794264,0.889155927505305,0.25008371197824075,0.18994294718239282,-0.8050378780188959
0.4782749580081844,-0.296099203280975,0.8935891519677286,-0.018582463206376607,-0.22701016586341377,-0.6862244366026996
0.5083725205174505,-0.08144449198352036,0.7962002136253152,0.10091042119692861,-0.12602645436542484,-0.672869501009565
0.4541677969356682,-0.2776458474347876,0.9058011239056865,0.03816631521558131,-0.20358536100474434,-0.6390093442069533
0.40921259685170874,-0.6913417809434202,0.8821922250119276,-0.09651905512991302,-0.4585663705290083,-0.684472073993834
0.4072247722053416,-0.9646407534212099,0.8103962256647191,-0.21358837217624985,-0.6515491544616465,-0.7620108367740802
0.4174432812772277,-0.6924226937122049,0.8121227178364775,-0.07225859619202654,-0.4804668430392255,-0.6972072697478211
0.4335402810660002,-0.5988874311656178,0.8048406581316818,-0.047577685433969036,-0.42823431100650533,-0.6971431574030328
-0.08322817290544343,-3.0511309094771195,0.24521902612961188,-0.47605832637753004,2.6496449740303905,-0.18149170638387827
0.3227888817802689,-0.7726720588105357,0.8206849629079841,0.08540174740999679,-0.4962205673190707,-0.555484654008969
0.19009728177763088,-1.0353386724714395,0.9222555145175009,0.16252633336389347,-0.5907708806091191,-0.40377552239401826
0.08043968613677308,-1.3834881642404446,0.9854205941212368,0.15865390020932912,-0.7583165126013625,-0.3181211362743442
-0.1785028219606778,-1.601599605234841,1.2793094974218704,0.428370109550943,-0.7293895099999801,0.06450436659473686
0.290981647265438,-3.1219259410153946,-0.5592745474734038,-0.8796913626993649,2.2602061441636954,-0.8480569881699688
0.30778511000171505,-1.213207404528881,0.45193107827199436,-0.41153425580430264,-0.9758550031386313,-0.8278662628170743
0.3922480265389285,-0.9704800911617079,0.5080567898709752,-0.49037116313495305,-0.8358581981420602,-0.9054820160563622
0.36334444584261444,-1.3883998016287047,0.5129912025930841,-0.6855432460221467,-1.0921576991370372,-0.9835330473115335
0.44687334253232686,-1.0812499098306934,0.4797415258123936,-0.6712025898237389,-0.9342572635940362,-1.0389585932807497
0.3135413969254474,-0.9112274031869847,0.8145086350063522,-0.47524152890673305,-0.6908132508025838,-0.7619014109566866
0.12290483484267749,-3.028006332424815,-0.08164485060116962,-1.2333205313022493,2.397738545705296,-0.7137388771733675
0.28686834509122894,-1.081064628674701,0.9411224974459658,-0.6024062866431146,-0.757546110055987,-0.77319570997519
0.35395354086401176,-0.8820523205046505,0.9533295497956756,-0.6432500204010441,-0.6510165498347312,-0.833032386073329
0.36929897376916815,-0.9440592610677138,1.0485338234823478,-0.7760651675557909,-0.6714294483354558,-0.8826973706449728
0.3579725138381967,-0.773221936423571,1.1747492913866389,-0.7267641496207661,-0.5252753867340122,-0.8153980640308729
0.39801318859109286,-0.45957001792749225,1.147981052764915,-0.6137189610329112,-0.34604406234060625,-0.7918128869203045
0.3989814633279566,-0.006849336283793598,1.2554399366760824,-0.4095792094794671,-0.02874070180350675,-0.6600111855977371
0.42141851505447003,-0.43831056314060785,1.2050201045129794,-0.6935076952214148,-0.3262665755658466,-0.830777271459162
0.3793489691596235,-0.593636249833172,1.4219293919433806,-0.5502095870655052,-0.29312410631909636,-0.7121830477775201
0.5372030513238252,-0.29459064541282365,1.3498053069936127,-0.6829099390100839,-0.1767679542551962,-0.8995566684454428
0.5257305853495219,0.18005757181677248,1.4781182932008072,-0.44953009416679135,0.1644994768684087,-0.7393143875520453
0.5609990093153059,-0.1756615918878648,1.326773502952955,-0.6548076304487457,-0.11553703179636785,-0.9071532248862889
0.49018194474483257,-0.2722247615994817,1.3599815774226374,-0.5764785556833724,-0.14378130257589555,-0.8134753546610266
0.4700585755230508,-0.01912465197246936,1.353599687861746,-0.37639643211912066,0.023407627327353187,-0.7021987632124433
0.46474457093720045,0.13887480900582208,1.3040112171601426,-0.23957612565282096,0.11329946934270745,-0.6441686522053143
0.422369122099205,0.2032329090430411,1.2932305701232327,-0.09907956344557209,0.16661633494871617,-0.5497808316378653
0.38696995560816716,0.37316385747286684,1.2839804046014616,0.08873572063309734,0.28542471693305865,-0.4356966216864255
0.3752206344841836,-0.10007606927121467,1.1354109885641164,-0.08172964977816718,-0.052271788151216046,-0.555321746084154
0.39300259102701973,0.16750525522022314,1.0435422550771174,0.09535530448545432,0.08849817149951991,-0.5036930347755716
0.3612064591906027,0.28232842593139756,1.015654826580468,0.2517995584074162,0.16576454958013073,-0.41286942896201256
0.3337306722676212,0.21656068609364099,0.9555444823615311,0.3086886443329028,0.11748323849426136,-0.3837308728181093
0.3597378938819954,0.3652911527004687,0.9934778574706588,0.5952269052980079,0.27480301153161135,-0.2872962673889282
0.45700837965140345,0.419217475534302,0.8957660971238708,0.4671467991679497,0.24914489508535975,-0.4409052562111798
0.4664243244607058,0.5266182274041044,0.9842598274458733,0.4587263988651709,0.3378904342505185,-0.4262825432260808
0.5679216641434065,0.4777484426548468,0.9824457040774104,0.2034828830070153,0.27037706337236234,-0.6193749347230397
0.4805186660035539,0.3915140390045558,1.0944960867582498,0.2810388582796934,0.27562522610557216,-0.49335264931128436
0.5611915893917858,0.5918500649793943,1.1348170202727843,0.19796237805066144,0.38600249659443236,-0.5750721918640345
0.5259565992710129,0.4947659289434681,1.2872209024979433,0.12456129222679464,0.3761954935116864,-0.5466587898415978
0.46812088342004604,0.2863809123985596,1.3951969448618793,0.059248848009728565,0.2912889954755562,-0.5122788599961599
0.4897845967458022,0.36660244206804704,1.3901486374344971,0.058411509624909534,0.33328088389279076,-0.5279666292105007
0.40343485874317275,-1.419729205707476,0.41808041871709367,-0.6876495250073581,3.5765161186426844,-0.5615415748055023
0.6249620366793824,0.3115301811653536,1.3527430241571023,-0.2634457134181746,0.2397247300480277,-0.7859960606832994
0.6366114599480963,0.19062295351688543,1.4300704155065112,-0.41294563632033265,0.1782216941243185,-0.846684256632321
0.6025396491439378,0.07955246190772851,1.3949074377151442,-0.38583655332297595,0.10963635216282688,-0.8212908898214651
0.44355440775529026,0.09869428195841888,1.495197404571683,-0.4340963734252612,0.12634865820665891,-0.6639575799862782
0.45455999851597695,-0.2060696527609818,1.4302779458190564,-0.6074952515574101,-0.0899276669264287,-0.7761233700227905
0.46407083241726865,-0.17247027242648266,1.3740855470550914,-0.5714591072806269,-0.08625246769757203,-0.7798553965417594
0.3870527930573318,-0.1150350043733097,1.3587075329487606,-0.35024752314178487,-0.02591919334801575,-0.6241787365136213
-0.001146773236056385,-2.2233165987360204,0.27109966324798446,0.3924611997046815,-1.4535918331066353,-0.2267727051764794
-0.1449293029299455,-4.05637055996951,-0.7094769734036875,-0.24629262594474402,1.7779515847161074,-0.17233921696115123
-0.020796656148677314,-1.9752636543777804,0.25981925025675534,0.5892401200744857,-1.2912883890503142,-0.11885307236282683
0.07625227654173766,-1.8281024363412144,0.13922685225249717,0.5313048765145445,-1.2632741964668472,-0.2435959692932603
-0.004713703930986605,-1.7987522590216676,0.27859949955962515,0.6447381274434745,-1.1794598208894715,-0.09606781021191409
0.020159990083613192,-1.5479816425661495,0.31327034491528527,0.7177910981337341,-1.0188644531250397,-0.0656060145627724
0.11868446206388095,-1.2872512970832248,0.24522306328925206,0.6938873788486029,-0.9048693402166046,-0.15948781214186789
0.05461445048728712,-1.5093237603273026,0.30873038865092023,0.6634196609045085,-1.0077945416497152,-0.11612290251319987
-0.15045777577315383,-1.4042077817861074,0.5336271397088499,0.8507593610426581,-0.8530660251759531,0.20097578728167254
-0.034840760924810435,-0.9173403300897286,0.4990933401254158,0.9051726749262613,-0.5916030693802276,0.14485186358738295
-0.01061286431984258,-1.1081208679660688,0.4618299506302957,0.7561959347567853,-0.7321815031794632,0.044279401879575665
-0.0056518998321754095,-1.2014439368100118,0.4569639426561969,0.6898424830809637,-0.7950861366954487,0.006480703345368317
0.03574123797299783,-1.049550307759575,0.4546774584984596,0.6885591888363528,-0.7132783021170362,-0.02120412952781529
-0.05701796945304784,-0.6514524050808757,0.7471527338708895,0.9594766588925244,-0.3491058618558559,0.2557215237003081
0.033546524599799066,-1.1502778013151613,0.5592898294604578,0.5658150451491207,-0.7498161950194481,-0.05200615821298505
0.06968346304301304,-0.7238074699117409,0.5447702031742971,0.7487920518271802,-0.49377127463729065,0.01255210824270311
-0.12948462366442146,-0.4949608879087778,0.7904752702174546,1.1833242189060555,-0.2126790395824946,0.4261505726526801
-0.053977259453932766,-0.4409889444311936,0.6157528790143479,1.149192288992674,-0.25097744251012255,0.31186716456379054
0.007884439241275427,-0.6607322457579541,0.4273873232324602,0.988250552459098,-0.4631840540862382,0.13890355512232952
-0.03281645539036855,-0.5361834414047988,0.4554702962532593,1.1365910723942683,-0.36186551823221846,0.24704331519242656
-0.022900399571696078,-0.3027128927284067,0.5052330423513303,1.2246243666697656,-0.20299775267664008,0.29879112162185584
-0.12041950462542386,-0.5758642811671612,0.5606793598492272,1.139875637893431,-0.35174474053243476,0.34935987300746907
-0.14421918202789422,-0.16631362816508158,0.6307314404181971,1.397959526216357,-0.06295870220842192,0.5135063300654745
-0.034420778430217715,-0.2067637457459358,0.44789873088416826,1.2365538002844692,-0.1757400146832315,0.311335391367229
-0.010009562115387248,-0.1856915672738648,0.3989751721911737,1.2234245429390804,-0.18379053582430746,0.27546388024246005
-0.004135322883790544,-0.2451585415362797,0.39386591981969377,1.1766929341513306,-0.22532035451087523,0.24686029955136105
-0.0866604481255216,-0.2617609195175153,0.5308631856394167,1.268562249287543,-0.17085921554361375,0.3839248265830119
-0.04235585286857333,-0.2839663973475361,0.4281013785858814,1.2170914705736422,-0.227771848156114,0.3010548338881908
-0.04670730103086113,-0.30790170175560505,0.4125529472351049,1.2205148568178092,-0.24575087658941236,0.3011662386807218
-0.15040158120094235,-0.6148671720651389,0.46830309493890854,1.232616305061962,-0.3910023319846288,0.388944163676217
-0.20205225579463218,-0.3645029657897317,0.5418409681173271,1.4544821861120214,-0.19334647258823187,0.5536649890176345
-0.3082396259282077,-2.6626229368008105,-0.5846556762483047,0.539013377998213,2.6890993570555737,0.40453770811631035
-0.047420638366685496,-0.8187779718622338,0.21253866778318203,1.0295261478651354,-0.6253213876206655,0.1497405123923313
-0.0029795783213399157,-0.6115810832581713,0.16452726948028015,1.0843688937913925,-0.5210337551024752,0.1354325910496246
-0.0549571272651943,-0.7719080156563213,0.20463614555414464,1.0413370732000724,-0.6032223577571802,0.1639591599973252
-0.07025883286958008,-0.9896845862153689,0.30065400264673986,0.8860480763943303,-0.7119358179175631,0.12283332883392316
-0.0011113912488743018,-0.9894726262934752,0.36231217392866244,0.6931654293726889,-0.7200954995765417,-0.0006013271171378727
0.02132418952896622,-1.0583792896035682,0.40203089973825656,0.5749323363388307,-0.7618906252000222,-0.06303174426550288
-0.008903517152992178,-0.8028604020759834,0.4970892516328433,0.7379252411403416,-0.5629407079156634,0.06456030908681104
-0.03385676986810917,-1.345183029197118,0.43455463158737906,0.5013136393510853,-0.9177718381445238,-0.055682062513512785
-0.06713077660819562,-1.4211098573485141,0.4977089553316485,0.48977945074504925,-0.9382132489792027,-0.022561761746196708
0.03266515753369563,-1.173199836092278,0.5164727056714826,0.40682664532695967,-0.8096965288823557,-0.12244046768457198
-0.49061394632738375,-3.4507206902767074,0.1403387777699765,-0.008470695310518958,2.430815101720183,0.45549301646087587
-0.1098691253715255,-1.5529646515034743,0.7789266645522326,0.34480312410877995,-0.9328067062094516,0.011031160389055843
-0.218218359936405,-2.0475479508676115,0.9573635704601171,0.18408424813915786,-1.1638342731857128,0.04964528393600357
-0.28102442455703264,-2.0243217562502585,1.1336656703806565,0.2324959010472796,-1.0804924278870252,0.16339796571656426
-0.8008731221245917,-2.488139283700119,1.8449756368241599,0.6866706904988253,-1.007005535632518,0.9218552380325746
0.042087593989256634,-3.462381835581861,-0.3968529631947675,-0.8863673807365711,2.0940792063187,-0.4746651333569259
0.09884447060953012,-1.4222777829449147,0.5901209889470459,-0.29340365004718577,-1.0518153792191733,-0.4420380279993219
0.13107278663721336,-1.739648520022776,0.5161341638945931,-0.5159272573668623,-1.285976481803184,-0.5948834702388107
0.11594352032526171,-1.7029117334431694,0.5835051649085351,-0.5034961167822638,-1.2397201919541918,-0.5601453001003127
0.06968663516199414,-1.8148579040060842,0.6508556422790255,-0.5111556184138117,-1.2776079471083222,-0.5156428651283076
0.009467226987363495,-1.8517964541271081,0.7288033426616186,-0.448454979958934,-1.2597805649714562,-0.42400860277613633
-0.14699250692439775,-3.7401121389821643,-0.1908284968177942,-1.1297640435660512,1.9568152370296548,-0.36573070493046966
-0.04411243157956368,-1.3890867703065728,0.9121751979035916,-0.16623619744488582,-0.8973036952794375,-0.19706947098110572
0.07218927410568778,-1.6963184214513667,0.740414089764917,-0.5144616229522246,-1.1805681518503708,-0.49394823453805986
0.024458279784996192,-1.4680184223533066,1.1077529392231578,-0.495880028453399,-0.9216073182374155,-0.351206867951378
0.12399349697543431,-1.1073250662222915,1.2667459929618945,-0.6019773783677427,-0.6846921414984335,-0.42325891030390084
0.20011489482263353,-0.8555659016036298,1.266217613720442,-0.6246894116599446,-0.5510616664369402,-0.48335561334975036
0.19013994182881702,-1.1204464928520752,1.2228277171234678,-0.7407661128271524,-0.7288349761904103,-0.5473943041419889
0.12972061825613274,-1.2189028587453858,1.2723541969639611,-0.8355117443141045,-0.7879716823312128,-0.5223637128422768
0.07743165429733966,-0.8509810291977299,1.5508494088596578,-0.6679895925032459,-0.4613385525575418,-0.3269998209824384
0.12197740544619774,-0.5159223372710642,1.6834329039576423,-0.6493079280285439,-0.2282443619234627,-0.3088749317084913
0.06129712670271833,-0.7957289941477582,1.8636900863151014,-0.7944674030464247,-0.338803847162384,-0.2924077229663806
0.22637925069094295,-0.18105512093551251,1.8110037492499143,-0.7643809887202194,-0.017958406919593026,-0.39735957453914017
0.14241346068586905,-0.3654917699047614,2.0327983373778267,-0.8246127972301969,-0.04835308539554923,-0.31183741496605477
0.1631903846199869,-0.20368767436098298,2.0582689080236123,-0.7918337841714062,0.05423438076547487,-0.3015427126296568
0.2096252449084849,-0.21638756677833487,1.9688654127549674,-0.8532474773260518,0.00589115107601904,-0.38703874554934625
0.1665911142103235,0.10576119800873783,1.9655506017197992,-0.5630495553769858,0.22604685804947594,-0.21515521613510968
0.09948915664084208,0.13284690900735296,1.9555121738006866,-0.39336041971211255,0.2641349495154952,-0.09021053745313858
0.07858104506148757,0.18506776422001517,1.916802572877156,-0.2948701354812375,0.2944498380902953,-0.038430701440991415
0.09865934565118277,0.03970331478777537,1.7971445138536508,-0.36125765068175625,0.1623859056744018,-0.118135898432721
0.07469891357657384,0.17433084752246034,1.8060919760266338,-0.23856092628999295,0.2586730750021673,-0.03895286671425626
0.09387125962650641,0.10262900168938405,1.7551614012687287,-0.1226008207637938,0.23136726940301008,-0.03384001737941417
0.08149822543589462,0.28836738733836825,1.7465169503841218,0.015644753022300246,0.3516448046783102,0.04081434582722989
0.13883441051326734,0.36684025662610303,1.7188579724369597,-0.05506808501366272,0.3737478440214316,-0.03899728150239501
0.16547116252203733,0.6144755875750089,1.8144562535120161,-0.026320732896813432,0.5475585543307165,-0.014786665160363578
0.2269197818782784,0.5141447498489953,1.7588956347528437,-0.19505883273940386,0.4467101212714596,-0.15414095392251506
0.15562893349859977,0.4234980028136934,1.8752054325824672,-0.16369094623741057,0.4441093344348316,-0.060395016451079406
0.17940849442234394,0.3315970876158023,1.779159257596575,-0.2182657404945073,0.3513394532608932,-0.1298903026922208
0.14202796883920837,0.2924893221609416,1.7362311540960955,-0.13360028048646239,0.3281095452656648,-0.07570127224011772
0.02451268903800385,0.11736564071712657,1.8201941074106944,-0.027650702829324497,0.27952093189583715,0.07583201367838262
-0.026326227533091346,0.06416825734133692,1.8399972835811855,0.041140600226502365,0.26853648997217894,0.1482482190703138
-0.10144018975178216,-1.8094956957119883,0.8631214734990932,-0.7775263043825122,3.4508983876897164,0.06980899019501312
0.1559117597825137,0.0008603528015993435,1.6557264339781097,-0.29789045136604553,0.11495899483549636,-0.18953088077807673
0.18810253672867602,-0.034891645012053545,1.5350377529408967,-0.32098079819147335,0.04881533735891783,-0.25550526001831986
0.15486840856383444,0.05873824137679428,1.5276241212350774,-0.18726818658888428,0.11833302507545049,-0.16942132985876615
0.059377573955919825,-0.49809934077731416,1.4668765977808116,-0.2027794283081999,-0.2044035188541623,-0.14411032370520765
0.14768190158779068,-0.11403605957263635,1.3428228544575327,-0.09533714901310757,-0.02259254319265815,-0.1813720609088336
0.11259901243093116,-0.4962172198310526,1.356015360158012,-0.25535348221831433,-0.2512335568905678,-0.23549515344161415
0.09733943225842734,-0.7112891698406848,1.3443612958120705,-0.34371112559846356,-0.3864735409955158,-0.27331268487569627
0.03465084742005124,-0.8255422334946233,1.3870386449146002,-0.297353174809262,-0.4261683260947208,-0.19814802437514195
0.01459985114574823,-0.7305365391732661,1.400039452201901,-0.20213720280318606,-0.35482337675992237,-0.13399911990798447
0.07534957426366833,-0.6800915567022647,1.314086341148316,-0.2562820061593483,-0.36660562114806805,-0.22396861363100326
-0.43628575971536304,-3.1095076439167046,0.7625423460305578,-0.6873525103522575,2.7261874289087036,0.28937994939307166
0.009822179641929033,-0.8428851035019104,1.2969779350194777,-0.19829855003604951,-0.45219725091377694,-0.15796103423144794
-0.1585551612534929,-1.196265325219677,1.4232959915075052,-0.11090201500374393,-0.5856823954631937,0.028582448430545793
-0.2582541972124045,-1.397776114879546,1.5108207489866197,-0.06308832074719822,-0.6565182338228033,0.14062659588174783
-0.69355437222803,-1.8074750786294653,2.0502667430642947,0.3383189489976827,-0.6233693896927381,0.770540657757393
-0.08895091759626263,-3.2537479436496697,0.005122146073429903,-1.103537712336173,2.311611719637988,-0.3531400470109697
0.15635231548122827,-1.2677504088344436,0.9045025231661276,-0.4625793415249105,-0.8591932892505076,-0.507742417801268
0.23815405293651137,-0.9824322118149864,0.9663288179738755,-0.5131013806781378,-0.6895052189780123,-0.5678731266748803
0.20988646194972063,-1.487740434515138,0.9905547922847072,-0.7742615402314623,-0.9968833847789279,-0.6739856391965653
0.19041942336856293,-1.166627198166429,1.1233626887700847,-0.6205085940936912,-0.7500370485749303,-0.5473137010228829
0.16276389528058638,-1.0315462835736073,1.2846831348079217,-0.5782140810783633,-0.6118505711584223,-0.4632788421557763
-0.0541425863346783,-3.1252125468519103,0.44516909734218946,-1.2975313694687645,2.5156493619631486,-0.36305742372639227
0.12946813722816028,-1.2234098225012466,1.4313539957579346,-0.7159598767768393,-0.6850703419097254,-0.4700273602167407
0.19099150994048272,-1.0491525789226723,1.439248361755093,-0.7566930101820436,-0.5935479027978786,-0.5274740126026681
0.23966028207707246,-0.9527874743624168,1.493231615547914,-0.8435617948836831,-0.5352222700554433,-0.5869168864078546
0.21663479637300362,-0.8384271550713691,1.6088327592904756,-0.7957630716262428,-0.423859407337294,-0.5158925930464711
0.2481379670724862,-0.44533477096614293,1.623113069479918,-0.6402585334311844,-0.17999796860103304,-0.45407114035769675
0.23821488786666714,-0.13281558558912432,1.7430242855160583,-0.5040578234455815,0.0547107138692603,-0.34588098586911614
0.25951525440396433,-0.5811670465576816,1.7121933846840143,-0.8074955568002623,-0.24807760750081445,-0.5202031913450981
0.13560504691474362,-0.8569660794107982,2.0355435953094987,-0.6442398386772352,-0.24100458695982385,-0.30565913206318296
0.3299786190720194,-0.5257112081867061,1.8729540244588259,-0.7847894607833865,-0.14070148918456415,-0.545623386083164
0.4002710083269296,-0.07898170353363494,1.8095811501391943,-0.6361036108532648,0.10346518068835243,-0.5337171424439316
0.375169668301959,-0.5643296361318564,1.7547270724824142,-0.8425856402903336,-0.21284391967580557,-0.6366117837225941
0.2826407266391748,-0.35162447553833975,1.8583020234318022,-0.5707963031109771,-0.017036882806629464,-0.41240346529263494
0.23593687833525015,-0.24523097802741797,1.824815108443522,-0.3834536510528621,0.05855338210442715,-0.2981759584555403
0.2799416562579217,-0.08929257904386587,1.7392168918385713,-0.33687928110555915,0.1202377031109243,-0.3269064673172077
0.18509609461002757,0.1414288565084156,1.8318284173860275,-0.040313654461820204,0.32570586765925746,-0.09185733799410015
0.1894773245092495,0.1397288504457137,1.7148966271189154,0.019333762509028275,0.2923514072851108,-0.09756832653911232
0.21653096082286885,-0.14101754731105573,1.553404233216162,-0.11393487487307795,0.06072131903338587,-0.22690853436370542
0.15751077424132223,0.07380753117613023,1.5296303884228961,0.16254397001793788,0.21276124423971227,-0.057416860025174155
0.11955239080595127,0.3002031214172837,1.5117901412590624,0.3942984413061835,0.36623876101716796,0.07789365845134068
0.16229144482093577,0.10544400813844486,1.3210159102111882,0.29437159960520887,0.17628682260239434,-0.05296422236536387
0.05022782087430015,0.21405583115202176,1.4909306054302642,0.5597536291324557,0.3413400092806126,0.19143503370991583
0.22267453543228508,0.26827005705311174,1.315618550706182,0.3099121910851775,0.2689164231458034,-0.09287681136464838
0.23908161144550838,0.40370641156105885,1.3879166977936168,0.3125499142078777,0.3688779081595219,-0.08171217086779933
0.3125628466467937,0.42902777690212435,1.4347004053173151,0.1357703504166718,0.37150320144966054,-0.20399292093680346
0.2490600969752726,0.3374523725671268,1.5137085350471053,0.1763855170756814,0.3562091135717203,-0.1209859197039966
0.21733955416131362,0.36134961467560234,1.6413962071457577,0.1861132550564968,0.4163536523836662,-0.060054619523402034
0.26952800203265265,0.26914032533486754,1.7193195080594332,-0.035661809996930874,0.3592064230289242,-0.1826106320875248
0.16297386544252881,0.07624697257528902,1.9024022917629362,-0.027571503068231657,0.3211556699021942,-0.059323663001439625
0.1725227050732592,0.2835298921268928,1.9686295703295256,0.03264719244139645,0.46745175194857647,-0.01669475193524905
0.09815321980374506,-1.5398984256557666,0.995052753727464,-0.7618641874442212,3.6823181137626912,-0.0826083578120287
0.30541663385388707,0.17260450489635795,1.853390157152885,-0.27086046741237707,0.31852466995278556,-0.2859116940958767
0.3604729174982897,0.09407573340366883,1.9536842030730674,-0.5060652942904044,0.27482676645475784,-0.4107696016986293
0.34569013957868167,-0.06894198236931408,1.8693377309392294,-0.5240015659240201,0.15326758348053934,-0.4340430617079343
0.22660408909927127,0.007316819608369777,1.93945179681584,-0.4990841377327927,0.20873083350060792,-0.29016839694551483
0.2724833569688154,-0.36172482868950884,1.8688900275067732,-0.7863031394823383,-0.06248514344575376,-0.48318212344769207
0.28555513596415977,-0.17526409668962742,1.8252507276635745,-0.6733119278177638,0.04104288374941317,-0.44709659511505995
0.2616577124477799,-0.11186190590533451,1.7333972390013994,-0.521571890195119,0.06633618332047855,-0.38154653812625877
-1.4934138046724132,-1.9470073312739633,-0.014524669672092658,1.0751774007794161,-1.1254796855475033,1.079783783020624
-1.4192896415883887,-3.813582097282196,-1.3225408065830875,0.12146017153019124,1.9213096313582922,0.7455926602588034
-1.3441163620315586,-1.847086027927458,-0.2935508889334163,0.9616505165200705,-1.1882735641872784,0.8493661358162912
-1.1617864236326532,-1.439451720390738,-0.4847747933460581,0.9132731907062519,-1.0422080112919845,0.6552528871963395
-1.3056624979472775,-1.5740676841097812,-0.25356776491776073,1.0139488031344084,-1.0168958807262332,0.8622565652761631
-1.2186653178932192,-1.04904138977127,-0.2287227330529147,1.1201660005224754,-0.7052774624633253,0.8669973608368337
-1.1685393440084046,-0.8744105544469198,-0.22596376023182752,1.117472247490451,-0.6099764312474424,0.8345445264007798
-1.1243155509603184,-0.7222268573988578,-0.2446369686074735,1.1285718395536442,-0.532469787220781,0.8067661324477268
-1.5844069527718427,-0.9873577176190205,0.22368996739397728,1.3253294867050132,-0.5039888070350972,1.389130800460035
-1.3045674874676003,-0.23638842230416077,-0.03373118591228782,1.314049624330538,-0.18929815694122246,1.1329881106609558
-1.2802630042427041,-0.5600955579558563,-0.06713938321677397,1.088379070463732,-0.41335864135598155,0.9950889999365714
-1.2066685769902763,-0.6713589029585408,-0.1884240095130651,0.9306329488833246,-0.5422665483153738,0.8351230722193554
-1.2273806226478279,-0.5348979337663334,-0.10158324543955585,1.008875904150864,-0.42467113594958233,0.9119180020491116
-1.3604810764881825,-0.19887664431032334,0.22972487690584195,1.312597970448848,-0.07545794811049811,1.2419275457648187
-1.2861159867318317,-0.5243897429217703,0.09363837740495061,1.0306425098362346,-0.3457848820675786,1.0150513007348276
-1.2009420073773842,-0.2924064106260006,-0.04509085968529,1.0531649104518734,-0.2648614947923593,0.9330068417300991
-1.337776688974068,-0.03647912523218725,0.09072496810138204,1.4228589532352975,-0.018050269804170963,1.2434633377923017
-1.449938320888858,-0.08586552026544315,0.1524011287145686,1.5971164891990355,0.005202827871061207,1.419453254304215
-1.3947817175687451,-0.23472749479884011,-0.027290089531411012,1.4812508125374668,-0.15772050651445557,1.2756952248788453
-1.3971291409309765,-0.05308588170702022,-0.04431551689103912,1.6066869624736015,-0.04513761962100635,1.3352737764928084
-1.306421630532582,0.12279358982974918,-0.09975094697537977,1.5470182062841096,0.021170887672953793,1.2320565514647541
-1.5325197565308994,-0.1431544948421648,0.03743323770653546,1.41737104895066,-0.12027956299583373,1.408417565933163
-1.512354107946756,0.15534893563046698,0.02101083283229716,1.5667804566565715,0.059674611110693186,1.465880431719649
-1.4643019779790891,0.08564210895422138,-0.0789004969378585,1.477256988214288,-0.02813074196275604,1.362362297595788
-1.3796823533444327,0.2506185515596497,-0.20273721251655794,1.4570012669978272,0.01454404697736574,1.2634777269387307
-1.415932438306372,0.1629652097686529,-0.14951617557252103,1.4482634590983692,-0.015220567551930566,1.2970759433168295
-1.3854822828627908,0.13896330890561817,-0.19742464615562041,1.3893758613827012,-0.05438694058515574,1.2346584707035626
-1.4898509108818898,0.11080284374989292,-0.014157571032446813,1.4910472682030484,0.012144064545859498,1.403487732735853
-1.4323185237382092,0.1275877287792672,-0.1408988275032502,1.4498484332725858,-0.03061348185328136,1.3106293246937892
-1.419992362997253,-0.045378845941495626,-0.22754112265609472,1.3710712135153496,-0.16828341236809274,1.2390006295097924
-1.5503672910760429,0.012810126394957563,-0.09163026319799329,1.6182170990728233,-0.0491574079263418,1.48409269099182
-1.6029089852384806,-2.2081767952901683,-1.2716136756625676,0.6637998083171739,2.8498750336662315,1.266280263504658
-1.4362637460078567,-0.2648392444187223,-0.3218508459270377,1.3332834445783712,-0.32758299764860366,1.2039908729494009
-1.326486998606171,-0.020121953371361977,-0.4358583319415106,1.301133118706192,-0.23997993459706654,1.0858972174968777
-1.4427145596319932,-0.40570666253590526,-0.3598821909379626,1.2282017910402971,-0.4373791916216153,1.152379858567528
-1.5135267742203162,-0.7946902992368624,-0.22137022262622985,1.0653957318019645,-0.6251368016909421,1.1547537435799609
-1.4073540479869024,-0.39334119171778437,-0.13776019653656268,1.0169462430567335,-0.3841214547689553,1.0862384061351082
-1.3554801687113807,-0.6476855788050279,-0.17349166911892652,0.7661234905126875,-0.5747774977260758,0.9174337106150074
-1.3526002946810705,-0.38741389043167007,-0.13029430111877827,0.8891675813647163,-0.39808928425437645,0.9893571783357618
-1.5550275504430806,-1.0955076081185504,0.048399882025057156,0.805185274429242,-0.7329030412027626,1.126395507570523
-1.5537504997263922,-1.1037226742432378,0.0677300369665633,0.78371756935314,-0.7337188926021406,1.1202239414731534
-1.4750181392061406,-0.8910361803800391,0.1068237134429342,0.7164233540119302,-0.6147726634208216,1.04734387421025
-1.9997914342352858,-3.0872342280659977,-0.26764958809651795,0.35496750383009235,2.678954262613941,1.6537042124870918
-1.6708012767473306,-1.425655969170738,0.3995576404276708,0.6664599422492529,-0.8097745886991677,1.2293450887753
-1.8585572713740068,-1.9743445972986098,0.7030686505170519,0.5779954110639139,-1.0142999647230788,1.389895455741611
-1.8485975067871805,-1.964746177606488,0.7447752590409327,0.538444022800593,-1.0005188997174044,1.3754554724223362
-1.84823799440987,-1.924080409217134,0.7523686275543272,0.5574455410826985,-0.9726510193476482,1.3868765934228888
-1.3294241533305813,-3.1307853226542437,-1.0232318770992397,-0.707642877618853,2.216915809124196,0.48210711226179964
-1.2833008278677223,-1.1565144463601407,0.050090180628098474,0.0069311647845052135,-0.9031721957212042,0.579057367474668
-1.3096166357817953,-1.5749807325810128,0.040567937819989235,-0.18367897973855948,-1.1643466661851942,0.4976103783094526
-1.2357191258057292,-1.2429371053917602,0.01489907589689409,-0.14674652006353867,-0.9860199627513531,0.46165865788986343
-1.2238478838058175,-1.3771418243565547,-0.021290041698433695,-0.24641352601464545,-1.0868810720974216,0.39383077549508383
-1.6301984910696332,-1.5207239035040545,0.54016905156266,0.22632318952063354,-0.8889778150296311,1.0470810507788528
-1.6563947743355611,-3.440522998918252,-0.6005858601691695,-0.6435234115347598,2.202367922795349,0.8656896877861271
-1.5686472180629494,-0.9303681072892355,0.5485183765285159,0.41516738532842773,-0.5331583043444648,1.1045328969488981
-1.346302187075249,-1.0824794009029495,0.23404668413143423,0.0029450982871328654,-0.7926842167412693,0.6678874194784179
-1.440351725922821,-0.9579529678258915,0.6593012913488413,0.021737466258013552,-0.5691121363713467,0.8564328274004306
-1.2944872483678243,-0.7038781562229192,0.730810437259973,-0.2060743610048023,-0.4403347509934167,0.6692418974545205
-1.241519587041987,-0.44810725883051894,0.770134124142137,-0.20348314078591573,-0.2859636409981314,0.6477036293835295
-1.1731152076152978,-0.38672078673114246,0.6608563513451147,-0.2629157042982536,-0.30040602817443857,0.5435568970659082
-1.2626026232696657,-0.8857769819496343,0.6995823821260445,-0.46414534001690605,-0.5937088372547524,0.5204952389167498
-1.3062396170354003,-0.36073758626723523,0.9835686239155571,-0.22891881402244152,-0.1685927817903347,0.7457595077081784
-1.2979132001807747,-0.031467975769755754,1.1916825926008026,-0.18230295197113955,0.09303120617608952,0.8221080506317113
-1.4530977691632074,-0.2263456094993348,1.5085255217121794,-0.14960644376090262,0.10578085156166316,1.026218611847021
-1.1386395698827798,0.441958195786142,1.2634683909412545,-0.3095272628099867,0.3573223180803217,0.6768340287514828
-1.2584258301030682,0.022398774418603242,1.5135506843142748,-0.45200047690294887,0.1962563062704801,0.7518694137299924
-1.2164340421255897,0.3884952542697072,1.5396682199475282,-0.3468391772609839,0.4219335178531045,0.7850597503926192
-1.1590065932049303,0.3139024059011946,1.4413271679095854,-0.4535365443528345,0.328834196977627,0.6674930566686189
-1.1727271211119923,0.6419978838791021,1.3886843669568174,-0.1842917933942306,0.5305621608418642,0.7964898461422224
-1.3507936380954482,0.6277941991083056,1.5496252119706575,0.11775322560519874,0.6274306846561843,1.1065912685845927
-1.3287545248574593,0.6347020273148494,1.4536043284952642,0.13846553378482207,0.5996014903046606,1.0760785932263142
-1.2934618112898406,0.38946748775849727,1.2951130132370074,0.007591276450817306,0.38868535610521737,0.9435438127567978
-1.2276225601697524,0.652968951493469,1.1711251829531697,0.09004141475930227,0.5010795037992871,0.908064813313297
-1.3200912688995017,0.46444876297305043,1.172167723133553,0.16310990487568555,0.4095549629717484,1.0061767035606954
-1.3799367989268183,0.5871986292740932,1.2144175705463456,0.342157424663109,0.5199608940421276,1.1458496479257183
-1.3090790557029652,0.6707655026819396,1.2037506732393393,0.2364011634812097,0.5452422038413796,1.04465634683185
-1.2334219885785336,0.8971690231019805,1.2133876018272827,0.19523677225048525,0.6656693785891912,0.9784842871940562
-1.1659390154906297,0.9093392439385016,1.143811280075656,0.09060577957201528,0.6310988261396664,0.8634908908027206
-1.3878734627708664,0.7389955985753874,1.4673941337382579,0.2878711927565089,0.6852783353337941,1.1945506548050917
-1.3048051494825936,0.6457408710711894,1.2750202618266482,0.1586218975828912,0.5454930631027854,1.022833095455958
-1.283001593754106,0.5629374755218667,1.115540171557262,0.15350124424821204,0.4426973844397912,0.9615961661660501
-1.2583670878113744,0.5317591592525728,0.9980255589856817,0.14793193377383712,0.38295661931553815,0.910104954171237
-1.4009447921403535,0.43646637042641373,1.1915134460669845,0.29113639518681106,0.42295935470184703,1.1269970272955547
-1.4486867487818385,-1.4579994890185333,0.14207111713895598,-0.5589171536507772,3.563169397582338,0.9950097479504834
-1.2817442471315923,0.3065287060849632,1.0529382581451388,0.019513256427149416,0.26044150883942635,0.8759207517544186
-1.2329559933968146,0.2762420662009431,0.9125594398644402,-0.035833870572284474,0.18579727746387695,0.7775580752303879
-1.2954841346126258,0.255926609613184,0.8795116558045523,0.09998737248968366,0.18506480760367203,0.8760550709479397
-1.5141195307251514,-0.2784979461666845,0.9024668959636097,0.009296400124000764,-0.1258788859936231,1.0104963453940854
-1.443259447545637,0.14148366586991845,0.7838704150896536,0.16473113157613892,0.08560735620574308,1.0098198185859728
-1.50117810925076,-0.21719859586466725,0.857556748132416,0.027402173714795725,-0.10463099543022679,0.9985186989230727
-1.477176713193633,-0.3517145397549904,0.7938698687317431,-0.07518453793898017,-0.21645523915472367,0.9138752434053543
-1.6336583207360769,-0.6857048214006783,0.937636015090118,-0.01856472919056687,-0.33765169521221106,1.0822472978912656
-1.6316433609240473,-0.5645641731784381,0.9137026284922,0.05896943808037589,-0.2676720855695779,1.113035001568354
-1.5656516665165725,-0.4311858756330853,0.8306972702931339,0.03358424335106273,-0.2282086356287655,1.0348706486598207
-2.0740435231508356,-2.7645667399252005,0.266068660965746,-0.34726923203269433,2.92064923512369,1.5675450545613938
-1.6823367101279487,-0.6532329733748496,0.8206195408164129,0.1492517606240458,-0.33339789935624436,1.1641594129731583
-1.8649041342837125,-0.9844553328359911,0.9685059079571139,0.2603538291396949,-0.44283033632272106,1.3775764393739642
-1.9868580678204684,-1.2469532647635913,1.0981390854020066,0.28898385130824994,-0.5344088707136796,1.5059244722152463
-1.9956636788598612,-1.1485103419918707,1.0807959455625151,0.372183802158149,-0.473484074349366,1.5482858939023973
-1.6566771037262369,-2.7888206608942263,-0.5672828680652484,-0.8350352607570585,2.5350644669469626,0.8228272029809822
-1.5175001595401738,-0.9337352408794893,0.38622698945129846,-0.31144888466060877,-0.7209239589682985,0.7275011551106746
-1.4552718124258746,-0.6913280458230795,0.48401219754398817,-0.3701917974965759,-0.5627550580471502,0.6857613723960576
-1.4386797517679468,-1.0376132111997516,0.4347185139758105,-0.5910674312721983,-0.803505511551148,0.5506230266928277
-1.3387919103986052,-0.5945012173895976,0.4131025215704333,-0.5378531189766036,-0.561299688356752,0.5075207265768259
-1.625603417777647,-0.7201686649402661,0.9032094354254847,-0.2697494442056244,-0.41199350341328805,0.9621350516549481
-1.9164736157636713,-2.98214143049588,0.13490614628657466,-0.9675462112467049,2.652682698744976,1.1402635883413492
-1.6776630794467244,-1.0557693291687946,1.0529102445193728,-0.456365677887565,-0.569965867009823,0.9436788593091832
-1.4866002158388538,-0.5617912313359166,0.9176475671384742,-0.5125818203788136,-0.35767150917210705,0.7556939279389266
-1.5356897571860375,-0.5689325678300942,1.1158962072674716,-0.5343692516261639,-0.2935780140579867,0.8315914355037612
-1.5216640252266644,-0.5013242988331736,1.1548309269763064,-0.5563775293157874,-0.2457957190220859,0.8224539004155998
-1.4671661275669887,0.009036597204120072,1.1758042749486681,-0.3882623630425658,0.06648059492670946,0.8777860188027392
-1.4058097759740287,0.5235590938001262,1.2306831568870145,-0.2506766503833552,0.388166593527029,0.9229945927576803
-1.4482558508854746,-0.024497948929690604,1.2940889598095424,-0.528381851650292,0.06884352624738993,0.8286338026792506
-1.7090778743217698,-0.34227602618469377,1.7959873254949599,-0.22612866221589728,0.13660050715495675,1.2553596069620254
-1.3421582772980374,-0.17518579811677393,1.356487061424793,-0.6863474722024978,-0.0018596677232159476,0.6675350026428387
-1.236786633944788,0.4337358634936702,1.2670929550608847,-0.5025204016824046,0.3268615465574378,0.6673942962380187
-1.247127826878836,-0.03388579159198268,1.1656156857359516,-0.7032353942534663,0.004436510759567518,0.5449015223704232
-1.450577756727826,0.32739384008311145,1.4344683459202199,-0.1922647442313312,0.37792404188940226,1.0060371609503311
-1.4729731448433478,0.3068414536155968,1.3562562520569668,-0.10932532739226879,0.35194658106813664,1.039903590295027
-1.3980740854353269,0.277967326503613,1.1689795124889029,-0.1825038604300434,0.2577568268943969,0.9029433070261891
-1.4637371819207057,0.5358452654832531,1.222566214800287,0.0886349187534982,0.4600480118115582,1.0957032291257767
-1.4993944759773987,0.6203954712492055,1.1930768653074317,0.2376614635168365,0.519006725949501,1.1848359324370383
-1.5771297151405574,0.11502258953291639,1.1359889210406726,0.14074051864200712,0.20810293379086808,1.1697891431774299
-1.5515864329024482,0.46069125333994343,1.03486086820499,0.3532425750998363,0.3936639685289558,1.2316219906802341
-1.497231961639541,0.6718005705538409,0.8905108793427934,0.4445875836116307,0.4714825614022502,1.2022366167857423
-1.5122935519484335,0.5563501309469467,0.7933231585026158,0.46563586435900634,0.37725809117592274,1.1950957843606815
-1.6788002518165928,0.5436081196658035,1.0585176365678084,0.8403834387711432,0.534986507183873,1.538245295853748
-1.5128802184079786,0.6655265726435703,0.912258243800217,0.6283394969913658,0.5157950071142733,1.2851827572278944
-1.3879634971303516,0.7036804842298117,0.807762034123925,0.4338457876073545,0.4685961388004473,1.0787819116963426
-1.324162645320747,0.7299313820493867,0.8542987937728558,0.27813215851240813,0.47504253241302025,0.9731417884139196
-1.446593786488285,0.6334531252117049,1.0330095413830265,0.38648445883169513,0.5034906577449503,1.155608198350455
-1.4599054672488678,0.6674978768227932,1.1750919599088725,0.35092912037364,0.567270610749224,1.1861367013950819
-1.3682850634387633,0.5607327462593816,1.1650342296585958,0.08355615012528221,0.46363677441297896,0.9908972514905833
-1.3347401510634276,0.5526547242153792,1.1561301603758247,0.003508119631024252,0.44378156801566887,0.9268436457612358
-1.3646721746345107,0.6994296020182562,1.277191084362692,0.08122241508880072,0.5795804494594406,1.0187704774894764
-1.4842272231365419,-1.041678076518022,0.3728710740287147,-0.6052333974569619,3.881148821226994,1.0552200872243918
-1.3342735500719811,0.4711382461133792,1.3258918231960948,-0.16541323964613203,0.43452825804903167,0.8893361671634359
-1.2965199083477017,0.3926295279850798,1.4058366747099882,-0.3535428282263171,0.3912301989777638,0.7933385292355085
-1.2975123213558506,0.29966454609255394,1.3159903554766452,-0.3608086993189088,0.30779299569399937,0.7650319060689084
-1.4605844137294322,0.23450283489800183,1.528816685005024,-0.1544395121915055,0.3823768410335707,1.0296852965954484
-1.4028995591553948,-0.2013628045827535,1.39230733245596,-0.4728646560733011,0.04652498926871778,0.7949572394713365
-1.3002931467634515,0.20545630997433786,1.25098135796711,-0.37286476693909626,0.23335016553715104,0.7400101969922378
-1.3481514203556795,0.2757061430615176,1.1839557446977473,-0.18256074418986615,0.27760049370210504,0.8470707770501222
-0.4454446810887255,-0.6065437580649173,-1.797958622023677,0.593092140351894,-1.079981785653655,-0.2589279409683929
-0.5812399728874313,-2.5628221286826895,-2.8302264199072695,-0.11040005167126972,2.055989933272332,-0.2565717085492122
-0.5117881586038721,-0.6512873860636217,-1.8119431727471407,0.7158048889233033,-1.089554810377429,-0.15916486224881915
-0.41726506558339815,-0.35449051657163877,-1.8249248498634263,0.6898228387996429,-0.9365716068572003,-0.23608338212159913
-0.3964803904267179,-0.19685840062583382,-1.7213179993688486,0.6747416255083826,-0.8159601451857317,-0.22783223377221495
-0.35932099383295635,0.15634623794638414,-1.6482839246259269,0.7597548401779863,-0.584018722012807,-0.18843418305189796
-0.35177981826958316,0.0879488866182303,-1.5744449070632445,0.6633124029175953,-0.610448025450708,-0.2207761027678565
-0.318653369451793,0.006178573620840277,-1.610379623678917,0.5689398037968768,-0.6831816653264908,-0.29917145379788174
-0.40718414198284414,0.4172316359493211,-1.4930336755253184,0.803647541342835,-0.3903233229790934,-0.06998905859627744
-0.3877029299699104,0.50440910586325,-1.4142539989411367,0.7728755036560447,-0.3200025578484412,-0.0756292846017677
-0.3505694597563246,0.6222419215739343,-1.381101731884459,0.7460854990342574,-0.24852242225493737,-0.10335579202246821
-0.35620633053356693,0.479623257491333,-1.4166094285501611,0.6958279863465833,-0.34692956003767594,-0.13488850665788235
-0.3338447560323677,0.5917516209150292,-1.4560557220498789,0.7392888642849593,-0.29325624050787286,-0.13840460665822785
-0.3601082934262463,0.7285780111019794,-1.2987134792580712,0.7879867426058608,-0.15491732246173026,-0.05309216695003216
-0.3395352612820018,0.8320002314477146,-1.2798933865967757,0.7931257360706755,-0.09105825216517821,-0.05834662715818758
-0.3712886525232581,0.844033991852663,-1.2872984191795471,0.8651462314723243,-0.07511999410159145,-0.0042263808676594955
-0.39517942068685796,1.0519438067636013,-1.3417656976552867,1.0665252175429012,0.05102141068951577,0.09650433748461953
-0.4490000131899947,1.058419943601813,-1.3618800407605376,1.1924188359095849,0.06786635674565751,0.18812013786098483
-0.448453659882487,1.0829986478069862,-1.430859118548107,1.2367039847711832,0.0642464699320125,0.19047975263258762
-0.45802888790179996,1.1623199745956785,-1.4569720596744204,1.3220989776029939,0.11154039313435758,0.23205102213356285
-0.44143094916000025,1.20920304271667,-1.4430992146150792,1.3093728250092618,0.13974545372606145,0.21904172860584994
-0.43071579945179067,1.0830256113848729,-1.5012320229192075,1.1265494332441968,0.013489990716675634,0.1223560660615276
-0.4398117283687693,1.0423473164975408,-1.537156963258045,1.1486101394671084,-0.018328992422469614,0.12918266078028046
-0.4725265452536049,1.1518150087504857,-1.5031095998693929,1.268089124406752,0.07225283509472794,0.21946413743046836
-0.4857006605839516,1.1953065860478966,-1.5063454804796612,1.320626856403697,0.10338725883228557,0.2532175765609087
-0.4439745731421196,1.1129330280393348,-1.530966800082343,1.1865997668840906,0.02895969781454609,0.1524877495642285
-0.4646069576834401,1.3377704157715293,-1.490305429324573,1.339142153451428,0.1902995493204113,0.2534269030784312
-0.4835497645930594,1.3206700609613127,-1.3572284305841487,1.2855837806963255,0.22049418656661515,0.2759347206217362
-0.529221845425327,1.2702696334452015,-1.3443679479236401,1.3512784227276322,0.207896956614764,0.34158925221746433
-0.5475353421696423,1.1175594934275235,-1.4180558539269033,1.345896250543702,0.09743531913671047,0.3299050591527417
-0.4730248683057335,1.0351194150074583,-1.6135415350163387,1.2481927642511903,-0.03285415500350244,0.17862340221972506
-0.5595156508909358,-0.9515500891129632,-2.698024632176762,0.4543081736207851,3.0532083142997144,0.08969292364773232
-0.44182005158241705,1.0795709302179064,-1.6440077037331213,1.2237534522720914,-0.02340982675818896,0.1379443154248328
-0.42163176323119395,1.0295903116004594,-1.6122698849330699,1.1260186349758519,-0.054473668774518716,0.08496944946534712
-0.41175283128161244,0.6300183025340984,-1.6966000655760538,0.9872826060683869,-0.3190326598334786,-0.025966525926011556
-0.40637286505859305,0.4810409645571425,-1.679442572984059,0.8716846336655782,-0.4120382201800744,-0.08254657216082
-0.3893052041727766,0.6269353307303132,-1.5337641106495292,0.8309918493653559,-0.2867113378057172,-0.07297396614983524
-0.3998449620888274,0.6970999609088137,-1.4995624749293406,0.8745888351117741,-0.22928427563290432,-0.03483490931926252
-0.41779960731832977,0.5634966973038903,-1.5113506748014056,0.8392735298557445,-0.31170259074914364,-0.044419666898391316
-0.41937183430603986,0.2351995752234614,-1.609999038719155,0.7017930665793488,-0.5473035575852899,-0.1400147927677438
-0.4187230361787706,0.3299698097284894,-1.5300423756847583,0.7075100548777171,-0.46607182792423435,-0.11515153668646526
-0.4194207572002495,0.0048227675795339455,-1.5042069792289807,0.5011506120769419,-0.6666752657969394,-0.21081838811711337
-0.879905978635416,-1.7798926755680675,-2.0367137651216622,0.34005571328716194,2.82614939377875,0.41063897387760434
-0.4849983848494476,-0.12178350998899004,-1.5266349492212141,0.5965038414970054,-0.7293457421780271,-0.12740013592517727
-0.521165947621181,-0.26179204339721857,-1.2590101306493533,0.4368374376578755,-0.7353514236530133,-0.10920854385211815
-0.6509806724275694,-0.28184796497401676,-1.0222638691916333,0.5755600475370118,-0.6399072572648044,0.10949741633820359
-0.9447713809437596,-0.42825662102315243,-0.5789303414260786,0.8788110903088728,-0.5133332069250129,0.5730943599557913
-0.4252914943373163,-1.9112220643250577,-2.367399072090653,-0.5470209967504369,2.495861675045702,-0.4162618711157869
-0.31269338592490226,-0.07788300645170619,-1.3799797526651254,-0.007673459169549039,-0.7588441099782144,-0.47465954516191466
-0.3270125990416018,-0.45362874729007974,-1.409029474070759,-0.18752203016447005,-1.0020461315294642,-0.5638376496829468
-0.3292449198567348,-0.12673423483194868,-1.3073897677440087,-0.06067332091363391,-0.7667698090940767,-0.47050234688455655
-0.3255190817768422,-0.07043370554354138,-1.3254573584556468,-0.03867828527631799,-0.7381846911316109,-0.46709734594710933
-0.3003648009004958,-0.32857453054953617,-1.4521248860209988,-0.1895352413716122,-0.9469002889017791,-0.594441978460067
-0.5337999446239103,-2.3615700036573664,-2.260172992277004,-0.8645522489297438,2.232534503939588,-0.4527824048667061
-0.484892725902712,0.4005951749501663,-0.9837187522677153,0.3562800951993514,-0.2946271705406705,-0.07220737166760453
-0.4027589317020454,0.5324637052609578,-1.059201273857691,0.2858731868079728,-0.2601724228059724,-0.18114982846379876
-0.3579632077535249,0.5806637553263239,-0.7436216828740267,0.012358540711574337,-0.16337184479735903,-0.2583571576251804
-0.28784463440524666,0.5224493313918391,-0.5723866117121684,-0.29522120670549995,-0.18151906255650346,-0.40927425067042034
-0.301474691931995,0.8358697315988379,-0.45920490191446567,-0.15323111058911473,0.05263569524715249,-0.2977932200572377
-0.28078106705910444,1.1100398490939865,-0.47871701089824287,-0.031327338842770086,0.2147524987496008,-0.2554773486307074
-0.2881213250988442,0.6488018343042654,-0.5126782484806915,-0.4001492470144077,-0.11342658839828278,-0.42796329176543524
-0.2685529155008414,1.1451752228676564,-0.30030839629566447,-0.28132420871785563,0.25216338778405767,-0.3214122221661008
-0.2503110173787134,1.2886559478235216,-0.10292461414541386,-0.36331324609626975,0.38854641264031076,-0.31884620990858864
-0.2553242008844297,1.2992709907245803,0.011140027888756489,-0.4212077870403284,0.42643537386548275,-0.3127390818948815
-0.24410071516942417,1.2910899220489214,-0.006892616709731387,-0.44712127095731324,0.4118708255395985,-0.33801659582273996
-0.17416326352783412,1.0806799230260875,0.014723760141398975,-0.7512743897753984,0.25755805321140424,-0.5290244968735764
-0.20077520055276415,1.5375516177599173,0.11113683021597971,-0.4798466506334477,0.5840042886579125,-0.3490698214280773
-0.19010385353619985,1.302042828040324,0.07790081155253442,-0.6172089078641203,0.4216608582391796,-0.4339254034501019
-0.22277253091941668,1.5416350132309726,-0.03562344667615823,-0.32111189521806155,0.5575696939068631,-0.2964651287892756
-0.265724508314596,1.7270409375848066,-0.08414534809781644,-0.0740031910747981,0.6795084927139138,-0.1587626742013474
-0.29237963904526304,1.7168151510510663,-0.12672481744452876,0.014486344305040661,0.6720632617368476,-0.10926878377745101
-0.3144889757530156,1.7966742347411555,-0.09837973845515001,0.09714613027773722,0.7385917563139095,-0.04578017336388745
-0.29337956641001023,1.736994877833132,-0.21625672921092792,0.08116006644563571,0.6616417596429341,-0.10036205697006752
-0.3514985791619058,1.7615547838970051,-0.29012390280310874,0.17203549129788465,0.6571236623740863,-0.024455816710984287
-0.33125664527973736,1.8246775409978744,-0.3885556580880899,0.2205879454200432,0.6641668339632273,-0.04068642703191003
-0.2994023462879163,1.9509800153356551,-0.25485114770649797,0.14138923494854233,0.7685225024201681,-0.06320187837111288
-0.31548764576189015,1.9335536778100237,-0.10494101221113517,0.07393656428112316,0.8021912723572807,-0.04472081693896316
-0.28401491447743277,2.0176812795473964,-0.08682407401386298,0.04079725396836302,0.8494264537805583,-0.07633190186539772
-0.30589627541111336,2.0975865354758993,-0.03973386627912341,0.10741440821189166,0.9204271538965738,-0.015818817224092327
-0.31613116888013615,2.006999463371594,-0.12010057185479694,0.12168473955247758,0.8447456354466578,-0.02472263451927373
-0.39592914641808014,1.8347615332632243,-0.1754055386697511,0.22751884342413659,0.747977871130447,0.06362383615072892
-0.3823686724591408,1.9091139339996746,-0.23883319697875008,0.27786492105325206,0.7738678481216018,0.06238520368408425
-0.3014477648175684,1.9770560106581245,-0.3331986564334408,0.1917501051179945,0.7637217322636335,-0.05884915292178789
-0.38406229123711755,-0.3526754277834544,-1.4390464888607217,-0.8095559870114795,3.62290804725169,-0.2602375001756177
-0.2721555316630917,1.593205906082579,-0.4584674746721339,-0.04037520987854154,0.4739385335110553,-0.2291060112028395
-0.31359564420111685,1.3670692687063588,-0.5449666485135208,-0.04518646816956575,0.3199204210360269,-0.22953348652738526
-0.3304338195079796,1.4421714089147033,-0.7104895692648783,0.12486529805896376,0.3292170374098361,-0.18018250421664417
-0.5048134052418137,1.1519202690452823,-0.84289593518713,-0.08914475335221142,0.059678062209781314,-0.14027671628605695
-0.5172304263895673,1.0767777555646223,-0.8649381504092314,-0.10569296774064467,0.00903961120965746,-0.14698602196567542
-0.5349571664681639,0.9209515771917949,-0.732848005030823,-0.2463921061287532,-0.05032147085698074,-0.1692115693281279
-0.5376601388699435,0.9384559174990793,-0.6982391986891526,-0.25699626858394836,-0.02967675605405126,-0.16316796302961467
-0.572004659474438,0.5570316585186308,-0.7824539322872675,-0.36623816557991035,-0.28432129308345255,-0.21972875286399243
-0.5771646861831329,0.6826404818019896,-0.8195172681267963,-0.2625714021906178,-0.2124524684962805,-0.17496367214168615
-0.5622738109320361,0.7790996395506171,-0.8139828901971374,-0.2497545232635738,-0.15536783927178632,-0.17658230638769293
-1.035012332153298,-1.6268401123391367,-1.502501769409347,-0.6804779980396211,2.901855857226294,0.27360838815747224
-0.6485450854125018,0.19523335245695325,-1.0287787403379114,-0.29919750579684923,-0.556729494794316,-0.20687632879954534
-0.7275087851525963,-0.13546388161697206,-0.9962317606951413,-0.3514898522732174,-0.7328035573997937,-0.17374080310019976
-0.8170142534863676,0.12457733913234284,-0.8257012370736883,-0.10471203407771307,-0.4907986914140262,0.05471660591907119
-1.07655898494126,-0.2517320828618043,-0.5860684868171624,0.09849657438189846,-0.5775956582753841,0.38911571272214307
-0.7982537985689586,-1.848562024007561,-2.1077745631917564,-1.0228947886135478,2.5133705146205956,-0.21920587090616503
-0.6919240897462143,0.27777049145158167,-1.2077374837189288,-0.5472545601925501,-0.6415418069776567,-0.28571183229031644
-0.6567812944380664,0.2301863791869887,-1.0944815291975558,-0.7304761029431939,-0.6553387928699472,-0.3682342111987566
-0.6685396929941796,0.48602577176758044,-1.0263799462369778,-0.5940365145402674,-0.46993767755549914,-0.27330171245945384
-0.635948579216189,0.47052096448441694,-1.0424907990279701,-0.6705711842412342,-0.49595790202622814,-0.3369909077002318
-0.6626040557056202,0.6542928894901714,-0.85555347564558,-0.6161134654925219,-0.32020226260462714,-0.24030556741847958
-0.8305607034899757,-1.5993928118966398,-1.7609260435703071,-1.5020217309215393,2.6703447935367897,-0.27323882276442923
-0.726163832468138,0.25922759690014296,-0.5746828392686234,-0.8923120354307035,-0.4777315559541467,-0.25952380153831534
-0.654317055131346,0.6929520882489197,-0.5406724535118298,-0.8200153015066078,-0.21744742528896166,-0.25963914625829904
-0.6453506658878491,0.8906330022650525,-0.39958360798838394,-0.8141030312601872,-0.05786262113124147,-0.22290351404883313
-0.629879788192211,0.8419817878054162,-0.36993315720306974,-0.9045806744403084,-0.08746580097264785,-0.26988481082946697
-0.619653479612115,1.0997355825523656,-0.23640202386363302,-0.8582493899149328,0.10834776140637765,-0.21578983320140194
-0.5789869844868127,1.136166826101415,-0.2022892757929749,-0.9510982052623101,0.12596343856973885,-0.2787009117966605
-0.5584212939421976,1.3510825783870513,-0.10074540342211828,-0.9315033971802269,0.2826020819149763,-0.25353229131674015
-0.627445850830407,1.4050785654201985,0.0009100550828929557,-1.0087980059336121,0.32376795114461393,-0.19017379078047444
-0.633300578081911,1.4019226640451368,0.006834743166484039,-1.004102864111427,0.3250944403612984,-0.1824623690384017
-0.6149089971147262,1.3393807566336304,-0.056406106249349074,-1.04718353839741,0.2617661298535965,-0.23354212366062085
-0.5934271767529948,1.4205812982481947,-0.18522371460121245,-0.9705603206848022,0.27210621411320735,-0.24500290694188995
-0.6282558621576175,1.6743992118711848,-0.20563322057729946,-0.7284884476848954,0.44127412277750716,-0.10724703456612475
-0.6151789870102883,1.544645647073335,-0.35262388915800486,-0.7497134265325098,0.3148246154535937,-0.16748532727203283
-0.6674964289752707,1.4205091943058605,-0.39497589035705666,-0.6824563244951646,0.2426982806899526,-0.11232874609218527
-0.7027627387171647,1.6263536190716459,-0.4278008700888628,-0.4589074743339195,0.37825446817157227,0.012964101585746592
-0.7022375697337859,1.5993578351655993,-0.5361686208881051,-0.41104332993819304,0.33232943451625446,0.006209050444354292
-0.72549773201995,1.57307229303201,-0.5900675034399825,-0.34224737555637963,0.3095691211832437,0.04038520778928297
-0.7562553109845211,1.6033243845724858,-0.6411655291637136,-0.22450788999811253,0.3263323051100528,0.10464770178999093
-0.7768614525071251,1.5820686943894062,-0.69592380196004,-0.15960436883490425,0.30548569580559576,0.1349229029633826
-0.7814389100971527,1.7882712555551423,-0.760108377044441,0.012695029655391096,0.4220476303778053,0.20615778619127786
-0.8958599698045928,1.6809713855154687,-0.8799360213397768,-0.11844188693294536,0.27541781466301035,0.23788438250967203
-0.8709376984967535,1.6118216645148626,-0.8796453898020274,-0.2180425415369109,0.22228575187511135,0.17215026158775384
-0.8699482794131429,1.6928845248423015,-0.7737152420259595,-0.23553739403200705,0.30159180659095797,0.19247008739684077
-0.8315366829219594,1.8944108874158083,-0.6335786520991292,-0.28481861127558344,0.45373610568636985,0.18260844565085418
-0.8391190431189212,2.0176176828647923,-0.5854109538294774,-0.22264615753424524,0.5478722935929075,0.232108426105691
-0.8206200939766676,1.9843975895302899,-0.4862480631366382,-0.3445573314784069,0.5460830035991131,0.18704371481445783
-0.8339126187276573,1.8523191309924256,-0.3578935676773712,-0.47538811814679516,0.4996707005932341,0.1659272676135029
-0.8555517787260851,1.56725236488144,-0.29162974333725317,-0.6446913785847107,0.3418080720681153,0.11340392926885515
-0.8250369074000594,1.8139244210692038,-0.27033032780182753,-0.582050477007544,0.49396052908562044,0.13126129661865796
-0.8353657293631037,0.22054546207697728,-1.2310645699022258,-1.3903642680080057,3.8366295976841966,0.02120234891390649
-0.713034051058476,1.6664186412422186,-0.3337649561550505,-0.8954954548331665,0.34229247724416473,-0.11512645269851585
-0.7408941244845849,1.4823155428902715,-0.32128202045698456,-0.9598403420446879,0.23686491666901516,-0.12620770445102994
-0.7451291064390769,1.7867243811486033,-0.36637713943282074,-0.7467180781958395,0.42056393459216607,-0.02945222660464802
-0.9018441589784281,1.407191920613818,-0.49097652741495734,-1.034498257185756,0.0944628709582362,-0.03837400656627199
-0.9107594427839217,1.0807905490012886,-0.5641316920227063,-1.1757825375442728,-0.13120448643009083,-0.12411426911876033
-0.9046615890100398,1.3385017970838415,-0.5449108229830455,-1.0468425381419815,0.0364293537374295,-0.05801211591657923
-0.9542242780485556,1.3418901581611744,-0.6223461724779233,-0.8874285667098156,0.03571418809379103,0.03172757621667904
0.3454948533287715,-1.870011161880858,-0.4647971684784442,0.2644455291188969,-1.5323999473507455,-0.4121827966551013
0.2277558160043991,-3.6267759245782187,-1.4769999857834049,-0.36750700363023325,1.73044975627953,-0.379812562592251
0.3629926347682851,-1.5896266194715705,-0.5194563877168704,0.4234176133368825,-1.373944895595447,-0.35905743730092265
0.42499819021200275,-1.388372669369092,-0.5706245210982588,0.4347878036874353,-1.2807179933274857,-0.40725854523101196
0.3539309649842147,-1.4128961657539727,-0.44799000922414617,0.5033036316927558,-1.2392890370607779,-0.29324730450979747
0.3944023453433894,-1.125651095825954,-0.39642564512556744,0.5530119567647697,-1.0564490251802205,-0.279687278423579
0.4036781164967431,-1.0137034413609907,-0.3435461871278923,0.5663605047765665,-0.9743619434217875,-0.26409205382602446
0.37135277276730694,-0.9493049168733203,-0.291311777207639,0.6448229038497502,-0.9081578649735526,-0.1895329176734769
0.27882340471658545,-1.1805530732410792,-0.16668099591572502,0.7143158284857966,-0.9735392957110393,-0.07238344524372697
0.3847521478184245,-0.6438079043227561,-0.19934362984785042,0.8195385795773181,-0.6762450067282643,-0.09634561442816109
0.41640356556266056,-0.8202226084677776,-0.21444922258878513,0.6491372525110676,-0.8044422543675069,-0.20616955010629207
0.440249868790357,-0.7997789799516815,-0.23086423073593182,0.6160965658442589,-0.8042679972128349,-0.24255187021305724
0.44629436395194266,-0.7844464058592473,-0.17000767235747594,0.5732469725638594,-0.7807814496239232,-0.25082369966706713
0.4098389147394234,-0.33360005913539237,0.0349699615573643,0.8023998524915288,-0.4257449015780595,-0.05526244996245461
0.46250843865641095,-0.7531464081396214,-0.10945416348712575,0.5154874511771713,-0.7509328045477983,-0.27315646512154274
0.451725296043455,-0.44082661532886663,-0.08278895038211666,0.7099106187259329,-0.5405264775180736,-0.16140285104726734
0.3507510706490575,-0.3364981745249489,-0.012105671304870017,0.9543704332344437,-0.4197739442239496,0.045256651124566345
0.3411884792634792,-0.21846435954358567,-0.0651116342727161,1.0765811128631695,-0.3550421792508389,0.09769021071322213
0.35513656380148007,-0.3763392165142431,-0.15998161890239965,1.0042631825342418,-0.48616645883379156,0.025908800888326266
0.35305840207632355,-0.3080662142140963,-0.18994455679210379,1.0669014130659011,-0.4497502157637963,0.05019915170916576
0.3264245418404457,-0.06564023578898712,-0.10316640915165662,1.2200823783173071,-0.2625115960115686,0.16827444826444557
0.3394560985974006,-0.13491822746811627,-0.08152800416223976,1.2375696345133385,-0.28322475963189314,0.15962790143437408
0.35595071896403724,0.1069673367475543,-0.08317334296983203,1.3469995349325465,-0.13479549875232402,0.20348183663749456
0.42331556810649673,0.055186498208192665,-0.20979541399329707,1.2400205128333273,-0.2250719984894884,0.07140058977876311
0.4292609825673455,0.07903982479829923,-0.23599739589322127,1.2561992585698232,-0.21886017169124267,0.06835871365562889
0.43368008815421694,0.06524817321720562,-0.23163619019883785,1.2345479781381579,-0.22817227009841656,0.05590698014725705
0.4063357967548375,-0.029405905633225288,-0.20677843976099297,1.2228923715265487,-0.27261816759841184,0.0744586462925652
0.4233192723064309,0.004624488460289553,-0.19621197854916,1.198224881904682,-0.25414096819149745,0.054228960133766366
0.4022669643811127,-0.07277276869113508,-0.20241487341367528,1.2011236240685443,-0.2979745080106351,0.06734310551502552
0.3497901573342439,-0.2777330222161134,-0.20305928501718945,1.1940125671034225,-0.41086762464167204,0.09702793217362922
0.3443067763018225,-0.04335339629399351,-0.21811123838037988,1.356034821410829,-0.26302341697084297,0.17747926398320554
0.3205683092367007,-2.1220928580509404,-1.4233929020738338,0.4358007392975259,2.7099696956758326,-0.04868767723857585
0.4429274274350249,-0.4501993193255727,-0.4649422039519121,1.0356445956595144,-0.6232036336097888,-0.11520842961922045
0.4543967602060764,-0.34369304537232526,-0.4612990047985225,1.07224179203176,-0.5581406686117404,-0.10315473342383137
0.500034910027318,-0.20009868023860994,-0.4351083422042425,1.2089069003594184,-0.438493030152631,-0.08120239183002573
0.44221279283481585,-0.7026530908963808,-0.32878028128669395,0.9703590127997186,-0.711708894309148,-0.1340618562507109
0.5139927699079264,-0.6500593502059346,-0.2522784288838258,0.7942742889890914,-0.6833854267459529,-0.24659179830038308
0.5207721330881155,-0.8120448798752804,-0.2196065000502277,0.6593133842586839,-0.7810386128780251,-0.30940193235097607
0.48270106344601416,-0.565435543228315,-0.09179919505692934,0.8149386087402589,-0.5763991156806997,-0.17131236208929393
0.4935254525371797,-1.0416467616328875,-0.1864820336103235,0.5576283387713088,-0.9099950959007793,-0.3337469419176027
0.4748718677501773,-1.0465148893094676,-0.121427980465156,0.555330057294039,-0.8896165566347111,-0.3047806363363976
0.5361987826058724,-0.8222087752945105,-0.05596574413971785,0.5163491760082529,-0.7503353959440048,-0.34500292363414076
0.035554278512974144,-3.1706172399487795,-0.4909994519403042,0.04296732956461466,2.4213550861330497,0.17287181376084018
0.3811462204114899,-1.2797341955420156,0.1662527564277322,0.45981571383918346,-0.9293315360181895,-0.2120894736376185
0.3080656689288068,-1.7216217247255912,0.3213409240479521,0.26597020731126997,-1.1452305152540787,-0.21910390689548123
0.20115388780375718,-1.736011293801797,0.490251099909881,0.39514154220485914,-1.0723081883994712,-0.038844259747205505
-0.09222404935931848,-2.004639544366687,0.9007962045486075,0.6405966703588011,-1.0329515437292291,0.3862944057492836
0.6040834763523603,-3.2433269574446144,-1.1653039947213566,-0.8693970564719656,1.9968955595434121,-0.8358625532781646
0.6211415590311536,-1.2466409422496396,-0.02941270228315572,-0.08363905644712662,-1.0751902638850923,-0.6720066491614676
0.6713231356692426,-1.479423451923009,-0.10619675450193643,-0.29364257363680607,-1.2623098457349315,-0.8308052821575382
0.643428623553875,-1.4220905700861914,-0.028691589644987282,-0.2464429483822285,-1.1957238773320886,-0.767667368515861
0.6829766323426743,-1.608505813948115,-0.10144572834211939,-0.40746250147228896,-1.348406364557693,-0.8940170575286482
0.5819375883847601,-1.483283626409817,0.06166438186645602,-0.2066288502013686,-1.1900448989070602,-0.683252669427827
0.4233529093654083,-3.310755265567819,-0.8468624886082418,-0.8532867196213719,2.0691288796827956,-0.603142660445347
0.5672777177975569,-1.1598072541802045,0.16935141611880508,-0.050773160643493645,-0.9503319398828939,-0.5656830355715554
0.614767689094755,-1.297344901614727,0.10342647199447538,-0.20582010074944887,-1.0729078694499496,-0.6922046752997877
0.6021736151627036,-1.1382467001248404,0.4122634995191918,-0.272818289246152,-0.8860229089479846,-0.631159531138432
0.6866987348102767,-0.7275202643236498,0.6291250438257853,-0.35001599499188857,-0.596602901323227,-0.6629276812624779
0.7082483842340415,-0.625539586006789,0.6684968749406026,-0.36494915865738004,-0.5290474062711363,-0.6731514515733806
0.6986694565024079,-0.8020576571399872,0.6337048920761674,-0.4335585844892081,-0.6481545706720362,-0.7112419219470366
0.6184735678734425,-0.8943349663011286,0.651408285111129,-0.5732467204224138,-0.7294590535285205,-0.6884657597758617
0.6310259504509242,-0.5521678162638943,0.8257181956410189,-0.5039167690158017,-0.46957791183334247,-0.6128652641066109
0.6345582667925523,-0.3536806336869747,1.0265399002915454,-0.517044197187502,-0.2914600357651631,-0.5653964050860352
0.5643135422804153,-0.4226713225056214,1.2825398979821874,-0.5590379555324765,-0.2438652653439191,-0.469883866913162
0.7394568532796338,0.09089859541288114,1.2207191819762968,-0.6073978313906866,0.006313639250732872,-0.6231249364068109
0.6931838662340533,-0.04865588160739509,1.4192640756354562,-0.7112247285911695,-0.014805310714685141,-0.5899973682372962
0.7185883044691533,0.12778273197095555,1.4366407844307265,-0.6752534857860859,0.09337005290043911,-0.5833250427516068
0.7407241715570616,0.18094029221455232,1.4197733878249383,-0.6862117053836039,0.11479050673345649,-0.6076996781356331
0.6850402479927864,0.2614393248925783,1.3978088003413238,-0.5027736532362643,0.17987572360443813,-0.48648983813739943
0.5959300160531301,0.44155737393077515,1.4520901165994866,-0.23003545918729712,0.34054311508667295,-0.2778325124544585
0.6238101007440777,0.4314874919683791,1.3218855467668462,-0.2236827876543232,0.2897136027252901,-0.3289928384178914
0.6187339568568271,0.21234817388569047,1.2019582067042591,-0.27811794190555295,0.11925849486860213,-0.3867529725714349
0.6308795909542683,0.3849194297902531,1.1684305941458109,-0.18782738312438252,0.21591374873385555,-0.3587378616672319
0.4955664260848719,0.42132711515780386,1.188903282244062,-0.15817735979198008,0.23076907715994469,-0.21112694599601523
0.5256747759529028,0.5649126639584733,1.1084461958180851,-0.09741540826732732,0.2902041554792508,-0.22252496348456055
0.5744739526320315,0.6579192173293285,1.1198958941613237,-0.16383070101126054,0.3348903946375889,-0.28376961275420254
0.5884001156675376,0.7824637504266244,1.2108876808018012,-0.17851802994701343,0.433195806886695,-0.27452038679604784
0.6052864225886725,0.7137791830738032,1.1991587944493607,-0.2547564798765229,0.37983560648989717,-0.3268242799755952
0.5796590934813856,0.6958660114727527,1.2400900252119573,-0.23660537687612462,0.38781911324585855,-0.2899563494325585
0.5657433637578809,0.6556518513901234,1.2118275666588918,-0.21644391761013446,0.3592233596920206,-0.27895917198970344
0.5595606070125652,0.5097261554219763,1.0929699513448505,-0.22077914479387703,0.23666082315731826,-0.3105603533303595
0.4099438709179441,0.4100115653582956,1.2574921862870823,-0.04590799257751625,0.2688136036130889,-0.08142777850582339
0.5886884181189312,0.446875413831373,0.9754212701254605,-0.255910773529984,0.15502576017528036,-0.37974327338681974
0.41399339845174654,-1.48360771070316,0.09294300470137085,-0.9425223412166841,3.3610029868103197,-0.30205609019690016
0.5784649852838821,0.40814815298274093,1.025017955129189,-0.2894028222966757,0.1465950928603758,-0.376132031483081
0.5874197678898588,0.19336131064690487,0.8875988856680503,-0.3586328428226901,-0.030296580855928592,-0.45511469863075354
0.5289106445633001,0.3917253176782965,0.8780318827361332,-0.10350421231177136,0.11460401639875233,-0.2926815459093819
0.37549834492136225,-0.1319346773363178,0.7669721134626659,-0.39408905178708353,-0.280022473460422,-0.315162130717176
0.39401151095165377,0.09400708677043296,0.6886550591634364,-0.25329498961962094,-0.16271557363019745,-0.2783986210001511
0.3790601451893904,-0.029146058774907998,0.7516884302097737,-0.3316932106472429,-0.21962125980017913,-0.29046428356668846
0.293779980191378,-0.4686272620718478,0.7841061592326799,-0.42514504722657687,-0.46212341509487176,-0.2738421994897058
0.2829111408480354,-0.7197166399625797,0.7292456049686346,-0.518919827619156,-0.6332950944086199,-0.3292938806688193
0.316137608723232,-0.5156500418056105,0.6857647640814464,-0.4430608692646818,-0.5258130535467745,-0.3246459231997818
0.34678128796190694,-0.3870059935875678,0.662585792677264,-0.42005992809006054,-0.46041865622655387,-0.339153341287313
-0.14330790000151378,-2.7597494144271524,0.0761674831574114,-0.8440118622416296,2.6518771871129734,0.15424738471646737
0.21638936599748865,-0.5731471267024021,0.7058910015848222,-0.26679812834545047,-0.5221350569195113,-0.1671055304248535
0.11033906151348313,-0.8086426195349036,0.7722537176366766,-0.21165524721254542,-0.6179490798784816,-0.05326820606184789
0.0036528141985527345,-1.1324941751658197,0.8349275176273955,-0.20718833174012966,-0.7711252951744901,0.034533861498324984
-0.285613771040454,-1.3594481888555658,1.172457308635045,0.09875283929558497,-0.7256926096696319,0.46688187206015147
0.18973588512755246,-2.879467178769917,-0.6749342685399556,-1.2171235862873586,2.259699510379581,-0.455806804716357
0.30934694395255374,-0.968834318880579,0.2840945566820709,-0.714078353180989,-0.9738046572882092,-0.5327278016872329
0.3616688363407891,-0.7383006194384429,0.3860265026654782,-0.7559469616642236,-0.8182356503933267,-0.5584830160994887
0.33684252856298386,-1.1088243730891527,0.39254310835029044,-0.93255434556107,-1.045233843086733,-0.629385385770685
0.41946547110424964,-0.7922640127421805,0.3621548798329233,-0.9122261539753674,-0.8802414737538223,-0.6804303037870353
0.32137256930110564,-0.6752635221067987,0.6358176906760984,-0.7905922265800586,-0.6992286247967084,-0.48022416954381847
0.1551376555457836,-2.7754127665203496,-0.29401939729926796,-1.5730648459782939,2.382492834380495,-0.46928875574007295
0.3082911108967405,-0.8183102753145213,0.7464269995580854,-0.9225018868671089,-0.7578356874177503,-0.5070502907399561
0.384551748558886,-0.6376181732409075,0.7418749623132818,-0.9850718756183785,-0.6706879347228945,-0.5883265082593043
0.3641996885118527,-0.685403964499571,0.8924553100134265,-1.062729533684373,-0.6548564552062496,-0.5720640982640678
0.3673997743137356,-0.511659642168281,0.9973724392349905,-1.0315787897302728,-0.5175844369577499,-0.5290962436977482
0.38081700316396666,-0.343927635812439,0.9865801098409708,-0.9568441464891193,-0.4181312743076555,-0.5032610901113909
0.36989364791148077,-0.0319726738731702,1.088943119054824,-0.808184266195053,-0.18804262189341092,-0.393113942313452
0.3961961154289287,-0.29925855965901466,1.0592911908498688,-1.0140059338795102,-0.37643111897699805,-0.5213750309362458
0.30613597636140055,-0.41932820772569934,1.3215127751026994,-0.8427363354108809,-0.3081128305738373,-0.33458211968405455
0.5020344577721023,-0.10409373940683361,1.195276440788926,-1.0184258287720815,-0.20905902727312614,-0.582928721048024
0.46702761652408903,0.19783276834424715,1.3306167450021287,-0.8411221134961141,0.03183720749922169,-0.4338190403377435
0.5115629198927765,-0.03886713370376722,1.184627856735438,-0.9985183338343738,-0.17392013916468993,-0.5820675033257818
0.44500797422577926,-0.12813875940376232,1.2125703846854723,-0.9222867443125238,-0.20039927089340992,-0.4936359147695206
0.43664117350835224,0.06921915255169592,1.1795547942601257,-0.7663792701620573,-0.08004026872097002,-0.41946371539013166
0.43015127234242934,0.23753643501787677,1.1333032396110159,-0.6227985080100207,0.01773540450126328,-0.35636132421371475
0.37405725309279986,0.19302391223205095,1.125267364545221,-0.5191642380115306,0.0069464529869208876,-0.27093454463901634
0.3213288901245481,0.40937678910686975,1.1492715783125902,-0.2845294838717197,0.17030764294897957,-0.1130140782513526
0.3330520223040651,0.10201538319355052,0.9924843348618888,-0.4024299519362774,-0.0717087166150099,-0.22356346030391358
0.31436988814569666,0.24329846854686815,0.9344760786527042,-0.2404265057140945,0.010019037098586146,-0.14675357741304298
0.2633079071650754,0.33127371643211706,0.9310146230098563,-0.07165037418494723,0.08333685477577146,-0.030617273105123986
0.2871618607362647,0.34987632183140044,0.8081261738816707,-0.04094651208366877,0.05442270591390597,-0.06492756313434009
0.27397538784563347,0.533352892119309,0.8323031503706707,0.1829763127224569,0.20455359929583983,0.047831181820469665
0.36641227545809396,0.5610038940333738,0.7376031605809524,0.048103469405716574,0.1645888238453347,-0.10525538770233457
0.3674923680765311,0.6041474522277932,0.8278528512783236,0.018095953359451786,0.2155913801904965,-0.0956495892604416
0.43992131577648375,0.582091699013393,0.8734271355719455,-0.18461725169860238,0.18792193857498665,-0.230599407915575
0.3837192249554117,0.5140338744156056,0.9416552593655375,-0.1399936485983265,0.18223265503275785,-0.1532652151494438
0.4294513991445536,0.7111633402413963,1.03325769328839,-0.1778779834661947,0.3163418217448574,-0.17568473049907501
0.44417582622738944,0.6792328500744012,1.121655976713441,-0.2854853146668816,0.31374784491261415,-0.21421332192335082
0.3986739382510128,0.4896049554804085,1.2143146600206631,-0.35785043342835243,0.2324654406467729,-0.19552558210771942
0.427072611047095,0.5733209975216701,1.199822633413906,-0.36595556830262876,0.2718363445598094,-0.22179708147404498
0.3352911857319988,-1.2317807032405532,0.23283857116504997,-1.1142181888069111,3.5063190234365433,-0.2515866951489348
0.5266261786595642,0.4928386199436305,1.2114429746295303,-0.6527515854600663,0.1874922956108683,-0.42579604414742345
0.5434067831604409,0.41911801820201905,1.2887646464231395,-0.7851994791807911,0.15436913644177666,-0.48121058372288406
0.49350091788322303,0.3229932605994764,1.2796210839436417,-0.7291995442596169,0.10777739258933883,-0.42394714196031597
0.40052278066437463,0.31552620725728886,1.3200882360970507,-0.8065538572853092,0.09025580610959086,-0.3546759472374029
0.4032629290035854,0.03282923959665354,1.271061827466055,-0.9576290587521408,-0.1048044319679168,-0.4459275401167598
0.41317766883030793,0.07083811166125292,1.214863489618846,-0.9199791769937609,-0.09846629431991974,-0.449111752709542
0.3103315184817301,0.040076137040301406,1.2235644895407067,-0.7088848267558137,-0.07913446201438072,-0.275290589227971
-0.6108376181399563,-2.3255124201950697,-0.19154586675098345,-0.6914638793315107,-2.0220410169502943,0.3219706009291485
-0.7467180469658653,-4.1077766965413165,-1.1808365500734688,-1.3119516841653347,1.2369211089203398,0.378076724106753
-0.5924720120850404,-1.9046539182656061,-0.2246376997601504,-0.46226718647743786,-1.7683250138033872,0.41578821239337643
-0.5083047896886269,-1.613583950563286,-0.2941517946273454,-0.43502064048045663,-1.6302585071208324,0.35627406553092267
-0.5814184181029101,-1.653364572464298,-0.17079119799916892,-0.3713958620334714,-1.5976607602731938,0.46934439129725547
-0.6358320230116088,-1.5803912769814235,-0.012357294302036125,-0.3027029906756835,-1.4903126191631966,0.58287747340608
-0.5049208496547037,-1.20807215465737,-0.09857691589430888,-0.3208058357677236,-1.321132077915968,0.4661633584498694
-0.5623424277173937,-1.4172886441386012,-0.053210819165395024,-0.3474593938064932,-1.4229444701154006,0.5021124933819658
-0.8880655108071798,-1.4724772778630728,0.1747013356871876,-0.34090255680683,-1.4051015222404786,0.8584488453181661
-0.6809426425648547,-0.6969778518816916,0.02988358217523824,-0.2506182303660248,-1.0202483206895328,0.731039709091974
-0.6885137810910014,-1.1480714094708546,0.028825980972047506,-0.5076459442515504,-1.3066525865181713,0.6067437108677308
-0.7035626444710816,-1.078837580193285,0.07836406255637086,-0.4635302458084516,-1.2441791132026745,0.6523221552840407
-0.654230858682978,-1.0578605508293986,0.07572413208522011,-0.5616811924090128,-1.2490431647799853,0.5709349434693763
-0.7113432216252759,-0.5257449927141458,0.3247319902359618,-0.26342135648148857,-0.8231276328480235,0.8266484945625204
-0.6704570011403618,-1.0602513416523702,0.17934032905325678,-0.5927821077241247,-1.2179576317340812,0.5947215087251961
-0.6930952134265128,-0.6268113826978257,0.24322081740818585,-0.3209664535828699,-0.9160905667671985,0.7632556520528537
-0.8751044335831513,-0.38500085541000756,0.45685855481358095,0.10225655759306009,-0.6411884052318061,1.1512536888710794
-0.8525644427811158,-0.5365234024599497,0.3123440742403822,0.04442248482700896,-0.7843269328692597,1.0673249633845405
-0.8111976454828461,-0.747829537084298,0.1679182968997437,-0.09193682428802251,-0.9723522647001495,0.9320707398857875
-0.8654134700065504,-0.7301329171083912,0.20744565326008382,0.015154315553627352,-0.9316256288715373,1.0313633188637794
-0.8001850369828747,-0.32655520178510616,0.18339937251339591,0.12654815805661346,-0.7028398014169283,1.0388572405249257
-0.9279904508343733,-0.58054922589057,0.2836567999143899,0.06653960763427402,-0.8229797332088715,1.1378025435053176
-0.8400824112032379,-0.0582367348713714,0.22096066155725647,0.2222341742566586,-0.5363816220704632,1.142198727713942
-0.8406844081580274,-0.17836003747235413,0.18459643623462607,0.17202188690208364,-0.6226611071212468,1.1072065415261632
-0.7908026256316223,-0.27541952264447417,0.07344395016246258,0.06778203737716837,-0.7316471521851072,0.9919834442791683
-0.7791901306890384,-0.2806466471417621,0.06856054530226884,0.040862380090872626,-0.7404381722866799,0.9697146093445337
-0.8455041017942372,-0.32475290110082167,0.15975927230817252,0.10735032665981847,-0.721332889327668,1.0708779493266611
-0.7924509444107583,-0.36852740578854876,0.10407373518554487,-0.00527193176627827,-0.7827783744940167,0.9649957601198801
-0.8605612483880112,-0.3854586156285159,0.17779571636422759,0.09163449939761714,-0.7502972078069098,1.0776366750267545
-0.9678368938830556,-0.679583228559279,0.24439870285903412,0.112994179665726,-0.88321614039744,1.1753817544970726
-0.8555427353663081,-0.24401171346728923,0.08640655821603306,0.21870660828434374,-0.6857938507232272,1.112447052168714
-0.8918513723166838,-2.422358525102329,-1.1162464951835054,-0.7351663857574958,2.228596275021261,0.8781714081819152
-0.696296323981335,-0.7540291497573286,-0.2673878680765842,-0.23555790489432615,-1.1615005686422517,0.6840220381977198
-0.6544843873214092,-0.6292086557182861,-0.30590214291440426,-0.2304178464976755,-1.1065020917577073,0.6491466236472051
-0.6886162113973736,-0.48863744393820246,-0.2542294854352393,-0.1468191619322309,-1.0012826942266084,0.7342522066086364
-0.7059879802222199,-0.8964241041704052,-0.1927498765426871,-0.39161499780469256,-1.2399202406044152,0.6398999780471435
-0.6350643993696246,-0.9938326768198277,-0.13922112765659905,-0.6426705197528407,-1.313309347046076,0.48389995564347726
-0.6424099261125347,-1.0721413695330477,-0.07211531709182387,-0.7162635132080012,-1.3434024298032168,0.47050446164224724
-0.6131175250511576,-0.8411528047571455,-0.04737573153617391,-0.6592963318205499,-1.1996529576499517,0.4873002654711707
-0.6764658154124951,-1.3323616593243963,-0.0341090789849195,-0.8245441511659853,-1.4883006223499187,0.44855874091824666
-0.7960240594345399,-1.4619752770623224,0.16097117072788722,-0.7545248769864403,-1.4779547879431312,0.6145542117541544
-0.7242025832047894,-1.1608465464368127,0.22315796422795334,-0.7686763361576161,-1.2940931135669627,0.5791664037834763
-1.3470277223530862,-3.7105115473082573,-0.06242286648345131,-1.179884256652163,1.8312397663945705,1.2479987748229944
-0.918161017354176,-1.5843543213303262,0.508752101512742,-0.7556773608352062,-1.420940704360499,0.7895005230627641
-1.072352561330201,-2.210593203707006,0.7548269521479128,-0.9340178060608119,-1.7022492189418839,0.8674776345253913
-1.3191636788828542,-2.3104947110289746,1.1183665076919094,-0.6600562200035239,-1.5834890419916545,1.264065456413899
-1.6444739331547316,-2.5839631676945034,1.575735260637615,-0.3740855173348878,-1.5236444993046452,1.7429969018599996
-0.701830595169063,-3.7104070453834908,-0.8392686806011661,-2.1584789642877062,1.399338643540772,0.1284403848751826
-0.6041466287804788,-1.4557316942460912,0.18741829649270933,-1.4028898919483668,-1.5805421290155333,0.2056795189896344
-0.5277039601677375,-1.732088146331619,0.06449441944521275,-1.6703079400950023,-1.8169372387956095,-0.011573295965579647
-0.5876725750278187,-1.8712111937026081,0.15819443516519346,-1.6795486740305483,-1.8604495979183846,0.04826853788865738
-0.5673386973330451,-2.0187760360625853,0.12054800258965251,-1.7948702450147238,-1.9722384334094942,-0.033081471784852205
-0.6202948879672433,-1.932579780207119,0.20587846388154768,-1.678400185740352,-1.8762464250141606,0.08294100282647698
-0.7968246044375928,-3.6111769565504797,-0.6516280638284476,-2.2252205489866155,1.4979547219471965,0.23883782402482243
-0.7574084460298459,-1.598363301494096,0.4980966479181688,-1.3521436144528534,-1.5378831212560722,0.41572642525764386
-0.6434591535389672,-1.8428748448165717,0.3159240936387564,-1.6508258411539702,-1.7829156193567408,0.14225350685633278
-0.6615275723847099,-1.6746638158622855,0.6344935317148768,-1.705765060235519,-1.585696572361824,0.21556294705019277
-0.4364432189544559,-1.1165475098678632,0.6658447309793047,-1.8971706000079225,-1.3003468311585396,-0.015068047684223975
-0.5365914281657914,-0.9009382516656308,0.9049524822694217,-1.6907142105182351,-1.0646165581295595,0.2192557205534564
-0.5042801557978871,-1.171322816851265,0.7925002032924703,-1.8633547245073436,-1.2789937469552226,0.08054383120341846
-0.6385808274102593,-1.1560676042182016,0.8418326654725995,-1.989086753910369,-1.2978786190587397,0.17632741699497206
-0.6593369595030941,-0.8812371863330499,1.0548359655786685,-1.9091592238730155,-1.0591575489993952,0.2893225950426506
-0.6385005204931725,-0.5116040867770846,1.2575689582601608,-1.8586915660158223,-0.7771384943247283,0.35816929366714734
-0.7360299826445771,-0.776961434253676,1.5225809892879674,-1.9635648657476192,-0.8431712957354216,0.4420902471954329
-0.5280569217976032,-0.0490620925367981,1.44664789864249,-1.9472104010423585,-0.47113858413828585,0.29639920343927084
-0.6292397832523686,-0.25542864759659073,1.716335858410125,-2.010993366703601,-0.4969042234215927,0.40455229833529716
-0.5529929478726036,-0.000884301302680931,1.670714454912557,-2.003685028655411,-0.373247667836636,0.34678402316306894
-0.608280930105783,0.012205733550668585,1.7628562671591304,-1.930744910311063,-0.3214603933220394,0.4443846453965755
-0.6453122965867782,0.2017275731778298,1.7308538114599792,-1.7169808009044065,-0.195826826284871,0.5660897321247508
-0.8005156430353156,0.19664016027210743,1.8537734622371536,-1.4492573026745206,-0.11227164256798539,0.8336164377871518
-0.7381578101854246,0.16405827303350096,1.6686637617111708,-1.5006330897145648,-0.20409662336611303,0.7161497358100756
-0.7715867088418883,-0.028575241723270434,1.5953076285381884,-1.5034507840314932,-0.3353360880490799,0.7153939269296776
-0.7551522114186445,0.08154292056690704,1.545249792135035,-1.4506530300543643,-0.28450490395686484,0.7172481941726517
-0.875176002864922,0.10503164212696503,1.5575333991207885,-1.41958352619712,-0.276954990869457,0.847819019232742
-0.8092077369442532,0.30980625162875547,1.4335065637574145,-1.3760267736092964,-0.20248572190084702,0.7927195406974675
-0.7851034658478567,0.3419791275189214,1.4719436604954625,-1.440077678900613,-0.1809073283210191,0.7559707866004283
-0.7698757700289857,0.6254840332074801,1.5869099514358083,-1.3756976211818837,0.02497473793722658,0.8107436167999109
-0.7380231196030376,0.39790799901153895,1.5273583137742854,-1.55258903080389,-0.14788380596401554,0.6850456298191357
-0.8032572098099278,0.3453212937830028,1.6218919788445263,-1.4986239575370766,-0.13398913822491515,0.7801458369807448
-0.7870959730007212,0.3656281634602068,1.558793816694289,-1.488072351607651,-0.14361322666982365,0.7573874406592043
-0.8552526589902056,0.18978080357288113,1.5275681883502008,-1.424140607736737,-0.2403906327685245,0.8240836924898235
-0.9879503647806842,0.06906585681015975,1.6635883872293211,-1.2826145394870752,-0.23512728547866885,1.0177277275350334
-0.874399660737661,0.09980642699604005,1.4777869484571544,-1.4079470882978145,-0.30449672321089116,0.8304053271010902
-0.9586892702994526,-1.7278474656692848,0.4773354700706349,-2.1639083837448454,2.9043595882435014,0.7826230601762035
-0.7246246246844823,0.06068509088518153,1.2890785051920093,-1.6567508399808972,-0.4322876716605284,0.5572863789809382
-0.7653051630218781,-0.11108124518022659,1.232625528419,-1.6373448996400657,-0.5428406630170104,0.5770735948884613
-0.7782099386543151,0.13305441472949786,1.16254418279246,-1.4203068374005146,-0.4006565229421974,0.6743754240953449
-0.9799965352284927,-0.5700930228508073,1.174501172530842,-1.6003033388741554,-0.8199930413015166,0.7453640570844938
-0.854720770509015,-0.19584854137544785,0.9611026501161825,-1.5278450294613715,-0.6809941644949761,0.6419399490677232
-0.9692261648692354,-0.4517153953723092,1.1509083518082617,-1.539753949720417,-0.7543573290917793,0.7622097069771813
-0.9513190469765188,-0.7879650172826768,1.0461545582630578,-1.7196952987134964,-1.0033085581403187,0.6312369599359937
-0.9714266715247113,-0.9338469782769724,1.0219789018239804,-1.747713376379883,-1.0958484782647029,0.6232341587244106
-0.9813557725848998,-0.7708979125889871,1.0360475998163896,-1.634743178649394,-0.9843243174265583,0.6901291027815231
-0.9188168227816113,-0.6653607741580858,0.9615001220973015,-1.6664471868717763,-0.9584908487683391,0.6134653425706251
-1.5342208859723123,-3.358560540445698,0.5098737455925335,-2.0845427067313573,2.0284248783893064,1.227484330535029
-1.0814480549417542,-0.8920591226985003,1.046093089584808,-1.4905337452894452,-1.0239457039432338,0.8289928144043426
-1.287902482075577,-1.3372596898643037,1.2280473802046936,-1.4068301969363382,-1.1881176955390576,1.0535630663097522
-1.522388940532608,-1.6663116221544558,1.4803220520462328,-1.233080552886615,-1.249661526619962,1.3608455741580228
-1.8151803660688464,-2.1109518146003885,1.787996076317348,-1.0328115201258101,-1.350104682115116,1.734108938510514
-1.0038886014971575,-3.4180175842300735,-0.5254379613375901,-2.6924474411028885,1.5304462373207233,0.29428944274996893
-0.8739267629106988,-1.3914739473908644,0.47752982250720255,-2.075223037327853,-1.6003591843952016,0.2664943003390855
-0.7676264971470634,-1.122305982814882,0.5053922024304349,-2.170016120056216,-1.4585836359258975,0.1590349778943994
-0.8431356057914455,-1.6562331398331605,0.5610058611147439,-2.3613751157316862,-1.7593342193416452,0.12681676926154312
-0.7608007979804996,-1.1997387085413616,0.5537021883362481,-2.2696227240443623,-1.4986337859876686,0.11822584514536698
-0.8946237814232484,-1.1456199734100319,0.8704457657216428,-2.131832346736265,-1.3339152028987458,0.3613876008750915
-1.074683464140354,-3.192449271054701,-0.03015024250866257,-2.8686345652174894,1.7944918276569117,0.41222538282667737
-0.9465628578315605,-1.2623546355306074,1.0433038470662024,-2.198053327134396,-1.3455940021499688,0.409711926347466
-0.8695582438913603,-1.0317181482465265,1.0458463878834465,-2.2361893208485744,-1.2248723079369042,0.3421987359160037
-0.8821011654875206,-1.2066290264549895,1.1643398832203309,-2.388795713229253,-1.3015586505532484,0.3069238156301197
-0.8469662310563176,-0.8988420267923202,1.2434797140038862,-2.3324838786207054,-1.0965554693745998,0.334917488956974
-0.8262925473668818,-0.5892058349156768,1.244922241349059,-2.1954232080487674,-0.9056402977725245,0.3907958873480953
-0.8389049179857319,0.012199373439435699,1.3966787044661764,-1.8975434842971954,-0.4767620786694154,0.5906580661893497
-0.8145518926894063,-0.7227079791102655,1.294300766303195,-2.3380748149895774,-0.9827824038318066,0.3256134278672666
-1.037578246889725,-0.8725986571713961,1.6621082615416631,-2.1530224464820065,-0.903546915571517,0.6636533230496269
-0.7636670163403491,-0.45987740686039663,1.435431189387008,-2.3841505910043774,-0.7960569630501474,0.30962479093233725
-0.79454471023931,0.05684569523069951,1.5994701954400228,-2.1033088245643174,-0.41162560549233984,0.5160431089268949
-0.7965163061719103,-0.3840879192798912,1.4898310732460334,-2.3017422734418194,-0.7220757102166976,0.38706945366643686
-0.8336165129292146,-0.3784389426116916,1.4893342028339003,-2.2168898739285066,-0.7056834142094911,0.4530712162063403
-0.8498285144629301,-0.14963514949103288,1.473192042748644,-2.0344020894679113,-0.5579870611653934,0.5502993720590463
-0.871420904764413,0.018216565340961836,1.44945579940341,-1.8706820978371534,-0.4492483799657615,0.6394379065175523
-1.0350581569919646,0.15589344630282925,1.6312430822362147,-1.5298401193207645,-0.25558656565229754,0.9655382975702513
-0.9985538876641622,0.16322603983122755,1.4885315399542365,-1.5212871306092832,-0.3012852245403257,0.9065163252832483
-1.07785272608346,-0.2610415568009949,1.4485486216843235,-1.5760225040578097,-0.5552542360150726,0.9184049559251756
-1.0795352586994218,0.005710216086055573,1.385551524568667,-1.3731736452427046,-0.4005536125056599,1.003450647125418
-1.0807089612791165,0.24627940908375467,1.3323786472769787,-1.1940977354026536,-0.2602868087189711,1.0790050496796575
-1.0497956953447287,-0.018564192139556342,1.1530432802462163,-1.3168059765845481,-0.4879016852164437,0.947476873738476
-1.1248957456110664,0.14743894062113067,1.2237541649464054,-1.0917094231939544,-0.33668816523885786,1.127967363254527
-1.009336274088488,0.19212229181240548,1.0972925849608866,-1.2490847486282748,-0.38227480728765817,0.9399550758110399
-0.9915663633211392,0.29205458884013813,1.1721287544583874,-1.2725343720163966,-0.30484749586807564,0.9378899877864034
-0.9242323683791919,0.3101970096046352,1.2320684118750902,-1.4478044661527534,-0.3011885224266015,0.8239746923168206
-0.9885194583999098,0.33428688955585395,1.3275240122018193,-1.3453464205522714,-0.2378728193256331,0.9430879978469215
-0.9790931477169695,0.35022006819734625,1.4441766161481164,-1.4261775501339495,-0.20026655777393237,0.9293173048385054
-1.0094148687852411,0.30449969711731323,1.5975703351425066,-1.4801167190681834,-0.17868293054765483,0.9646301741623786
-1.1315436339274973,0.019638548300796924,1.788980332048464,-1.4977560155932825,-0.2678915936676654,1.0872855377629185
-1.0443126343651694,0.23297824684682542,1.7077648894699784,-1.5192299249169599,-0.18389481577164812,0.9980981276557556
-1.0515979867672964,-1.6085761606630948,0.6089393511867669,-2.399684189687665,2.9627716883346613,0.8112196794992794
-0.8127844285169308,0.21101290256440908,1.5321351886519972,-1.9539002039630433,-0.3266192696508515,0.5833455572158268
-0.8342962693923734,0.04937595652516016,1.6522885231119462,-2.079463186000727,-0.39121790100048537,0.5678032371641207
-0.8337419331009313,-0.0723871302490498,1.5637956049438837,-2.1043630095704087,-0.4928885428777722,0.5301020984930984
-0.9307458098666026,-0.04316702396922464,1.72590886336961,-1.9702054252443266,-0.39765587371696004,0.7046002157101308
-0.8968818107062754,-0.322806627764542,1.6309914924658049,-2.161602225270345,-0.6138121574943785,0.5604302428730277
-0.8709008025879945,-0.3188719473067813,1.545455061134312,-2.1627803157074434,-0.6426463789291101,0.5193188572392973
-0.8837660941062172,-0.26025581640752465,1.4346680668565974,-2.0272720450360966,-0.6292869052665663,0.5643913233829403
0.3044981649361876,-2.0828830996559775,0.09441944332833285,0.24326601019120264,-1.4528359924009724,-0.048312102741763875
0.16325589249482214,-3.868394168476146,-0.8822493922349166,-0.3747729849996349,1.809258113538677,0.01597980768774088
0.2929222694022876,-1.7913278352988828,0.07814666201220576,0.45126446279845295,-1.2668604962087102,0.05868359686847762
0.4472152628980824,-1.5533086647188947,-0.11304809540038614,0.3624388841155045,-1.2194802445614175,-0.13783157912131552
0.2770620437282207,-1.5935039758619518,0.14797718807050056,0.5605525700615178,-1.1166979937484411,0.14310645898339022
0.3529730878295353,-1.3199484502624448,0.11027946091685059,0.5765119012171406,-0.9785660517939261,0.09212466044711358
0.4186538309155179,-1.1196540230135084,0.08139612259669905,0.5661153392343254,-0.8813502683645958,0.03693216197289168
0.39506242832440236,-1.036961645779221,0.13389877639285636,0.6358877103405776,-0.8064557310048889,0.10164553831486435
0.2032823834073117,-1.2945463327166415,0.3064189588183023,0.6658812339237286,-0.8889567375505157,0.30780505592125484
0.2824416530407855,-0.6045996813431418,0.35907608126318613,0.8724204091229296,-0.4617623657513206,0.37561570374895115
0.3619582868885377,-0.9298886763890304,0.21765588621265192,0.5807906831575527,-0.7353054044714508,0.13909430550646443
0.36762598168978144,-0.9212894613471746,0.2282295351339806,0.5652209276425813,-0.7291860268901993,0.13062671265935968
0.37641771898016346,-0.8917295144813923,0.25472972841622704,0.5457002860907376,-0.7065761881264898,0.12265682363775876
0.291642631534068,-0.3953661619885143,0.5512081952443589,0.8557552435656002,-0.28129515559202095,0.41523043877817245
0.33738324617847093,-0.9077316715418994,0.4279505551806147,0.5155210190339826,-0.6578612021650442,0.1809709040765494
0.3758307521107152,-0.5472223650051173,0.39931407746904907,0.6619087241950681,-0.44854804224871475,0.22175954964951125
0.23139471861832225,-0.35093992494991677,0.5581882938678198,1.006282416634464,-0.23044040294369583,0.5309319809829535
0.15563888851360289,-0.3387016615002101,0.6021242202489827,1.1544566974866695,-0.18455967942989018,0.6657618345474147
0.2739098154654231,-0.507515018049484,0.3379393122409047,0.9434807577195686,-0.4040247913315024,0.4105005624620515
0.2791774077611741,-0.4269297830589962,0.29040622355976264,1.007665954716442,-0.36694274595997706,0.42595446699869766
0.25402023115616496,-0.16208038130747562,0.39751255531208995,1.158809683679677,-0.1605406821011152,0.5477712188033089
0.10929863676093828,-0.3900228575659358,0.5264357200010837,1.1533664519166764,-0.2465098633059182,0.6902089143441935
0.034977094152279245,-0.16988095960681865,0.6411255245312787,1.3832743958446927,-0.04934614886026405,0.884958198092999
0.20030550328019275,-0.12237405780978551,0.38977530900491214,1.1918117239392743,-0.14346436728476233,0.6131099804465495
0.25508152403525564,-0.1254006360418545,0.2917026855416867,1.12560141735803,-0.1905746115479898,0.5174955610933607
0.22079135807395822,-0.12837342091760423,0.3555879600997668,1.1615774614916023,-0.1636399733989881,0.575295464046047
0.1858464976198068,-0.20428348090877438,0.41208435395517923,1.1593347049166092,-0.18508635491617542,0.6122866772310332
0.2197549521077617,-0.19459755577153612,0.32997540874951586,1.1380371976998722,-0.21249390643522167,0.556957937690506
0.222241464890005,-0.2675943780739431,0.2962980678378382,1.1073586923447951,-0.26904461009993225,0.5305351722420193
0.23005006036445874,-0.45674241027302626,0.20495219500305997,1.02926139042429,-0.41694403712671974,0.460776820834407
0.21175920387778105,-0.24247331161709412,0.22293662978697912,1.1879279299236807,-0.2687646688343427,0.5569784095257434
0.010719534733140862,-2.44205515277189,-0.7462664445586303,0.45007766673348426,2.7515662089255644,0.6014460470954417
0.26895061432368533,-0.6773893565140706,0.04197179996440209,0.9038815428140722,-0.6149578957124532,0.3273891710564118
0.337422188382001,-0.47748967737253484,-0.04303055252489731,0.9226928131604306,-0.5335471957830953,0.2693307257256011
0.36161578305628744,-0.41488750245711836,0.018908737454321006,1.0599690204525332,-0.4436884308797465,0.31189824551719614
0.27954646647533954,-0.9029861429339922,0.1706804367683903,0.8572884212688144,-0.6871388646826078,0.30521822118605807
0.34975852320707607,-0.886258245132932,0.2334246945176505,0.6713568578645334,-0.6848211995640037,0.18489323189433962
0.40864328190934457,-0.9704911189546128,0.2163470089917314,0.49631042789689306,-0.7642212953512529,0.05482617794114597
0.4039492898515282,-0.6592600138809481,0.28237038174713247,0.6532324215030336,-0.5462710936467979,0.15495625236693053
0.3723599956574989,-1.2347906943470204,0.22435110495543403,0.40869210056943495,-0.9188205612083851,0.03623668633213009
0.3578030077377544,-1.257133154545217,0.2682843277912656,0.3991772214067404,-0.916636772618008,0.05304725173459851
0.4052530603080864,-1.0552671771737094,0.3576028788477421,0.36327234517154633,-0.7805537748166257,0.02990292692232423
-0.040921458943718375,-3.3442700963745655,-0.13528986862586667,-0.16157955277935004,2.3946967935831114,0.4710348098009269
0.3321868906162808,-1.4115646044090104,0.520333282641077,0.2197072673301888,-0.9393885049054347,0.05025781861279591
0.22630310661940362,-1.8477730395328285,0.7045422701497454,0.08530202631964032,-1.1324180803002768,0.10210687299620927
0.19224718260038076,-1.8303985466968495,0.8370541634708442,0.09206675729181042,-1.0744818507062428,0.1643793176718541
-0.29777279817004654,-2.249764991364137,1.5111065125140795,0.5286766952182154,-0.9928779444479481,0.8845702281319168
0.39115327099919805,-3.5154034164990007,-0.5483335112262546,-0.9850521295593039,2.0240839860763287,-0.3328851666505023
0.5274153759316225,-1.4212384249121004,0.47154030139224057,-0.2278825537525629,-1.0339939044257291,-0.30811345636041154
0.537968820595283,-1.7078944358232455,0.434823432135907,-0.4056572287057692,-1.231052714811389,-0.41426275984496524
0.5856883888186475,-1.612244532074329,0.41807063384497295,-0.4478711387003101,-1.1914034000337188,-0.47056702158298314
0.5740541130945653,-1.8271321241291998,0.4171689561720169,-0.5543591038924501,-1.3253231543868151,-0.5168066021692974
0.5063582826414585,-1.6684637082789684,0.5379106347306957,-0.3823130896236337,-1.168447980411017,-0.3536036472277654
0.312157934543887,-3.5193012997684128,-0.319415737160944,-0.993827476678905,2.1018307671629968,-0.21881493515562495
0.4195530044686523,-1.361300655910136,0.7456249344555769,-0.1343503770820761,-0.8873682625227904,-0.1158262433517032
0.5120308995684443,-1.5597352973658887,0.6269712093520241,-0.3953024074334523,-1.0786476630487338,-0.3388851827530002
0.4812531728544771,-1.3450754006945116,0.9668391855699007,-0.4064510589482842,-0.8416210822543485,-0.22955500253559488
0.5889227161392625,-0.9106854182816371,1.1256359256559703,-0.48608380745871044,-0.5604746118289,-0.2935839275087259
0.6590600838905635,-0.6948519616105031,1.1282115015391154,-0.5189811370830193,-0.44690256857575145,-0.35410021687710147
0.6615961524963098,-0.9291872245766076,1.071120523442752,-0.6363841128033917,-0.6131501085939998,-0.43062125220751896
0.6496781034086437,-0.9589218754918036,1.097630243626241,-0.6963238974501498,-0.6320634079038919,-0.4385407522158977
0.5999987146218401,-0.6472659453945794,1.3631318667454786,-0.5608721721394098,-0.34576891254112985,-0.26455731445341174
0.6447589139763973,-0.3029467467923865,1.4968943055759514,-0.5377784842776693,-0.10651519561638911,-0.24402729145460583
0.580943244688889,-0.5617963455562598,1.6852150507952748,-0.6680824827556646,-0.20043869944282222,-0.21585478889800405
0.717431957724255,0.09808429322257003,1.6824537058440823,-0.5765838665442005,0.17255098342931366,-0.25779992997609147
0.6421062830953757,-0.11282718383260597,1.8870887486148664,-0.6618772363464125,0.11765527073057713,-0.1951580749480724
0.6660835923939236,0.014274210810777954,1.9021746141412976,-0.6510182465831242,0.19417851057518454,-0.20080164191216665
0.7153788320439818,0.10386357714223819,1.8250608030527629,-0.6643592092078926,0.21350571848560648,-0.26058149796523916
0.6422132941333859,0.23712599206132096,1.8360825043418665,-0.429502716964227,0.32720920327094155,-0.0932057454902845
0.4566023331272807,0.33005072504199306,2.013299442393968,-0.06696805078712667,0.49848793152201576,0.25644805502620843
0.5651634282677769,0.2973656120511435,1.7679162740588683,-0.18574585532437557,0.3744382338452643,0.05884633206185883
0.5884742410571133,0.10243553028773099,1.6354205503450225,-0.2816408456185663,0.20614388713848228,-0.041308193474818934
0.5899274982841426,0.2643464067037315,1.6109116014431524,-0.17928369628847865,0.3021212595264954,0.002098269776563741
0.5278090553304675,0.20270508829171102,1.6817031655935837,0.04935548068175518,0.34141738769605623,0.14999587713823
0.4341090663758035,0.2009711138063696,1.7639153529856175,0.20184913183798828,0.3943369454567811,0.3091138308046063
0.5844762369304984,0.4078025432556906,1.6183928008920772,0.07113774301093793,0.43474260213426524,0.1068747253374988
0.6006845944995094,0.6172097159075357,1.7233454268214927,0.0945099703201967,0.5902337883466249,0.13766248910602977
0.6406062277180464,0.5008692919952221,1.6972735686281588,-0.05339480171803344,0.4944934756995208,0.030741910293551195
0.5718204585768523,0.4421192934268811,1.8150117676904431,-0.009206542012264077,0.5117928627486236,0.12971683547503723
0.5730955700882484,0.36025768342191367,1.7541261334251674,-0.028410975644675,0.44263450215477534,0.10215460554394805
0.5909349701365307,0.2657549444863707,1.6199457234914132,-0.04614894595230507,0.34047719503324025,0.04422973449765309
0.5454805625075423,0.21725130939520515,1.6170133255694608,0.027130077477740586,0.32462295642838546,0.10908415854285229
0.6771539255968382,0.25543368776636804,1.379624583937519,-0.10322354501287016,0.2400635377460512,-0.10677860397185691
0.3472670839621446,-1.791002254126546,0.7544523343482183,-0.6668492239887424,3.4942776339660817,0.20364348499993293
0.6721811632234549,0.17667415062573985,1.4718337957122107,-0.19824882447452474,0.2153726542540344,-0.1253911537664684
0.6562857210279452,-0.027180524416354077,1.395600951567922,-0.2419770242101692,0.07033163071870827,-0.15858841551715275
0.6346984987882697,0.2113902903206936,1.3942851635933518,-0.050362485917960644,0.23008065193850458,-0.04919964622307127
0.531763816323475,-0.4450176011823899,1.3473265527333702,-0.07426130626793831,-0.14053332195480644,-0.025901724447873576
0.5720228860794324,-0.18943657607362685,1.2740788887089198,0.03259883165714584,-0.010613787377364695,-0.018580091773128766
0.6095542445343707,-0.2850973649459553,1.2254260978609675,-0.07966914911473222,-0.09781877954504486,-0.11240549696947841
0.5927155320914608,-0.611908025040771,1.1980439542925385,-0.22261956483473544,-0.3081316229051549,-0.18098792439177677
0.5326761072172435,-0.9639798359532165,1.1982902740001038,-0.30053917991543216,-0.5120836979938154,-0.18169667068863682
0.5011668825625495,-0.7457342824480203,1.2483084508348172,-0.1273538430299706,-0.3481077134113071,-0.0607858102028181
0.5874520939090254,-0.6228696448381462,1.13602127558424,-0.1790914634236475,-0.3294900680221738,-0.17321192601865645
0.14316379759008865,-3.0273419337425294,0.4881534494472866,-0.6881007002399575,2.7301656433658943,0.23113108601355764
0.5457527870909329,-0.708149049905775,1.0959475415315458,-0.11381801566248667,-0.3799337646151976,-0.1251806746350346
0.40131886136817985,-1.0202349460465228,1.193267405082485,-0.03767134750378836,-0.5030727752220917,0.032329318453236514
0.33055161890762746,-1.3131526856841906,1.2228869103234228,-0.0751756892439851,-0.6578312486383128,0.06693196261446595
-0.046949064951840196,-1.6046496301394808,1.6953275978839033,0.3084735382296757,-0.5870708020085947,0.63231006625203
0.37360682890508756,-3.171563738775607,-0.09507223766018742,-0.9470255827504125,2.40266109491939,-0.20920803544469097
0.6448630666211175,-1.234383821019618,0.82460774899146,-0.2514880008304793,-0.7691448734562725,-0.3701398686685778
0.7343936196923336,-1.000642992575569,0.8665704786142933,-0.33858738417593015,-0.6404087500751915,-0.45909974630520767
0.7462538569937062,-1.3678158022660827,0.8533509337149225,-0.5836145114961468,-0.8834115593376186,-0.5932079453866015
0.819858999694872,-1.0690258224267617,0.8438508918127486,-0.5663996849737392,-0.7211164929200727,-0.6342049491444451
0.7062899448406424,-0.9019414215771875,1.1383779213133198,-0.3922838085506549,-0.4971047036649888,-0.39198084829752533
0.48954045999588025,-3.03832940020038,0.29171680140772094,-1.1334972922927802,2.601125588895366,-0.30483775084090925
0.6749193456154722,-1.0711143415905897,1.2858516635691077,-0.5211019948693462,-0.5562745246747882,-0.3952570932297138
0.7030735161907473,-0.9079823555698688,1.3416723644007231,-0.5225916118521104,-0.4474911350849866,-0.3983236286881483
0.7825520160348537,-0.891268660818451,1.3368541325935364,-0.6913377984839886,-0.4664649635445326,-0.5349320852961197
0.7176448401677877,-0.7098804284001962,1.5257134338976797,-0.5531744295379215,-0.27817057795610695,-0.37137638616656604
0.7764396022292259,-0.39795931414678243,1.4861890253636332,-0.47558591482046775,-0.11002549877605385,-0.38109118179554524
0.7987397656513205,0.025678861908243908,1.576062357916627,-0.32633156640294003,0.17651007178443767,-0.2953237638462256
0.8041625204827342,-0.39904433672867357,1.5727156543072236,-0.5964162389820472,-0.09832933910802781,-0.43510105839584085
0.7272711957941432,-0.6299452874941347,1.894391073437527,-0.36917196647115524,-0.048434266969585686,-0.23979977433507815
0.9027162207844586,-0.3433741944594002,1.752778094192363,-0.5069385107630989,0.03547481360350816,-0.4604202860017643
0.9508109820117016,0.14343400768330503,1.7289694403620777,-0.30804744888471636,0.3235229593655077,-0.3981066892210495
0.9565251400667906,-0.28101266775796013,1.6380491776114525,-0.5250719194998911,0.025821312652459457,-0.5360431188705064
0.8680906374325034,-0.26205074115888677,1.704171547524889,-0.35713227449423435,0.08637117218626747,-0.3769953414245044
0.8141374572934761,-0.08951101781098454,1.69219117164016,-0.1264623486186056,0.21249786305217763,-0.23040064028505153
0.8450730677024576,0.08879683358857948,1.6296883268554316,-0.05095198656263856,0.29918043027182173,-0.22982106154244594
0.7560119278518067,0.09597009602870907,1.6775059039191773,0.12436186323054664,0.34779427244785477,-0.07179014723533889
0.6966138061493379,0.2441213416832176,1.6798663197019628,0.34587223135729,0.4641977590018576,0.07773245569174048
0.7237854454336005,-0.17707314423286877,1.495471101646682,0.14115520763413286,0.13663993528087712,-0.0939142743367151
0.7274138463169597,0.1033961374582478,1.3889610729990378,0.36667500070208087,0.2868152259897536,-0.013100893701862341
0.6603564560611739,0.17337369064960328,1.389172806328457,0.5581796834207345,0.35522754209535207,0.12564931056261883
0.6471533437236783,0.07734319697515758,1.2977393087033098,0.5836234807445178,0.2743111982401626,0.1211447343541533
0.4837626956566589,0.1896593203737767,1.5066014859876142,0.8547635694377913,0.450668056142769,0.42509278246167825
0.6592152131849118,0.2856358544623051,1.3335680782970882,0.6220765275174439,0.40450383814779656,0.14810129654790719
0.680246391816653,0.3545237324528563,1.388206696866314,0.5847144390944453,0.4556096218728239,0.131318738908503
0.7659976670115501,0.351716028818807,1.4121538804105938,0.37715041750816564,0.4299015588127479,-0.020616505526151997
0.6754659730474438,0.26127266870418325,1.5316235758633558,0.45470139664122555,0.43551054655372406,0.1094789407654397
0.650755717826684,0.3357632845133907,1.6570514565900014,0.48067895675526817,0.5249581963354261,0.17345177650746416
0.7475798103315996,0.35244945538404243,1.6860801758199586,0.25413087482185304,0.508876054744116,0.006338063524202124
0.8203624705866199,0.254063590848052,1.617209249667394,0.06893572853488864,0.40174967473354456,-0.15222403518056074
0.8005748067471897,0.35884052280465895,1.7105663449816344,0.11658919428477668,0.49994628181197,-0.08958333478687272
0.6050686267664221,-1.5204527482251082,0.9084668162788049,-0.543317073720159,3.76691120537425,0.03727355721759109
0.8855367295496679,0.2026950910754932,1.659437537525364,-0.14539013500599143,0.3558604025205875,-0.28945309484249426
0.9065012025841976,0.14729508273388242,1.8142776498235884,-0.322992442943833,0.35333610695559653,-0.34841266515707753
0.8929677764327503,0.03690347907002556,1.736585233447012,-0.31589709211608796,0.266757770523571,-0.3580711533712333
0.6937927420812023,0.008390661120608335,1.878268739653496,-0.28909149188260386,0.2865717167459423,-0.13160128589277478
0.7027041837549393,-0.2880185524917864,1.874549425811594,-0.4897115339509488,0.0924519697122864,-0.23890251495325576
0.8032192274281273,-0.18020757928879433,1.6878757463808436,-0.5342766418604838,0.07718459202311835,-0.377635306838154
0.7447332525733474,-0.1634622967228313,1.6400160123799867,-0.35968814334306165,0.09640067632682636,-0.26624755354423424
-0.08788412850591913,-1.1136461565725628,-1.705580126442355,-0.1805114559631794,-1.4613676725618168,-0.4264151683108346
-0.14852475004005747,-3.009104252945888,-2.817444370127256,-0.9675946019181936,1.6660820077218477,-0.5361763967332748
-0.10074746888974313,-1.0218117790995491,-1.7442638645971813,-0.07999328192621721,-1.4089060483026068,-0.3787847941513287
-0.06534550773874408,-0.8069597541861785,-1.747732094468799,-0.028566755386554725,-1.2849636416906844,-0.3765631089160091
-0.0840634179643595,-0.8045940033953617,-1.6808690029499653,-0.026732389763254975,-1.2593922124202834,-0.34496889078266185
-0.06739160694577649,-0.3923735228443896,-1.569479470501273,0.11683256977230945,-0.97237409196753,-0.2524098263457828
-0.05678020688482911,-0.19846939051190085,-1.504717342405395,0.17707942608034458,-0.8344916110704376,-0.21074090817611058
-0.07677593141395052,-0.18516538227061885,-1.4501641684193427,0.20407800434929935,-0.8039252282122545,-0.16907789652029276
-0.2748871211858335,-0.19807375786113135,-1.331424628570477,0.1764266729230392,-0.7984483861278355,0.0357767428410804
-0.19085769607960545,0.38963038465180855,-1.3234699396162504,0.3456927027587395,-0.4493324744732667,0.06936350473787999
-0.18329276645630876,0.06884874543500578,-1.3314595512405785,0.1440262960763022,-0.658929375922323,-0.03870599844718271
-0.16845519385730615,-0.13781929803086432,-1.3806232048806608,0.01689775464928584,-0.8091792822533299,-0.12564611629902772
-0.1701684421587405,0.04193211492204434,-1.3150891849253512,0.0915558880894169,-0.6761929658425557,-0.0687341159559143
-0.16668285342503766,0.5191431947067282,-1.1644738189806194,0.2831991017750822,-0.332360187467606,0.06736184596698853
-0.14540266613997646,0.05544214517054912,-1.2438147416420031,0.002514691852681477,-0.657448175207732,-0.10912398900464794
-0.15898189140263266,0.2922376724585773,-1.2346038097482037,0.16032932749321704,-0.4996917207608958,-0.018922972854356263
-0.2385409734695339,0.6528501164880594,-1.1671998544781088,0.506109118804935,-0.22410243026011312,0.22385170623783177
-0.2379756592850523,0.6391488808913229,-1.2677342680174046,0.5468319137385571,-0.260454906583832,0.21556723232402072
-0.23466666282647158,0.43413186063641185,-1.379249350077582,0.472211638424648,-0.42308267669443733,0.14465077452761457
-0.27224570676139526,0.6070695165395186,-1.3451812680202662,0.6406257794889462,-0.2901994874238433,0.26255650853365725
-0.23317491786213018,0.7414990275219856,-1.3303752800684265,0.6293828389339253,-0.21371793033434527,0.23622428411787275
-0.35815817459290566,0.536289372859607,-1.334043356977088,0.3945390252541482,-0.3890295183035643,0.2559053549434339
-0.3355701708212786,0.8669828290257973,-1.3488666282765898,0.5570289560097377,-0.1889134308358415,0.31882820377526155
-0.3437644802525847,0.7911538297314358,-1.3659505053579366,0.5400645440249714,-0.23900531600911823,0.310758295815713
-0.30658651482167704,0.8917132128218668,-1.4295137427023954,0.5509333474789408,-0.20495430403099416,0.2746180761891971
-0.31680165411058386,0.7657707168497995,-1.4212856957979683,0.4877364522162355,-0.2802371873921514,0.2517083945312128
-0.32912402772334065,0.7513891161507211,-1.4038980495865425,0.4912725532153852,-0.280982727491931,0.2661539135283564
-0.3149785942698669,0.8062946636277587,-1.3837984180691272,0.4756739028014505,-0.24603537261407954,0.2549028873988968
-0.34871313546287014,0.7357972910432603,-1.3886580185043267,0.5129502893576189,-0.280379463104317,0.29373438694166315
-0.34723369402465315,0.5598400197911321,-1.4596205408847636,0.447246786010673,-0.41201179754585576,0.23996958079079814
-0.3409692279478793,0.6982508656363474,-1.5143476258708986,0.5512955174054542,-0.3399096080638958,0.2727793005631064
-0.4456672609223133,-1.5504613217212186,-2.621094391896817,-0.3470304542921925,2.579048426850052,0.13686488174015915
-0.3062263459801394,0.32376778154184005,-1.6419747960832116,0.32397175875250256,-0.6253070579452138,0.100911129280298
-0.28992507021891817,0.520012098229119,-1.6245294409875064,0.392966831575679,-0.5011627401052976,0.12996120601975972
-0.3426374063958474,0.21678342702101885,-1.6298766725060536,0.276393303736768,-0.6896681578996215,0.11127636548704409
-0.33784520085768227,-0.09088809627722097,-1.5908722530323516,0.05315194178017717,-0.8782480646539944,0.007260434310435025
-0.26695758650382073,0.20656064009188407,-1.4714934631888215,-0.0005680692507833024,-0.6818533035998663,-0.031372435978918686
-0.28453562099850266,-0.05961592509977631,-1.4056427388827466,-0.16396517500814764,-0.8288571510005577,-0.08360050165830565
-0.2916169898853243,0.2630579457353968,-1.337503409338956,0.004154011431325363,-0.6021676216018809,0.0242583045597226
-0.3101100582417173,-0.3673446853286417,-1.420335131903887,-0.2878342646749814,-1.0209563262138568,-0.13354514022342603
-0.3177602885562789,-0.3002992565704375,-1.3755231179710992,-0.2590911172849985,-0.9637665984917134,-0.10171513778018418
-0.2987395041708254,-0.19108757799903242,-1.2641916354284226,-0.29857968260127044,-0.8709582494377899,-0.10233731124348325
-0.6750872634706148,-2.26441985032132,-1.839965988263506,-0.7973427227391521,2.3960664073291658,0.284138904039843
-0.3968784329708671,-0.6395739119724675,-1.103028648473953,-0.4361805911156566,-1.0799072210218197,-0.06340048687548344
-0.4312556062670524,-1.006372564580717,-0.9986488918768731,-0.6386558901482359,-1.2745466635497176,-0.11360760285694435
-0.47785470502626903,-1.0754316362954803,-0.8853867516428594,-0.6420459212705046,-1.2723165507643532,-0.053803061837225774
-0.646013714160296,-1.1684347127069568,-0.6482980043439902,-0.4641902406389086,-1.210153438119363,0.20901642294096226
-0.296268208013802,-2.5445007613473964,-2.1993594431871637,-1.5878017969253468,1.989762182483725,-0.4541032952017632
-0.1768726205351877,-0.4890724001397025,-1.222094586992608,-0.9306041646129171,-1.1295166935337282,-0.45955552369202174
-0.18426910373169375,-0.8792054668684236,-1.2552254868243156,-1.132284313276802,-1.3854476751466753,-0.5652317462164798
-0.17747812007755515,-0.681217373602857,-1.2025851288548952,-1.0731203850860997,-1.248619112891888,-0.5253025618379834
-0.20144486834038608,-0.8482446029805712,-1.190679935452043,-1.1412359365235951,-1.3451864785590952,-0.5409845591883082
-0.2333941074064737,-0.6881978128153717,-1.138019154629943,-1.018051679413239,-1.218937239212855,-0.44427702519288076
-0.33820014871897913,-2.6584364193425305,-2.1697922484912024,-1.8077494544629236,1.89653614764705,-0.504825812398472
-0.23125979617331688,-0.14404980949707327,-1.0486042424135313,-0.7727301661760803,-0.8503968004140227,-0.2979097900523957
-0.18328013211114824,-0.454744567887325,-1.1288992445816588,-1.0308790510689367,-1.0882742691496639,-0.4805129463295898
-0.18575343978923317,-0.2855289058159799,-0.8328795176975995,-1.1125976728393285,-0.9024109055165606,-0.4369606178635221
-0.1153775999266452,0.0115366445006329,-0.6419209683283179,-1.2170354291725087,-0.6880748940650611,-0.48069945524469365
-0.10528075627783891,0.19258875549678625,-0.5508022466191315,-1.1946977196661015,-0.5527615839632938,-0.4504872414409001
-0.11872845274453236,0.09547616073340211,-0.5637524589257649,-1.2244693061279277,-0.614399871569279,-0.46057675079333843
-0.1390691172143394,-0.25835818264299865,-0.6045690725679159,-1.4450071825094561,-0.8601043134345118,-0.5597007225524809
-0.13598027538888274,0.26802777242845544,-0.3899955115489707,-1.2719559793812334,-0.46886979515556254,-0.41484950010977684
-0.12450924394490316,0.6511616714833864,-0.17785143834158898,-1.2022296508096046,-0.17283159755061675,-0.327792849070758
-0.16133980722857125,0.4429740800117971,-0.03953276975228374,-1.3355070830144897,-0.2573120368305122,-0.3323765761904541
-0.06761942800636501,1.0028537765747725,0.026807427097893095,-1.2535108322318271,0.08464314916336531,-0.3324769609032381
-0.052023034303134895,0.7205619954266786,0.09735557404406925,-1.508434850344919,-0.08358343522818898,-0.4504495357410615
-0.06388760563242334,1.104709261488801,0.20665048934567642,-1.3216599123917734,0.19452245893363304,-0.3186984604213979
-0.05856312352578432,0.9755614711249366,0.17712503445381697,-1.385956158260541,0.10300077784717197,-0.36250224704017653
-0.10583372333499415,1.2938315610729871,0.17288844125038058,-1.0765647753575023,0.3230114132929086,-0.17842284476640902
-0.13521862835573745,1.3732930364735543,0.1274214572535612,-0.9269932939099625,0.37306084832264014,-0.09740198426654664
-0.14706144343093583,1.3744531549585384,0.08096115232822465,-0.8636181406475081,0.3665440369250878,-0.0710356957079761
-0.14381128066209997,1.0789021173561215,-0.03792263012970071,-0.9769265533999761,0.14515722636779008,-0.16323336927636223
-0.14335140241195568,1.328564793106199,-0.06672184596178875,-0.8135479607423599,0.29680114450798106,-0.08978110541001677
-0.17104962879439622,1.1453791307122638,-0.1613366944957089,-0.8249054572040214,0.16067713030405179,-0.10209668614766547
-0.17761348714032535,1.3131478475032403,-0.19120205133212487,-0.6946851310066202,0.2621202491392671,-0.041083983942482076
-0.15150242813849688,1.389413765485855,-0.13636911438111238,-0.7439509350819871,0.31574586797995646,-0.06707232836571957
-0.1296625103647305,1.6219165060718364,-0.045547210675496115,-0.7096208969309493,0.4804169377892868,-0.03833421325745886
-0.12363821736321909,1.5109771158654066,-0.043459457979999325,-0.7940622841933516,0.40761119579894495,-0.08393390088338708
-0.12820676969175418,1.4861575505570088,-0.020245678638562546,-0.8153463268495922,0.3992048354624968,-0.08520473701317256
-0.12974749695332255,1.3653586761118943,-0.09099276200856056,-0.844754755156775,0.30363883311397005,-0.11884000731593468
-0.16520584636206728,1.2134726062164745,-0.17632027743223438,-0.8079082171908203,0.19634953669896624,-0.10174617219340613
-0.20449278937846402,1.1213853796134923,-0.2084356412277693,-0.7584025610357062,0.14265270522192053,-0.0609380484455971
-0.18730035759616784,1.1512802155392627,-0.23277874906260773,-0.7665882881758771,0.14908835188580197,-0.0828556210328751
-0.2788024042353197,-0.6933612531805833,-1.208947572768893,-1.5324825246121547,3.355889462203564,-0.12421976308832978
-0.1303176986162455,1.0286967746093745,-0.27744714959030825,-0.9507787232696645,0.03792748850754907,-0.2241156462081309
-0.13803626910716704,0.9542980081445487,-0.34075793549617184,-0.9524997174976465,-0.024733169492675743,-0.23796806671935228
-0.1738391499454801,0.9249672938079972,-0.4150903801453542,-0.8572071679992699,-0.0515219344432219,-0.1883974341467629
-0.2849608022891114,0.522785128112231,-0.5309523670601151,-1.0254085151686954,-0.35229918948481564,-0.2002686602107997
-0.2832303461156509,0.8120862604091562,-0.5676786714925656,-0.84330756649193,-0.17850123531204545,-0.12055339293426583
-0.30685697098580494,0.48673616214133447,-0.5397004074814775,-1.0098495622877874,-0.3715341570633698,-0.18117374665831637
-0.3322083455824897,0.32468471314601866,-0.5342977953647036,-1.060020188253128,-0.46539135553124594,-0.18871134219187236
-0.3357521636730873,0.12282029760220015,-0.5970583895232462,-1.1420774618151817,-0.6103317527471906,-0.24525185868321397
-0.34386626789217883,0.25501399768421146,-0.6041089231212919,-1.045306591736048,-0.5252657801325296,-0.19363159333954272
-0.3523209122042593,0.3098745330911973,-0.5888803235925297,-1.0103960380758612,-0.4839357209814165,-0.16657147159763436
-0.7499626198097573,-1.9299311064842817,-1.3034060620039822,-1.49274067911012,2.6462922389698726,0.2026014286842463
-0.4833230453560792,0.054666602974279256,-0.5829888139399279,-0.8923001951905122,-0.6010904174915913,-0.02246065442878119
-0.5234654463344194,-0.13733276282533893,-0.6248146816832849,-0.90213029965926,-0.7215941278495134,-0.013645864308146696
-0.5821271419014296,-0.38702902754737284,-0.5874277064084069,-0.9521474030670377,-0.8515756958985208,0.00906990051725197
-0.7902871805524414,-0.44104542973960953,-0.3323646043135481,-0.6781485063903016,-0.7462121047045384,0.35053040999233753
-0.4991436407510734,-2.13267455388615,-1.9174522827886962,-1.8470545805995024,2.2629496651480965,-0.30756322049257667
-0.38118243860279877,-0.2686400071403375,-0.9308787191398229,-1.2903848625315057,-0.9711309649263273,-0.36351195725082125
-0.34041418714880134,-0.044364916568334585,-0.8040478911761105,-1.3294617962005317,-0.8093521395812212,-0.3735699952276443
-0.3230126787718671,-0.4113933445283031,-0.8579044347831727,-1.5619553678334048,-1.0648603704995867,-0.5163266089186814
-0.3093814474259508,-0.08365264104476441,-0.7696504200765044,-1.4512636912825243,-0.8371402408906261,-0.44482512572349825
-0.3312907946127722,0.014501544018994068,-0.6380809316714846,-1.4259157081021856,-0.7323947509773362,-0.3812883965959469
-0.4562013615896696,-1.963795125064115,-1.6077925373640354,-2.202982492495093,2.4022549177075816,-0.40516438699438423
-0.3185888695903522,-0.045934877533488024,-0.5403610497532116,-1.5599838725558264,-0.7508318643225182,-0.4292692404325445
-0.2795952550218505,0.12344338632762152,-0.5015369620135119,-1.5763886603026644,-0.6467820320270059,-0.4515421574971438
-0.2787505698691892,0.1697509208492393,-0.3690510561771923,-1.6382211009985554,-0.5834057126042356,-0.44598808688941277
-0.27157693150846846,0.24137536587313732,-0.3192554969769601,-1.6489729102221111,-0.5277795402084402,-0.4420703468604236
-0.2638065496587047,0.73440868900766,-0.23145297411608312,-1.4267919173630719,-0.19252566215311237,-0.31111293877129326
-0.2754212123012667,1.175654855874841,-0.07969049854044419,-1.2282346810553708,0.13350483688674739,-0.1616603665378329
-0.2697318610792275,0.6613682089774333,-0.08255119192499227,-1.5535535619116883,-0.19862401935048646,-0.3291524586953691
-0.2697574524611772,0.501113887100605,0.05619991594679838,-1.5221847037771303,-0.2176106365446286,-0.3062772661934882
-0.16608879716657696,0.522407049182161,-0.014597808687950147,-1.7022648901410025,-0.2594970145689235,-0.4824906195828512
-0.17218682788873138,1.0447721679593722,0.04811319268569101,-1.412416106691337,0.09317944976795171,-0.31578132909275525
-0.1768011546902018,0.5663728461310046,-0.06364223688320977,-1.6263058796779302,-0.24086536639233874,-0.4514100984188488
-0.21989119805578525,1.0435327356855892,-0.015005510358475105,-1.272243090661307,0.09226462293260775,-0.23289422339049423
-0.2687290063134682,1.0006385697391889,-0.05742855201634415,-1.165071904688,0.07073519159875598,-0.15999059596176815
-0.2659764521217559,0.9543869919484081,-0.1400049525204936,-1.150014549480786,0.018420489551403497,-0.17737601947227685
-0.3250577004877827,1.2334424997223439,-0.09279957932258856,-0.8769806655123326,0.23026093618517302,0.010348425360202314
-0.2814688641013106,1.320304774810445,-0.2400069338348922,-0.8333879084043297,0.23177653833616585,-0.03688937934136368
-0.32283620487768533,0.8674502816280083,-0.3427917148889918,-0.9525758027212844,-0.07037546469240338,-0.09909430367467861
-0.3587750119704432,1.1742455957626101,-0.35858989676325737,-0.6770954077941513,0.13444948482006472,0.05742442605295695
-0.3536083931690172,1.350332126519159,-0.4353077283970357,-0.5373566205083955,0.2250030772599087,0.10261519227766037
-0.3701248510048466,1.185713655918077,-0.538283668073807,-0.539308210804514,0.09831057139888745,0.08325148320611724
-0.35445928648457553,1.3497728507436875,-0.5159517232697767,-0.3198893249847746,0.2410076690335667,0.16431708486868832
-0.31388435265372694,1.33963605955423,-0.4967914191562884,-0.43033992854411807,0.22505785164856876,0.08846414721375148
-0.2812821789177494,1.3971216431011038,-0.46059280311320583,-0.4908332292986411,0.2598045673160566,0.047525051400975876
-0.23927589035818475,1.4085895633270789,-0.38397005409253043,-0.6247309566663303,0.2723953879790559,-0.024850859172017917
-0.271763750409961,1.350699576605162,-0.33304801652260885,-0.6177896571166809,0.26018777244895497,0.013617913765376384
-0.2518507752555772,1.3830364149370566,-0.2407531641551998,-0.6989080106702678,0.2980572501395047,-0.013830721076032377
-0.23985476416596088,1.2413172526669722,-0.13781125006167239,-0.8769069684230909,0.22987382000387338,-0.08183057411125828
-0.25256027319378094,1.1520332171975116,-0.0909337657264009,-0.9359548663217302,0.1890510760907824,-0.09023304688571758
-0.2152744800880594,1.3421645136478828,-0.06302462178675901,-0.9266594575701382,0.3043733795336619,-0.10156867561839684
-0.29299301897777186,-0.34398326257417616,-1.0207956826746631,-1.6414996918752252,3.612286690354643,-0.12100377823958712
-0.15555857068181858,1.14481790731698,-0.05300493016061007,-1.1970275910445145,0.15860256922771612,-0.27243360086682283
-0.13602115657393815,1.0727082550714873,0.05512112313467545,-1.357403369522401,0.1332382047513505,-0.3350063059202815
-0.1634978774619281,0.9286754674030653,-0.003522100521477572,-1.3549620821665695,0.03467798163517874,-0.33281454483475514
-0.17551797259493973,1.025279117744745,0.010383878364711921,-1.2696884533786388,0.10714796907028643,-0.280926975898231
-0.17314615711682985,0.5328726211196629,-0.05284760143232698,-1.5424020901949091,-0.2260906104506094,-0.43693532741263397
-0.17393440794807483,0.8207353067618331,-0.059344676795849274,-1.3636893149388554,-0.04343351881507005,-0.3487114437201286
-0.20203405971678579,0.9432705454490244,-0.14735377692977603,-1.1734265555579582,0.021779850863702797,-0.2601515416751893
0.6429543636873447,-2.440954479475348,-0.5611655191914363,0.008108280004236676,-1.9019277205765532,-0.3973821774124996
0.5311814293578887,-4.017994958966477,-1.5531722269802002,-0.5406416342994481,1.4791215596328964,-0.32145184469599036
0.654446072261651,-1.9670699247523245,-0.5754333585733005,0.27346755561849473,-1.6069079331801353,-0.2757797829624613
0.7541818343138125,-1.70933184840194,-0.6735412914816911,0.26285138878450826,-1.5031817700458152,-0.3722131494150103
0.6554223834687498,-1.7413642073355176,-0.510709628724046,0.36490961613369993,-1.4461962504495454,-0.21246325924129583
0.695682387537647,-1.6036523563501173,-0.4828819658751594,0.33910147124419304,-1.3651823018749973,-0.24327023183277754
0.7452792061002796,-1.3980941106695233,-0.47491224241914254,0.34574263543259776,-1.249235890019978,-0.26933382326998506
0.750562473344014,-1.396713000960791,-0.48891014964012103,0.3416308204649407,-1.254040606724211,-0.27870729442450765
0.6642728222146067,-1.432242590535509,-0.36331853197011565,0.46547737510072346,-1.2070512423896627,-0.13071148627230728
0.6774055685168823,-0.919432607979513,-0.26156107828059755,0.6833928247485632,-0.8569739882703644,-0.0013435229459774639
0.765768837207291,-1.3243336537785357,-0.3981048316306357,0.3207542488857409,-1.183307028312118,-0.2777198318204159
0.7847217043524276,-1.1925959675825777,-0.3891217119428631,0.3508546253484455,-1.1035055475598725,-0.2722136483266746
0.7810509019906657,-1.15066774654577,-0.30938721099113226,0.3346409736269509,-1.0545975902857734,-0.2556473378599426
0.6803428578856952,-0.7065944684202221,-0.009660106676290553,0.6468596014896458,-0.6562917646243314,0.04907640208309655
0.7479927044715674,-1.215945435821164,-0.19086418896318094,0.29426312085334744,-1.0538890569190353,-0.2215998980851954
0.7322449238506082,-0.8086427880737042,-0.1414812609427131,0.5435423282146463,-0.7749895819848187,-0.07281863935112835
0.6595012829498041,-0.4919436657717507,-0.07855218121640387,0.8577862269079464,-0.5303631550402542,0.14864386314423547
0.6889197608895247,-0.5966159260876248,-0.22573574232537524,0.8144793406108816,-0.64665464074161,0.06686256122795517
0.6311374208421365,-0.9007746514589873,-0.23743521813285146,0.7643715152204492,-0.8241971335933891,0.07526143303840083
0.6727763384814973,-0.799909226491607,-0.3272918813655599,0.7847276541934088,-0.7981078237209356,0.03369595235921288
0.6921677198845374,-0.412543538801751,-0.28565543706655894,0.9495556458053589,-0.5462463981986606,0.11560943193869772
0.6003464672973117,-0.6431520213840762,-0.21329412069761747,0.8905044760573471,-0.6602839724842252,0.17678099719288576
0.5688199678405617,-0.22974218323317563,-0.11563194876993545,1.1515930441220896,-0.35904722788941196,0.35510441664744447
0.6292988586609555,-0.30552035873286437,-0.23584274669218352,1.0417195460692295,-0.4605579554275928,0.227760550358986
0.6637236073305651,-0.3618902871085621,-0.31737696005278127,0.9789270602924126,-0.5302659340943354,0.15146943615493946
0.6428427687962074,-0.4352470700132828,-0.2848635616924888,0.9611379407907493,-0.5613473535348198,0.16497748963010062
0.5609073368879505,-0.5354066034376959,-0.1794562303631125,1.0201890319307712,-0.5688575272848738,0.27635639665909206
0.6431710319331204,-0.5091039121068281,-0.2673314208952146,0.9038410242377295,-0.604238683489786,0.1409590392881516
0.6418085410170683,-0.4739965049470379,-0.28465589025292465,0.9373678220572005,-0.5859594329894775,0.15375309023746803
0.6534660075176442,-0.6694477916023751,-0.3793192755932148,0.8488157807896957,-0.7401238989678545,0.0753717323623395
0.6026310877360377,-0.37025491454549875,-0.3162858517829798,1.104756664622678,-0.514269445704861,0.2537015266521204
0.4728634362965164,-2.715091886545749,-1.4066078497858807,0.1921029264069885,2.3561163685597575,0.1311628853672189
0.672197791695928,-0.9284435816403817,-0.5442350360579097,0.746684387274261,-0.9560560078144826,-0.03405443040120312
0.7104377206507245,-0.808820190612311,-0.5782673079643366,0.7539917744264111,-0.9019436072131074,-0.0643096699284978
0.5721817853951445,-0.6343770602647104,-0.5002192305314358,0.7654212424611532,-0.7997460120236978,0.10424089885627806
0.5358568121186914,-1.0461930023398727,-0.4111476716315943,0.5440773538059597,-1.0270171405796222,0.041462145411010475
0.6086854588211832,-1.2030049378984882,-0.37007035258784465,0.26030662388158937,-1.1423611398779216,-0.13564034041709935
0.6346129607462238,-1.3054973731325503,-0.35646117841043756,0.1296770995269723,-1.2137379226066791,-0.2138342651110862
0.6547916945902404,-1.1301479268245422,-0.3271438474385819,0.17066291517210846,-1.101168155947446,-0.1979545786005053
0.6019661582853982,-1.5292993536053312,-0.3146616290899643,0.037986325445379276,-1.3348342182652277,-0.22729993865124043
0.6084049431467944,-1.2615540813823731,-0.24304177041016192,0.1401999546416877,-1.1471760399409068,-0.1601109978833099
0.6769298473534798,-1.211983919201146,-0.2166490551878773,0.002795382378897781,-1.1325192660955201,-0.2652073282168693
0.30759992494432864,-3.616831227882797,-0.8565529786824705,-0.6759242046637007,1.9028373627241433,0.008593642653791185
0.6106272726877607,-1.587192769015646,-0.11347134528728409,-0.13142120303483104,-1.3214837080930373,-0.2611872971607393
0.5397027725677905,-2.032309864454774,0.03782812249552541,-0.32984313654297326,-1.5412127264102466,-0.2729330668486623
0.5100890486650952,-1.909473900972954,0.11374419132068486,-0.23501180409742606,-1.432223563795656,-0.18523798234436226
0.25611877779720776,-2.0758163805449783,0.4821373733343178,0.009363195195707198,-1.3524102292215057,0.20241766683822537
0.6177987101290433,-3.6629856294581393,-1.1416716507978852,-1.2273364445635737,1.6888694550867904,-0.5454208815262536
0.6172203014785339,-1.6994458974714797,-0.051714874112841425,-0.548934579615623,-1.444332136954132,-0.4141763909538495
0.7082140400708077,-1.7753844316320502,-0.16389152141278662,-0.7341981776306145,-1.55480213607601,-0.596516934098629
0.7137506023084984,-1.899109705921866,-0.16531532162468426,-0.8237452856902239,-1.6365941319133284,-0.6453566134342176
0.7102441113338499,-2.1419945231849247,-0.18285942312615172,-0.9553783388252872,-1.7956722104290461,-0.7140467470346856
0.6448182205899752,-2.017669063099574,-0.07277670728268579,-0.8027792853319613,-1.6643741879022158,-0.5650266851719279
0.4621290498681597,-3.812964481574911,-0.9399882838413193,-1.4005480502428986,1.63478110976563,-0.43345939383705795
0.6028191815023068,-1.7352830676270754,0.06931526870251882,-0.6307858155269709,-1.4322185705879968,-0.41228806365278936
0.6552778089759278,-1.804040207058299,0.007215919275294339,-0.7575358838164065,-1.5115217311364295,-0.5267208447498323
0.6766843306403326,-1.8080316216008876,0.23909463134896355,-0.9529872598231776,-1.461211368180525,-0.5733085063132148
0.7253290147838325,-1.212685516119315,0.5393996729528945,-0.8881366118457039,-1.0190480006351958,-0.48761011695171724
0.7749794578955538,-1.0263091383146181,0.5505479182820645,-0.8980379421844096,-0.9148327019012039,-0.5211403461033013
0.7839534926511522,-1.338202201565593,0.4661558529610905,-1.0603527723892352,-1.1401536412225608,-0.6319313896702624
0.768227351986852,-1.3156055751611635,0.46745609540795763,-1.1240416986993116,-1.1439004288735763,-0.6376339333754256
0.6998476387789844,-1.124594073744994,0.7378644102456692,-1.0225930427771337,-0.9269072053199632,-0.4673958896463691
0.8139107387840708,-0.6180841139821921,0.8238206453492912,-1.0280633925346119,-0.6209184971471432,-0.5187615591888043
0.8015949375944376,-0.8027264322785785,0.9749088720509133,-1.206602081250011,-0.6953377959986619,-0.5580294927564574
0.855819049341501,-0.24903999820399586,1.099900882151946,-1.0718421465006533,-0.32767662874685705,-0.4900215118094315
0.7788628405865422,-0.3637550969945235,1.348317241560948,-1.121695378758703,-0.3089440679630269,-0.39629612709221657
0.840455168570626,-0.1887795934479421,1.3116582611264078,-1.1350609056476255,-0.22866983337553723,-0.452570582574173
0.8431671327579809,-0.1590064948246352,1.3200684927457655,-1.1316782101077325,-0.2086953942842176,-0.4502851800489091
0.7830981052071331,0.0575364120075868,1.3267691152700853,-0.8732067032773526,-0.04746506041696688,-0.28063413825829914
0.7248334037156434,0.1274543025922662,1.3173685221302067,-0.6978200349832488,0.015074868066512911,-0.15828739399253938
0.6820414194083328,0.05469416035625303,1.282450938679057,-0.6281349952581345,-0.025853850381232654,-0.10593196436164765
0.7409642040784177,-0.10276376136417012,1.0771648766976032,-0.7373358701580704,-0.20187154682771247,-0.25587399288801477
0.7217674879209062,-0.033646368860731676,1.0735698272914267,-0.6574160110551824,-0.1524813539878799,-0.20468309460786382
0.6422611948400292,0.01564195176581427,1.1059276800573365,-0.5374161954334363,-0.09859997933578922,-0.0757839797011713
0.5878928052694956,0.08896133524320289,1.139954079834946,-0.3986992478136005,-0.0242097664088272,0.03784343849982704
0.67562244575543,0.21883656130743687,1.099386971149875,-0.4987509368926441,0.016652546094119265,-0.07966290552418796
0.6942469987661773,0.4380246172485486,1.1988836843708224,-0.47158697046141873,0.1761157689207998,-0.050045658045522516
0.7058828588315047,0.22932106061136298,1.1725128937760063,-0.6117019317870236,0.03119258137200499,-0.13511937017717102
0.6368126111327239,0.16840868573417303,1.271415939067451,-0.5568021973697006,0.042263015013225956,-0.035879973345169174
0.6423818460392058,0.16160751180790459,1.2197153593011543,-0.5457611932033138,0.022029467612164202,-0.048444747151710536
0.668404446051609,0.07840850496550046,1.0631364247283863,-0.5614988144357406,-0.08166870664998949,-0.11686699220483411
0.6317169013426115,0.059515482014075784,1.0725594030977161,-0.49744874444718346,-0.07842980554097377,-0.058758142898630523
0.6442490283072189,0.01507207805917453,1.0251291881187172,-0.5250465479552031,-0.1238672635718058,-0.093897517834067
0.512001039936728,-1.8313125431821562,0.09311405442407046,-1.2259983987032192,3.1079258384426542,-0.06434622925097017
0.7107735988534568,-0.08240470292630152,0.9510371812808291,-0.6914764996752889,-0.22947598718959458,-0.24052032859363848
0.7133058709247636,-0.2572454018139346,0.829691230982201,-0.7317639214288111,-0.3743108658122425,-0.2963953224214765
0.6670535398058868,-0.00206318188165459,0.8110917534504288,-0.4642573343009897,-0.19975215295623908,-0.1381043228230327
0.4756207761604371,-0.5793165871179856,0.8253791207132208,-0.5987440940814055,-0.5429088423124903,-0.049361934545224515
0.5575476848017924,-0.2678469291631371,0.6664207470340029,-0.4998336034102404,-0.41446133606620017,-0.09662828111382689
0.5761355435532212,-0.5568925884977697,0.6525227146419715,-0.7076298881435292,-0.609590293174257,-0.2165018470127413
0.572750043757477,-0.9336495095281252,0.5729442652639938,-0.8794879215047949,-0.8703248578212225,-0.3227899782980758
0.5557423265369745,-1.075822773215606,0.5447492769412289,-0.9097937214794366,-0.962642758960724,-0.3350425953043087
0.4916351263965544,-0.830813218264262,0.6528327078617712,-0.6822865580534847,-0.7547709470051877,-0.14984210737595216
0.5811457821758256,-0.838313642981138,0.519800674761572,-0.8076511778978503,-0.8261607156103665,-0.3070414713587401
0.22144777661815865,-3.186898668909573,-0.2571126923616224,-1.3948181317726902,2.205470938825357,-0.031984149658551675
0.5144516322643194,-0.9534461537467532,0.4794820604718209,-0.7041695386589665,-0.8869364761340968,-0.22400183456547088
0.4118095125971689,-1.1402423141352152,0.5485502221700623,-0.6289587227950757,-0.9520940478585004,-0.10152224384602952
0.3652792302582404,-1.404547659964722,0.53121079496802,-0.6751961662903055,-1.1094414678508053,-0.09991831666514654
0.14317724676678156,-1.8083457703280925,0.7401527785782747,-0.5492925351494222,-1.2346625430467646,0.16332435805058998
0.38841458937835643,-3.5294017613246016,-0.7967410545567863,-1.6575690826941456,1.784972448530913,-0.42155375599489425
0.4748452012071279,-1.4597338379576688,0.27520148878474965,-0.9648042683823851,-1.286203356366713,-0.3634157364510876
0.591886375259409,-1.2392350863495827,0.27918229078448836,-1.0987506279320718,-1.1856386119898796,-0.5040421398905022
0.59364737013585,-1.6050971994945662,0.24684436220911846,-1.3087510484510951,-1.429253047648895,-0.6195250078116418
0.6140196317392287,-1.253253132196778,0.3149426539544171,-1.1867615398146687,-1.1938161979905038,-0.5523171714000031
0.5515296395316146,-1.2449099872430225,0.5179789108329346,-1.168168325732543,-1.113461548124378,-0.44625474952006167
0.3408535983583546,-3.25368934075545,-0.3308356201574399,-1.844469644103959,2.063712656631492,-0.3310567957005223
0.5521668185588309,-1.2678303485666864,0.6276689593886698,-1.257499583000641,-1.1002804344140151,-0.46074306583277996
0.5987360363214935,-1.061093530662678,0.6716987688256956,-1.2668229454698314,-0.973199909596407,-0.48277984428717696
0.5944464196376225,-1.2421052240828474,0.7769060160671426,-1.4336289484880562,-1.060196251218449,-0.5341584826106178
0.5593818358831942,-1.0176007244642185,0.9471801978696256,-1.3251530011809316,-0.85974079445433,-0.4097139440690495
0.6306660364172945,-0.7396529797630365,0.8680754677788153,-1.2722617386657393,-0.7281430236665448,-0.4508704868216055
0.66856261307862,-0.1580373415361945,0.9413614799401085,-1.0523750678489139,-0.3503869279965837,-0.3443006231259923
0.6434474002075707,-0.7724033444260524,0.9322065480564478,-1.3651730737120265,-0.7373085950712795,-0.487650372821342
0.5284806211596558,-0.8637048690557083,1.1599590292557846,-1.2761102737668648,-0.6896973949138023,-0.30980371232346465
0.7031580486135184,-0.5649717555250882,1.0627143230877703,-1.431601167298296,-0.586084152935619,-0.5263685598161407
0.6873076388056775,-0.06569509701015364,1.201536612616017,-1.1798307306571336,-0.2247500115455838,-0.35117129444193
0.6868684923110188,-0.3339164500436365,1.1175617317288,-1.2926592168697166,-0.4184849733072286,-0.4310211389353314
0.6526802200058582,-0.4917769888210981,1.0862667906472008,-1.294719476627355,-0.515838075383884,-0.41907143826268145
0.5606125234729751,-0.3343287842858567,1.1716177690549618,-1.0464045533879203,-0.3603380854624616,-0.21203417397567245
0.6040003633154648,-0.11447923159406286,1.0594625185273436,-0.9437070195284349,-0.2645126893260932,-0.21969752778026944
0.5290802398929882,0.012447962393366272,1.1073045453141854,-0.7276698486177867,-0.1442609489868641,-0.05026417386383923
0.5484031701067533,0.024148641047235735,0.9909033712854796,-0.6937861529194133,-0.1741825896941414,-0.07825998129578766
0.4702149068726653,-0.3875590834983323,0.9512978888470872,-0.7436403194573161,-0.42040804952560745,-0.06452709458459953
0.5043452107691944,-0.07238963188003157,0.8427675378900547,-0.5643931700197997,-0.2593405067155758,-0.026908785563290696
0.46985173398733693,0.07138733559932055,0.8235849124623212,-0.3896236871864935,-0.1603075294920039,0.0772596727108572
0.45699679044566777,-0.039408202545194386,0.7344003779226267,-0.3752590993821413,-0.2502044865677204,0.0676120315527737
0.32855430813948744,0.022200406955073415,0.8238227987321889,-0.20638305686206576,-0.1643892950034626,0.2741608726501969
0.41489793842429434,0.08577936501425143,0.7439561436283968,-0.31486404950339136,-0.17532249543898856,0.14234449460425178
0.4394702066067713,0.20380699067662233,0.8115836214998113,-0.3382797178371715,-0.09061343136461467,0.1339385680881641
0.4791378665882051,0.16915653994026306,0.9042086785644143,-0.5031281302557299,-0.10237429026241371,0.052048956716521565
0.4384689131509153,0.18705347406464604,0.9634665365592525,-0.43558629165577656,-0.06087485542926433,0.12845601111325816
0.44048779588085274,0.26209902050623984,1.1007230713177412,-0.47644776135483174,0.022585770443834273,0.1452173997149707
0.49655495815265593,0.2777489848010421,1.1353113636889798,-0.6154524269491534,0.021707065765389257,0.04950972440245852
0.5363687541920049,0.19799309658467099,1.1185851124797455,-0.7468392455434946,-0.04815196339893883,-0.046444888928658196
0.5175242160595308,0.24544100841205618,1.1685986247392228,-0.7098175544724655,0.0016453437545400215,-0.0018944624780486015
0.38859044626360695,-1.7174186112424452,0.23142355301060039,-1.488194935246772,3.1561359945311986,-0.01473450741512665
0.5919237318312486,0.1259419360825044,1.2113385388186488,-0.9826143386952595,-0.09060867447195574,-0.17411614742260823
0.6279555539232284,-0.003054703614351895,1.2510224068682245,-1.169021228740461,-0.17579130750528896,-0.27940096535478276
0.6128164707763085,-0.09921803704033422,1.1900582256442434,-1.1598150762383204,-0.2483049029631607,-0.2822847727749911
0.43442423383598977,-0.033213459512744556,1.3399129724127312,-1.135861549593556,-0.1750740894235604,-0.06694786902606847
0.46768939337572396,-0.3253437314044066,1.243866778638257,-1.3327928514777203,-0.3993078307800094,-0.21382644707374165
0.5066370275066974,-0.3638396352461878,1.1321415374355464,-1.3729517602787453,-0.4667533689879081,-0.2900843337739769
0.4947116815443265,-0.2764650345205274,1.0246074690032647,-1.2241105403651533,-0.4344695613925782,-0.23801660320889578
0.04043392848052211,-2.1379669158090038,0.4763710664225827,0.537446068159253,-1.2894281679484754,0.6846363934713571
0.004096961287036095,-3.8671609341646387,-0.6475181794098231,-0.19313587542759658,1.9329630583987463,0.5843643419097468
-0.022013464515714235,-2.0117025242956736,0.5090302772673178,0.7298915585477129,-1.1784066699987064,0.8299864553361017
0.3551511763772501,-1.5624036611670877,0.019756806496208104,0.44838620188689055,-1.1528980521901202,0.31123636760632656
0.4100209461083359,-1.4370771713220973,-0.02790697706121883,0.42769985826051543,-1.1048142676086388,0.2525016040294355
-2.4915793110789897e-05,-1.489407369052879,0.6056860747635089,0.9318862564245656,-0.8271878086410722,0.944243008421257
0.15923917281569178,-1.236172902819803,0.4458833722262868,0.8224468591112528,-0.7635563654090269,0.7430409387947453
0.06745800051808944,-1.1922048719344378,0.5937266035112331,0.9642905221766888,-0.6643040173746942,0.9140805533887555
-0.14457181167868177,-1.5106920092542138,0.7531215446151798,0.9334697308354125,-0.7991063227114543,1.1104047853517451
-0.06594909224600651,-0.8618683247577028,0.7999146607102423,1.119850910898484,-0.39957760713010065,1.1668100566228576
0.005067639589988777,-1.0740998600852292,0.6894090225615104,0.8970101786550746,-0.5896591761061388,0.9788515882274649
0.012727196177475695,-1.1011641999859885,0.6911468020929135,0.8605918271019588,-0.6093967732284963,0.9561859544163737
0.04867292720919014,-1.0765652848117102,0.6762828677907663,0.8019569582665692,-0.610433150283997,0.8997015227493216
-0.025044289913065086,-0.5599034640673811,0.9594709921872958,1.1073727014710797,-0.17957354602864536,1.1791724422360181
0.04386881399941525,-1.0475584629438945,0.8056048290063844,0.7484558296484172,-0.5565649344781305,0.9121929317826387
0.04329405779446465,-0.7069771763350351,0.8319448635115557,0.9372585766174756,-0.3317680224560634,1.0145327438392142
-0.05772667069391113,-0.6403767098966959,0.9051874677943804,1.1574369124017223,-0.2344689746778833,1.209771672682312
-0.14515873508422242,-0.4924032125320789,0.9885380650178739,1.3902511315814021,-0.08724877173745331,1.4055186832403097
-0.021178303253699064,-0.5925055758934878,0.7270139931765149,1.2065059925176131,-0.26405935657656493,1.161012303942644
-0.03962325005774013,-0.5766387890384738,0.7043654189586328,1.2697550360401118,-0.25347169433664024,1.198091827022348
-0.08552535180283949,-0.31879080321254905,0.8412617160999396,1.4452586131088347,-0.03639347974622963,1.3536957799900176
-0.15418199364381435,-0.41543731579406046,0.8874924461837084,1.4202073937830084,-0.08215423564131184,1.4114168765674653
-0.22355632689446903,-0.24523370574578834,0.986737995603222,1.618118147895486,0.0772511391189483,1.5826451291502583
-0.06412439479042126,-0.2731437377661368,0.7319378386486716,1.3962843628120667,-0.06395169998280632,1.298366320160209
-0.017394060902058486,-0.11621654010655859,0.6716491440661284,1.4220267205084058,0.004046328387024472,1.2645602222047798
-0.020994630467828776,-0.18109124644039476,0.6796950857782389,1.3852349599617264,-0.034151262189163034,1.2506659906820563
-0.08074230658235995,-0.31276678158327853,0.764039609760296,1.3879914005001792,-0.0752128758273502,1.3137819252245788
-0.057026240320510166,-0.3014682646517383,0.6972912067117062,1.381162506988885,-0.09396318739006679,1.2765081551878068
-0.10994402149391791,-0.4285315830537779,0.7374132791839408,1.3975639869003027,-0.14614989217929172,1.3296951509966752
-0.0742426089847722,-0.5824815847309965,0.6101825068274876,1.2997991713501325,-0.2908103522084641,1.2222354275716762
-0.10671462617551969,-0.31880903562796964,0.6572791348471887,1.5026095042232468,-0.09836262733519203,1.3577649171485906
-0.23804146032015439,-2.522308580235215,-0.41645840726832356,0.6689779121609514,2.867368516163182,1.2804737406302902
0.07628104098717782,-0.6768000952412251,0.3012136503569517,1.0883164787095978,-0.4857887443741821,0.9335968521819078
0.09631182763291768,-0.5689769741537897,0.27340253659362385,1.1254909999443874,-0.4311688211867391,0.931658125971766
0.14733383398506109,-0.4249634116915981,0.24626864727060332,1.1616959698297418,-0.3537837083000147,0.9027143654922269
0.05331075948934673,-0.9358136280830085,0.4120768262263466,0.9634822212629953,-0.6038932658551277,0.9098280274253612
0.06809157505187202,-0.8718443069805571,0.5650451849597409,0.8760833665633468,-0.5280638109793045,0.8995230045687338
0.1054571667491476,-1.025926578423027,0.5688877146504776,0.6946385009751471,-0.6390414179091332,0.7858361253742956
0.11100460476094276,-0.7206660434625277,0.6188385596918239,0.8348595817435001,-0.4327333101975649,0.8665625416510788
0.1089882515241916,-1.27203311908275,0.5208152869920223,0.5629079843450178,-0.8107594231004362,0.7040370458241175
0.016633156219037847,-1.3445893584943185,0.6727126782827918,0.6326717736667136,-0.78483870715865,0.8404536959418083
0.1237635482789928,-1.054570465164012,0.6874283786655595,0.5612728106553314,-0.6330239590505833,0.7405559003574362
-0.6089219480972792,-3.601302355584047,0.5798407525621122,0.2910720195656504,2.5797636358686495,1.6000094852027684
0.021150251528938128,-1.4522419850407002,0.8876010176224669,0.4365289563487361,-0.7980448360453251,0.7996807354498217
-0.13632384049103663,-1.9687537868347726,1.1357482554096636,0.33080227548331725,-1.007428514892031,0.9167214547252922
-0.26555267295537605,-2.0350680604708193,1.39655445130304,0.4231280654164364,-0.9357135561492879,1.1185235221099417
-0.5159057589382557,-2.253010797931024,1.746028927148444,0.6395467902279691,-0.8951679679704287,1.4845555097467442
0.2424267665140236,-3.456724215502343,-0.4068411693772525,-0.9361348975786152,2.11235000656503,0.16560473633833075
0.21313074030446083,-1.4453979655165663,0.7569804243168519,-0.15096830665936814,-0.9479488262370221,0.38081585629495096
0.24060006314487656,-1.7326231814691009,0.6949181619106508,-0.3518195840815133,-1.1580120783415473,0.24520923634519326
0.2577760817649719,-1.5482634341357457,0.7378477704345905,-0.3080460723677691,-1.0351525885690045,0.2682048712051151
0.32470547837874214,-1.7224387218058888,0.6262706820589612,-0.4996881141174622,-1.199875774170032,0.0981657063285208
0.1828575772536216,-1.657538465801352,0.8421517856489037,-0.2756129678626837,-1.051832210056106,0.36139175687668573
0.06193340037434343,-3.4801210752507026,-0.11998640684790172,-0.9714914963983211,2.1830804189677524,0.37779175461270936
0.1325260553535758,-1.3044724042550804,1.0026276010089867,-0.053633683280952076,-0.7667143232320296,0.5496437414707827
0.15397327229550897,-1.5018470865198164,0.9898949543005199,-0.21856127224499255,-0.9044067235376906,0.4496926223365123
0.2214638909814835,-1.2523977313102026,1.1888535853859172,-0.3443175523788296,-0.7168669138256378,0.3994232774281331
0.2942917785170067,-0.9018597774761817,1.385902472317895,-0.41971005944649725,-0.4670290340104154,0.37045562331346255
0.2989401671559426,-0.7729583093918463,1.4720068816699423,-0.40862944250037747,-0.36400159619611744,0.3971518511058303
0.3424443997124059,-0.9737971921330956,1.3593321820976598,-0.5641112125146476,-0.5378860009222803,0.259843657860137
0.2620813470538978,-1.102221273430811,1.4395228949934646,-0.6373860457561602,-0.5981628359195037,0.3149864074535302
0.245757968879103,-0.7395312472687822,1.6636222964136966,-0.5208708019976189,-0.3018683381943324,0.44660593792771247
0.24574469975287638,-0.5162065543763937,1.8445234946166014,-0.4989623298172464,-0.11183457869076882,0.508302922978266
0.13635486225784577,-0.6631294515996283,2.118742265116543,-0.5112325926788307,-0.09548741243508946,0.6487705619459513
0.34384356011780653,-0.04450466333104867,2.003373162703324,-0.5362773258313484,0.19642131328268767,0.4715747847463947
0.2867219761503585,-0.2581138766523806,2.180315978768913,-0.6475177598970286,0.12607743467976584,0.5018400962929045
0.28748392890100377,-0.11967811253081095,2.2317032812036284,-0.5997630233152863,0.22757614817445304,0.539665228219343
0.30979900806411836,-0.09639308299739698,2.183949687765498,-0.6105438310855406,0.22170772644789463,0.5065993027332717
0.22397939275396672,0.03750847700238079,2.2138155937261694,-0.35841997056701524,0.34522713292747476,0.6959784751325976
0.045645556329657964,0.14972852675713802,2.3831942686678445,0.004038867785009718,0.5242081622952209,1.0387554163484078
0.1916930880311397,0.2283238229266936,2.0998398998055996,-0.10876396796587438,0.44813087683140845,0.8096015693713504
0.1806982013901526,-0.015547064046650554,2.0105158669683343,-0.18337165889660906,0.27197823642523045,0.7540909927835968
0.1738950669156518,0.155710009909369,1.9998558983493258,-0.06514068819029972,0.3804951919181345,0.8146005431905897
0.10613827996832369,0.10895448047562348,2.0705199007912625,0.15991437776119097,0.42568886584304994,0.96800674221461
0.06131228559843806,0.17827480296630716,2.091431146038095,0.282748347987752,0.49070726812078846,1.0639138006315894
0.23028023632434688,0.3677931598303994,1.9153571051164255,0.11820452601446227,0.5054332750692991,0.8242929413543278
0.25182327286137224,0.5669370400011874,2.010507790375294,0.12905859925682012,0.649874145925074,0.8426543943950326
0.26687470418957565,0.4870839036855658,2.0272102034353536,0.032999355939734694,0.5974814269933746,0.7895641960159346
0.2688298548805078,0.44936438618841795,2.04274233324052,-0.0074352115942042584,0.5763717603144893,0.7723675949587149
0.2524489164686084,0.3763104099149811,2.0094014224171164,0.0014510704374357114,0.5262998287328163,0.7778606029582462
0.21959900633573065,0.1987422414385323,1.937195848566615,0.009657701416836225,0.4051657380780861,0.782629535731048
0.0365243770231808,0.030396417978802628,2.1198429174611597,0.20716752044366588,0.409987597407289,1.0495158384500156
0.38351368368883204,0.263646035252505,1.5930480513147693,-0.11390542430472271,0.29813478584082753,0.5196498905290712
0.0069632978500021505,-1.8472079883540762,1.0268807330346466,-0.6475289475181526,3.543103025825777,0.8914003701941615
0.33049861347702625,0.1731020432484739,1.7547552479421098,-0.15041182097668007,0.30111114844307246,0.5804780842266473
0.32291123513603026,-0.0632948685722633,1.6608375262972628,-0.22186106828782143,0.12766133409178515,0.5231313931582294
0.31521598045674426,0.1841321031935361,1.640214748853655,-0.04446613874716636,0.2830924877312333,0.6111229343038921
0.2577445081962905,-0.41622519041177647,1.5136405705835225,-0.13681114777221293,-0.09928584360388301,0.555943020936973
0.24174434267034797,-0.15260246568695568,1.5255138291622707,0.04980254506443566,0.07801516675125449,0.6629696776184192
0.2405680424742008,-0.33732674941962154,1.5202380361639813,-0.05552682387044067,-0.04109569843265714,0.6094627562240766
0.22575988525370352,-0.6337979084625024,1.494846539653935,-0.1857350641024687,-0.2321764062269515,0.5465319481555571
0.28015397589389873,-0.8609216697855004,1.344890577284224,-0.3541026432721029,-0.43605210930275684,0.38542438546999375
0.1529594320932955,-0.7846025271074364,1.5146393899072261,-0.12416094831523354,-0.29761917417411626,0.6293550982522967
0.20491724187449203,-0.6784558895448274,1.4509006964004099,-0.13813636011674746,-0.2648051729046255,0.5713535240828267
-0.45471537269035,-3.1632489157856827,1.1110365567047233,-0.3981530370392842,2.9004616079902066,1.3241384365637496
0.13262674065503693,-0.7864337800429863,1.452932981300595,-0.04309840185983595,-0.3078804112503833,0.6656140573893455
-0.02107358199259733,-1.0831659485778642,1.566642188375699,0.05337371111915017,-0.413603871219774,0.8438154338090147
-0.1570036521836145,-1.4057220826882937,1.6885757313713488,0.08849012755194757,-0.5400534517565456,0.9822415862815598
-0.5148849989499006,-1.681295600335569,2.1342394865405194,0.4537478911472234,-0.47308413892949075,1.5183845436135743
0.08619689024613841,-3.1050488672238417,0.09786977697635241,-0.972021363184629,2.479841826618959,0.40747039846806743
0.3242803813040922,-1.215045386318516,1.0059422634665092,-0.3469450101871012,-0.740646564159098,0.2473086357738208
0.377838608067692,-0.9440752976216646,1.1074181048125789,-0.3668355482098861,-0.5597592747395702,0.23165149388658793
0.353383088360409,-1.3484620951902129,1.1422828385160684,-0.5819054029065562,-0.801113570115207,0.14919177860278138
0.5521663284670915,-0.9286460560261935,0.9658158696372524,-0.6716653732203504,-0.649466347524342,-0.07203952359411783
0.3647693800132131,-0.8649718659726561,1.3536158401959673,-0.45072865697294534,-0.44103919461489166,0.2668700314069017
0.19321725265437048,-2.958443267877334,0.4465351514590426,-1.230968693249463,2.652810372259264,0.288697960939388
0.3569135304141151,-1.0356504532252417,1.4657187830116853,-0.6120038164268167,-0.5187826727382658,0.22241654208958098
0.34055652669018444,-0.8711917770635685,1.587963102417518,-0.5530242353583236,-0.37598966557408203,0.2966560865823561
0.45407714335456834,-0.8140179433332094,1.538841300874912,-0.7471128962117176,-0.3927545707990948,0.11321955837406253
0.39832257013965644,-0.6934604071472339,1.7040966007162994,-0.6522228346052406,-0.2528335580697117,0.24263175775662302
0.37850067311118596,-0.5169135205843732,1.759734573411839,-0.537647152667723,-0.11854696827108663,0.3282553711370203
0.39878910115216937,-0.20862421343130202,1.833901962363923,-0.4442625255476183,0.09075966874937891,0.38289929678536655
0.4140144208233108,-0.4677873697068352,1.8426997256201656,-0.6435245862132252,-0.07841932692038249,0.2757732392101738
0.31739793211586054,-0.6394276524003898,2.161524193559898,-0.43111126525026516,-0.005684922852683647,0.48968561030235586
0.499410596645491,-0.34401495147291244,2.011516539960729,-0.5732516137822249,0.07935136492067463,0.2603316181442766
0.5018465293977314,0.031639248369275876,2.0376676805329703,-0.36942236480715246,0.32551909668981044,0.3682352117549055
0.5486428046663352,-0.3035616983885588,1.8998745484816915,-0.5964782351376173,0.05808424735237223,0.1859364480432341
0.4656722522863123,-0.3354899059672107,1.9495255882610447,-0.46178513233736035,0.07980176811252117,0.32021801735433475
0.4414332653019461,-0.18390827047803948,1.8897798423124872,-0.28179172586870843,0.16946027299409186,0.4090762406161448
0.41167412289975674,0.00781498858706229,1.9198098229758873,-0.11787973986802326,0.3104688029075302,0.5186001038774958
0.32043563480811466,-0.09829467152205365,1.952459519653832,0.002806142562498942,0.28337027776391516,0.6463856683390058
0.24638868667216546,0.1330446017225572,1.9900294453719625,0.28619216035206985,0.46741897143737143,0.8461300292634824
0.3244837550298347,-0.15391649390876047,1.751388369924189,0.08104843101441359,0.19350218585363696,0.6265936801501292
0.2933405594045005,-0.007394740665003167,1.6749788833439618,0.285327175304969,0.2781549667367293,0.7273678613179317
0.230273463831893,0.05502134200055563,1.6680813025908077,0.46766752058916083,0.33845885057103886,0.8569886272033203
0.2102261523180628,0.04759512917676905,1.6012453037182994,0.5473347841015541,0.3231255643830375,0.8909216959730784
0.050149121036309266,0.20676239337012575,1.8211707350100053,0.8521240078582308,0.5354634777975039,1.209871171252655
0.2708776309710486,0.2933802151291141,1.5792134729104579,0.5538200015832273,0.4492157027702208,0.8518040043497187
0.3010493846186132,0.3204037396107241,1.61318833449509,0.4827266185622042,0.46484299858477307,0.8064901648756109
0.39901668407079804,0.33425877343672106,1.6213594620933363,0.2670015954616664,0.4413040037392705,0.6382491549272906
0.3444777935049217,0.25877731848968505,1.6893458511192105,0.3035420860186356,0.4302129933112871,0.7104048059694613
0.3483220195579739,0.39206285350751563,1.781467928803233,0.32076477735421005,0.5384115982726931,0.7424430397112558
0.3676914820078681,0.36987947909864305,1.9195299607188714,0.17861578854799012,0.5534537625166054,0.6975786017068532
0.3457875564217742,0.23360189744832793,1.9856561141905757,0.10158499374712578,0.4910016185475367,0.6914443941035336
0.38669704047031267,0.35405529767921345,1.9911265953927662,0.07556040657591985,0.5547001478956616,0.6538205183648534
0.20716125289198228,-1.5346410829003456,1.163733700734726,-0.610584462267756,3.8033645745058826,0.7502537904093906
0.5470630646489486,0.2841051709328372,1.8416302043251367,-0.24407073565791812,0.41329310392149804,0.34940414857288105
0.5547149607024894,0.23234396428102003,2.016902576276108,-0.40191351255563545,0.42316876679624527,0.31456401646319104
0.5514677625776127,0.17458411423082076,1.9324035392863725,-0.38193717848989783,0.3648466193105098,0.3028953481465026
0.4316269027347147,0.13677405213171698,1.9653359046547192,-0.4478252407804132,0.32770412248214503,0.3980925109171277
0.3937591543522243,-0.2133268406240715,2.0226435268010867,-0.6127643676873441,0.13178802322644947,0.3556082793137055
0.41178989166721086,-0.16859823217019188,1.9485620845209821,-0.5784667910460533,0.13486144828528937,0.3405540461216551
0.33220975487944343,-0.17358469002758586,1.9284821503104752,-0.38662692856054015,0.15490549301874426,0.48182300111561727
1.3521391537605145,-1.4123972106847762,0.5375544991116123,2.0255106868277,-0.4312053092384072,0.18248229699021273
1.3042112647336181,-3.3053460747859895,-0.598855750283411,1.2295777706750421,2.6872266449578768,0.053336742328058885
1.4607983014626336,-1.138736399772041,0.3365374419218812,2.0652814842607574,-0.3475985912493064,0.07672198575326541
1.3982309009659233,-1.3857742403353548,0.23429108260268677,2.116996631268948,-0.5105064318065411,0.11381320290552113
1.4021036355669207,-1.2037414580837005,0.5356591275413111,2.0353549210705557,-0.3163561781513287,0.15497648038581285
1.5743002902687295,-1.2096936303665768,0.17071303950992725,1.8645359349979775,-0.47695893058129807,-0.14277871684639498
1.6462485332187975,-0.7657205041439809,0.3570194922341136,1.859051168837616,-0.1693822615697205,-0.13910878354599115
1.6785795960617156,-0.7117411125648144,0.3674746762473341,1.8128658151623802,-0.14351810122220013,-0.1799247703950062
1.5459055814565323,-0.8309399482002501,0.5511018013454614,1.9277614216289736,-0.12467215708350014,0.013731247883242792
1.5873501684185611,-0.816152763071204,0.4986586831266083,1.8753914872776982,-0.14362444184665338,-0.053640119667509555
1.6718145540902145,-0.5327109104736585,0.4525383511381695,1.886741265446987,-0.00406902836944893,-0.1147045136883775
1.6713760076144675,-0.5674452471267246,0.3489333015070875,1.9329077763840257,-0.05300575806412809,-0.1203159244472711
1.7282345501100231,-0.4014890613145509,0.3883874907741885,1.8854434787249341,0.043790371877674886,-0.16922615056202356
1.500809048865538,-0.48803383664594,0.7538935470791327,2.126530571141268,0.16511627993582043,0.1991287181785743
1.7022672191213977,-0.37595188906477467,0.5052529623111551,1.8954278443358006,0.10064109587229932,-0.1148023989351725
1.7148881446170665,-0.09159821109057237,0.4902244492775071,2.0492637725483553,0.27428069463168164,-0.049958642233809934
1.723669161722445,-0.4072744459493056,0.32021915073972546,1.9421321049801368,0.024626692496082254,-0.15693071434470124
1.4403375818896815,-0.190925389723206,0.5770636181130351,2.555151494287789,0.3307524615974666,0.40292296071934747
1.5765409837476732,0.26934610799948117,0.463067311980477,2.5977502584548864,0.5472901153026892,0.30549253818553807
1.6591746165640586,0.012860774050961227,0.4599464404377403,2.2587092619943134,0.35312985773220007,0.0820467842306555
1.696983448892263,0.2831559208832905,0.5174356253954923,2.302188773481765,0.5277745582117019,0.09586395646317628
1.588734998512976,0.3694323585217287,0.7284207696270024,2.4695243120841184,0.6766000507190967,0.30790202558179475
1.6275091166304427,0.34242973219893824,0.6572887527901992,2.408583731151573,0.6268901261776124,0.23268717543968037
1.7046962902638891,0.6530885166425192,0.5822819790587666,2.4687073570149827,0.7787072481140396,0.1925802638834067
1.7238296621163947,0.7484538394706344,0.6008015693896646,2.4731301958959104,0.8379111083824979,0.1878089709986704
1.732985031697134,0.6209506818334277,0.40387750838400743,2.4952309310956764,0.7014573070240842,0.13780712297422287
1.511084746886076,0.3435458335910669,0.8725366837374612,2.5432845903317487,0.7255266746084236,0.43481471294948065
1.7286839259178812,0.32230978102427077,0.6073777619932945,2.2028344742278567,0.5654751885620422,0.05113602657762687
1.709090135438788,0.48043516447282203,0.4589321023732453,2.4317620408154608,0.634558055792453,0.1366905913545458
1.7384687279814806,0.5462978532058366,0.5766955569384644,2.3339924979000197,0.6971941456278861,0.10200724454578328
1.4987483090765916,-0.034605325786605204,0.7673386973023146,2.404982397146569,0.46022506915922545,0.3438448681471126
1.554953566780257,-1.7720185147779304,-0.5442208216080509,1.5768358786408136,3.595538949889312,0.08306671380158462
1.7278065718088278,0.11733043779899285,0.3478261450600544,2.2343239418485132,0.3661609208159705,-0.005387121188308941
1.7330526682541332,0.07061529714050518,0.17808978235097433,2.2950613379669096,0.2896768644128244,-0.025938145182788665
1.6895104216836343,0.17826724224284865,0.3656082017374702,2.342934040930569,0.4230266673657701,0.07839528047303693
1.6016782399853309,-0.37733503403041,0.4258502278547852,2.165667361756559,0.11419776588594434,0.06241924202160746
1.7104391764073232,-0.18039413805340712,0.2305829842057903,2.1567482657733534,0.15032295853692781,-0.06617560539190212
1.7460850408799977,-0.3609196523620974,0.21189110590778165,1.9765287395023383,0.017091965434674745,-0.18447798402836962
1.6696336490057022,-0.7056738659234618,0.27178626933638206,1.9011451960314025,-0.1609686946193382,-0.1567521486625229
1.5198689672400658,-0.6367003815072275,0.6986916550707617,2.019088153437571,0.04799883376312482,0.11755509084552421
1.6787552447494902,-0.7807404035584005,0.4386480242888683,1.7300308332851133,-0.168823103303843,-0.20155084038804416
1.746758520179677,-0.6984411227599188,0.402044715716962,1.646829200198041,-0.15003763304767273,-0.2968845195935347
1.1101189846146222,-3.407389238407461,0.03986797395583804,1.2108556080095902,2.8576082625636805,0.34678294284058603
1.5247434785107992,-1.4597782888857604,0.39960324433606376,1.681079211635974,-0.5598422376800541,-0.13897021059559378
1.561225035098474,-1.135467513991213,0.6742946625397848,1.6270252723803689,-0.29331523534050113,-0.11226572331047366
1.5403761511192444,-1.041076810536223,0.774724797957838,1.6668837411539608,-0.1994962020616279,-0.05086595203264107
1.1882680753289836,-1.3638273864634913,1.2440147079446162,1.9745374052951075,-0.1587220732245377,0.45933777188066155
1.676945791022692,-2.9981173424664522,-0.7754863728896197,0.6617524932817472,2.703474220369112,-0.5186073198086968
1.6237408252365615,-1.4985003749381731,0.6545673184545816,1.262969552543385,-0.5543870850029237,-0.34027171741031526
1.8379367793921753,-1.1076555824256595,0.43824650374445256,1.1449275945932533,-0.4372115678862724,-0.5966835282259236
1.8233163659944343,-0.7676706546786153,0.35777672753123296,1.4266652234347708,-0.23614105333278615,-0.46882080662565445
1.8245333495386435,-0.8287900674976004,0.5463556405837091,1.2674396477018042,-0.22668561381790933,-0.49654454490708694
1.5267497186468626,-1.2792605612025427,0.9232509622758666,1.4302007151272453,-0.31123536847227345,-0.11951401366167266
1.5303785886531394,-2.8301606008948865,-0.15302557183027876,0.6858245244422667,3.0233187218890833,-0.2388486492140261
1.5833344206907904,-0.9028562530880007,1.032341609658376,1.454126289665677,-0.06276342940238981,-0.1131077679114467
1.749595576231017,-0.9070764689811399,0.9516657969361889,1.121591177554894,-0.14592189600742192,-0.4084130376290886
1.511547982555394,-0.9426951733341461,1.5440444690392778,1.271317156529887,0.07047532084618531,-0.01552350276264033
1.7874608219441346,-0.4438218253898954,1.4570124270657943,1.0009293688136656,0.2688157600318611,-0.3513508258789783
1.8131370782236458,-0.22401797985131583,1.234265473512146,1.206457089199648,0.3414797297358679,-0.3272684832733307
1.9344252743897243,-0.409250650847424,1.3933890448134891,0.7216614115821989,0.22147221719129745,-0.6029179195335628
1.8005389371280693,-0.22720938932783544,1.3836721508323637,1.1342889721860103,0.3823451706088233,-0.3135830251989074
1.8161449201670916,-0.11066139069547586,1.7731824137783665,0.9303016315939109,0.5532979288749176,-0.31651512480971233
1.8924887210993566,-0.3343209631511124,1.3884899412865743,0.8524655510915125,0.2818538978704626,-0.5121537850298407
1.9348070525792906,0.31013077438168096,1.8856022604138118,0.8453981343140005,0.809644219161983,-0.4032079635583858
1.990101093560109,0.2230964087113486,1.8169760200152325,0.7082334140791705,0.7162191930143372,-0.5264618042973075
1.8025425693561565,0.08308306677056543,2.1446497690459365,0.8449102622187175,0.778798139981736,-0.2465170604827825
1.9837079200436167,0.33164990583128257,1.9290048766221892,0.7170717039824622,0.8170254015435062,-0.48656728792537
2.0428600988457886,0.2136330217058088,1.7654405331217373,0.6121532345493186,0.6776984111746815,-0.622730539125354
2.01341954840825,0.5294242986797737,1.7198626218415713,0.8975105339555483,0.8782602093164354,-0.4737469194760311
1.8302857808480124,0.18075354299918636,1.8404902105447767,1.0253464042638507,0.7516057219004864,-0.25911799003077235
1.8595317551147132,0.4408219609418719,1.7534495276345876,1.1702299886880407,0.8848788936060468,-0.2295661073380082
1.8950958885293072,0.751797892502947,1.6714689857378215,1.3278585632674196,1.0497450599635045,-0.19624396329111332
1.924525324190283,0.8423834665066927,1.5779596532110067,1.3721935461735346,1.0726672070162384,-0.21902953623636318
1.8324492166882929,0.7805334297427637,1.6081891332860372,1.5223482747588521,1.0734877911804446,-0.0766292530201513
1.6951884495645373,0.624786118449787,1.5513180420233919,1.769767104378987,1.0073244352622528,0.11887192566425667
1.8693067630326,0.7029513111284041,1.281494716043764,1.5882592014566617,0.9248639298484259,-0.15877303418458705
1.9216583539563945,0.8902949613505241,1.4086163226790849,1.506613543085144,1.0595559609596885,-0.19739353975024942
1.959953746175422,1.003342815868998,1.3882316092460965,1.500692897891585,1.11294215057922,-0.2304943422286035
1.6803142696176436,0.6694494124045147,1.746961474086884,1.709122446618749,1.0922648746138117,0.1528195797323338
1.8570201056913564,0.8033996918927684,1.3294519164979908,1.6449922942983344,1.0058227620060043,-0.10908775650162802
1.8820805948437653,0.8636271657726363,1.3728552377071237,1.5973968029214471,1.0467548300292666,-0.13675133779044946
1.9038307536537227,0.9861308554437759,1.3538004870519977,1.632531632455527,1.1122930269045836,-0.13837220769608638
1.7149660588628133,0.8106637859207859,1.705245840628427,1.7363895730521026,1.1588961129063198,0.1326289496489665
1.7371348603541117,-1.1305375429209459,0.6821140623501971,0.6858314049527082,4.251462190852072,-0.13700318368070674
1.9587981298547477,0.4272112688618485,1.4829109015509476,1.0868685863497691,0.7685641712259335,-0.410698543240019
1.9537098515490094,0.6243449106538482,1.2979491737364528,1.3259201470412707,0.8476113491126461,-0.3395960346441635
1.9713846449468462,0.679212902779822,1.4290713343652377,1.2367259437711442,0.9105758064707707,-0.3588101365396875
1.6568118810400574,-0.06582514912360328,1.6886438902186056,1.3318210747040953,0.6128549489126056,-0.03788316709152203
1.8778280173446815,0.0019637064508031556,1.3300809926509432,1.0901305779694916,0.48366803579617695,-0.4005009793139028
1.9016106328139721,0.2420907856876737,1.3967474248114942,1.1413441773538093,0.6463801292092947,-0.3712934009899429
1.8392403773447057,-0.050497266423269654,1.2443053114033102,1.1959488684033384,0.4411288104586333,-0.3469567753164561
1.6415190232752408,-0.4638140167511543,1.645333981091271,1.1469845325583792,0.3517999851560641,-0.13296907726383772
1.75737706885863,-0.7667829180943115,1.4164279774581305,0.8412525745264322,0.05682815643732243,-0.4242517134606801
1.854963070541583,-0.48994553962592746,1.2965833536192113,0.8617044199726255,0.1679735345331547,-0.5098262678043138
1.2185720020638742,-2.9110357196013354,0.6521761128884653,0.7720623773059361,3.285817775991994,0.22807881120611434
1.7438454208822372,-0.6795652528241941,1.2383698362981532,1.030875430288902,0.07055672853247476,-0.3705740465072307
1.6581122794452057,-1.1444644562990751,1.192622681220547,0.969239685929715,-0.2086737642064275,-0.3596628648078331
1.669705566855842,-1.106678974922522,1.1045195916130526,1.0176286569290232,-0.2118866077212708,-0.36754184205569523
1.401932575309131,-1.2727432221450605,1.3726067395256267,1.3530204310911287,-0.153426898145024,0.04636952334471892
1.6053625443060708,-2.9519489346218104,-0.27152308249536034,0.4275134748204738,2.8794890688049897,-0.4503747271260159
1.6426882389935318,-0.8655452159167732,1.1741234899579343,1.1719201328919797,-0.030730189086432474,-0.25359518277004184
1.8663950661515847,-0.7427909706058464,0.9576709200843877,0.8712048652213646,-0.08841622500076494,-0.6076387265480163
1.8882327548852038,-0.7906589216193408,0.9214592483500332,0.8136685846944427,-0.1364062706025976,-0.6605664684329657
1.8905038754573795,-0.6298423199585381,0.9688025934877104,0.8759150635699049,-0.02200343690819327,-0.6175530835530131
1.6269901752510043,-0.838086050134154,1.3731247049091726,1.0959182272127372,0.0439252195575925,-0.22593287670192047
1.485192919006908,-2.680181748900993,0.44729333617417893,0.41508318947159534,3.283444246478829,-0.17848164503424363
1.6702458349814047,-0.7309874453617209,1.4585792370513189,1.0078071985132375,0.11921355773571236,-0.27372869777679126
1.841426339315052,-0.4843752075216863,1.530975052021152,0.7251276592954898,0.23516353418613184,-0.5042178340004041
1.8217533940104367,-0.460453335106719,1.9531662986704748,0.5248757043687861,0.36792805968945375,-0.47362069438311377
1.686792097911531,-0.46812753908473287,2.273880363768584,0.6257265207399026,0.4945798854753604,-0.24712746477609288
1.9271866542377014,0.10320649180222616,2.0450336184449296,0.5666470438376684,0.7147910468959092,-0.49419095251508116
1.9374938658025584,-0.2559082386023228,1.565433229889487,0.6131172941635006,0.3551526188288026,-0.6120704401361684
2.0192572076940336,0.18723138751122817,1.9532048745886184,0.46064225005713016,0.7113733056269834,-0.6318231940912034
1.7280212206649548,-0.12182590439252534,2.037641613162421,0.873774566825875,0.6384623245487926,-0.21552065017178446
1.95035663249871,0.11653398139306673,1.9713576585017523,0.5560162925902674,0.6947284953336756,-0.5350894841591554
2.0156436754977465,0.25103492432851265,1.840537129342828,0.5695014825716302,0.7233312275119087,-0.6066498347715228
2.015063070762016,0.6507582758166248,1.855946904302712,0.8031035725104975,0.9833290787776136,-0.4848943580715617
1.8174523616116471,0.40603995635325724,2.072720922715735,0.9673825425802521,0.9534723184504903,-0.2158102230873234
1.948614321068683,0.5666753667391092,1.9287567133610686,0.8566920093449362,0.9720617765117331,-0.3952703872937546
1.9619006729805937,0.8166228772975861,1.820200098380248,1.0456288613309273,1.0989763056235433,-0.33949157311335953
2.060074476695353,0.9300519815091722,2.0089699046985583,0.7825120531650682,1.186685121987236,-0.48091906945505225
1.9912599019234378,0.6575721484235462,2.042053882483274,0.7548705319294111,1.0455984669213656,-0.4415991683706749
1.8074617763746974,0.6916170402788013,2.024482343042733,1.201625029400262,1.1279983287289892,-0.1054746751362233
1.9641656571641792,0.8757597287599869,1.8930850008667224,1.0429678931456234,1.156161355160833,-0.321692192207443
1.9593920905346538,1.0370616929074203,1.703951627255991,1.2670783841263116,1.2115387422005157,-0.2593896854974594
1.9528911507743978,0.9468225075839475,1.4612174423601498,1.375182456274415,1.092491930999766,-0.2691603798392981
1.5666971437032224,0.6343385448702783,1.6453701103567218,1.5900134197643943,0.9996586738693727,0.18849785507454972
1.7735545599583988,1.0308667736790424,1.3302025631991068,1.5574101769233466,1.0976549813499274,-0.048086230799717015
1.7938917708924447,0.6832423951810962,1.2482404627429848,1.3500982473719354,0.8464325558904517,-0.18794410904877482
1.8173215580145061,1.0049396578062946,1.3387384880803574,1.4368145828514032,1.067698213043157,-0.1340365725997447
1.6494894630119417,0.6678787450189341,1.5182663955280429,1.5004679978639086,0.9584120192169312,0.0551875132210436
1.738606469827547,1.0406306285278832,1.532891357425006,1.5164219331834523,1.1692052938427702,0.010481672399031257
1.8534983665241866,1.1591982845659479,1.7081308380380318,1.2229051214046835,1.2503494263506887,-0.1606804755384165
1.8576200364903304,0.8330136231435729,1.7388666329972078,0.9957404299641127,1.0480625395684293,-0.2685459062647295
1.8501143762900394,1.0012076997200234,1.8411433750605612,1.0507393197037553,1.185021917118445,-0.20752617621493816
1.5742565429920687,-1.0576910004040405,1.0985478750120063,0.4285258389195477,4.381267100651448,0.006147698848506584
1.9301816283128415,0.8599077219342921,1.764892028907407,0.8278017907123292,1.0459349044750033,-0.3917140657527787
1.9200574274088773,0.8251915238873845,1.759607294916036,0.8314190247513588,1.025788909257966,-0.3849471756460128
1.8754993803762616,0.6758332890354432,1.5275132249232428,0.9800211037691953,0.8848990015106187,-0.3472157081048487
1.399098883263064,0.5290240222858339,1.8328598381214327,0.8966680471387971,0.8458426355413524,0.12999260516434935
1.7242382020172333,0.5999241009334931,2.2217558171647234,-0.02689289564016884,0.8782776785513258,-0.4309526388378132
1.7597589384442904,0.5130465495409492,2.1208263971326167,-0.09992017681502953,0.7834710748907547,-0.5185252806483516
1.666600332138821,0.29133490197005857,1.9680368206634338,0.06568934540156844,0.6342466920869742,-0.4190506833574054
1.6615957662560896,-1.6721916730058033,-0.9701888042214702,0.5622258126070049,-1.4148222944573308,-0.8688405515959412
1.5428480282677344,-3.4298113314525556,-1.981022593560367,-0.06880077981805495,1.8481969161224756,-0.8349792512301667
1.646264188462042,-1.419626105460198,-0.9802980468945961,0.7513309570579102,-1.250850134400062,-0.7671900401465156
1.684693864323248,-1.2383826190014262,-0.999426167668805,0.7843603001420372,-1.1536633583114992,-0.7805197382599918
1.656394014322028,-1.2268617130114154,-0.9345453203227043,0.8137384856090119,-1.1194345035751074,-0.7295802687443182
1.679247989061988,-0.9545926635852409,-0.8590055633329694,0.8796456335951723,-0.9336369267045926,-0.6899453836208554
1.7029256371326622,-0.830494396690412,-0.8255928982740557,0.8798070188384747,-0.8539736391030911,-0.6955987758034451
1.6636602072960303,-0.7719654107095949,-0.763957053351074,0.964632711887981,-0.7866025044402488,-0.6107897628951362
1.6624798125420075,-0.93630973661854,-0.7484225393618845,0.9728778195935784,-0.8618541903293627,-0.6186924735352521
1.690511488336885,-0.465387210626026,-0.6756455156958089,1.1494886675115672,-0.5514567686934044,-0.5276502964874458
1.7416651261418103,-0.6253531486418052,-0.7171048673547427,0.9612329613209724,-0.682936506527654,-0.6662443417134747
1.7467636942205598,-0.6208101458311126,-0.708058491229906,0.9454087140769103,-0.6796125455029137,-0.6749052742850142
1.7612851458573526,-0.5983754596698002,-0.6585883826496469,0.8948269194125243,-0.6575559138547878,-0.6956477891681868
1.730177485533915,-0.14307090305341152,-0.46076196055186824,1.1191151594774933,-0.3034229067197656,-0.5079376048185922
1.7625750794035275,-0.5797926005410509,-0.5776806374533411,0.8508081242707075,-0.6252038514227612,-0.6958696012087222
1.767636492243953,-0.254053926272707,-0.5725059415756788,1.0306925459240661,-0.4174607592120395,-0.6075303983203588
1.6994134961174598,-0.12202178529737592,-0.5461958745969131,1.2451203800110233,-0.30221542824279624,-0.449244791795064
1.6771811901410387,-0.01466142157548146,-0.5820991108059764,1.3789227222054237,-0.23535035110231,-0.37812975206212596
1.6999286381451666,-0.165070035897672,-0.6889241459624479,1.2985222438288955,-0.3679527539217413,-0.4629246872787559
1.6799348977983455,-0.1119213214603701,-0.6946575733658247,1.3775705005483374,-0.32852197711350595,-0.41219485642336834
1.6637146107254706,0.13930889254415763,-0.6219819404074252,1.5212051534831346,-0.14303471695773007,-0.30949728539732035
1.7529016206452757,0.08003329308109455,-0.626537801396847,1.5877249796588426,-0.1474800678618758,-0.37871578015535895
1.7628729892211055,0.3164127968920849,-0.6193621485612141,1.7031294338626657,0.002046872695609239,-0.3252355722106748
1.7941136963212396,0.2340892694667302,-0.6970615226210995,1.629266822244268,-0.08215433442503499,-0.40397137654165094
1.7943215891136903,0.253039303392333,-0.7154178716861234,1.650736655406053,-0.07498101550772883,-0.3985024081037459
1.7942005730088455,0.23535607050533763,-0.7048316822110786,1.6332791668453643,-0.08353304311251895,-0.40421103149815485
1.7870569341926672,0.15771443008077096,-0.707234868889648,1.6031449682254129,-0.13138065591926842,-0.41544129583864625
1.8090341891337587,0.1959086464571842,-0.7033472865012999,1.5739344257009502,-0.113747137166455,-0.4430028627464151
1.7795335819798959,0.11136398023514449,-0.6981023080045098,1.5845807082361696,-0.1561601488279504,-0.4174096643464095
1.7612563234800314,-0.06470958241317588,-0.7450214768637539,1.5461348082669981,-0.27480677369667145,-0.4382072107609614
1.7282927479624384,0.1464421696169244,-0.7228664361329339,1.7333453852026925,-0.12234057480817305,-0.3171798567046643
1.6621114947119198,-1.9681673853078148,-1.8706896726302171,0.8520113070051543,2.857791471607431,-0.48068135965660513
1.7992249343272106,-0.2838455383920735,-0.9321538245239122,1.4383570461649366,-0.4778662586951686,-0.5689563982309555
1.7990984844348317,-0.18719625323138828,-0.9127303494766772,1.4856161739660354,-0.4108566080402524,-0.5397403905559697
1.8323597899009223,-0.046165357939820476,-0.880954169564184,1.6162700126293668,-0.29338621213252775,-0.5070620858208781
1.8111172314034025,-0.5178723552309402,-0.8240497690996887,1.3442362903804672,-0.5727592379522419,-0.6138809579592722
1.8736494821994583,-0.47310701273477923,-0.7350100612616325,1.1766350129467174,-0.5428811297986569,-0.7127476095138938
1.8697474448083535,-0.6440206165059493,-0.6880208264425888,1.051404539828528,-0.6387311717476993,-0.7598593138138192
1.860832414183737,-0.3726798293972147,-0.5998150397434113,1.1802532637343888,-0.4389898120594617,-0.6648837073731214
1.862873907092827,-0.8562150339957886,-0.6827501431877244,0.9309336405995404,-0.7711020062891365,-0.8144226376617598
1.866865769378115,-0.8418526509186447,-0.6484857128731453,0.9078251479339913,-0.7545264208038738,-0.8189586480580882
1.8999098129416205,-0.6414010957149157,-0.5448043488988915,0.8947373300777635,-0.6104848613146882,-0.817457468799418
1.475127498480948,-2.9256787810903218,-1.082563138424194,0.35181571603626316,2.548446589973079,-0.411602979242899
1.8197489569329108,-1.0355825624836155,-0.42404520987268257,0.7695336052277948,-0.8020746030678918,-0.7951557048132747
1.7912423148393368,-1.4397754651197008,-0.32933434003692796,0.5348208345787294,-1.025469433989809,-0.8679991981517239
1.7005062966827935,-1.440491238104465,-0.18232702073169674,0.6491648258304227,-0.9552676942722691,-0.7116247525611993
1.512185105422925,-1.6203681652335056,0.08604615925802038,0.7983542408570288,-0.9335841225575792,-0.4415725833491766
1.8524383842964778,-3.1599070242034544,-1.4981255493822676,-0.38534421333280355,2.156156003512363,-1.1380734642071544
1.89139239493803,-1.0936994229087498,-0.4640501089430808,0.26877726462493895,-0.9469188788440953,-1.055231824164154
1.9161594748020834,-1.347983472485497,-0.5063956099434869,0.08208045235226619,-1.1297652018694717,-1.1764901787620565
1.9082295690389435,-1.273899449774319,-0.45574272349148354,0.11105481791210164,-1.06654530642637,-1.142740623112482
1.9336081922092376,-1.472404109611223,-0.5091497679926055,-0.03690968813004618,-1.216851994196381,-1.2480863308838084
1.8686988691962991,-1.3167725201876535,-0.3947709548217078,0.13088503083201103,-1.064575827002476,-1.0905750156494978
1.7216733487253641,-3.1345949652766323,-1.3187735727846313,-0.5262953664769146,2.192645806682834,-1.027444321570846
1.8483717315231323,-0.998280004114787,-0.27913165303345683,0.2920511678634167,-0.8239223874735834,-0.9644962474288096
1.891917546073162,-1.1392124948609474,-0.33962842299649926,0.140655951963588,-0.9458389440613962,-1.0851496441844763
1.9023173653585108,-0.9607485868070199,-0.061823096928120894,0.052623523437146116,-0.7628260126458194,-1.0580051595823434
1.9799624920182235,-0.5558975446961132,0.16444018836914667,-0.01823206609798849,-0.472252778248484,-1.0795708649708917
1.9890010128534714,-0.46448489097865486,0.22074128744357632,-0.02170179877197969,-0.40259252462610573,-1.0713264517817052
1.9943630793958014,-0.6283499887261594,0.16568529144896493,-0.10402047132456854,-0.5242110929509631,-1.1314955970258977
1.8997975744446527,-0.7049024129120217,0.16341408283630973,-0.2914190536753997,-0.6179900785630807,-1.114089601298257
1.9040099401002262,-0.36975292536082033,0.3489701567101772,-0.21446368728017498,-0.35670410983647477,-1.0261978007184291
1.9256230985529008,-0.15599094386081352,0.5253229915033105,-0.24415909795645732,-0.1816278527834806,-1.0054203309035488
1.9052495013305828,-0.18292428813067796,0.7139389930401502,-0.33180683934812233,-0.14242743495901294,-0.9834747939791391
1.9916545408440292,0.25558886171316125,0.7723380973748496,-0.29879938542922807,0.12267339039792731,-1.0056524832982638
1.9894210823447487,0.15316448766252355,0.9113918898918066,-0.4429362051428,0.09414105439163804,-1.037482674094328
1.983777536632358,0.303290117764769,0.970906283261276,-0.3784648697926513,0.2075339281269303,-0.9849156910084874
2.0232186151972322,0.3709967281208724,0.9307213058519108,-0.4052381519901502,0.2260386104202243,-1.0347853202732364
1.9631254899415176,0.4476978279985819,0.9148289688401938,-0.21771612733354187,0.29186076036610087,-0.9070132780452252
1.9122236293262904,0.6600264643767082,0.9175008809663412,0.020051399565000322,0.4460961412169648,-0.7547104813067628
1.9234875169112955,0.6358446920343046,0.8098903774534598,0.04167450434407258,0.3980569698736425,-0.7812873008086231
1.9205346293699104,0.41848003635130343,0.6871171290316688,-0.014694832189356216,0.22724342737574163,-0.8421679314496661
1.9065889112599361,0.5690267006237577,0.6888737636052159,0.09949347146821738,0.3282890066891287,-0.7756488982378047
1.8438201958544242,0.6249937128049499,0.6702024655285368,0.15394368791370341,0.3532829773965086,-0.6953065009148403
1.846076038136699,0.7450666312509062,0.6274132991902961,0.240217302795293,0.41740463510033776,-0.6656005855448246
1.8862056723919287,0.8307286718445069,0.6506249796080507,0.18175838397869407,0.4635479507340826,-0.7140321438172417
1.9006385054382966,0.9555819049179382,0.741103132903021,0.1666782003498646,0.5617602881555551,-0.705443876658936
1.9264129771163212,0.894287745883849,0.717516502060479,0.08236611444501665,0.506897114155652,-0.7707824095980131
1.9072808070255602,0.8817430796798051,0.7498288525106565,0.09463652607672227,0.5137801883784806,-0.7434163015231776
1.921145897690684,0.8648821442181159,0.6841379883045359,0.08941116710686672,0.48050342032297044,-0.7733451708816688
1.8840328752495998,0.6927475546239849,0.6072520585494086,0.11346538651030127,0.36313889588010445,-0.759228856488167
1.8015326813866992,0.6496733252872555,0.681031843925474,0.22687172523262747,0.3839971623204044,-0.6291315934438153
1.8729073800237657,0.59575016612672,0.5443807675351291,0.11530303133400291,0.28826615056703186,-0.768886471783646
1.754971621950642,-1.2868436926768245,-0.41482166439430573,-0.6232819620618025,3.4846911199889163,-0.7749440463866324
1.8951541038793704,0.5843407432659792,0.5501985751305514,0.052125377502654474,0.27436581252964065,-0.8131260044043885
1.8774800921228338,0.3470307394849274,0.44885528065201,0.007312228829143646,0.10195194833130583,-0.8527788962330035
1.8752336634680442,0.5929084182627671,0.36317281557383574,0.21089617341253944,0.23738670752942007,-0.7733894672715084
1.6377616096648984,0.06083403056752913,0.27731125259964523,-0.13958028654440383,-0.17661179210503605,-0.7315212077355704
1.6495561710442201,0.2810881457316688,0.2081034260288643,0.007377243540893385,-0.05817543733439091,-0.6848309727520953
1.6399670102698962,0.16253244037257067,0.2637829102331803,-0.07597486498575949,-0.1159787415813237,-0.7048616056626842
1.6279579504179358,-0.2149736086994853,0.19693401950295014,-0.2366121379039812,-0.3708018563892093,-0.7964590501742241
1.550095185946199,-0.5226008261890076,0.2326515141694013,-0.2690338240113585,-0.5306997188167344,-0.7530556524873179
1.6066225691720073,-0.2987799788659927,0.15753725989854636,-0.2145677434501985,-0.427132868259736,-0.7828557552623795
1.6255514313803203,-0.17997214075789786,0.1501247230035601,-0.18086841562669712,-0.3597637882721086,-0.7801135998523089
1.2168903728998361,-2.483855218380651,-0.5465906142558842,-0.6794767580590728,2.738838505521281,-0.4069696949226418
1.5527723405755325,-0.3173150628784522,0.11527981733376125,-0.08047461265085513,-0.43116369407003236,-0.6932075507947929
1.5065555573908818,-0.5021959676404735,0.10057318157594977,-0.08019889482931668,-0.5370387149109329,-0.6677467220363128
1.4275093483299577,-0.8026908736843262,0.12583269691840998,-0.1010630240879145,-0.6948642222681228,-0.6207520774821507
1.2268923089137833,-0.9548159106828731,0.3434830778217409,0.12368358791582847,-0.6643485739010804,-0.3192250473633189
1.419448436121915,-2.713846306939753,-1.1210504322048471,-0.9329978716004605,2.368609055639804,-0.8243697361238926
1.4785770851803541,-0.7993779391169046,-0.15788086450989647,-0.4947566987903981,-0.8841584134271646,-0.8644403769370649
1.5208008382233196,-0.5774493433065927,-0.042176187841803964,-0.527327729176322,-0.7268955353992159,-0.8752344185127685
1.522846260170057,-0.9252756809963062,-0.07201946159768753,-0.7285560532984122,-0.9584144404631268,-0.9858026065389827
1.5648538249829715,-0.643039238752097,-0.04742571813531487,-0.6710037817565738,-0.7865903943337363,-0.9768814798814335
1.5177037600219236,-0.48300312503543896,0.15729766201735537,-0.5960494994105484,-0.614147395093655,-0.8518775713444444
1.367314473130188,-2.5697711491049837,-0.7939757935268289,-1.393038765344543,2.4649081150211343,-0.8643300346496444
1.490917735438978,-0.6376825549863134,0.28653267436517094,-0.7153683766234548,-0.6704526428292807,-0.8584325884955557
1.5529560488652216,-0.46908289448008333,0.3013392598758333,-0.764859764155493,-0.5809174454385851,-0.9186570737676776
1.566597256604559,-0.4882227164801227,0.40601981587314523,-0.8736234727302078,-0.5708091393386561,-0.9525240731630408
1.5782201233161952,-0.3074374907833244,0.49964607185483434,-0.8501460465173988,-0.43495893798580215,-0.9219356719388636
1.5856192858814155,-0.14484378013289512,0.4970761501924784,-0.7698644435040317,-0.33449695748885383,-0.8871769868300823
1.573267216096001,0.16588011932093535,0.6014073539272276,-0.6198809828683022,-0.10416954393286794,-0.7749031828962794
1.5899466416226524,-0.10956039555496291,0.5848144058672142,-0.81686980857385,-0.2909408655704948,-0.8889402512834618
1.564138788193352,-0.17006348759693637,0.7526055776775907,-0.7160591807762356,-0.23626926628363804,-0.8020457987085827
1.6613548341378683,0.06176811907854629,0.7599675439738889,-0.8013020206919478,-0.1206171018944798,-0.9046891429696284
1.6648422825353182,0.39616063592873324,0.843291504734587,-0.6592392722405606,0.11379993586983336,-0.8123661871202954
1.6754884375862924,0.13076839019735428,0.7432551691701657,-0.7855444527751226,-0.08626057923111724,-0.9105410109234008
1.6598887349636962,0.08449130392233149,0.7023158157779392,-0.7559730161455936,-0.1213150357498651,-0.8972923706698588
1.6298092740854497,0.2634450554373241,0.6987722501417065,-0.5801330072967993,0.002692521966908981,-0.7910227995752612
1.6061652887474878,0.4172154647403472,0.6758146787091297,-0.4208005577427579,0.10335029782321659,-0.7025570226209975
1.5873413509660081,0.4041424983897224,0.6174079904792401,-0.3512901257396787,0.08628859987514848,-0.6721154224940664
1.554358944343413,0.6371284148626961,0.6147597884716636,-0.1347201442009275,0.24632487589638147,-0.5433091018145102
1.5527992771740056,0.31849333001635843,0.47602359645806225,-0.2404179139437023,0.0065395567434084565,-0.6342119612404904
1.5353837795452043,0.4608211645975516,0.4163376886262194,-0.07955997322255551,0.08805256950405582,-0.5592534652585566
1.4990757116782065,0.5613000967671457,0.39285277117916306,0.07567309773077482,0.15889103012426803,-0.4649260468450531
1.5006777928232693,0.5611393864520283,0.3000271252853737,0.12674591174528185,0.13372247718164754,-0.4664132257927013
1.5692981476088919,0.7484895175420596,0.3057858096272481,0.41841295578174514,0.30502370734076634,-0.41215760499841436
1.6193170278757931,0.7403383969188444,0.26844290168232554,0.3223892599427697,0.27219678788289986,-0.5026496067298262
1.6399664726245193,0.7998493098747478,0.3324471132313161,0.27454851476280834,0.31989648531336307,-0.5218123234842624
1.6888877623258176,0.7577642047226456,0.410079405090298,0.09347774613250161,0.2961704131380625,-0.621935656146091
1.6681223797162301,0.7194804113014794,0.43058604140880063,0.10572731380134927,0.2845091327067364,-0.5967951083140876
1.6817539541821418,0.8893201606672115,0.565876781422084,0.0973599661373863,0.42400713633021664,-0.5717022955113615
1.7708289291484816,0.9201481077235344,0.5537330818649963,-0.07834493874318348,0.4089021604650392,-0.7199501367374951
1.6446720788764793,0.662390038994343,0.7555314648026387,-0.07680820276317844,0.34118829985586496,-0.5822030742514944
1.6938463406371274,0.7636767975871885,0.7128958180001819,-0.10396219080437862,0.3770655389050274,-0.6391581437369566
1.588030754821366,-1.0532657019434135,-0.23511787910068077,-0.839374097507598,3.6139100985859884,-0.6482413638258296
1.7705821146575553,0.6639471377805263,0.755353292640472,-0.3698671717029032,0.2965619011120505,-0.809494286804824
1.780291412929818,0.5842550214145162,0.8422411790003167,-0.4958368449090056,0.2646284558632849,-0.8544717125048257
1.767314905053122,0.5193358747691731,0.783110200513624,-0.4736807911323415,0.21182482483291548,-0.8517297593532054
1.656122213637007,0.5157029797570507,0.8210335365576121,-0.5763685667910035,0.18708374306708647,-0.7739117049736689
1.6595738125120547,0.23361031899040752,0.7710396059192999,-0.7280976470038036,-0.008095962753329203,-0.8662159423211786
1.6496726391216219,0.2548029679912122,0.7417672435551795,-0.6722446277237768,0.0015707042666879686,-0.8400922772821516
1.613791777231905,0.28053535403448393,0.6599567533425991,-0.5224655885984566,0.009632269814916758,-0.7650698581720716
0.20051256565067238,-0.3832347026800677,-2.240937142811899,0.21927656320909897,-1.1526503826063146,-0.09426969734258857
0.050060663183548654,-2.3518967644161717,-3.2533676413278125,-0.4707843466508512,1.9857868079402041,-0.07027577023330363
0.18199669619364842,-0.3875677379080516,-2.3196549801425745,0.2981602087529951,-1.1702687605848685,-0.06511497442450921
0.19043613332980755,-0.1635048332409119,-2.2161249144641135,0.35106501030198206,-1.002804936996612,-0.014947368727586117
0.20957860862039301,-0.007260247902036668,-2.110295393865084,0.3374887049508255,-0.8819172315702469,-0.004271824989215161
0.2258265162352349,0.32827581597730554,-2.0089582225547797,0.44166515696656533,-0.6464581682152252,0.0659980571713911
0.2586889863492976,0.2812729805796131,-1.9693908460790497,0.322018347321432,-0.6771469102451849,-0.0037259321813508093
0.2664378101015325,0.17806055676694038,-1.9709776798822982,0.25090174173148166,-0.7456116358534671,-0.04465605229604238
0.21311522891493753,0.6188617905048166,-1.9012850021672398,0.4533447788564351,-0.4586758630914814,0.1325481528494058
0.23300499026968247,0.7063844526988741,-1.8230582853213855,0.42219834755221153,-0.3884238223631219,0.12630478153809105
0.23515604712295457,0.7946598617601879,-1.7425583318089446,0.4274661409590638,-0.31105909657965025,0.15022314597337458
0.2372452963772285,0.6585691655808087,-1.7885231088654132,0.37012843077431373,-0.4107658888395025,0.10728428634556617
0.23787637785901666,0.7523369598736539,-1.798557807475584,0.4335030793580664,-0.35343715981213,0.1358491212937515
0.25427454971191016,0.925209161868276,-1.6989569564018971,0.4431058716852406,-0.22227460987801761,0.15817967108733338
0.2575675669728228,1.014031119460463,-1.6567488625121014,0.464080228518387,-0.15550877025661633,0.17843586233502054
0.2502558826981731,1.0467162129960272,-1.6972350397826035,0.5137024034456804,-0.14368199036808682,0.19647258256259445
0.22305130425814043,1.2518261170806158,-1.74721717172696,0.7181181571472645,-0.01698315075270783,0.3020955107609662
0.20660883237952785,1.2898838460665445,-1.817921721900183,0.8097585572088178,-0.006425790395157132,0.3385296337044927
0.2011033707848581,1.3093492394149744,-1.8787098429482818,0.8595895744426884,-0.009027667095032945,0.3498236007719167
0.19057640339973714,1.387866420784377,-1.903534632322006,0.9458567389011598,0.0384263535848005,0.39279993221304993
0.19306227566146225,1.422825895089291,-1.870561512731592,0.9460628495085196,0.06900528493017366,0.40062441757531475
0.16600700537549173,1.264735409286757,-1.8775731480975562,0.7978521782312862,-0.050896601478323075,0.359699587780144
0.16864993929997033,1.233975536522919,-1.9293863003627634,0.8091554192621516,-0.08469024532502788,0.34919598686780273
0.16223287833700883,1.3656627782890067,-1.9309321903341456,0.9045352050051406,0.0014678874938619444,0.4006538346077592
0.15470845234161568,1.4139279017507678,-1.941814762338991,0.9518955755159292,0.03165194494038068,0.4260665832682618
0.16421383913220708,1.3043303686016923,-1.922826293900272,0.8473954572541307,-0.03735558924806978,0.37290448520737685
0.15711603462332027,1.5406034192118783,-1.900483586440132,0.9875347877883341,0.12170753377529028,0.45386240860460353
0.17325695842552932,1.5531460762986895,-1.8148914042654676,0.9018257700315085,0.1460005376651028,0.4245757785156091
0.1631771956873744,1.532818377289495,-1.8502040965084854,0.9349036988280843,0.12741612198831143,0.4376850300560391
0.1518987596478443,1.3860523140258305,-1.9334137540563494,0.9230746142236093,0.01577107704254518,0.4156149095009655
0.1271619365531887,1.2197560223468173,-1.9945710842233995,0.9163211080829984,-0.09782344629345158,0.41085298751833116
0.008463185183538842,-0.7941266994812234,-3.035461625556526,0.15195182125881682,2.9936569081395192,0.36947144170525914
0.12846547756625112,1.238943295310744,-1.9845667395889632,0.9192832520196157,-0.08334925484516943,0.41431744040667895
0.14934324651994255,1.1895452339438246,-1.9537621128773692,0.8209165963858969,-0.11452907830473658,0.3603246876308979
0.16492953887399764,0.7947954985906008,-2.045817041042422,0.6769503563652433,-0.38004813683248,0.24096288141737673
0.1613379485480126,0.6382378961400229,-2.0165168056920235,0.5695738964375227,-0.471544540760585,0.1976276300327626
0.192674786197453,0.7961886020462507,-1.8901512621211944,0.5158048734566903,-0.3486179575519051,0.18613451373758522
0.19000724835570276,0.8730046432515678,-1.866604448981417,0.5521877759842179,-0.292515126173159,0.21265173668346124
0.20089531699874932,0.7637712198295266,-1.9174304293206244,0.4904410782910676,-0.3797852378009277,0.16048620439950662
0.15972203716125646,0.4020143015146806,-1.9624799115849774,0.3892509229732435,-0.6087246868992325,0.12335449209524812
0.20753035717988183,0.5366306481668499,-1.9463522998203477,0.35175104077303637,-0.5354259279291093,0.07859569438101544
0.22592122258673195,0.22761197045097384,-1.9463527539613616,0.12789886406426185,-0.7392403652054155,-0.04525181999729843
0.07186845607199326,-1.2981919851626305,-2.89360702013801,-0.31400998681276404,2.702037552882215,0.12381637422108197
0.22125874547752342,0.1524742367211289,-2.0512276214408067,0.16742959854146464,-0.8121577246015755,-0.051763187906836476
0.2484859578703821,0.06602933626427959,-1.869405800692759,-0.05033162218079942,-0.8288274008154722,-0.12716190951489528
0.24589791308802547,0.15347002103613908,-1.8048571773036433,-0.02819923065097362,-0.7547847559706836,-0.09628191544152367
0.20094568887688233,0.21731044628570254,-1.6983193534722532,0.04701683381793439,-0.6700692386184749,-4.760922707006096e-05
0.18105260053617997,-1.7213830278981348,-2.7567623355564903,-0.8845351784258857,2.429856631075017,-0.1931223520315249
0.22750940268626818,0.056071792790655745,-1.6798226677654047,-0.2845759095825256,-0.8137231496342715,-0.1538749822345545
0.21816151061550848,-0.315473570097061,-1.7156009286725793,-0.4689801870229908,-1.057761425298604,-0.25039229562399995
0.2427598127949235,0.0340907229258805,-1.6502756959035578,-0.36671899505069633,-0.8269984341545207,-0.1966672984982779
0.2458597003142406,0.0898623728865305,-1.6674960806041732,-0.344150339850883,-0.79830802149754,-0.1923382007537827
0.190279954958572,-0.23649239777273293,-1.684892434652337,-0.4210228318005154,-0.993442890749404,-0.2004944171839255
0.09004285246756875,-2.1569459307618066,-2.6732202439647557,-1.2181021985120408,2.163585904006983,-0.2554763874447107
0.25234884149036707,0.701032350641699,-1.5502479654601706,-0.10118821008875709,-0.3826512208831162,-0.04231304481514125
0.2446549059250128,0.7570034661647463,-1.504151248357037,-0.08927720666112915,-0.3330860411743941,-0.01864196391461782
0.30123467008732624,0.8151601097042137,-1.204521015568818,-0.3735907183830683,-0.23826772341541066,-0.11324618449451766
0.352304492575532,0.7408509792800831,-1.0075040101016535,-0.6637142371094468,-0.2532106427378587,-0.23604142422299737
0.36803603203555624,1.0790796353690941,-0.9340623740847764,-0.5486310366467534,-0.023994965717753294,-0.16790720042529886
0.35733151923213513,1.3267207791832984,-0.9110780102643238,-0.39795408834065416,0.14340349662996185,-0.07923795766020729
0.33105491958275374,0.8494830349397329,-0.9194094562163958,-0.7494227793837129,-0.18159020107888454,-0.2237679983310832
0.3552259976967552,1.3497453188631554,-0.7132691829775302,-0.6348156152560728,0.18322553412362558,-0.12401189233977677
0.401251904951962,1.5167013611974345,-0.5534902549969314,-0.7422658506381838,0.3149348531981051,-0.16246367884143173
0.40591531447558526,1.535492369324298,-0.45252260224117835,-0.8090279977632339,0.35119605981909185,-0.17064219778568115
0.4196023381593414,1.5293927977937483,-0.47388957435203277,-0.8371990618484209,0.3362171057970022,-0.1995566564090938
0.43547206314319614,1.2732997932284014,-0.3790940905365277,-1.0918046482190236,0.19099937247046017,-0.3107438548107843
0.4425531640707211,1.758639473111111,-0.32828357453057977,-0.8512531266360496,0.5117779108783713,-0.18053053395883042
0.43969120356104635,1.5116960956818593,-0.34320265219678897,-0.9762134939551522,0.35171099488665813,-0.24540676447696075
0.4106628669877046,1.754364084492788,-0.4616540066061478,-0.6834524807221809,0.48700746817678664,-0.11332075981579633
0.38539403716028314,1.9547108872279286,-0.5341095377052553,-0.4525485697531051,0.6059716844233607,-0.0017241053263644976
0.378221683974778,1.960946525828878,-0.6030583839441352,-0.3819130040564524,0.5952491449188716,0.019007174029079605
0.36838730948298837,2.0511769937366866,-0.5913271119060258,-0.31050196343118064,0.6597127984715511,0.06437414017096368
0.3628515551032688,1.9689845548614504,-0.6731406428738267,-0.3020704644077646,0.587244935935744,0.049128766938392264
0.3096820470611619,1.9977264057761086,-0.7537068281864585,-0.21573075356397842,0.5818942544034713,0.11772800599504801
0.30166909688428306,2.036975992968366,-0.8138964136847946,-0.14128559280782987,0.5936903403167331,0.14321035159587184
0.3290733600550125,2.1595185346504575,-0.6741689083027205,-0.21640630133865818,0.698794574542081,0.1272645307555054
0.34922617216654966,2.172710570686021,-0.5733060105558617,-0.3170674888165715,0.7263675261677853,0.09224692101650776
0.36428034123727165,2.2429657698835523,-0.5329670224461527,-0.3351608688801136,0.776364567075747,0.08487471672001339
0.3525348596062275,2.331435052061795,-0.4995954347000252,-0.2778322096349094,0.8456602534382329,0.13042410567969845
0.35107307976829233,2.2482605756667775,-0.5918362962742315,-0.2716015381648681,0.7685029597787215,0.10856845671444944
0.3232554083652936,2.119941943817354,-0.7174951066448755,-0.21340205967990075,0.6629912933079432,0.12017590364346693
0.3314310784231601,2.1897446058896417,-0.7736345883461676,-0.1581213609282682,0.6897870787087345,0.1268869087440234
0.34610870238083397,2.2017162824082357,-0.7783416759395382,-0.18353099374138374,0.6907841213659461,0.10344814622531312
0.2276029345937936,-0.15834045135596844,-1.8356117494434177,-1.1519464400796358,3.556007905658408,-0.044953617682065336
0.33101680409340906,1.7803650538165954,-0.8435378537495237,-0.3749827992580031,0.4084670291333245,-0.001283993759527622
0.3028220180005502,1.5654196826320779,-0.9479641945096294,-0.3919320423023678,0.2522208451625036,-0.021265671360104058
0.26889933783966324,1.6260867507894354,-1.0903637312123042,-0.20622407761810332,0.2643913430100965,0.053307329077893754
0.08155982090027018,1.3248854814122217,-1.2052292044325905,-0.40835767977537424,-0.0029675686463319327,0.11234598755916642
0.07917535427408014,1.2582196928124771,-1.2408501925353597,-0.43409970258551184,-0.05529365255244862,0.09082552556172463
0.08826656656685238,1.125052589317635,-1.145057371392039,-0.5993747469240757,-0.11916593451299162,0.0290083782889451
0.09412585283921039,1.1497913693664525,-1.1220373349525652,-0.6178253422830644,-0.09996152581126892,0.02241144010960698
0.07498282052892886,0.7812111805351905,-1.2268268440529295,-0.740997845965627,-0.3571631914174687,-0.05659145247190477
0.07845399919364927,0.9141126981352223,-1.2755722671614687,-0.6452406980666872,-0.28674627084689086,-0.024568702899867685
0.06127242416761326,0.9834731407289264,-1.2266287537914147,-0.6030327041620145,-0.22426655282949032,0.021161528342892692
-0.09398736290398954,-1.1542218805547189,-2.344845933291387,-1.3246929142893233,2.779552244891082,0.0026553272999439255
0.02960802429037878,0.44574539707634936,-1.5153334320742786,-0.7025172930011492,-0.6348139404879145,-0.08974914599323906
0.0052243676458909784,0.1611640359155028,-1.5566589649027198,-0.8048266574554253,-0.8200692217491867,-0.1371906606065125
0.0009926832592232677,0.493254942965606,-1.501544045791972,-0.6361935262704345,-0.5924087426788697,-0.034623755460229604
-0.05018081919248227,0.29300293262686455,-1.5439357378067011,-0.6239358023470445,-0.7142570159619493,-0.007845089519932156
-0.08826325755390295,-1.571149836900199,-2.637420298985018,-1.4553903199908977,2.4299305140073373,-0.14908059283997907
-0.14826705925251252,0.4146438552576767,-1.5122556154748437,-0.827322469416836,-0.6970019042550494,0.029973200266011763
-0.11243946507591743,0.3676383445440756,-1.3999265164501038,-1.0111715601753546,-0.7109140840495404,-0.0535601537699532
-0.10496720562972664,0.6397261409398802,-1.35785307385974,-0.8923548997232794,-0.5287478668040565,0.012981940396463268
-0.0956463037570677,0.604559822341914,-1.3424683667045236,-0.9475648041583061,-0.5508536769293207,-0.016353218159246157
-0.07574054721688647,0.8276723521417803,-1.2185503278915861,-0.9357756854588148,-0.38293036663540936,0.011593327903153141
-0.19426535811748755,-1.384247308430476,-2.1908274598210267,-1.8669831652868547,2.5993014798204395,-0.09431662162260958
-0.03524761492427667,0.5205234706590577,-1.0785120289657693,-1.3073279034390821,-0.5579629564167302,-0.1612389170646717
-0.016254790675988645,0.9095905003177854,-0.9729653437259579,-1.186595936197188,-0.28878796248713495,-0.08332546467957462
-0.004660757798543775,1.1094915679470572,-0.8354329379945932,-1.1830916321491174,-0.12964516917045657,-0.050469047930765995
-0.0009474834901400956,1.0509060970666573,-0.7898689104952853,-1.262794636346886,-0.15727053585079193,-0.08009248223310465
0.04007371997666439,1.3346791724594549,-0.6980177782614381,-1.2446837181645383,0.03336284257451591,-0.07146030283630193
0.04386892620946944,1.3399570570833501,-0.6140008052386403,-1.303743774566192,0.057180848395808004,-0.07993794453843141
0.047870158642943715,1.5408771361924498,-0.49003741707057824,-1.2689693375914022,0.21660589320223034,-0.030315055918046546
-0.003972291485621817,1.6093906612626911,-0.41163744397550134,-1.3620095869480764,0.2548814627878907,0.0076773358630030045
0.017453390965757563,1.6292845750860374,-0.442636002772934,-1.3823141458436732,0.25161895953963537,-0.02488557249252974
-0.010825955213562591,1.5273093799203663,-0.4427090997992368,-1.382625696660051,0.19614143042926827,-0.0070645904201319994
-0.010347121789543815,1.5907640382142085,-0.5430997717382605,-1.2867553930956939,0.2100145462616493,0.012481537051692467
-0.04375833736593647,1.8457796031168483,-0.565427782201053,-1.045982485978931,0.37894401428550883,0.14814478514551727
-0.05061468654216243,1.699184020843073,-0.6854394071805301,-1.0489407068175325,0.25584758769678256,0.1173341024007469
-0.08542058554483349,1.5898434539701423,-0.751492776178202,-0.9977311399137266,0.1807755369567782,0.1466382250045052
-0.09760056392895579,1.8151940253518126,-0.8155644388441733,-0.7953385473344501,0.31244824168290536,0.23784850061067975
-0.10055721686878892,1.7852563739020642,-0.9192196441990219,-0.7442836698456018,0.2671089050440144,0.23623369651849851
-0.12228347841232899,1.7602668580758236,-0.975194617118593,-0.6768933783520674,0.24409056556599593,0.2681453415075561
-0.14089235227289906,1.8007836564369446,-1.0427355644379033,-0.5702869364326764,0.2588101468934223,0.3144725858200862
-0.1487124808430174,1.79033114842338,-1.1147993366021036,-0.5171004862616988,0.2358127298212441,0.3258716736253477
-0.162929941805652,1.9883886597650609,-1.1659364454520424,-0.3359670122623355,0.3539962640439241,0.41133818615056134
-0.3050391167568872,1.857694495192697,-1.2482890251881815,-0.4417306077725364,0.21202402325582587,0.48394101216103697
-0.2814561412068772,1.7874131738953876,-1.2461856955109387,-0.5401039350202421,0.1591172510045405,0.4201841063922855
-0.2714725734856715,1.8760753872465339,-1.152428868232893,-0.5658410033251455,0.23691034895852037,0.42722578443443654
-0.24020696349328458,2.0715639494350206,-1.002620391901965,-0.6085736560218947,0.3902567149786849,0.4279138309907905
-0.23728173648183226,2.203648835278281,-0.9686744095392834,-0.5560303294944555,0.4826253620363395,0.46190135982301395
-0.21827621419169801,2.1708567566829378,-0.8701971509761008,-0.6784057258321444,0.4807508584997911,0.41608878974232266
-0.19127116927971305,2.0728265966784485,-0.7963842525667494,-0.8461651067628785,0.42755987271191437,0.33548065453470405
-0.18018289896756262,1.8154119526870902,-0.7744160602314271,-1.0454597042788458,0.26419197748707246,0.2346414974054399
-0.18503408460744425,2.0322024533469554,-0.7052497076967918,-0.9504094346113507,0.4222935595616704,0.3047101133401611
-0.27394089221304224,0.3724312345811298,-1.5596309149676986,-1.6867145517881788,3.778180676860803,0.31065659834849046
-0.16422553441716875,1.807644608436338,-0.6452554756758055,-1.1802841733614389,0.28596581925994713,0.1929533915244432
-0.16994365981283033,1.64224972655889,-0.662741027345017,-1.2649198875839405,0.17681363600583266,0.14918376985027015
-0.17524850645416856,1.9457546127289767,-0.7063881153568042,-1.0508172023531925,0.3606926219367927,0.24751869917949643
-0.3433073392833229,1.5566375439650972,-0.8156340242392399,-1.3282019688349391,0.036499759933292845,0.25534385069441695
-0.34308186404499014,1.2379593997171157,-0.9011609422968458,-1.477862818420892,-0.19070521638498444,0.15610899802824582
-0.34693223914152194,1.4872651715069034,-0.8684754327106614,-1.3398062864173303,-0.021397928207590514,0.23689781678190622
-0.3747551329361979,1.509021961368089,-0.975334967387273,-1.2003146101662527,-0.0257700681287367,0.29454284100362577
-0.4362332392141136,-0.9570656529686565,-1.3311971956269106,0.8270264237893614,-1.04154069928765,0.970018800348454
-0.6155575110724845,-2.9501226114844115,-2.304549775787351,0.16342408261132316,2.10175327629342,1.0366372828888177
-0.45864825818745025,-0.9646931649571002,-1.404637646665194,0.9094832404118208,-1.0585031792080402,1.0049298750380136
-0.35640416237962247,-0.6613726512334808,-1.4280694781300196,0.8764256822211168,-0.9068187693642566,0.916612764809402
-0.3646550980639498,-0.5282733583408203,-1.285163766690896,0.8879526316770039,-0.7813230628879814,0.9677294635054423
-0.3386925787453839,-0.18452920642563514,-1.1969750418370972,0.9832266372915486,-0.5474981494740249,1.023657571375009
-0.298018982464059,-0.22493225037562736,-1.1679797991025316,0.8564217307344854,-0.5795008453453917,0.9424019416576022
-0.22266653188153873,-0.2710248903525196,-1.261066189939317,0.7233533268907455,-0.6593375605060887,0.8016679398412924
-0.3525696722757327,0.10507175292096395,-1.0877239364039155,0.9959746011404887,-0.3595197374746231,1.0919287579253678
-0.3607107794509967,0.16891052082954472,-0.971558248322096,0.990515589187436,-0.2845524653450161,1.1270676262649788
-0.32826794399714826,0.28278011657569346,-0.9320573425481563,0.9680240707851376,-0.21228329147083186,1.1062659478603543
-0.2728404679867044,0.1917560555066574,-1.050213869514669,0.8618073400781807,-0.3209624094157873,0.9845833532742005
-0.2511473607236455,0.30331961633123056,-1.0887554119078402,0.9058807997583692,-0.2671766432199592,0.9820541178591569
-0.327875520082483,0.39750734298568663,-0.8631107603229277,1.000824334200287,-0.1203487848512394,1.1418679622531043
-0.25755996900728517,0.5429581062070302,-0.9116157308470825,0.9603794049980238,-0.06485718582976668,1.0631781449835824
-0.30313752050084886,0.5433115310686607,-0.9003101616655105,1.045068327037921,-0.04659348735223863,1.1377071314428764
-0.3067355779384615,0.7683671013844133,-0.9822430382089226,1.2278511226396804,0.07613436545673256,1.2084795266154547
-0.40641342174199957,0.7360974429983875,-0.940290915689542,1.3957682139210312,0.10069321988053904,1.3677948262425959
-0.386251936635387,0.7772494013440221,-1.0358185080306015,1.4220781039848984,0.09377376047963265,1.341196434093148
-0.38915774193309516,0.8622058693526355,-1.0709583202481394,1.5013612541495196,0.13994578225350662,1.372921570959906
-0.33900455656470635,0.937440499715676,-1.1025015326762428,1.457885155630766,0.16250632446716204,1.310374345492594
-0.37358187635666656,0.7729944696630862,-1.099332291215728,1.316567672120218,0.043869764675084924,1.2805543894186833
-0.38281853629296625,0.7321972680575866,-1.1350667561831616,1.3387573439049762,0.012074454698999915,1.2875887466889828
-0.4018517884726088,0.8532248137553436,-1.1195369956029144,1.4456985764169263,0.10035482860811322,1.3576719983421883
-0.3673055945559471,0.9370363247096959,-1.1873609369775289,1.4545055337543866,0.12346194843256378,1.3209754879335387
-0.3296001571550627,0.8512656314883327,-1.2065404228357413,1.3241629580969017,0.0497107237654517,1.2261813850964178
-0.416242963551494,1.020329369136069,-1.0765358519786274,1.537197133776112,0.2221545627773618,1.4245723565499213
-0.3814331149762218,1.048645809338997,-1.0162115204670055,1.434379959025587,0.24330716093114677,1.3677246140338561
-0.42272816237486827,1.0019436331637213,-1.0092752261832942,1.4960634983255188,0.2299736453565928,1.4269172892544841
-0.4022822636420964,0.8819821546463303,-1.1354228548867067,1.4551623109404745,0.1129920701016818,1.358012229464184
-0.39822594616702967,0.740013817581714,-1.2355508694868254,1.4220228412161857,-0.005445910739370026,1.3107427183184297
-0.5254427315169162,-1.2810659775761113,-2.2649124977640755,0.6654594598944904,3.0874673105081807,1.2819364276440814
-0.39117116710273653,0.764060437442799,-1.2333306595024884,1.4197145646714606,0.008060832332270465,1.3057165633945094
-0.33614073368099534,0.7435187097268581,-1.248750678077849,1.2900504908642225,-0.028864004549325067,1.2013039049985565
-0.31146878792570626,0.35644564177475097,-1.3531027757965435,1.1377581802922037,-0.29591141237429003,1.0685288616592363
-0.36238459102499754,0.15990277624656005,-1.2597505848226855,1.0737495131844075,-0.37944714202399676,1.0950587987963327
-0.3132580691394326,0.33288437569678647,-1.1574628652339667,1.0036780670871088,-0.2595130625131116,1.057302601298892
-0.30963045078743734,0.41501933214169423,-1.1424363642459423,1.034292103878038,-0.20446917506714896,1.0745262248698255
-0.3102625372366591,0.29605227755993774,-1.1776701472826818,0.9831024481305851,-0.28980141605847454,1.0393680078723633
-0.36518634208831474,-0.07732276027398707,-1.204108690951492,0.8945132402989018,-0.5164278113439442,1.0225363273296233
-0.37298740699444405,0.010308000026182724,-1.112715382269503,0.9079736624108352,-0.43377468228997773,1.0598741971279633
-0.36408029208724285,-0.3067237060417421,-1.0998798539282026,0.6928123714605792,-0.6359938040979222,0.9500276344342502
-0.8316138164574348,-2.097394414593498,-1.6228469652999886,0.5381765202387424,2.8580164904961456,1.581890473550638
-0.36612512868606634,-0.37964973801646773,-1.208297622260801,0.7299443065773951,-0.7093514916529664,0.9396518187711665
-0.4174592096486188,-0.5324727945681931,-0.9201453592119624,0.5841764629076601,-0.7128059270706147,0.9802338868928249
-0.5713064115952067,-0.5728342820391509,-0.6508718338210926,0.7449223760492993,-0.6133191213778151,1.2344192232343507
-0.8069667370985962,-0.6701273052788522,-0.28621610109771595,0.9949028780280555,-0.4965235125106829,1.6121977257194242
-0.31707648467192756,-2.1780936780778033,-2.0346361162247257,-0.40381334065172475,2.5176488096733642,0.6665249549551767
-0.3117679600026381,-0.4354059375756784,-0.9020034429143053,0.2338541090172149,-0.7190091858662286,0.7665199208571426
-0.337727794399655,-0.8209870940924907,-0.9152979195100992,0.06467297488803198,-0.9602530724801961,0.6945269770096747
-0.3265438306245414,-0.4827568691644053,-0.8318167670154561,0.1792270337595776,-0.7272335793799494,0.7680556903852566
-0.2716809293115082,-0.383249515999426,-0.9190968963616666,0.15436018974265614,-0.7072505169002219,0.6959665551530423
-0.4111432418817684,-0.7804785034949576,-0.8229606175787674,0.15435747719308832,-0.8882750236949236,0.8116469760105707
-0.5903666207729897,-2.7676692700543546,-1.7043827823095432,-0.5703390590432496,2.2820405006664055,0.8732732020184389
-0.46459198456270306,0.059442871857586344,-0.531966372522297,0.5800521717336182,-0.2580514781420731,1.1403681306508269
-0.3436721879372416,0.22408254446108486,-0.6599446285479373,0.47410186559933265,-0.23012114388983487,0.9741655270373502
-0.3118594908414718,0.26131295100089036,-0.3267928855706607,0.21248483355142805,-0.1311366172877703,0.9161251647517811
-0.25919505477497734,0.1883511444876814,-0.13193414354133495,-0.07909998515731534,-0.14634777560570827,0.7909757817267167
-0.2659501696224046,0.5075803342247455,-0.02805747016376439,0.05658993030537657,0.08665050909157188,0.8923072686239255
-0.22575029048578643,0.7982317128478954,-0.07397073110045808,0.1606182183610709,0.24548605491459521,0.905825870077558
-0.2395616712309791,0.33152610486175876,-0.09917349093813936,-0.20227356879309286,-0.08160448797539606,0.7428933073641651
-0.2602595221996842,0.7938776486324205,0.1676955823389757,-0.04654862781342499,0.2907589043082574,0.9088898430515101
-0.2202875393489029,0.9557185977453397,0.33566832220943155,-0.14845106168056407,0.4234865883478455,0.879375523124047
-0.23892257503650377,0.9548242396193571,0.4681697478757543,-0.19386257060721918,0.4636669585988352,0.905592721964734
-0.15134552616546873,1.011155967476239,0.3467947600587941,-0.28974627302261813,0.4362585442969464,0.7675937115430277
-0.16440682834504566,0.7306185048957787,0.48074755383083145,-0.5178395368723692,0.2959074631615526,0.6991176656032333
-0.1801475067788635,1.1966755639341906,0.562446689282038,-0.25637419250980104,0.6205249825329591,0.863022997881111
-0.16175069299599498,0.9676941901597449,0.5187544744034296,-0.40081604858690745,0.45688200752655933,0.7667622352883808
-0.16403927168290677,1.232955185617023,0.3641116297366828,-0.13255928406967485,0.5876804344606549,0.8593720793061694
-0.2468579086754219,1.3846768967825442,0.36954810103252034,0.15108312940588464,0.7163254302232139,1.0559300652442103
-0.2561143820334258,1.3891516166381168,0.30342005127349514,0.2236285777303945,0.7059534723951657,1.079738151169074
-0.30334532508713985,1.447784905332159,0.3657664991302115,0.3293097423055024,0.7767078148786326,1.1803140296104495
-0.23925975456550141,1.424417047550917,0.18972251504553117,0.2739404294985355,0.6925285543524321,1.0622860276912724
-0.28552926448545846,1.458988857887633,0.09981738149431008,0.35395699894211125,0.6860171849956177,1.1206987334417609
-0.3345572056252964,1.4635839815891651,0.09514040206171924,0.46598819708493944,0.7047126351973381,1.2067319029848629
-0.301422023673376,1.5909687019724645,0.2271112743390255,0.38561568860212764,0.8088528390657195,1.1823254718651774
-0.2700716742165852,1.6136217823726986,0.31281862858924164,0.274693105292687,0.8345421894162632,1.130776830509182
-0.19743023730375375,1.7325337244856989,0.27521491235924617,0.2038268938498813,0.8748521493352622,1.0383879912078553
-0.27948236667774207,1.7615993813025834,0.4037445179014011,0.32558439310104603,0.9559745157308362,1.187731757528234
-0.30400721890995386,1.6589384102989677,0.3427188589258126,0.3529500076958059,0.8826967923046308,1.199924343204193
-0.3604087138209124,1.5064686804016014,0.2557474283886343,0.4373436321210876,0.7819933729285921,1.253730362513507
-0.32244845074648654,1.6014369969588707,0.1592953599931252,0.4653298026920739,0.8037789229842065,1.2164700877089467
-0.29873703311864824,1.6210415234568338,0.14236129349479862,0.43164162345828516,0.8032563399637355,1.1796946490820543
-0.4102513252392839,-0.7331079595061561,-0.9243715404626397,-0.5431807940779577,3.6673040484750277,1.0209713026938823
-0.289671381197109,1.2201015377324167,0.044468568964254586,0.21805189802490366,0.5168755691761462,1.0392984863768195
-0.3010064673271136,1.01940129602641,-0.08277688891499985,0.18565246717714945,0.35779331943749676,0.9944266722626844
-0.29598054326896567,1.1129768922910197,-0.2778922368871332,0.3356680262320255,0.3634120516324577,1.011499475297393
-0.5590725377109544,0.7477706968048022,-0.2902289189660639,0.20295380915075117,0.10879589392459614,1.1823722417659999
-0.5327223241990736,0.7053834683213267,-0.364741466995556,0.15087939575349402,0.051636186474250716,1.1184304963005367
-0.532289380152104,0.564900804496652,-0.25722992976681996,-0.006461232744663282,-0.010779639070419006,1.0693956333557015
-0.4858452916687543,0.6239305721448396,-0.28914025133790006,-0.062103641570365985,0.0015977698330700463,1.0028829630083544
-0.5548920565156529,0.2131856275343325,-0.32638649929217767,-0.13954448683198453,-0.2472093058429534,0.9975534286781268
-0.5793551720070614,0.3224848486509396,-0.3373236617914604,-0.01818842010185492,-0.17209339919437902,1.0708158442280777
-0.5785822630374877,0.40701542771212657,-0.31268102411980997,0.007566128589896058,-0.11263390677714716,1.090039698805427
-1.0558633932042956,-2.0027624738921603,-0.9950516132803998,-0.41899451046068314,2.945353927739728,1.5469366904395954
-0.5882748496429935,-0.11214785004704596,-0.63112391728623,-0.1120533761835163,-0.5268772977816782,0.9466918261212434
-0.7103993940811049,-0.4793126263951379,-0.5401599805033346,-0.12479323015963265,-0.6956910298695134,1.04354612018189
-0.748569301825051,-0.17589686700841053,-0.43911065595762444,0.07494080588953717,-0.4623216097328334,1.1962163494828988
-1.0475902172063405,-0.5855605807508101,-0.14604803053023552,0.3143252927317866,-0.5424780637662747,1.5888945246636523
-0.7076464775344653,-2.130310759234415,-1.7511801091407406,-0.8635514897257995,2.5381195384329227,0.8895753545121656
-0.7442233449204135,-0.12472313756986468,-0.6577231048301379,-0.25695202444837684,-0.5927536573400776,1.0340437401422813
-0.6990455861752319,-0.16382848960814167,-0.5580491835869703,-0.44936958314496916,-0.6082386813556969,0.93670664861104
-0.6938074052919839,0.1063716849163125,-0.5129519801649496,-0.3285056185628656,-0.425696657082273,1.0065469343547784
-0.6117832161482738,0.13263396486822052,-0.5959690732102367,-0.4503406376046978,-0.46003229957064684,0.8698792165514024
-0.6806775351467637,0.28071736742757025,-0.35186269603002895,-0.3571753469062729,-0.2771714248496887,1.0289221645332616
-0.8801279014738003,-1.9995780660059983,-1.2146094252075474,-1.2142228457034066,2.718673368336712,1.042483387474233
-0.7615185720794243,-0.12894924008608644,-0.04760237296482794,-0.6175374122983355,-0.4317937393976008,1.035216420298113
-0.6279479631134743,0.35692706745185043,-0.0971334112008441,-0.601804246689001,-0.18189252458076108,0.9439775918403106
-0.6312653551663058,0.5442291458162553,0.060581177644517245,-0.5846351493114821,-0.020241395891123715,0.9988478880142562
-0.6297135449095943,0.4838174066542524,0.1090706843310627,-0.6623573931397009,-0.04750317044236415,0.9724154437908812
-0.6402007451200263,0.7240699045023576,0.2706369537690635,-0.5970442998285277,0.15179472874822147,1.0570899728111383
-0.546235423296669,0.8055344931903663,0.23261127877076032,-0.7387360295812367,0.16044470793375282,0.9154933259406473
-0.49708288789248745,1.044603896330041,0.2954636819959854,-0.7453381361986893,0.3122745959455581,0.8984589135899599
-0.66148264829049,1.0180152866011039,0.5262067247372325,-0.7352311417646276,0.3694840691758456,1.1026207404367439
-0.6022222400505982,1.0698765882681704,0.443999956965672,-0.790207350820676,0.3598571720842603,1.0142020640720568
-0.6067315583887458,0.9879852098401248,0.4117548135549023,-0.8123016970039378,0.30038115175464203,0.9969311264067726
-0.5609870529479517,1.089685825074568,0.25009836147130127,-0.7579127445458675,0.30663987212640564,0.9496511087895494
-0.6346641208002944,1.310679890158275,0.28226901949084493,-0.4802403089026405,0.48234268757067383,1.1447592202078292
-0.6551899560801328,1.152534659914507,0.18075864928127153,-0.4706718461144904,0.36154568277994376,1.1341289307048554
-0.7060968487452277,1.0295900111208278,0.1364975103308132,-0.4047073680050453,0.2891820715171917,1.1872031044450295
-0.6959635126630648,1.2737935902290456,0.04222542077442437,-0.2227626422193503,0.41710132704410136,1.2454720202192122
-0.7191691824129691,1.2267471013202957,-0.03402332496639466,-0.15315161525934476,0.37516819238589527,1.2737510335602262
-0.7603353509721164,1.185332382608021,-0.06368694501777372,-0.0679466405310374,0.35541994994033893,1.3343619994444011
-0.7697014339285193,1.2336586172854915,-0.1437377429640037,0.0301897304136941,0.368584748979809,1.3670440230307104
-0.7591695325971357,1.2387121409757162,-0.24064045773211468,0.06655842527607579,0.3425002328555427,1.3513498333425593
-0.7465069809932366,1.4594811632124847,-0.32815888749946776,0.22305912151394774,0.4561621276868512,1.3971331258969992
-0.9508778766226231,1.2761807082215935,-0.3262420259451506,0.17435201452720941,0.3246632841152188,1.561653526399464
-0.8858908158224458,1.2408826046937234,-0.3801779302172903,0.03803608483983738,0.2647916958182762,1.4367713730660325
-0.8815165915044902,1.3248053610411994,-0.2788290185983425,0.01743940510797274,0.3435283732452599,1.4520941784927714
-0.7918974063566255,1.5695981359650988,-0.20800042143060601,-0.07876832111545282,0.48705875337638244,1.366634283218958
-0.8474168849977616,1.6523018109215175,-0.09495121740805305,0.02733359070328959,0.5892587159009381,1.4869042907069527
-0.8219850226934445,1.6249394876466523,-0.0051718245099891865,-0.10093088790314178,0.5863032012570268,1.4316044533209138
-0.8162357579417797,1.5089498537952,0.09741015864024577,-0.24921152389131698,0.5366877708238711,1.382376429921821
-0.7831379006579708,1.2701315915230067,0.08958901047977569,-0.46867565306777453,0.3696175181245847,1.2490443087695553
-0.7744014624911519,1.4984025729066208,0.14036490649981356,-0.38607704861839465,0.525433448922516,1.299053385555372
-0.8565217019519255,-0.15563452590743992,-0.7232017248103724,-1.1286013602416871,3.880178959097027,1.2949807950193313
-0.72325224088207,1.2994802252929962,0.15929391576447843,-0.643755904436657,0.38400193217320494,1.1425044399639663
-0.7556733303620499,1.1115234246578467,0.17795005500382374,-0.7039210876936691,0.27934160598095653,1.1381566598907527
-0.7095997594937001,1.4584390602148753,0.06476376231264257,-0.5369014585857806,0.4545779368572321,1.1606411394205
-0.9204903750847315,1.033132480808299,0.013489434740586228,-0.7750352841205952,0.13759005199648452,1.231699262009108
-0.9542255451711188,0.6857602440859383,-0.026072730396501962,-0.8935746814062547,-0.08390221152909734,1.182600835262923
-0.9408412869020332,0.9496279347917682,-0.016713799464866192,-0.7713119252592046,0.08250594120597,1.2379459997299425
-0.941182735429598,0.9946043991993057,-0.16076867685429796,-0.6570041782251896,0.07351099148724584,1.2550199031253524
0.3505924585130902,-1.1308710725770972,-1.4483941670139464,0.7825727439500659,-1.18362607772296,0.3990199129744528
0.20261646911198034,-3.277499353966433,-2.463881488353975,-0.016443524432522665,1.8394885258355396,0.36600643551465667
0.34267830022750884,-1.3352384206535455,-1.5259156976987593,0.7174236102029568,-1.3325285928306934,0.3495926681623039
0.3724405270076206,-1.3892716384033987,-1.519202724974692,0.6111310639742156,-1.3761151025038285,0.2792094307768187
0.37408262102299983,-0.9737630331542353,-1.3980431774927093,0.7830785624296678,-1.0792522070184536,0.3982946380156082
0.3746541346353583,-0.8739051934262902,-1.2747956481899447,0.7650831922586178,-0.9834461259581228,0.42346095311894344
0.4002026101709291,-0.7573117291440151,-1.2801584963412838,0.7816471922123136,-0.9192664703829966,0.41397597637773537
0.3962187386361007,-0.965382371204609,-1.2644643635402133,0.6557350121776965,-1.0468256176739443,0.35782630930971254
0.3446915863801735,-0.5652961878978999,-1.1353794547170803,0.8746025171499702,-0.7522268468543067,0.5456717568375986
0.37641767005400856,-0.6545805958726997,-1.1536783897499456,0.7609452031305921,-0.825323913840031,0.46336718340214483
0.39112840904669266,-0.3253783104979651,-1.0957094974393347,0.8932485566266862,-0.6045451891763257,0.5365712317227656
0.4015684119803982,-0.4385901411500747,-1.1093317876737174,0.811241057290771,-0.6840920360375259,0.4850193498822359
0.4026356544396309,-0.5342046503026846,-1.142238616512715,0.7725885908437087,-0.7541291957500046,0.4557567970006235
0.3592976274988439,-0.5181935837045369,-1.0651247422272976,0.8347514500748583,-0.7081516940286182,0.5361859269041455
0.4015915131029398,-0.5695437283231324,-1.1059844112739265,0.7349951773388752,-0.7665366364828635,0.4477948668050192
0.355372810367726,-0.2687839808192396,-1.008376806973189,0.9627764952272176,-0.5320298291141816,0.618797180994785
0.30274669789696845,-0.006053921086524542,-0.9537882146617328,1.2079206629283814,-0.33088929196374084,0.7905139950337313
0.3304590972579205,0.07821212850633417,-1.0443602135678034,1.2523243649511115,-0.31046179395635776,0.769702808040959
0.29719496555879005,0.1962088398233652,-1.0025077820479347,1.3740651797747376,-0.21212381166489588,0.8636646779962007
0.32138031315373133,-0.1463385869237793,-1.111734991508047,1.1776539253203322,-0.46861774269712253,0.7191669669904641
0.35191719096360574,0.3096302126216327,-1.014046885586039,1.3246906167254517,-0.16211855484734958,0.8007832573171141
0.33118322107262615,0.3631276339959298,-0.9250021058017497,1.4137049810574076,-0.08292775206940953,0.8739390732562985
0.4002238369800665,0.15579196868879175,-1.0917293181626715,1.2325071080614813,-0.2839156179457955,0.6923373607458995
0.3673350355183997,0.44017670270646925,-1.0200709460556427,1.4316747240340097,-0.07183190842147294,0.8331714830869602
0.37024015767038404,0.42475686262383305,-1.0456209768366234,1.4248190492205712,-0.09004171477884451,0.8206392900849552
0.39818679759892245,0.4486222820399657,-1.090097580057717,1.3969451624008333,-0.09693448463209522,0.7763043817580391
0.34216074152615183,0.30741925134370945,-1.0344305130487736,1.3972117620340758,-0.15347523263913193,0.8276869475136414
0.3413653388481317,0.39333386558843636,-0.9675887019885008,1.4041811593634481,-0.08127287975383299,0.8503644928337096
0.32159760357437445,0.2525632363857666,-0.9464716369558606,1.349259547094497,-0.1589449132906624,0.8413487872563957
0.35490461622367736,0.4077895214901248,-0.9737388999556339,1.3835699500693832,-0.07867552221450977,0.8296493844956595
0.39699945902281386,0.28437865100653076,-0.9852724718455467,1.219959011284473,-0.1756796767290616,0.717578551804598
0.32486349990643487,-1.6281713096677084,-2.048612896644362,0.42318594907005835,2.9580304168946348,0.6239516100045497
0.43896774605599675,0.2201210185664246,-1.0150696748030446,1.10058069853392,-0.23985611763834525,0.6225961669899506
0.41939663920234393,0.09517259301257525,-1.0213006783451293,1.0685896600206206,-0.31491183544849155,0.6172408041296827
0.4536385458143482,0.1466854146361301,-1.0628878664839743,1.1889518064546918,-0.2734058304210183,0.6226097889184011
0.43117871671631713,-0.031879594133862425,-1.085523329935247,1.1409031150713853,-0.38605701555094035,0.6064456757715051
0.42673295208520645,-0.35018342704108363,-1.1038195570251659,0.9658387694966477,-0.5932928088744739,0.5163741662111899
0.4224165426231719,-0.37694462846882926,-1.1030890294314817,0.9571159316514877,-0.6088669123545728,0.5149376925082383
0.40811983841419736,-0.6412373115235221,-1.1499889193147457,0.8557940078603723,-0.7854155390808861,0.460093137433624
0.43773462144082376,-0.4849992296798874,-1.2028712501371817,0.9140491224705264,-0.7099610160734812,0.45555417143663024
0.38583106871043343,-0.7761332141128673,-1.160254681353253,0.8268414881941673,-0.8668864950582136,0.4568665862014939
0.38500501589912206,-0.990661082011355,-1.1573341886613917,0.6974572862890562,-1.0030658910737358,0.39337818195285656
-0.06905232468102357,-3.3977599737353916,-1.7694850431692264,0.1884511501367639,2.0678575590921415,0.8139847834799209
0.33730875201552385,-1.0842976734631629,-1.179316469501583,0.762681387543577,-1.0517537129404122,0.4503120664331781
0.22245114403051525,-1.1245020070316962,-0.9865739344677241,0.8805711584087981,-0.9861983476863816,0.6366796715700462
0.11404085101064382,-1.2196595678953344,-0.7561936132214053,0.9249836946076222,-0.9484848522720328,0.7926411803344292
-0.15326494874514135,-1.6367336529288554,-0.42364504393782326,1.0673801777394298,-1.033981833075937,1.127612205114378
0.41634949696855655,-3.0387245792186834,-2.2926446885375635,-0.37782750743043736,1.9877394693311121,0.07394642365996383
0.3788695103942812,-1.298152015564756,-1.1617950539625008,0.12890529438363135,-1.2850276277078243,0.16786927867413998
0.3985318101483236,-1.3464387736136738,-1.1524352456782894,0.04549075021684641,-1.3208305942544902,0.11611054443658818
0.38345152226795914,-0.8716711856220203,-0.949462526944068,0.24035698919253562,-0.9587553298397915,0.2802808454601955
0.44164951004540876,-0.7983277949146336,-0.96705961946299,0.1609330214950569,-0.9373699732028005,0.19840624034048332
0.3960442495520729,-1.5383205349516456,-1.0165903153746358,-0.15844624845973904,-1.4081279475974064,0.05347729181184037
0.24700296324226775,-3.334530215600291,-1.9157115492501617,-0.8137358033521295,1.870105044784591,0.12581328204376963
0.3323315630975934,-0.610146158922054,-0.7074520281531534,0.35355887315986306,-0.7110784239006208,0.4373304539904126
0.4335138616046254,-0.8385425357631568,-0.8106791068691614,0.048580439938742906,-0.9202751254455546,0.19102460884959022
0.4377291598702419,-0.5698169856952623,-0.5497231543310435,0.042241767843673686,-0.681461374951527,0.25835799093833645
0.48280569374007387,-0.5844871584190867,-0.3800456665131927,-0.1722631225910855,-0.6624030813154772,0.16971972195662532
0.49375310006239814,-0.24614436449888394,-0.2851663722843909,-0.051951610665898304,-0.42509930163072135,0.2496253628180899
0.5173089427870676,-0.16973680019015963,-0.29638236139074986,-0.05470498003388845,-0.3877500371630775,0.2300518543124101
0.46600057848672244,-0.1912912449768277,-0.2613538663708939,-0.24606533645775655,-0.4338552462926396,0.21643337004048296
0.45174560097173644,-0.035620350533067,-0.09510020001412905,-0.22316186824682474,-0.28581972990599896,0.28360891998533116
0.4624194076632862,-0.10396193629357865,0.011260721824391176,-0.3559806123465386,-0.30569757631271527,0.2400507133191772
0.40780847701573253,-0.041721744291445276,0.1425947579461085,-0.27902500466708174,-0.2124578452456876,0.35022226645788046
0.4845534040681172,-0.10576057568099749,0.061186891399863406,-0.4449534904217925,-0.3023174706275985,0.19527014795212128
0.45476717790218874,-0.041901306267782754,0.2365830203860601,-0.44939372373986847,-0.2052466528420603,0.26119304130280985
0.49400393846126145,0.3458323721039977,0.2927694477957504,-0.34074353194523527,0.043369305967560945,0.3063524150485466
0.5064956797240072,-0.0017715729295119278,0.32260486393713017,-0.5974630117383616,-0.1756617746464286,0.1781087737656003
0.47685439807742874,0.30526871059181554,0.3595721832020964,-0.3675697485747878,0.04097684199766412,0.32257697164420024
0.473047054410024,0.5145964891500021,0.3439493258226321,-0.22306644953657886,0.17214860402805207,0.3930332278206351
0.4160224253436285,0.6119105392897687,0.39638083153589043,-0.06798335627877941,0.268324383436385,0.5218021965427427
0.4365934756279447,0.6873521331807614,0.3108808144938952,-0.0190844335965816,0.28666565606326017,0.5091809266038865
0.4435685387328502,0.5997581477173699,0.22152043371893962,-0.037539434852291415,0.2043297894381198,0.4703699978824696
0.4088178411018629,0.8269020228133102,0.21124351523307844,0.21308440942681273,0.36609733474385064,0.6103684580643356
0.4514880696535751,0.8363859088746628,0.04829998303133386,0.21769926212021767,0.31394195894308724,0.5397237180924401
0.42429787469525565,0.740345658665737,0.05570064352396367,0.21120031212614918,0.26357399087616085,0.5558133976424016
0.3983715363458622,0.9241731369056765,0.14031099001112946,0.3216621832631982,0.41183958262007536,0.6513388984692646
0.4073784251047982,0.9329441451509071,0.12562764298986465,0.3076994256070993,0.40966626248825505,0.6343877179724005
0.38553580624425426,0.8812295996629892,0.155723507989142,0.29934206277425174,0.3914514209048823,0.6524705559547371
0.37611460610262637,0.8505239160116572,0.13804734948626643,0.3046748310580918,0.3697451855327249,0.656093850727551
0.351626740654416,0.8018788423378934,0.08846911835509555,0.3546399756819927,0.3337326056772982,0.6827634208783908
0.37171677394364755,0.8867659330008627,0.044226804211194966,0.3825023084600526,0.3688478930611665,0.6714481023465529
0.3994967054315134,0.8829229517959596,0.042927583738031114,0.3134309875802814,0.35574318276122485,0.6187039116218938
0.3099354089957767,-1.449069774055136,-0.9827477791378658,-0.724693654500414,3.2367445543203224,0.42575552960681023
0.4275388539208326,0.4388731277339285,0.06826141489392444,-0.04290640528430469,0.06746668820667828,0.42925758221811866
0.4399364867291172,0.3654227070400706,0.01003002383368866,-0.08272432906342589,0.0005387007782232782,0.385031763504386
0.44540174577475483,0.5898532386619244,-0.037800826499105655,0.06706949428359835,0.12940485546846256,0.4431633187774319
0.3537674797896587,0.4496926882735462,-0.05172227702130296,0.06200037716612114,0.039175544793250576,0.5145315775061223
0.33170489584558177,-0.022439504400460022,-0.10973485520802159,-0.14239170135846346,-0.27067415128820815,0.4098496331189043
0.36346794576044034,-0.0216765199444128,-0.06365028506155493,-0.2471785193316956,-0.2698845096544713,0.34995251085063545
0.3384406395784669,-0.26118283069345655,-0.06636271372389428,-0.34039278790485367,-0.41558134452697587,0.31835687953749103
0.3161516780505503,-0.45883280257841436,-0.10935810137892937,-0.3900761058961733,-0.5460401090597036,0.2955284357409622
0.3226984258578765,-0.45167845773474086,-0.1604643363909506,-0.37563393781835813,-0.5577680543607088,0.2841823210069519
0.31517103854457645,-0.30067912299252836,-0.17198469977039554,-0.26356349152672237,-0.46181083859481653,0.3418717032687749
-0.16389791808460932,-2.5986073301786283,-0.7984158882675693,-0.6444983942662805,2.6837961288655867,0.838559463467934
0.28383679949660434,-0.6761084702607068,-0.36284774901467837,-0.3092560938430376,-0.741476737532342,0.2853425443759462
0.10675280927952123,-1.4151482183217161,-0.30093432482394256,-0.3984344512445938,-1.1357266458047677,0.3708578056150366
-0.008642577906069718,-1.2294172621248243,-0.214025406239386,-0.08372791861210005,-0.9536789854538867,0.6264446688131132
-0.31342877245589473,-1.5213306624216774,0.02731768421911615,0.27076372621638445,-0.9700657986773848,1.065965575496911
0.1327471076907176,-2.6928591606656336,-1.7980674707936424,-0.787029559593956,2.253933639752517,0.29731836050863264
0.15683376258890774,-0.664094589038589,-0.8145878315772461,-0.08307977484942715,-0.878651245385052,0.39839091822226663
0.16771444648936826,-0.9386642271932552,-0.9119170549553676,-0.22234859263319928,-1.0844509214134117,0.29426744799117155
0.15568848533660615,-0.6688661728808467,-0.8895860167626501,-0.04735789201275254,-0.9018681044570669,0.3958694248100262
0.16916508537814223,-0.6687035975162455,-0.9402954452455294,-0.04873229507931801,-0.9200176737013662,0.37234192085695683
0.09501477880324775,-0.7609381808755358,-0.8581850859457294,0.010487846770497902,-0.9314412729285406,0.47229284150434064
0.014008251013871896,-3.0526572523889652,-1.8583239160937386,-1.0346066005753278,1.9793230519455425,0.277603581038093
0.058483583301242,-1.187670791995069,-0.7339987360656425,-0.24363924816877158,-1.1592465984187768,0.4030335943495903
0.16766650039374312,-0.758081364349495,-0.7998864552481512,-0.18922601983464649,-0.9402738034689826,0.3422281295783379
0.14443650660282203,-0.75892419273051,-0.6590300085627834,-0.22294667101289878,-0.8956399739607057,0.3796524677873186
0.19332735752972507,-0.4522810729074975,-0.519163477717674,-0.23189246002377056,-0.6800002716188032,0.3832507971985067
0.2447691781212532,0.07576413041685653,-0.16910394022022188,-0.2425655161713824,-0.26867884099136374,0.44329752016241225
0.2901516121871662,0.031685626885882584,0.056481949596026565,-0.5147789373806237,-0.25437863158989266,0.34116674403899583
0.34076086135814365,0.4112271987215397,0.18467863420144964,-0.4834337405079689,0.0035737339061440894,0.3605034470063211
0.20248581189859297,0.2177696958239586,0.44584310985693903,-0.6557297258155139,-0.04765024957818224,0.4650912330962956
0.28184082439994734,0.32490702201573934,0.42008160180223414,-0.7608125288818973,-0.014596112263069496,0.35454167061087244
0.327050296759838,0.26559415688291144,0.40506324760614937,-0.8868633202788578,-0.07225648739983118,0.2583740223853233
0.3225982677773254,0.7159189309147145,0.47088185282406453,-0.6417150552933347,0.23497870180330035,0.40255839804602706
0.27452051296668406,0.5407999816743079,0.47471821778400003,-0.6397642169481497,0.14114039026568428,0.435280571440609
0.2651347147060618,0.4166756034458898,0.41367672359813434,-0.6546314364877039,0.04922064715269495,0.4167123095479357
0.2617973950734579,0.47868208914564736,0.3717368173044054,-0.5845403762817687,0.07903845973181702,0.4421935518887638
0.21412267193393367,0.5117167052460735,0.3903783986740947,-0.47006233554155535,0.12179949739943131,0.53516115169024
0.2532098306433423,0.6456909451854937,0.28402861554852515,-0.413795385852415,0.16566223757123144,0.5085925359986025
0.18640279473008783,0.8842580625028026,0.38163000016926385,-0.17964119513631996,0.36743904072713846,0.6958817635329707
0.18839555622629076,0.8727763440502517,0.34472207413239997,-0.17023732315542803,0.3495572509460268,0.6889513429883226
0.21769594187743208,1.0451965657784736,0.34815701291603257,-0.13558789123856874,0.4502585816989452,0.6885835807439131
0.21798076284107537,1.2912967084256592,0.31392665150256155,0.031587343445968016,0.5984733881325064,0.7625531982607663
0.10371763753229553,1.1347127204365033,0.26274343474902173,-0.040962895540744185,0.4670073438255732,0.8235278615142795
0.14212850034929747,0.8997192668578674,0.10931957148021411,-0.17862320624734032,0.2625974875561954,0.6869922815973885
0.11566183158100336,1.0945304472596016,0.13061252017586344,-0.016111041474786095,0.40201508411158987,0.7912511878959573
0.1261484088487388,1.092485239460712,0.0873303145345772,-0.016736593580888963,0.3854466101845391,0.7720867881099716
0.08632465275291665,0.9572081850253438,0.051047605567097074,0.01073856176363318,0.3032451866370455,0.8010321533008619
0.050244952029264746,0.9523608936847799,0.06982871702076741,0.07548992254554428,0.3176406392186827,0.8617214715608732
0.037277512721369546,0.7647184130983682,0.12004340469098973,-0.04014025849155266,0.21526147239918794,0.8261189587363835
0.03332158834088747,0.7424521337239176,0.14473433365643976,-0.059588776422407085,0.20890146695460268,0.8258223218135236
0.09384353296813364,1.0108461728846636,0.094589434340593,-0.002660527880309236,0.3460915314351529,0.8017106682839075
0.02505791488071035,-0.9547962294021197,-0.9245230480814246,-0.8644208510187978,3.456389601491988,0.68580712375641
0.14203205727284873,0.6453854511732598,0.1397801113572981,-0.36061695672998756,0.10695546603695189,0.6042801924267779
0.1694538705296554,0.6851709717832265,0.28046006433321513,-0.4923250187322204,0.1587939667589941,0.5601628635255054
0.17511857052060284,0.5975236753726495,0.29198219033951994,-0.5742687806624622,0.10286460721973634,0.5186115154540161
0.029856252545211685,0.3887884125890763,0.2858010297883252,-0.7605366134448291,-0.06571810236268914,0.5721997147605251
0.0379533072370421,-0.03612474456797429,0.165205241704858,-0.9722776390542162,-0.37301424421756746,0.4269828664944997
0.019589143145549718,0.31317204552965355,0.2290125294703006,-0.7618809979827366,-0.12660741702595046,0.5619823353428293
-0.015300076871651315,0.034808663547522406,0.1237551628284686,-0.791267838688037,-0.3203042285696198,0.5399245786218786
2.158843066765055,-0.21994157246572554,-0.7795549491503726,0.7725241438326642,-0.5212592711663853,-0.6389254674417186
1.9842106440005018,-2.3044491998105636,-1.9609922387922611,0.17238392597902422,2.5075588557070345,-0.6018351205599147
2.128977701338684,-0.12143076838517268,-0.8024859137590243,0.9097437897667666,-0.4540023980148727,-0.5575997576084479
2.1096210227421635,-0.3704552186340696,-0.969446116685395,0.9023205137684743,-0.6504483025376324,-0.5958410598266817
2.120248479933329,-0.2480582835749221,-0.8768857679880108,0.8955851854381714,-0.5516760178695101,-0.5800312780535243
2.1528538800665684,-0.30113513727145147,-0.6649749419629924,0.6611454914347618,-0.5416177675635163,-0.6588519473138535
2.180211177894898,0.054652758220037956,-0.613861937770865,0.7841107830618593,-0.31020822512135654,-0.6003249219819335
2.1710121243276923,0.005625680993427778,-0.7352456761188894,0.8485022147343726,-0.3701963224725053,-0.5962502516523658
2.104142245102382,0.16782287334489662,-0.5660589700947422,0.6732423230707429,-0.2691622605559008,-0.5465342508903338
2.0451943289656946,0.15238966917986962,-0.6216232766024874,0.8299212620969736,-0.2727855540986828,-0.44603782333647307
2.0896150355967134,0.36700562702889583,-0.47137264522634087,0.7708719939711804,-0.11155306936239497,-0.4617638044346344
2.103045144377897,0.3276464542744642,-0.5963930670629145,0.7960339253999021,-0.17397480393979176,-0.4927487499600362
2.112263818576932,0.4123121703356807,-0.49910044474184423,0.7713960712543916,-0.09716901278938729,-0.4836299822853121
2.0854647750886857,0.4713116891461485,-0.4090151764501754,0.8164630145166514,-0.02594800282618932,-0.4186472302017203
2.0890407228518746,0.5291452910121061,-0.37155112316621053,0.8240293497246367,0.019936966254901618,-0.40658465994525184
2.107548039757334,0.7545541344734008,-0.4048898170568778,0.9400268591336793,0.1489693588523074,-0.3695919879325951
2.0988628530046967,0.5704788745770397,-0.5275717187860117,0.9231908944089668,0.0021265153628148175,-0.4069043183076735
2.060692442017585,0.7775191055035343,-0.6375713806299176,1.2016775184611468,0.11930923338874419,-0.27387036446233515
2.0792889969088932,1.0992841217715936,-0.4130697304823305,1.219998857154928,0.37767278526943465,-0.21353923152181875
2.067954267798787,0.8405891097191622,-0.6478244094486939,1.2306213171947744,0.15449084027700313,-0.26686008199833655
2.122246561435399,1.1492288140203861,-0.42304027663673094,1.1592031751073617,0.39177454642497483,-0.2741880808733139
1.963738832041601,1.245605769766646,-0.538788486109931,1.2151664882500641,0.38477948095312464,-0.11444880167624788
1.9764351026795262,1.2293579628105742,-0.35100414152207043,1.0628440128637369,0.4191568055391775,-0.1461922833822168
1.9526322049848435,1.324343683775228,-0.5218546998658782,1.2771211632001755,0.44349631410385326,-0.0715764503292638
2.0142610959869356,1.3066790228099046,-0.37351301986918284,1.0392359533586266,0.4494408371054341,-0.1884347017073788
1.9926435070401003,1.101604611579019,-0.5371317873016224,1.06336042711006,0.282972522571238,-0.20846553813264038
2.010725405694596,1.1417284999559818,-0.3747109665120658,0.9497469864926723,0.34498550774493925,-0.23134333141729949
1.9872276209640023,1.2098926301745292,-0.4552137360676804,1.0932792167931935,0.37585087249334787,-0.16701596612156774
2.0084823121013775,1.2579610941527444,-0.49324900840926594,1.0971274228844488,0.38906183540456096,-0.18931126924992844
2.0067525421851466,1.1615719606613868,-0.5393179204786783,1.0699974674952375,0.31585000377633055,-0.21473649779820625
2.016766777455519,1.0747276405012698,-0.4569458574114579,0.9446575801052497,0.2783211974833771,-0.26082512484531134
1.835142187484413,-0.8731172773255111,-1.5908225305907713,0.41586089958757005,3.409704899874471,-0.17016179471878853
1.9922860742198178,0.9862943566430536,-0.5375320158824889,0.9930690085969163,0.20906294927318197,-0.24359368059818884
1.9748565927003272,1.0086710627184134,-0.6622970807351726,1.1193812887788037,0.19661451091019644,-0.20421335822852163
1.9194800105525334,1.067781973703051,-0.5851625426058387,0.953202733409422,0.21286254906898455,-0.18954349510385998
1.865672761056319,0.5481250758054714,-0.7228000711250018,0.8408584900014952,-0.13695216159421555,-0.2501898979961044
1.922392849745061,0.6982037325191801,-0.5163294629850368,0.6776808293116721,-0.006928612475637706,-0.31020388390766407
1.9131180755353996,0.44273307416086244,-0.6589859249132051,0.6278815807923005,-0.20478939749195355,-0.3693011342950561
1.961218444044456,0.4161441470688369,-0.5372445652880156,0.4280202820715463,-0.2070438808873218,-0.4659817009268206
1.9022386083733474,0.4351955055917254,-0.6559541760148889,0.6415633993946784,-0.20538158524067698,-0.3547120396482521
1.918972443861024,0.15992395083249447,-0.5191167405280168,0.352476622972904,-0.3517156229990823,-0.4718805849928852
1.9256599716617417,0.02288400974396826,-0.6958083968449831,0.3588461337280893,-0.4883956186157503,-0.5225551650914754
1.829139610916254,-1.9971654964146004,-1.5554239821217042,-0.5724757224213355,2.6385339972091844,-0.6109213308694148
1.931412346624505,-0.303298550846983,-0.7712841290199136,0.18914783670863172,-0.7194349701458848,-0.6324982596843532
1.9173552191005725,-0.011742588152466872,-0.6191102999129848,0.3027973131787116,-0.48817454649015046,-0.5239182879927851
1.9363258839968607,0.030890584224747553,-0.5846752980624886,0.26177755949370896,-0.4588795112442384,-0.5469438626133649
1.9614971733500715,0.06314447263633231,-0.4293482676739211,0.12678222575234122,-0.40674097259327546,-0.5871045098877282
1.8335130640973645,-2.133578230105294,-1.6209148939049383,-0.6419102553554696,2.5309355693349826,-0.667076912923227
1.8689480931361424,-0.4063445855049707,-0.45017036264111904,-0.3247264778602895,-0.7643016638057806,-0.7043080525641938
1.8654617587122362,-0.13151104875378244,-0.36087491973566954,-0.20881301593317989,-0.564165487317105,-0.6189949081249893
1.8817440530294607,0.10400814460012221,-0.31005137315608566,-0.1390532749667893,-0.40638996832219687,-0.5802185510679385
1.8574995449357599,-0.04916135795941734,-0.4834847081861151,-0.07806731383153973,-0.5418956361128178,-0.5829321509010041
1.8883206186683172,-0.2518510842255177,-0.3653682448387022,-0.3469000989404648,-0.6519971070329198,-0.7042212862200942
1.7491085120454164,-1.99861731685229,-1.2604785608344455,-0.9985359057439255,2.6552855076027146,-0.6352143085486487
1.8989969305694645,0.2513709203428286,-0.1673438331492694,-0.19684436004298764,-0.2827949161625563,-0.5803957683337789
1.8934623334817045,-0.019850400408788084,-0.26212612414773734,-0.29667786360461035,-0.4797844568765226,-0.6535557796812228
1.9739762383841672,0.3032152305569223,0.14048549882583947,-0.5305556775312679,-0.19630080000238134,-0.7091725228121848
1.9426022765768503,0.5200062082833242,0.14254969057059502,-0.33545439735361926,-0.046449467445710386,-0.5908895375711972
2.0371608275752493,0.9079659289219512,0.5113433630566011,-0.5402773310977689,0.26479764052761695,-0.6503749342180938
1.9880882813999896,0.47383917152947486,0.20848897716082038,-0.513994414890214,-0.0755655963307545,-0.6909520132843908
1.9178217522217307,0.8142048901824649,0.32342789880515344,-0.5427563587081953,0.12657163153040235,-0.5812831885934677
1.9042825692737622,0.9532384664390419,0.4419908028433227,-0.5039514713956514,0.2510684456780776,-0.5199907163817443
1.9812951552846843,0.7228695909893179,0.7531363573536288,-1.007829691445606,0.15781088418226213,-0.7343235264195639
1.9490044409221414,1.1818926108561683,0.5784961927666393,-0.5536718652507587,0.41692715601695784,-0.5351708417505868
2.0188943809504267,1.2402249393381932,0.8846685029476186,-0.8620968299109935,0.5097785144593109,-0.6483912358204316
2.0253485658475903,1.2768482219173527,0.9518085222912664,-0.8967607933161235,0.5483953228625119,-0.6510588965011664
2.0123264979327162,1.2810807192590816,0.9860030265069658,-0.8873859980424257,0.5645188490565706,-0.6284884330834593
1.9756838861332675,1.1060175256286797,0.6482566524962586,-0.7064524907565335,0.37681199033092744,-0.609221241905389
1.959172969594209,1.3013080151076208,0.606887311313182,-0.5256226951708571,0.49680064807906127,-0.5196794588869692
1.9445718130755543,1.2985982174662283,0.5598553812299676,-0.46552337195265187,0.48792784502615166,-0.49344586809383495
1.9615445149842705,1.4882192111653039,0.7169287762990424,-0.4832361311005831,0.6445608648034445,-0.4690617525878006
1.9618153844545458,1.623016538760083,0.659033253969836,-0.36755461213202495,0.7154908418732491,-0.42751004270445664
1.9230929714333587,1.6604234746362092,0.5020477636042707,-0.16400261680022854,0.7118064983968677,-0.3448820855574624
1.8578733929782205,1.8545796429450305,0.5621111663418363,-0.2332830163476745,0.8095525587861931,-0.2774835965799261
1.81810386498072,1.7341152413240566,0.5169419468823763,-0.19051793103914466,0.7345783788932986,-0.24339108627650305
1.8116869971586709,1.5937012785633289,0.4790621577771385,-0.2390666507250258,0.6369698409259391,-0.27426924860343493
1.8049882454233508,1.7208253180241522,0.3681367898600295,-0.080708422670486,0.6914931689920708,-0.221772333147028
1.813284164420373,1.6585986749341062,0.34002840084894476,-0.1206961320836959,0.6412980056647635,-0.2549932656979401
1.8341442645676562,1.7699115071677458,0.5138084325619474,-0.2058408531100392,0.7507215485256338,-0.26220590361303775
1.8091791471581726,1.712605705089399,0.5257476415813197,-0.1923531981827446,0.7259480961741643,-0.23619417593847683
1.8150822567331442,1.698698117497099,0.4258343722628592,-0.15520210754569008,0.6885804838900415,-0.24939041702534331
1.7947418941579683,1.7947012058773073,0.3328502151565041,0.003089014755335518,0.7326264036114669,-0.18321131485697237
1.8335012013056131,1.852977025518614,0.5152794801794498,-0.1606082649563617,0.8039596626691354,-0.23878218900935128
1.6760595546631392,-0.18621521546039993,-0.5001546880709763,-0.871776951662302,3.899331259127836,-0.22170585023473677
1.8108259467017853,1.344510736450229,0.4395147395637629,-0.3758666351367601,0.46632325259744567,-0.3535115594775312
1.8304760771871844,1.4783618951139639,0.43779584173501895,-0.34141021099914526,0.5442484755295544,-0.3492911689328323
1.8594907308489113,1.5377267671251174,0.5527470807211294,-0.44357701866625054,0.6018358547567528,-0.38677058150528926
1.672408543077678,1.2207986727677154,0.4659092689552967,-0.6883565101023384,0.32701152033584874,-0.337540929943214
1.6250825857030433,0.9731041710790143,0.272242815018233,-0.618042583716388,0.13410023656569114,-0.3265172211588759
1.6954686371523093,1.2676387275585135,0.46219982592884723,-0.7130540147280051,0.3475283473630887,-0.36569667237713066
1.6966024810976632,1.0871743447924487,0.432673655277258,-0.8074631445490671,0.22385300665026997,-0.4220208251046831
1.6881262078177832,0.9005817817374664,0.3889725302704554,-0.875434493847429,0.09593110777087181,-0.4629485696895255
1.6166359336240688,0.31613775469474564,0.14100901096580068,-0.919307870999043,-0.3179362433003524,-0.5089516081923987
1.628676293429932,0.4911096247329263,0.13731743389512793,-0.8385960262040009,-0.21123575304061967,-0.47721813328298884
1.5332421118298551,-1.388214953703016,-0.7407910993959675,-1.673907916385391,3.000699676810124,-0.5233265801448288
1.6589025028488091,0.3732097165548622,0.1276178655675435,-0.9727480377322784,-0.29998220434001616,-0.5664405653735991
1.606108467167748,-0.1034443276466309,0.03088289958493177,-1.0846623463738185,-0.6117663862075969,-0.6160244248436992
1.566775662585087,0.015601995997750435,-0.15899170746900254,-0.8112146749308835,-0.5717031696923848,-0.5072173836558839
1.5838208589681666,0.05523791374875932,-0.09124237996328295,-0.8698716807067706,-0.5348991339388477,-0.5285073972705765
1.4569046795560519,-1.9404912657855686,-1.2943113039414977,-1.511637432651799,2.528060361191983,-0.5487719749943414
1.406261845388859,0.2868037052440976,-0.17558126949929614,-0.778677982561319,-0.45511731167478375,-0.32077827644032275
1.4064148125365963,0.06985623789380511,-0.15512123281328288,-0.9261511226486204,-0.5889462417161344,-0.3890797984840237
1.4848804446267898,0.24308800383721518,0.06948109100228832,-1.1346167978400195,-0.4469866002355813,-0.4805548529496826
1.4944729077923153,0.268816431457843,0.08405456433107124,-1.1507885115707408,-0.4302188646166798,-0.49070008759517825
1.4415604714619563,0.30050213786549984,-0.05995881135617101,-0.9271526436811132,-0.42918745046353923,-0.3853298791629635
1.3577296168127242,-1.4903227512111783,-0.7905513862292936,-1.8251066514874885,2.8739163751703964,-0.4288478478674258
1.5050290132760815,0.36632295529433967,0.2620186027792717,-1.2285704780829956,-0.325350186827853,-0.48654014564541037
1.5712813047473744,0.5344478821561197,0.4780772206951325,-1.40993249132946,-0.18481056866331882,-0.5590744236217173
1.546090382813738,0.5486059958620139,0.3980827616555917,-1.3002440423364154,-0.18820941849565972,-0.5105407638912517
1.5428439014768494,0.6193907297635348,0.5506833291296502,-1.3461091867199373,-0.10205421039152723,-0.48868500985822083
1.642127649138503,0.9376478073843842,0.9845242805277211,-1.6419396179841426,0.18010495866032303,-0.5785249541902732
1.6664473999802825,0.7763853565489456,0.9458123695868412,-1.7735829357584536,0.05788858608562467,-0.6708902817652864
1.6656495011049903,1.1609571201322055,1.017385100997357,-1.5850289911408406,0.32278661183383184,-0.5558422098588468
1.5734884592595737,1.1279257094710267,1.0184407464543632,-1.6516388764123815,0.27912554038246495,-0.493293290228013
1.5394765737893377,1.1798335479998443,1.027231356064635,-1.5519412408254363,0.32640819836233426,-0.41922167770836555
1.5308185502494893,1.120472596069624,0.7844223467396386,-1.422079394896395,0.22769105136573173,-0.41675667203572536
1.5330788912635769,1.4833985702925985,0.7999581894611494,-1.2172095808644987,0.4631713196469483,-0.31117515646154303
1.5097678519387732,1.431434307503132,0.7744306985625148,-1.1812609938732512,0.43142149710486855,-0.2854703874547819
1.5308733858651655,1.4375073185499858,0.9637097972384943,-1.3397298817887946,0.47751405378756745,-0.32523248283535083
1.5820635213460654,1.836516997490635,1.163155150840864,-1.3317964187361373,0.7672911478762655,-0.29789899646116613
1.5383901231845645,1.7093449419357736,0.8986496759696493,-1.1481076964005914,0.6321571467846429,-0.2521939965070637
1.5843335331293567,1.599644076575915,1.0724190443692447,-1.4199393659317272,0.5916094675398352,-0.3689103083232021
1.5164627328254294,1.7552447208393827,0.9017631196007745,-1.0674381734160423,0.6706170959508225,-0.19685394880787832
1.5267090857776096,1.8298059697027529,0.9708837541393719,-1.0846926620390949,0.7330817096743268,-0.19260892293271592
1.5078547865174834,1.8935020839848564,0.7869390619113936,-0.8911832699108917,0.7323412341353529,-0.13521198606876803
1.4783940450020983,1.9124267557325476,0.5960840813173703,-0.6967819199133087,0.7048863151595389,-0.07254726979200676
1.3099018981699686,1.6083537532782992,0.30972393064543796,-0.6288772241557249,0.4285153860110327,0.03295978095307698
1.3189138145769461,1.7921872590230052,0.4251494239598798,-0.6061234671566418,0.5734101208511138,0.0710221205058216
1.3006324053753828,1.514082269922832,0.176480901139065,-0.5838855861221285,0.3365491571534699,0.02403786147557453
1.3577647971732478,1.7072674333523843,0.4314651069775913,-0.7500496376037314,0.5068588803586348,-0.024109883606513994
1.2984730246684628,1.538041280092413,0.19276788571839626,-0.5758258603846246,0.3567835299389942,0.03400563182207201
1.337607423447234,1.9260826108610931,0.5679883242195733,-0.6562666776817009,0.6897148654805847,0.07402284853360297
1.4132893076178574,1.9301702095406768,0.7831334537402074,-0.9551440769534808,0.7219421620506405,-0.06363984436850727
1.4432152398559583,1.7122232099262495,0.7929306438888704,-1.1620823999706966,0.5742967044112296,-0.18368952627656157
1.3994153451135196,1.8033148021762844,0.580980081662762,-0.8823707416738722,0.5922365824809541,-0.07509264913574053
1.317383311548334,-0.074433353581841,-0.06530395746137237,-1.8884058702328614,3.8611760678243443,-0.15027080159589565
1.393862648886479,1.419994842570749,0.6619166253727832,-1.1545230646639963,0.3698218321665557,-0.18527334280891497
1.4586135698574552,1.6377820071443725,0.8729885047924526,-1.2969386126935891,0.5415968058420683,-0.23870288751956623
1.4170014244746698,1.5504731334561874,0.6465451492803945,-1.1208041073614412,0.44085448621662493,-0.1874659624358602
1.3647980294280002,1.5963954152707192,0.884465485055504,-1.4253657161452986,0.4839482711888242,-0.1951234922788486
1.4472560676057524,1.5685751404630388,1.3336724638035782,-1.9001299361947492,0.5548316145851582,-0.3595742180330353
1.466032531050319,1.4308695550130575,1.2494703933288225,-1.9764313210892057,0.4378114367124718,-0.43342290097156605
1.4211584653252531,1.2811874150459086,1.0363831098404512,-1.8392162451441334,0.30177770089130784,-0.3958684970543381
1.4256413653805295,-1.6239385563790665,-0.7964721451259137,0.9364661560447025,-1.3087552737126833,0.11040381234945092
1.2719756737079175,-3.5258222033148696,-1.792229460475487,0.28759269664716913,1.878268500762611,0.16180746398543502
1.388638682013396,-1.5653394302990706,-0.834134703277586,1.0744551298800333,-1.2683831104196175,0.1925304319019943
1.4565271137505642,-1.5313647477068117,-0.8446506478452187,0.9478839115484543,-1.27349848998841,0.08287195218714873
1.4675953660383856,-1.3068572807174983,-0.7155956981311085,0.9799204563783799,-1.099959035911327,0.12807032970624468
1.480332092892299,-1.2944225720402898,-0.6474104293063757,0.9166097047154005,-1.0786971787943953,0.10734480291002875
1.512319950720484,-1.1246432048040156,-0.6006360226137445,0.9191936589005563,-0.969089705340392,0.1013760714418951
1.5224377344001252,-1.2204994954785702,-0.6157051015791846,0.8476116952245686,-1.0379551100663025,0.05482830188626932
1.4771452323485916,-1.0263086382776656,-0.49974994465632316,1.0838877437565946,-0.8480591028303356,0.2217899196436345
1.506808770495525,-0.9479338502796884,-0.47449596271708716,1.0495186741983862,-0.8017555968764166,0.19274775977354233
1.5378951127376501,-0.6234457165668181,-0.4034883415286112,1.1348131496442462,-0.5863109736741123,0.23562186923489362
1.545877734326168,-0.770324640649112,-0.444962697937845,1.0566346922809546,-0.6936706703995495,0.17976238013175785
1.5758864381581432,-0.696299501189312,-0.5058612321267901,1.074457174665203,-0.6725610473078564,0.15252474627695836
1.5281101007587357,-0.6939532279118213,-0.3472697911963386,1.0909412220011787,-0.6121885573975613,0.23577409912535988
1.5454313970450821,-0.556448347513952,-0.3328679019392712,1.1298053277659659,-0.5262367224489252,0.24829020846459485
1.5523398984529113,-0.4407120587362886,-0.3666690589997989,1.205737988144071,-0.4634048255399481,0.27246734056271593
1.5139168187115928,-0.3229454237454877,-0.3996304106495414,1.3841960693699944,-0.38302952043779315,0.3771497569419038
1.482114186088971,-0.24040461675708627,-0.4326865351017626,1.5265188443266398,-0.32756012769417653,0.4594775920912698
1.4812148008030332,0.06311982967905672,-0.43821711334236285,1.7165841493947442,-0.13438011053548252,0.5537587887700889
1.479321692037248,-0.21585872931164174,-0.5373314897530902,1.6117597110241015,-0.33826179334184514,0.47462381140695764
1.5166327253770393,0.0029593515566279475,-0.5252487273808332,1.6526325381709672,-0.20830408875724318,0.4747119020605258
1.5806744859927195,-0.18698111921889707,-0.5112319980718867,1.6543421339088549,-0.2894751384504795,0.3988953970495373
1.5767838683033382,-0.15087277544973268,-0.5532672029526293,1.7098391968754914,-0.2760792605178885,0.41738639919113724
1.5593981561199919,-0.04230921394841188,-0.5372347192563027,1.8049954720549686,-0.19624713337494284,0.48065204677315604
1.5762440754231999,0.006885938381554595,-0.569190948535121,1.8171067079127232,-0.17903295261421984,0.46702911403220143
1.6048895280718705,-0.2235054873891025,-0.5831790838955881,1.6226080910178304,-0.3401776983194868,0.34738814921481403
1.5264392978583619,-0.23733946997895683,-0.48504377018184014,1.7319642661867147,-0.2954505725155813,0.4797326898095971
1.569151029640505,-0.07782143246394732,-0.4225188585535379,1.6956805251802889,-0.19197498441563052,0.4518819399408029
1.5377346908990692,-0.12221292957575579,-0.4296870059659887,1.7431904060012828,-0.21120550837003868,0.49369578694566757
1.6103955975822948,-0.20593361303566876,-0.6378519913647093,1.654616905089517,-0.3451701410796834,0.3445880619548955
1.5249312944795117,-0.29942250386332897,-0.5896131455968555,1.7603022413696132,-0.3621641408395853,0.46554731015607137
1.4241604294816548,-2.1771395976946484,-1.6332238587757666,1.0378352760039742,2.809216517657555,0.4329528753719423
1.5809460902225236,-0.31647023480556075,-0.6599897278044847,1.664985460307343,-0.4115155404812982,0.3623149704820417
1.6070036923239883,-0.31265018296408537,-0.6170566582092348,1.58106656477715,-0.4071750972920722,0.3156784187956268
1.7358867423854911,-0.32781593951554033,-0.6466287495518598,1.774678890594177,-0.3654642463193441,0.25195361945313405
1.6977716191886636,-0.5298720973119079,-0.5791985915042933,1.6954421976504346,-0.4637469245721571,0.25543516792913595
1.752124047884378,-0.661178239177839,-0.5333448068467054,1.464296872762245,-0.5551187861300848,0.11780362884176214
1.720164347377381,-0.7389281360814087,-0.4931068751095509,1.462510465780418,-0.5832130567090286,0.14854089234353657
1.7201123736417496,-1.0096502143240975,-0.5694623027303977,1.3427021264372032,-0.776683597512476,0.06708438889099981
1.682639093884741,-0.9861681824504009,-0.5441643108873444,1.4236084906995732,-0.741974078685185,0.13858397943781747
1.6890510153270524,-1.1567550516754372,-0.5108076210761244,1.283606167334226,-0.8448447103953003,0.07367080416781506
1.7157430718840243,-1.34877913669482,-0.5164874154799953,1.1084261434796547,-0.9788749322174843,-0.032751692972900336
1.3464533147683053,-3.4514135076771373,-1.2288064947048396,0.6506762877468579,2.230304498935177,0.33137428197588964
1.6665349802093914,-1.6304981398900715,-0.5836601142187581,1.084055346579961,-1.1598547362303622,-0.03250921527226238
1.6488039395893241,-1.3409152307398493,-0.2836524211731362,1.1154285809182938,-0.8897393685527573,0.07865959914386748
1.5595469640506021,-1.3815355233251851,-0.1185992315960625,1.1881333406044148,-0.8411635706694467,0.21824920921427854
1.2914445176524738,-1.6015178605773255,0.24729272079984327,1.4318243858828734,-0.7914732558754647,0.6138496623760317
1.6793852428292655,-3.354777091124144,-1.3731755561767138,0.03212386896082395,2.134983096942917,-0.23149076480023106
1.8695913395654948,-1.8052438363572807,-0.39552065008382825,0.617480424448904,-1.245714102893782,-0.37670730951475806
1.8740464433816093,-1.5687271941867853,-0.34660704562072064,0.7167652438612235,-1.0835074884866407,-0.3161188207117243
1.886136547008632,-1.2278546794447733,-0.27076927962515995,0.8446018372850395,-0.8502666665827942,-0.23854792772717037
1.9224821030244923,-1.3705336462844695,-0.3437043192313277,0.7151390342064394,-0.9740874201010304,-0.34711954115387467
1.8198533346313785,-1.8569596289678143,-0.31845440874400943,0.6303541136918465,-1.2429642745805671,-0.3171823332246935
1.6807454858906357,-3.575172662475507,-1.2022236158676902,-0.011083755129170793,2.0855305483589506,-0.23994919260573333
1.7760537962358376,-1.0961150715668981,-0.03194283169708016,1.0052356321814027,-0.666419258353141,-0.021142830493634614
1.8575901193660862,-1.0357232605248559,-0.0979569168550985,0.8932264623864891,-0.6744345451296996,-0.14782451801308158
1.9148061559878435,-0.8583618359520044,0.21609264489586863,0.6769810972242758,-0.4992060973811342,-0.20460545653062442
1.9738828073285037,-0.7703575713841138,0.40633099847633697,0.47727933128536226,-0.41432545713065216,-0.2890203000245662
1.9361127577937611,-0.43704319624085064,0.5715418731714831,0.6595741549379616,-0.14472816273815473,-0.12729302036482096
1.9922817408232565,-0.48190342200653236,0.45160884935204937,0.5746250899836244,-0.22516969421930774,-0.23936083922360124
2.092764385357063,-0.3577376445460971,0.48486529912322834,0.6210605503361267,-0.1241662828101492,-0.30349638206263724
2.0551789171249206,-0.24806406839451078,0.6998334693160092,0.6378384917022156,0.01535751839877497,-0.21086810591626307
2.1124094998273515,-0.35365607130197085,0.7993587819329272,0.3817991640248442,-0.04663154200659203,-0.347768708069183
2.0556133905864935,-0.0008840241372458557,1.037697709111179,0.577115488575093,0.26159912057669543,-0.14684009773068715
2.160284839121614,-0.13312762217402865,0.8589506173381385,0.36823618132356545,0.09287511902601185,-0.3683991462606605
2.1375026762654223,-0.24638349889979105,1.0193230580113033,0.25215952524481694,0.07040067365807316,-0.3670738001143924
2.139499451544416,0.07214113937349458,1.076837529086485,0.40397686117543724,0.2884529717603673,-0.2761490767357498
2.156627577898174,0.03173808320403764,1.0606551331334617,0.35135987310309497,0.2523454471072697,-0.317967485454647
2.126614759825898,0.13653172304041084,0.9336544376842608,0.5594726460498883,0.29671274303717793,-0.2301745204415672
2.0971427003448078,0.39852195129184237,0.8691034261806138,0.8237961769440947,0.4578765906445332,-0.09703501018089311
2.0865713860178166,0.3736009436793595,0.8073150388229359,0.8703164387394405,0.42949166334155475,-0.08431498356835881
2.0635040681812185,0.42050241944453465,0.8112312279269138,0.9478490363939216,0.4686577781829107,-0.02966422461206175
2.079082708895225,0.44044504324518724,0.7080218259537174,0.9863859818801944,0.4487246718689171,-0.04924968027591059
2.088637817593242,0.5831512084259685,0.6340589552713133,1.1676021687332443,0.5331315715450798,0.004006717891139894
2.066924008953628,0.5138335728334588,0.5943258709677938,1.1974962425166222,0.48593113719979814,0.021667162129565282
2.110422598250949,0.4799605771225354,0.684956238673669,1.0236904601486714,0.4725984585368442,-0.06773655396072757
2.1234640211443017,0.6075420598703974,0.7956644721666313,1.0040659572204074,0.5786342996179643,-0.05482828929932469
2.1746644262018515,0.5625238999754577,0.7665702406318697,0.8787383480366424,0.5240261445385824,-0.1584363856239758
2.113460777692848,0.4637539641017447,0.8464304613733822,0.9074647841226746,0.5033644612320379,-0.0826354213129915
2.0905438508862724,0.5587460371728321,0.8180773881887853,1.0328969006135307,0.5647416289213035,-0.013134865981854687
2.0667089538356818,0.4043990291950286,0.712249705697891,1.0553885422623175,0.4464661349923083,-0.016384398634627744
2.118673990309193,0.447738685116916,0.5941024034731582,1.034623848396683,0.42464720605307893,-0.09307809809627919
2.0838521144608984,0.4574289181637164,0.6634429807568168,1.07509673762515,0.46120472330761,-0.03116781081896945
1.9665803206845553,-1.722309869931163,-0.35208223744577616,0.18868865644140873,3.4524181794204067,-0.12753653900889703
2.080363750539373,-0.02684276145392145,0.585348360443971,0.8328038194485754,0.13165641787688864,-0.17232697814745637
2.078314963594859,0.0018529338884972202,0.4889320617726875,0.9095562578737799,0.12509715447529518,-0.15965148373409913
2.0680022395861037,0.08010336001953167,0.3389317912946611,1.0672459705225952,0.13909854581208178,-0.11618321396574159
1.8193729704062436,-0.31458423210528297,0.2615401663983747,0.834189044452747,-0.17748939517113588,-0.008320653319315974
1.8418210717284054,-0.5060644621495223,0.16724202408735223,0.7217917602417775,-0.33300039920279106,-0.10544755942980333
1.837167044745724,-0.33295108634051684,0.33592022173745345,0.7346558079096278,-0.17633168528399634,-0.04871290024420122
1.83388421123969,-0.49390417093089056,0.31613303105547647,0.6560919810881164,-0.2834033360391,-0.0915490520521568
1.7974551434042263,-0.7735237847317123,0.256058196843554,0.6044743477433375,-0.4652716319079831,-0.11106069575867417
1.786412046551775,-1.0478993530942515,0.16587796952730607,0.5172125186603618,-0.660662850930998,-0.17306070334541312
1.819208527106872,-0.8374073081307097,0.16450777786633583,0.5714112076048466,-0.5379604153358749,-0.16719079185972474
1.407954598799455,-2.9967074271072254,-0.5633154154637072,0.18505158955932263,2.645917557200465,0.2551303969084852
1.7546805814861322,-1.1547466360830942,0.005885166263633825,0.6193102658182829,-0.7599386767099751,-0.146577158196517
1.6809928092949247,-1.7708181726420988,-0.0238277489914195,0.42941926271612385,-1.1359510922555418,-0.20311704570272804
1.6346784639271612,-1.5336262827727591,0.07539088673714453,0.6153752704521663,-0.9419079026009626,-0.05259253420697424
1.3186528539104592,-1.8080169360103946,0.4202018961294028,0.9471908184246051,-0.9155630966640912,0.4118058700054497
1.63007760649731,-3.4599035997830137,-1.1586874309118649,-0.24373152149657687,2.113791644625259,-0.26846916892819805
1.5994383254146867,-1.2434630837915368,-0.07624264736665141,0.35331580507687854,-0.9163609288998357,-0.1158152391467374
1.6571495859861802,-1.2479956239493306,0.014866930816033432,0.16247833981228252,-0.9160605824367302,-0.22270830576165723
1.6622913995343263,-1.047791173258822,0.055710955829111834,0.24604953325689474,-0.7791749842139051,-0.17266146417502506
1.69324239174692,-0.9965025952047778,0.0460301832595282,0.21204133361381947,-0.7599699587474427,-0.21216253685766132
1.6664851953863733,-1.0412930765954933,0.18759227636177928,0.15807592122450173,-0.7421329679583938,-0.1824510839750777
1.4899098746671795,-3.0332538937379345,-0.6470602573842452,-0.5904770175242848,2.4377234207903107,-0.12118826783013235
1.5818110203026325,-1.1186657553463573,0.5369773595581845,0.08610404005749703,-0.6703626899950577,-0.06657413776808739
1.713420176846667,-0.895034355798779,0.4566225833974081,-0.029316110686514105,-0.5952403839783629,-0.23088268343076462
1.7088856176475415,-0.7696033973417804,0.6148283130488678,-0.04259444165364504,-0.4721901679356556,-0.19030293671477722
1.7317162837761668,-0.7352115785098416,0.6659523319981265,-0.10773383296152364,-0.4451864452801465,-0.2231976543750917
1.7278269623690166,-0.5288537268066609,0.7712997342285111,-0.04110191843758562,-0.2844190051641779,-0.15780910783000066
1.7795491162407961,-0.4736625423840918,0.7903825073616222,-0.13817391260579895,-0.2626378146070472,-0.23409763161314293
1.8026739532069886,-0.021497915859493982,0.9317892866020286,-0.004625061175074026,0.055393763175352675,-0.14226701112095388
1.6843380365999923,-0.2576524154864007,1.1026431966938433,-0.08213103803618935,-0.030059382112628215,-0.04386995908158012
1.7597276165313132,-0.016699925230882335,1.0563508160530415,-0.08039541062405128,0.08505725451356984,-0.1040689823509334
1.7606961904204828,-0.15819771685918904,1.0025010811155386,-0.13605939167506728,-0.020003937050663508,-0.1476948788888806
1.7709268241844371,0.238995605223839,0.9584152160129612,0.10768348389122254,0.21893081431652947,-0.044440839310304375
1.7170855337800621,0.12169457202512049,0.9110835779564239,0.1858184753627207,0.15043860560879868,0.015744691963341575
1.7261599699329322,-0.0027906177074765157,0.770551769879818,0.17462954287337132,0.030637115364471605,-0.035080268121195884
1.6740436964610204,0.04310217354838958,0.7453473003994328,0.3365486044251261,0.07198324090914389,0.07222792898309902
1.6432229552675575,0.2651256927229233,0.7107246149398192,0.5638530112021272,0.21611840875704613,0.19609908380097393
1.6495952910376361,0.17531997993134754,0.5719365632946684,0.5818034611281767,0.12021635686055367,0.1621253694816662
1.6205667008803182,0.313530442264159,0.5537420904334084,0.7444180591369292,0.21440023074759107,0.2570454174912483
1.6146520702865732,0.32970682223551556,0.46215844041548043,0.8252226359367925,0.20301874927115574,0.27564088113856233
1.5901484059019784,0.38118228572539553,0.43420924011179857,0.9297567087417676,0.23741721851278066,0.3358184786203421
1.6081815800910675,0.48476001538307645,0.3014514948964225,1.0336377930521536,0.2625988175963197,0.3391524510317302
1.4434873818534455,0.27571803878691936,0.24233188865335745,0.9636791917192729,0.09444866277484662,0.4442243068515086
1.4908273351345762,0.18364032235134614,0.2216135446923028,0.8155976615704507,0.01349172547568339,0.33404905407907604
1.5053394799473496,0.3418641861778187,0.29207165016673226,0.8354886764949273,0.12804150196227082,0.3545286830813219
1.555629884308733,0.39871019990599166,0.3856353126700938,0.6996971326548522,0.1711404040935854,0.28067115068952264
1.5233553614763633,0.4365099880431397,0.4702285785101499,0.7432170671943004,0.22888104316289254,0.3467759933150284
1.5325629882182263,0.4515997258462973,0.6337278042426098,0.6321491162394991,0.2781460943707162,0.3311134266809239
1.5487154175859819,0.47179690830966453,0.7425034146474244,0.5409893584316671,0.3137931818372031,0.3056395081103881
1.6246810692307911,0.3607444153617325,0.7095849671681186,0.32117969795419815,0.20705859590507483,0.137812607983194
1.6304598835517576,0.5028688211988859,0.7844086963737298,0.34715228819071836,0.31543161998942065,0.16811711796050538
1.5005107493444936,-1.2910994542754914,-0.07774021532696712,-0.3701127198287069,3.5982363560053905,0.20762326280735927
1.6314557994367935,0.10224016188503411,0.8184053704818557,0.07817986331507039,0.0673006538080863,0.04218615597234702
1.6440855476199645,0.18350910288807837,0.8375186282787893,0.08616797869250782,0.1197365570768507,0.04348751416830474
1.6370432058010935,0.1969011219610564,0.7546323469874605,0.1588801504080767,0.10890848144737633,0.0611429055394788
1.4423487091204834,0.10679013098020844,0.7170920522330276,0.023982190751555714,-0.00866258113118409,0.18664493238295718
1.450052150852829,-0.08994706561444228,0.6435516709423384,-0.06927447534185001,-0.15670961200511532,0.11435203873419748
1.4413893878949424,-0.14770886170857478,0.6578701015019556,-0.09509206220188494,-0.18700504277127564,0.11093270208590979
1.4163266788040338,-0.21639685016139784,0.5177551380343958,0.0025674355308134495,-0.25905246239953394,0.136512728240643
1.1509469582878884,-1.8781472805670296,-0.4634154434785839,0.6064451447398532,-1.3748292002190559,0.35421069980191094
1.0698348038436518,-3.644252460595337,-1.5213967866280353,-0.08575403923834421,1.8570761243096758,0.320201863119747
1.1112244946332694,-1.7308413510012628,-0.45090180935830076,0.7727673405541103,-1.263665971650234,0.46633408514764746
1.283847211034302,-1.4519101057951123,-0.6491844122655935,0.6716394032550346,-1.1984643032651308,0.2499810050860804
1.1938031279915144,-1.4447294231892591,-0.47595024240662515,0.7713892350157139,-1.1167534244012338,0.4059361101618661
1.2147775258205105,-1.1261317614572066,-0.38682015113323487,0.86116289684291,-0.8970951220280424,0.46254014315971675
1.2448151126314915,-0.9808564294832663,-0.36464387522714836,0.8666141997165551,-0.8090828092937371,0.4523312985498051
1.2740415473878062,-0.8324988838804526,-0.3682003274542255,0.8913855252875311,-0.7255606807207687,0.4451023040213305
1.1241746093421803,-1.0872450615329121,-0.30440625573733415,0.7786474692037034,-0.8751720359774507,0.5396430932662514
1.12543291268838,-0.5086969264244413,-0.18120119354263395,1.0500538106932595,-0.47320119949149525,0.7094025814388105
1.210422633463528,-0.7054408817751752,-0.2893949507555013,0.8038118157355092,-0.657704404416432,0.5014603642495964
1.1927805207421902,-0.7563374863559036,-0.267561371022586,0.7976441519311889,-0.6784717574084504,0.5157180214157104
1.2074201395869615,-0.7503541542958808,-0.2571254173108249,0.7603002271563548,-0.6772455857706375,0.49058055577832926
1.1642282026157038,-0.21035518684237406,-0.029401656946738623,1.0448069781897957,-0.25680670523337423,0.7245569061230124
1.219794245942952,-0.7095942006302485,-0.16697161882356482,0.6990043575235266,-0.6322136455588345,0.47722806331502443
1.2305691358711364,-0.36187768015875227,-0.17014228135488701,0.8844706164276254,-0.4146118150824392,0.5623824783673004
1.113412802646944,-0.31167166115864225,-0.09097854045942283,1.1273829182941533,-0.3205451355390378,0.7809590235629654
1.057768256122853,-0.14052169008771426,-0.07187534891565293,1.3416635836920923,-0.18660093107707973,0.9291331084885014
1.1279244863511066,-0.287328464615582,-0.2676245572676511,1.2107749612545187,-0.3570003882397516,0.7638730106049236
1.0932837288539672,-0.2848390813474016,-0.2665839094890004,1.2879827685916623,-0.3430276001634356,0.8249162898273356
1.0804139756629465,0.0046001545141131075,-0.15317202436052846,1.4226191324183521,-0.12357710451745227,0.9323989788780379
1.0063346575831462,-0.05670165418608006,-0.14066776596828512,1.3137584038138193,-0.18401327171276333,0.9624518842825451
0.9845234893047776,0.15246194960933596,-0.11287222641802024,1.4716145398396028,-0.03525171332998456,1.0632472780603917
1.0790035835319616,0.06875231432049822,-0.2850679256315899,1.3119515725578061,-0.16751084528719262,0.8746963121972833
1.0773430263540855,0.18387261511347208,-0.28516692582648967,1.3846883369102647,-0.09335492057822246,0.9121689729949085
1.068128509890244,0.1148681448189083,-0.2659853494043496,1.3512751085960943,-0.12928668400431348,0.9066701164720303
1.040630647317035,0.008293643706882214,-0.23767063577116415,1.3306591612972145,-0.18039837825607774,0.9217992624291411
1.1077122477128463,0.06850430222603147,-0.2923666437655246,1.2487686989488331,-0.1800139863652579,0.8226535676919082
1.1379615927964462,0.006802047845816907,-0.3931074328191944,1.203084627578969,-0.2567624916067349,0.752200527096129
1.2087796850485069,-0.11624993730397681,-0.5607929779600623,1.069606822671743,-0.40468718094149136,0.593112615932233
1.1761779829286063,0.14271116839071793,-0.540050722671581,1.2857815607861147,-0.22212869075900993,0.7280276748737381
1.0417629990502397,-2.061250082284066,-1.597227924433583,0.44879867918378274,2.7487470844635857,0.6556716433924699
1.2511815969546622,-0.3049907837669475,-0.7411087820552986,0.966037001164534,-0.5880851687094295,0.46355794072747664
1.303529222983155,-0.1649537967289892,-0.7843612474829611,0.959467850067754,-0.5283296580157307,0.4147691665056676
1.2596512398145743,-0.05848347243527756,-0.763198276861488,0.9913242786117349,-0.4652182667303784,0.48212060857688555
1.2050419114307258,-0.5378729000638025,-0.6613474243127757,0.7622900944386181,-0.7259222539857915,0.4307250253805692
1.2882182881206816,-0.4136603419603146,-0.586801204131829,0.605149414944833,-0.6563121112343122,0.3198767863624902
1.2818797277206149,-0.6049759993073293,-0.525575026258487,0.4646379649145375,-0.7605987314754902,0.27065703973012456
1.2629583584832913,-0.32100327773570475,-0.44604367675128276,0.6290482757617692,-0.5514960601937318,0.38739953904469493
1.269096486912355,-0.8648668706965893,-0.5515664852742296,0.3478578563404843,-0.9295724114169991,0.2129429552741491
1.254285370715229,-0.8725180877216078,-0.5081599504945568,0.3483266078692991,-0.9180172813682829,0.23477323499616667
1.2927321524851645,-0.6417586451609245,-0.40755760599085544,0.34340128725617247,-0.7572918201580363,0.2360588081740397
0.5492396472465108,-3.2003827357477093,-0.5164361961468241,0.09105135002528636,2.4513670531879517,1.1109833522542214
1.2151039093693965,-1.0232284075078877,-0.2695000731230525,0.20988979069348757,-0.9370873611298759,0.2574383578604272
1.148103728416948,-1.460842491244827,-0.12965738307652008,0.01418873915737506,-1.1564042765843507,0.2413413815226266
1.017042985611138,-1.5333064557938174,0.10709835303381697,0.12143884953557763,-1.0942922115398752,0.4450420299495822
0.7006290505200018,-1.8092129896559104,0.5336036619584356,0.4045768372721388,-1.047259309740573,0.9082242017512393
1.4102200463888739,-3.0507344877955624,-1.5338409233678094,-1.1361516444023911,1.9757258571078113,-0.33817800188093117
1.410676061373792,-1.007949000760995,-0.42143310180796584,-0.3918575162444006,-1.0937845679210758,-0.17326836081131547
1.386425084471646,-1.3401009951541603,-0.42056807114715267,-0.5417802875579555,-1.2977906016154195,-0.23273470981067254
1.4121003488922794,-1.1485600490352332,-0.3891419464203277,-0.5057954639047817,-1.176360818191173,-0.2222865929198586
1.4309630577159342,-1.364268307128692,-0.44096814018200914,-0.6507401980875218,-1.3349806435251896,-0.32152562344470104
1.3509907771470357,-1.2483151504215015,-0.31590854185874434,-0.47983556920511156,-1.1999884751302874,-0.1498620469445351
1.1571842775655836,-3.1349319599205936,-1.1935518935554141,-1.1018606156151323,2.0418982096336724,-0.026294983966399513
1.2740358092397348,-0.9195845689787405,-0.1300106200269321,-0.22816039891342485,-0.9143565273225013,0.07737203165653853
1.297127915687921,-1.1164898220554127,-0.15027555669785053,-0.39194624813934636,-1.0543078337683596,-0.02516863075589321
1.3377635465787987,-0.8878900858544262,0.09564248401475028,-0.4983909080667885,-0.8582861743323468,-0.03546934570792025
1.3955274479234934,-0.549466440996699,0.31661736099386906,-0.5617448900109588,-0.6045928226520048,-0.042090441315716445
1.429732360021648,-0.3940580627965893,0.37156116839213943,-0.5821649862908534,-0.5032335720661251,-0.058760163577416535
1.452164633414685,-0.6123943136833122,0.2891754169847047,-0.7192195019604125,-0.6729126063616262,-0.16490589599679242
1.4415716305283919,-0.7061698771468546,0.28949033997716966,-0.8013889927172333,-0.7393476751712698,-0.1926941485278915
1.4316161081356957,-0.3387130929084478,0.501433712780026,-0.6889431614482956,-0.4454458238861442,-0.0705829959589194
1.4739127699191101,-0.07503794365071528,0.6515995386259286,-0.7190529687434506,-0.252618208136686,-0.07054268135678034
1.4624235759594966,-0.14200356642825512,0.7773946762074468,-0.8130918044805244,-0.25868609431100825,-0.07509023143749377
1.5042684921617515,0.3409602440061512,0.9109808874313864,-0.6987035061268532,0.07033682461778248,-0.006992347451187571
1.512201182770258,0.18507793287162763,1.0157925596567756,-0.8775068556503871,-0.005003572696568946,-0.0722837530161773
1.5238317623295756,0.33300362896543145,1.0542381493455628,-0.8405951395749982,0.09532760407862666,-0.05045035321585695
1.5551681227110232,0.3654448930249887,1.0031178114242694,-0.864058214815483,0.09124534470767402,-0.09656585397822628
1.4813215301698608,0.5067016001315994,1.000860638234317,-0.6149590657001347,0.20680407127298708,0.07465389880358264
1.390847240885608,0.6937696867355864,1.0548612725127051,-0.3347805763952168,0.37232722112790456,0.287830400613629
1.4456235767552634,0.6961683260023838,0.9003458114949594,-0.3665918240133121,0.3135853911988156,0.19358227125736852
1.4496203254898998,0.46404382589991305,0.78542505351409,-0.45228870047151565,0.13292871281999857,0.11577822264821802
1.422504329546743,0.614149831510603,0.7792653785444479,-0.3039635858876029,0.23627303353451917,0.2055774106627998
1.4456596649945317,0.6261781009553682,0.7347681408470148,-0.12110248079983246,0.2692212959669604,0.23920201214670006
1.4645979710985226,0.7472267371907934,0.6569956275817076,-0.05052069714416342,0.31888838701746824,0.24059714311848662
1.4871521210372722,0.8191726958218817,0.714461635420669,-0.0985520199559968,0.37145822290354813,0.2182028944056027
1.4976174978475016,1.007116070941996,0.8139936542653531,-0.07224818152265153,0.5137981098489283,0.2525960482918546
1.5352348362373405,0.9420342849095408,0.7753925259475446,-0.17662424206634234,0.4483591386049032,0.16543942519090094
1.4998178562941982,0.8718178623840005,0.8362007760338537,-0.1801619680498621,0.4315538400686641,0.20325448133860446
1.4942162957833531,0.8063376618181127,0.7794269892687458,-0.17673869412818913,0.37636496494117067,0.1925651619337313
1.4734594067991464,0.635305655750994,0.669629942417666,-0.16901762831567993,0.24526779881836097,0.17883634318426567
1.407866035223453,0.5640747788401904,0.6808889020839333,-0.07298608409193155,0.2257023128283218,0.27190786002554584
1.4638755793390983,0.5594458008248094,0.5939118989883992,-0.15036486087560483,0.1799760105729983,0.1730149907633981
1.2803830150399462,-1.3931981053228049,-0.26185216407087475,-0.8467774997103112,3.3818971128944337,0.25889274820014263
1.5254051629081997,0.5598540586000157,0.5669816770241284,-0.27506198583746133,0.1511301708827004,0.06371902653549492
1.537230347952679,0.34200678566142073,0.45917023017629943,-0.37048212114933976,-0.02095998433401398,-0.021910537753831047
1.4876584235863122,0.5463814597685471,0.45100982017525937,-0.13263557679804558,0.12499706524603121,0.12656078898937834
1.4591621151843719,-0.024708435486369407,0.3247045966489167,-0.2664544416893623,-0.2474933491544334,0.03131393622666257
1.4596400152373652,0.24946226297323665,0.29482001103352934,-0.08522779549466798,-0.08023231081670912,0.11342288401556265
1.4418344542497639,0.055596213952938,0.3403499997636473,-0.18944675029450098,-0.18597408733606344,0.08532551103336032
1.4425716665211752,-0.228047113509107,0.2921496346430571,-0.3330176916155271,-0.38033050656265305,-0.0006088006035434753
1.5422404064629158,-0.416610541468898,0.08268440146892947,-0.5437578861392128,-0.5911613785705131,-0.22850203591374876
1.3821271379410278,-0.368718732381073,0.29345043788668207,-0.2818834774023461,-0.44851247132131744,0.06391945399187708
1.4228638962152236,-0.27143942417654365,0.24843643328732287,-0.2873420200239508,-0.412489440029019,0.022591077053344715
0.6702566339401876,-2.8378566782298047,0.016724196503998492,-0.45332658236188816,2.7618097672726223,0.9120980951698666
1.342798316021905,-0.3942700146520864,0.2132382475238627,-0.16133698629400606,-0.4720966777473057,0.12687943957884246
1.3001999546239071,-0.5965161219889252,0.1801114775034294,-0.16844451379604009,-0.5951877555500831,0.14116737805975388
1.1854802183137614,-0.8968561023532428,0.2980986836878922,-0.16512772024994393,-0.7159549335853083,0.24903267152371694
0.881692812173064,-1.1267244657028652,0.6705478520440594,0.15055848848183417,-0.6580850693601374,0.7053162262748036
1.2004456775441645,-2.782581085998409,-0.9465558187452496,-1.0350289262615215,2.356208532424183,0.012335362784297432
1.4871488398644055,-0.8127377386609435,-0.12828565032621964,-0.5422222187565173,-0.8816478349640804,-0.25173948131254476
1.5462310601681477,-0.5340323937453406,-0.016599776386588442,-0.5760053058061865,-0.6950824013473578,-0.27501449060526106
1.519457975101055,-0.9462063880534738,-0.012202821764460497,-0.772173637043142,-0.9486008422299675,-0.3550735505558043
1.584469828259924,-0.6388031387145412,-0.0040767610431514025,-0.741111910564402,-0.7731297025219008,-0.3787094216964472
1.4913495277715865,-0.49823366738459274,0.2402045499673961,-0.5986227465173498,-0.5865079891904358,-0.1794649163785058
1.3071254860715478,-2.6045593862726526,-0.6621056874290345,-1.3610690090881834,2.5048480357369054,-0.13930539836159825
1.4592059444554428,-0.6894334923994869,0.38518023912314575,-0.7376406862061105,-0.6601658898524789,-0.18806219181573797
1.4852865340695034,-0.4888115735480853,0.45175516105852165,-0.7184338493467368,-0.5238508143434482,-0.17641994705929412
1.5335178298083092,-0.4834274114447363,0.5104558285219815,-0.8624049485616827,-0.5223649294061025,-0.2628782426615208
1.522389609979291,-0.32700484053048107,0.6046986885116019,-0.8031121431163004,-0.39391518861523056,-0.1996707104460493
1.528529850351774,-0.12422689743265947,0.6499588955276581,-0.7246906251873215,-0.25474552413989765,-0.15162308911699482
1.5620513237508546,0.19677725594403894,0.7150590388372882,-0.6478479158922155,-0.04436120950111628,-0.11624660647880951
1.5873409645913403,-0.05112121325054895,0.7261529724953778,-0.8642802332314967,-0.20928655188787193,-0.23774718633520636
1.565885684425504,-0.12275361383483552,0.8872027271785975,-0.8001268788126393,-0.17037505173449993,-0.17032084569566255
1.6286945414570786,0.07316834659722982,0.9056086246675822,-0.8365612996962096,-0.06264386872103413,-0.2234782124150981
1.6199483702547055,0.439374542084264,0.9468944200878364,-0.6224847980110396,0.18540486818507693,-0.09906637164987281
1.661201635890713,0.09458152408559223,0.7883050341596862,-0.8303324680982446,-0.09166934643612186,-0.2740415486119645
1.6101180644244286,0.08530024608241474,0.7700367282244406,-0.7124979918012441,-0.08456602869498904,-0.1875871946146615
1.570686542564074,0.22619291558903643,0.7432342584363761,-0.5247634459382787,0.012273255198015282,-0.07592400661159862
1.5473170979057405,0.4187131003449945,0.7380860701510852,-0.3534614010300242,0.14229588807987223,0.023360798940739655
1.530099968528426,0.37514570619458976,0.6705499949859817,-0.3006085106526307,0.10274581029888029,0.041867922660246845
1.4392109857436248,0.5947091063169652,0.7450644070180039,-0.008852793397899177,0.29491349134595085,0.26690614635311716
1.4621245358491994,0.2583628163852801,0.5651919847765915,-0.1554809770219321,0.02433247212894836,0.12835126964303165
1.4588558196517707,0.43334498843124925,0.4793537524691714,0.009125062732676999,0.11486811508570123,0.18883370134315866
1.3988672771549169,0.5008165385114893,0.48243871770051,0.18157992962138234,0.1799400312324287,0.3143393755678486
1.3944052489735081,0.505638298709449,0.38920250831493164,0.24961399007089247,0.1600028461814917,0.325102564152467
1.3093895244794331,0.7327806498392176,0.47906495862433784,0.47778316791537845,0.3490288945547507,0.5254278469237865
1.431854209478023,0.73790717196576,0.37894824563957036,0.2651127030069185,0.28261431816681126,0.3126971343856534
1.4348107795641887,0.7422427835616293,0.45152673224186485,0.21807621014121778,0.30348037103560493,0.3076150567477177
1.4814819389653138,0.7103022554802839,0.5149764256675975,0.05642314418941141,0.28328429769828906,0.2146732238716957
1.4441506936798605,0.6518142471713306,0.5738220423202269,0.07013029081743243,0.27458458483534126,0.26185486912292233
1.4501814798581705,0.7943102463301467,0.7054325100676392,0.0641563241399613,0.3982730556801428,0.2919544803932244
1.4753637252113407,0.7724363496373597,0.8090972106143757,-0.07007392241004352,0.4024263690103716,0.2377026895838327
1.4770762914860605,0.65396531958705,0.8308785053667684,-0.16256555017924507,0.3313764044403418,0.1963271488698001
1.4616831809187325,0.7280745906997336,0.9196275621321882,-0.14052672731696586,0.40718885920093173,0.24203823561279872
1.31808079418063,-1.1321016210054102,0.03298788790624156,-0.8543026518737806,3.6458443047313422,0.28510032958223697
1.5579490173276833,0.6097938475001825,0.8904934613644966,-0.41819432651522265,0.2891184677440471,0.03327437548808056
1.6173615575939375,0.5940965589860218,0.9514927999318306,-0.601394494002408,0.2737687628282624,-0.07932363426028656
1.5754479793983587,0.5048938034609937,0.9264022313188849,-0.5495165337702763,0.22459385306447435,-0.033693852523078896
1.4758090109317261,0.4610782026253472,0.9536225173630299,-0.5824072644206212,0.19227421011834173,0.05196515792035023
1.4732037159006681,0.1346355020715299,0.9278302302930798,-0.7620000675997872,-0.02278831941391428,-0.04365188557744785
1.4950029939044853,0.18316181566558007,0.8521854966693868,-0.7329220473989763,-0.01902734866437014,-0.06416220004641214
1.4457752312106866,0.2022867863603751,0.7821812012901086,-0.5644818388547223,-0.007392732194663674,0.03202862582102959
0.559845171818856,-0.14500667044241003,-2.314193065873916,0.36376008513471725,-0.9957976748218585,0.2799358305676379
0.4355782333530648,-2.0344772431845493,-3.3218464839863,-0.33999954303817265,2.185317384928538,0.28171770760115517
0.5337520494701999,-0.19703221025170878,-2.415109190884661,0.4442193522644402,-1.0470832399268972,0.3084811113995055
0.563929156021629,0.03301773983666312,-2.3413241981749193,0.46985404903309663,-0.8912875157180568,0.32278251812612435
0.5576647928121345,0.061611263328233364,-2.2355194398402465,0.4360230738660538,-0.843113742230526,0.3394923823133527
0.5984250087791629,0.4965222827718517,-2.1495122513722795,0.5545217640487412,-0.5567598683081305,0.3970156785208426
0.6332844924199121,0.46089087947354807,-2.061326783898176,0.4077690939502993,-0.5681235324334201,0.32607492481632033
0.6546864306563929,0.3403400700709019,-2.089610282525315,0.31148822325431585,-0.6595322786906619,0.2563406149018148
0.6045073399118778,0.6017050030287661,-2.0187915455800454,0.4385148705170682,-0.47919286161761854,0.3879960185129656
0.6062179082502137,0.7957730828710832,-1.9238448024963408,0.5024516654594372,-0.3299596163398885,0.44567771213918794
0.5944744239419756,0.725940991792545,-1.8689171906405113,0.45857822016588234,-0.35557861098488264,0.44664886842831797
0.6268021049380196,0.7970162510794561,-1.9161149932869954,0.4594776257959868,-0.33373431251020036,0.4132771157938355
0.6003293003823268,0.8665872225708254,-1.927502530585872,0.5698787701378255,-0.2826647592827688,0.4823026178112465
0.5983831610207075,1.051954754561971,-1.788238116699015,0.6042632330232703,-0.12660828899842733,0.5398718436416412
0.6129657493725681,1.141591582891409,-1.7627093221086034,0.6104723169178525,-0.06768982004831349,0.5408539575071813
0.5996152512558952,1.1169896104847863,-1.8205147538733195,0.6496256695586522,-0.09491663937155252,0.5526357993207154
0.6004794865085609,1.2355098928946355,-1.8986904000797518,0.7558072854182041,-0.040933650443227644,0.5832331377154316
0.5652299896198185,1.1608719546238813,-1.9560249865482588,0.8135657221729116,-0.09231382755961261,0.618427344117639
0.5499052005909406,1.2241993385760248,-2.015568992523246,0.9114332048707666,-0.06303370098381998,0.6604033384427649
0.5249544510581459,1.2650504768311157,-2.0456111779957573,1.0104585568776159,-0.03595212806590966,0.7175020530269242
0.5695401606499986,1.3010983150087665,-2.0528922439029778,0.9410496292542487,-0.030133153905512182,0.6523140206568202
0.5368624978339029,1.2241530597785955,-2.0589117912084345,0.8503109967888389,-0.09666639070428931,0.6445866517100046
0.5096259671829573,1.191909926877043,-2.037256052257808,0.8833703559736393,-0.10156063134412424,0.6846416044273854
0.5026853455911824,1.2728515326352892,-2.0737406762116155,0.9703146383396116,-0.056864083796042214,0.7224027164194117
0.5054148711879669,1.2054086317232495,-2.1254565645309493,0.9493360565582046,-0.11506209678551416,0.6955771990090864
0.5352470489631306,1.2254140261653899,-2.0676077652666014,0.8542226410284955,-0.09811254211360579,0.6450685701425992
0.5015794356279123,1.321716360549863,-2.055778131519675,0.9757105831803228,-0.02197909987103769,0.7306639908011652
0.519517650406465,1.3818962536708146,-1.9547949017059028,0.9055634368023316,0.03620860409286863,0.7123496207142903
0.529869784292759,1.3588637942419657,-2.041710984483356,0.9221850957973751,-0.0048900072701029695,0.6897103215932437
0.5350918267000316,1.3163563221031176,-2.1275716653336,0.9379003639293279,-0.05636008988561832,0.6701824131562968
0.5133615906675449,1.203857232318345,-2.162246887202952,0.9408429631371357,-0.12964998352255033,0.6757923130488895
0.3858801215524285,-0.7631894615748347,-3.196312729448681,0.220310145023886,2.9966861005343133,0.6638896087520041
0.502593517325398,1.1929936431659818,-2.118605808837532,0.9322448955606355,-0.12132005231309931,0.690592894405099
0.5339319314308223,1.1230681671261697,-2.1307584822863563,0.8239421712658762,-0.1806104678512137,0.6129015112384193
0.5671191057440521,0.946916926613533,-2.1692922464624287,0.8033043720889465,-0.28456943767151466,0.5498664509763121
0.5587189209267751,0.6476654138652571,-2.159335678736791,0.6320578112853249,-0.47075233061283467,0.4721611366303043
0.5856314235010655,0.8953561061937841,-1.9722971842202972,0.605914530688747,-0.27290331042808896,0.494355758348545
0.6023588765440103,0.932564941401533,-2.0046641771059406,0.6085847934210493,-0.2636795738446519,0.4759298665324196
0.6188195591274702,1.0863837984479752,-2.036673244272558,0.6822300482389697,-0.17964932354407162,0.4933424754251606
0.6002816464126554,0.5736583537907815,-2.1364193297021656,0.4718998521607335,-0.5275532583370501,0.3717447072428147
0.6011829522874558,0.5634119285774352,-2.0548974959924236,0.4125634953783477,-0.5131963338865476,0.3642860720818724
0.6223976771829818,0.3999267534713446,-2.0476310687997374,0.26602589430042906,-0.6229796350101632,0.2794221947354733
0.502740540408122,-1.099725974451462,-3.0075825361093593,-0.22969212755450605,2.8195337067829693,0.39604045247502334
0.6460613177155925,0.31701679757986934,-2.168576927558244,0.24681191535421618,-0.7151159791858003,0.22090829274458226
0.6531164500156547,0.26203886826495915,-1.979160190393659,0.08874336730265973,-0.7025318802624143,0.19040981545136507
0.6622243361083884,0.4585342310431678,-1.89209956014801,0.13695591703941762,-0.5569350416306572,0.2332210380805618
0.6576986106027414,0.5441921082014788,-1.8526415918646804,0.1750578190976196,-0.4901690442581557,0.26626972412996314
0.6061929718280107,-1.4892741707056425,-2.8295130563035538,-0.7922327953680863,2.5816993944268676,0.09831866748436692
0.6786507432582184,0.4318216286706632,-1.8086771911160404,-0.06461897546532083,-0.5795165679522358,0.15959097544579906
0.6679734866774185,0.024519040875104932,-1.8104715108434886,-0.28825773060907117,-0.8370457535336941,0.053793807454397616
0.6751573455137985,0.3421307579321943,-1.765509864411509,-0.15378037078308712,-0.6259069121219597,0.12905012327620113
0.6936613570321476,0.2807373339215882,-1.7884330630733654,-0.2331423524748302,-0.6791186711526863,0.0708825413965418
0.6539143432042045,0.17472316445328367,-1.7833418049679346,-0.22562712793893056,-0.7329364823540323,0.10123675622087773
0.5493530445082707,-1.8886868072275078,-2.7951222804999794,-1.0852195757848389,2.3279990410515614,0.011104596774100292
0.6520667711831192,0.5896126522807249,-1.670489971467456,-0.0652214909571752,-0.43968270689376904,0.2141461148247761
0.6927350763718291,1.0127207257972872,-1.6094819523832729,0.05140929463444944,-0.16835953711221016,0.2636586997587587
0.7430623857343334,1.015459842427424,-1.2991208262601925,-0.2588085829660532,-0.10396661343640172,0.16306956479313287
0.7859636905102232,0.9119723958241613,-1.1031808197429172,-0.5475137889682933,-0.13496785496716457,0.045889868906547907
0.7792760831413811,1.1318652654015433,-0.998214231904091,-0.47267258888071767,0.034737012198157384,0.11699185961262133
0.8052859222128593,1.3827017531509633,-1.0018422377187677,-0.38633088570324875,0.18422398253092284,0.1425561416646421
0.7854717431340781,1.2779442169422317,-0.9755974898684939,-0.5452003114220174,0.10491555539110514,0.09977142908127705
0.7887425883745383,1.396311444368688,-0.7690890434780051,-0.6149657275297707,0.23285228206861633,0.12055653094153783
0.8316817357340883,1.6130816524635434,-0.601736311860802,-0.6898137279370892,0.39952588440318654,0.10253622925904775
0.8701156598999285,1.7095534782017168,-0.5762905187843856,-0.7396886103377102,0.4537329605871511,0.06010902257324337
0.9011016672862789,1.8042911072128855,-0.5572166614681231,-0.7700366888748035,0.5077898304809515,0.030426239154066743
0.8867794930937951,1.5823925670007162,-0.439349372503939,-0.9500140344094609,0.4011896429117844,-0.017646111993840457
0.8852880923699068,1.8456217143724458,-0.3944644179488059,-0.8210230739580646,0.5813210914305722,0.060461898435958464
0.9019535822165047,1.7222041279361524,-0.42378746153989755,-0.9065304562865845,0.48959643601542985,-0.00113174503973584
0.8822070023205028,1.9585608245726016,-0.588169866603104,-0.6108554606689833,0.6054961043376711,0.11360982048344127
0.8389314802676272,1.9492618689124275,-0.6833233222974392,-0.4528860700323613,0.5906971977186224,0.19376177353563945
0.8238958117906865,1.8948007560110738,-0.7608260713260847,-0.3963422782670049,0.5416518837352782,0.21004047169784607
0.8004301968898827,1.9370703192611995,-0.7761273568105003,-0.30707914022024735,0.5731397846060681,0.2654557005880691
0.8138523327384886,1.9235374916271069,-0.8527154677806458,-0.3027912756438747,0.5392801280734654,0.23751805434474438
0.7544959286794604,1.9454727528047162,-0.9429755317606826,-0.25396782198546763,0.5175024792359465,0.2963899925232278
0.7188977017665311,1.875619811348315,-1.010635862761615,-0.17908140267410974,0.46727570745426394,0.33757818659760486
0.7456742505724906,1.9670059610763582,-0.8492291182840154,-0.284753494756666,0.558357645494618,0.3128047668099736
0.787499777049414,1.9459846924003965,-0.7673361323115991,-0.44339479047126334,0.5513900085550053,0.22959566462029313
0.798638407848408,2.024669782786189,-0.7335964547882893,-0.44366359863680344,0.6064268402130898,0.23179908660745974
0.7775609079125778,2.068076920652387,-0.7108465612341127,-0.38629809557304345,0.6473913899636653,0.280333468438497
0.7642405000537973,2.0783030734938053,-0.7669100724042579,-0.3188148197246801,0.6436864604117986,0.3068812020777142
0.7458613163954643,2.026763554860229,-0.8770231845984903,-0.24473057319297922,0.5880507447301548,0.32479548319600515
0.7543090667260131,1.9806913770158787,-0.9557531165622326,-0.24655244950791091,0.5346711101484551,0.29637865999193574
0.7441000665688726,2.0209005862870324,-0.9703718083599104,-0.1929845449471315,0.5599318879726469,0.32559804907967477
0.6264626052910014,-0.20941722429141696,-1.9993430758227708,-1.1019055918909195,3.5152993658126848,0.21439770255570373
0.7432281683424583,1.8247673906690935,-1.0219764797072306,-0.28817033617826443,0.42028021142324545,0.2638598901301523
0.7435173217768993,1.6867679007224639,-1.1098654804695807,-0.33234563451644655,0.3075599335702101,0.21672283586243068
0.7111394290726525,1.7461799521463506,-1.2563698276548827,-0.14823178650793709,0.31731800391109316,0.2883625619517017
0.5071017637774468,1.33782485533447,-1.382818531924777,-0.4310020927153772,-0.029045518401840498,0.3233056333726851
0.4982830482882511,1.4351242818335914,-1.4114315458350015,-0.34712653625828144,0.027677029363363873,0.3627870158928207
0.5272718144894544,1.2576389268326011,-1.3609989844119945,-0.5564310392272405,-0.08349150800416752,0.25349791986708803
0.5405199427572855,1.3954520577652667,-1.366734140849265,-0.5055728756608809,-0.0020867590009586118,0.26885781211178994
0.526744643314113,0.9328570544480189,-1.4585790266047,-0.7054614361405005,-0.3179393827325362,0.1516217250166413
0.5052100686808961,1.0720831467547745,-1.4655420388458296,-0.5748923960020225,-0.22365801065944269,0.22875061801776503
0.5018605088630069,1.176222823302497,-1.4400666310565402,-0.5283679970718727,-0.14996127374903448,0.26124565810881384
0.35589915890910767,-0.7524696114821081,-2.550220043993749,-1.149086982468205,2.9864442089984666,0.2896631519806241
0.49294263947571715,0.6868889364092919,-1.6858103621176173,-0.6752555718859603,-0.5262686944221805,0.12414091667754903
0.4718604642314298,0.5620737944230896,-1.7112267485590633,-0.6977029819942373,-0.6062635613221952,0.11908273467561951
0.44618565361828366,0.8187236439061156,-1.6620518828817203,-0.5228666664185527,-0.42084557519081633,0.23675919693808664
0.4443662124431751,0.7044961624887374,-1.7433899365964287,-0.5457675354780079,-0.5153129915375274,0.2035378122541737
0.35812281420976205,-1.4047166099878798,-2.7754847589075213,-1.4544447572384525,2.5052119018897194,0.07152248715537692
0.28528356777841735,0.8070288489472803,-1.6938429613035801,-0.7407440276986516,-0.5074504470839427,0.3051594027953414
0.3232732510932703,0.8481580984230443,-1.5343223991446062,-0.9045435343721143,-0.4533317194660345,0.2435373448551504
0.3254708160866826,0.9533912719210305,-1.4873276030072806,-0.8778704625696039,-0.3747789042750964,0.2686454494460838
0.35636069421779637,1.1320265442548225,-1.4419889120482647,-0.8701972445209933,-0.25983335958478865,0.2654813067641323
0.38123988645747053,1.1371193873391903,-1.2954442670004231,-1.0152391974923864,-0.22723710644892783,0.21801309503920344
0.2554853072856197,-0.9936563428508379,-2.257574410198911,-1.8872265564982873,2.8121377452174254,0.14923501715838045
0.39191244999375896,0.9237267218603146,-1.2126773858001172,-1.228441476588748,-0.3467717927295439,0.12747166830385623
0.41345255066382014,1.2447196814880304,-1.118470120840595,-1.1477438228510715,-0.12503089215359978,0.1805180334125654
0.43070057324090105,1.369090656150784,-1.011865385834886,-1.1839276942988888,-0.024334986982165872,0.18120483564132248
0.43439255801236853,1.335781881460959,-0.9810545220434885,-1.2393220648151257,-0.039648176027280845,0.1596379901687286
0.4616172171009747,1.5579877067704093,-0.7634167900709641,-1.3034879783051136,0.1494968552183832,0.17112430480410015
0.4927547550164403,1.667717271610433,-0.6809046952108995,-1.3598224699626726,0.23009190060585277,0.1461644461827212
0.5152662709634941,1.7494957899194017,-0.6244414317308155,-1.3979650144425757,0.2890102852394334,0.1285099924146023
0.42207675834902025,1.8959094943945503,-0.5234849896376241,-1.4721858835391222,0.37397426938149375,0.22449172138753912
0.4108442791764424,1.8320429329544956,-0.5451645099318841,-1.4754968362058325,0.3311036851479945,0.22387307449903418
0.4203005353902164,1.78009096263006,-0.5710092168164781,-1.5146719218474378,0.28753233179781584,0.1909380131526146
0.42112544259294526,1.7431820709424495,-0.6314087526996168,-1.5044757846749917,0.24756440726709142,0.17855018553571825
0.4025421312356686,1.9704512398017393,-0.6596749611775931,-1.3101854927963597,0.39194090928217173,0.2798034744331348
0.3681716515833441,1.8981268306173886,-0.7438370235785065,-1.228029359450665,0.3355118537084522,0.31924069063593835
0.3561644157776417,1.7691688532007288,-0.8350229436723863,-1.2247305713727403,0.2332264432546651,0.3029531805475683
0.3461993735980706,1.927495576485721,-0.9270245138383393,-1.0510497181722898,0.313890165983897,0.3705263850896849
0.3256058531527256,1.9543650262428682,-1.0107075651111073,-0.9381068077829837,0.3163762047252654,0.4167693744620895
0.2874022302681375,1.933187233783093,-1.0501377945417236,-0.8414431434455262,0.30596189296078363,0.47849383507819604
0.2588307638288152,1.9003951154078274,-1.1955031851218048,-0.7098330573561242,0.2568557642010158,0.5218645750288472
0.26160602035848934,1.824902459976736,-1.2972899920722567,-0.701816388676792,0.1806929362551495,0.49553570361220545
0.246335883504985,2.0147459572383166,-1.3911341490106142,-0.49744720862485975,0.2827817737996985,0.5813351218360541
0.09727076661048559,1.8108626859653079,-1.4648913899848652,-0.6853909076089253,0.08804523169611272,0.6267362195419832
0.10598594479296716,1.7005759028538348,-1.4745811714200103,-0.7674292526554921,0.011701401083304459,0.5773323969832115
0.11980880678155001,1.8607039329681765,-1.3732651570983907,-0.7630968810633569,0.13585261442990493,0.5991169747360355
0.16350003048766557,2.007051447195318,-1.2585231923988185,-0.8422969318190489,0.24415339680034032,0.5637719474621211
0.14994665741162913,2.0560994967661017,-1.2100226484932888,-0.8118134490798218,0.2930333905909268,0.6012902426575284
0.17977832299600202,2.0660873031835045,-1.105287730833872,-0.9363892930134605,0.3163495507811662,0.5492309851744225
0.19281833663645506,2.1572253281946616,-0.9731701269159101,-0.993492634163658,0.40445354669391054,0.5493357387812262
0.21352848291269552,2.0100339087209176,-1.0267640854456765,-1.1019900302794965,0.2883762797912135,0.46666522612841044
0.2225992738159914,2.1588675037021536,-0.9618215892319221,-1.0767724605363012,0.3969641496311942,0.4916806295579004
0.12086929206879657,0.29049245146281977,-1.835991628246121,-1.898584968670392,3.6187048978623504,0.4573967063277826
0.23100096118587618,1.956208312556039,-0.8711645480031573,-1.2840104690484409,0.2870907058974507,0.40777891665366894
0.23915365781767237,1.8929229464639532,-0.8703961078456041,-1.348943412807676,0.2431747116479454,0.37016543149766196
0.23825419148486746,2.008386183276125,-0.9406685359431737,-1.2424100581615478,0.29818466650282677,0.404316321487926
0.08080090283513959,1.780002502323818,-1.039655377868832,-1.452438762058699,0.07579600670279257,0.44201616235151264
0.05203210499522966,1.6655733105007873,-1.0815315174264617,-1.4396467483394377,0.001006416821978196,0.4549189365476315
0.058790218621122395,1.7712480342282262,-1.0861688803715404,-1.3897994082481322,0.06485566330892845,0.47427023463285967
0.045810033792712826,1.7493029271071463,-1.2015891312117504,-1.3049218831286329,0.02502457240512649,0.4926847610361546
0.5679624366443586,-0.16569533452402316,-2.2295028491789948,0.356716994008117,-0.9753241769469042,0.39365739721596277
0.44382584174928297,-2.0605780208588484,-3.2691685605972163,-0.33126740594682375,2.1938756972980475,0.39427978390187807
0.5656917580401402,-0.1929909004783947,-2.3361320664473935,0.4020998696760061,-1.0207060007192488,0.3878392619484498
0.5778780682449636,0.02155144072419768,-2.2397657101565014,0.4451043256931699,-0.8625446792522532,0.4286469278961195
0.5930334240596199,0.07131086677896542,-2.1452653247225864,0.3828139975501718,-0.8113666717200995,0.4142719129190124
0.6107532431051174,0.4858341766624695,-2.0333796037613703,0.5250759635677067,-0.5231192518799691,0.5056487906024905
0.6643645875199515,0.45714968269387024,-2.021865373674243,0.3867472212199859,-0.5567986356846455,0.4054664394977158
0.631814913571226,0.2916275580442189,-1.9735896032512668,0.33814140098097845,-0.6378104019172062,0.4154888627563493
0.5834660236572361,0.5514709545559909,-1.9229345886467675,0.4723212315393286,-0.46438621979330286,0.5439050661954788
0.6198806802190059,0.7797699391400226,-1.846660269607573,0.49032668515226835,-0.31041895967853733,0.5512123934848386
0.6250030065261253,0.7278696363828249,-1.7933361274318198,0.4204010024367829,-0.33094620821618914,0.5279291006362052
0.620096254672121,0.7656439605579279,-1.800750159279872,0.46072017616274785,-0.3068029144698786,0.5492045435017618
0.6226831669424422,0.8665175317778664,-1.81255866788819,0.5250642424005999,-0.24608545478346594,0.576510873025442
0.6230701541287371,1.0520156255411635,-1.6870640324362953,0.5626088587406491,-0.09438587284181442,0.6303133274944569
0.6549373302204154,1.1562565803306728,-1.684929428303608,0.5529783887124023,-0.038374942442678785,0.6057780389523323
0.6397622112469052,1.1331808590120305,-1.7225786900608344,0.5849734445833669,-0.05868746545580467,0.6207908431692947
0.6020382610790902,1.2141884779536778,-1.7768248988098927,0.7406457789423575,-0.008785125342359817,0.7074966777892718
0.6186403668877366,1.1827475109542966,-1.9078764521191394,0.7526536087976352,-0.0702090279751227,0.6660344151361308
0.6027860518663821,1.2493089826253476,-1.9454798419212074,0.8404098979881222,-0.03291098704569439,0.7094368623456075
0.5774655677339688,1.2935292198442574,-1.9537976842574662,0.9291776240460734,0.0021616208092381873,0.7677261282505848
0.5973935421255565,1.3047549107717988,-1.950697795366667,0.8938444719594298,0.0035388360480531978,0.738242112187109
0.5588470177036762,1.226225630429561,-1.929318749742107,0.7987706375674479,-0.0547390631146142,0.7397699827073034
0.5491409867551682,1.203578947977198,-1.961457253200844,0.8307767269697721,-0.0738147315770814,0.7530311536615819
0.5555700636459642,1.3007255656751993,-1.9877388206606648,0.8913404505761868,-0.020795390473785064,0.7719140632018375
0.5446791864599974,1.223001653638099,-2.013945247724122,0.8793114226425179,-0.07405929165485864,0.7654113797202062
0.5555281646876268,1.2183775704186444,-1.9799257113685793,0.8263192143479638,-0.07241709146399097,0.7414235100952753
0.5364366673657267,1.3319042453174323,-1.9595258724233227,0.9203210396662227,0.01183620599750987,0.8063596825480653
0.5660076540843655,1.4000721741280782,-1.8848992225794199,0.8448118744544478,0.06410267551483402,0.7705493855484771
0.5611971212234848,1.3679099415435534,-1.930069155666861,0.8647321143338164,0.0334835021187089,0.7709395851434989
0.5307239307723332,1.294322412006401,-1.9729233489591838,0.9158075189966464,-0.013964292841247323,0.803947713666324
0.5193442109000092,1.1865804127126582,-2.0446002734734288,0.9207444178324393,-0.09758488194629586,0.7935786131225527
0.3965273343330242,-0.7740707343046496,-3.0708302283677082,0.18887267863102075,3.0332524377264876,0.7752193319030509
0.5271236027345356,1.1877064869864449,-2.047286571744979,0.9057459483707899,-0.10030376484787254,0.7803526854264051
0.5433869250413533,1.1093388144180738,-2.014274305996374,0.7988954765197931,-0.14780800060089477,0.7256689646723213
0.5512433359433799,0.9087171443451683,-2.0362102116151837,0.8103011018278305,-0.25411330550397393,0.6994926958576158
0.5622118011807002,0.6264442105535539,-2.0489312328465727,0.6195390825222727,-0.4422328356430227,0.5933007093821953
0.6056725818337225,0.8810607048757713,-1.9249695311462878,0.5985408625522175,-0.26236443810125387,0.5898292582314394
0.5989017040210131,0.90209678189393,-1.9043082936420035,0.6121484883669704,-0.24125907420701628,0.6067388858819502
0.5933331828887428,1.0400638044689197,-1.8905835310930064,0.6980339142080099,-0.14757653675117616,0.657156950627781
0.5660319793545137,0.5193204809745303,-1.982006075087873,0.4975004513716521,-0.49532782198254616,0.5483890611727933
0.5922506007372332,0.5270905052107632,-1.9542057551404843,0.4246767809351593,-0.49249776992088073,0.5029632477992934
0.6055285326160733,0.35904689921326643,-1.9238164889029432,0.2792311751608446,-0.5963208215295961,0.4301926140020093
0.47791868821416755,-1.1534610717958267,-2.908377392771396,-0.19153825515952874,2.8343155573542655,0.5574770158534944
0.5961672759339895,0.24332482381298984,-2.0283626601649343,0.3044097310113256,-0.693473646787102,0.41957407258085916
0.6361424836015618,0.2210704477341353,-1.8552037371531624,0.10204470664741765,-0.6758554341043278,0.34133498421473507
0.6294828935483381,0.4002552377033662,-1.7697948610560807,0.17618602027107905,-0.5361958352998986,0.40672544857033927
0.6059131226840159,0.47166313206254107,-1.6939493682123241,0.2264416139942394,-0.4622619111384371,0.46821139545502805
0.582198139915316,-1.5472191616064968,-2.7597258184125946,-0.7407082025603998,2.5857703408484376,0.2576746814474418
0.6280822934426684,0.3636956591609272,-1.6321769352025741,-0.024063883654879575,-0.5445460565813982,0.3603269046387952
0.6398149905298808,-0.031421677332690294,-1.7032129965795808,-0.24881224082912493,-0.8203811538586527,0.22026374168697535
0.6459527129789419,0.29266912783331744,-1.6143875986902552,-0.13456910383995455,-0.593208656345589,0.2983538958570054
0.648457291633171,0.2113148151602472,-1.6527978834670072,-0.18072545718799662,-0.6576045296367625,0.26267818990106057
0.5900139261501032,0.08766294109352815,-1.6330136122209475,-0.15077871681500113,-0.7122417413620153,0.32031165342580753
0.5174854666899062,-1.9474546183951835,-2.681074971448923,-1.0432581301209456,2.3459483030428707,0.18310400951354946
0.6324458728157301,0.5457941983771478,-1.5464882919233418,-0.04772843467347778,-0.4138824785941448,0.3688715231476058
0.6514026842471783,0.9456490945635264,-1.4843929502767845,0.10292731046154706,-0.1494788816655985,0.44957738278331993
0.7063753387667108,0.9504724170722944,-1.1909311237167244,-0.20624932516154246,-0.08983179774083815,0.34180792598051474
0.7690823535175821,0.8652532048723199,-1.012954274632029,-0.5175196227654977,-0.12086098685209797,0.1956574993661627
0.7940915519993478,1.1088594862252266,-0.9685749967070713,-0.4628949231623796,0.036904614314579635,0.2194279348889023
0.7579214919927365,1.3022501553249755,-0.9163428617789958,-0.30544311280021047,0.18627943181140738,0.33592938596702865
0.7291931449507225,1.1930287566970375,-0.8603464466052064,-0.4649739916631201,0.11507787391610595,0.3068420020739343
0.7501237054206278,1.320794820281142,-0.7095757919450196,-0.5350280528602483,0.22815070004565105,0.3005888343352439
0.7845677698193639,1.5313077208195127,-0.5254192313063756,-0.6047402924810203,0.3982355184193068,0.2952710821293623
0.8139392279147719,1.6268718796409516,-0.4487971356692705,-0.6657371778346499,0.4685032496963157,0.2674048466402822
0.8291342349349037,1.6993703986228803,-0.45964175052306305,-0.6560063351715566,0.5060550505283977,0.2594764225250264
0.8251488529898314,1.4911143014962625,-0.3274664540429884,-0.8595848916110335,0.40828783887649905,0.19700337744520763
0.8461977526591701,1.7703203287895422,-0.33077574363575846,-0.7424194324417973,0.5780202891201386,0.24129766938648195
0.8359867599282839,1.6251145879778632,-0.31841626453999367,-0.8059463843400397,0.49279888924255855,0.21954321167257335
0.820955172589383,1.8709773287431124,-0.45734439884971473,-0.5304868711151501,0.6197986815948918,0.3282910514160703
0.8020028867617665,1.8849907295555164,-0.5695007139808002,-0.4027545720289695,0.6068548552732349,0.37301790933826556
0.7827971303745653,1.8288469660244815,-0.6307474104080922,-0.34768754681937936,0.5624754353235512,0.3957753025129055
0.7696572276728876,1.8868971498125027,-0.6193450729998686,-0.28819672835002524,0.6074233324892861,0.4371822750637959
0.766378840921583,1.8552653980004687,-0.6963220866824792,-0.257125058398785,0.5677833891661045,0.43320133596225086
0.6969416309042851,1.867762791647593,-0.778244050363104,-0.1964144663622263,0.5457192799367817,0.5067944873689996
0.7015836324710855,1.8374319436321065,-0.8685324917317994,-0.1742987687404606,0.5006167307328415,0.4895427096605787
0.7227990112035264,1.9195174692835635,-0.7261287616627162,-0.26162905588208224,0.5827230950087766,0.47217341277125985
0.7401336879084287,1.8744286411446223,-0.6305433758292206,-0.3881135844300821,0.5726070997001494,0.4245294037640656
0.749342920251428,1.9539378710953095,-0.580043034514947,-0.39367859645797604,0.6332543796055398,0.430011020895941
0.7454661552584192,2.014946199540582,-0.5628872407197882,-0.36090617967861316,0.6779328626453532,0.4536890501653808
0.736614765355067,2.028334740821955,-0.6285367583329808,-0.2957522259804709,0.6721547009354705,0.473531678367289
0.7075194974931366,1.964673054937518,-0.7418325583160836,-0.20301741123890252,0.611714232079398,0.5067289600600341
0.6829868779697825,1.8913486234541896,-0.7723871922343195,-0.17638223226894925,0.5652038858899253,0.5271088241424563
0.6837952940398055,1.9500704283623205,-0.7488578437188236,-0.15940178556653414,0.6084334610907008,0.5416748676212934
0.5828718461177167,-0.26765930313149533,-1.8092943448639907,-1.0792243260335659,3.557685696690709,0.4055308345375456
0.6899330829405351,1.7601666621255707,-0.8081812643701033,-0.2618942744196914,0.46826338195557154,0.4696419661529682
0.6658015787212697,1.593250258481175,-0.9107714256513031,-0.25984852970141414,0.3418111519422121,0.45710676831712344
0.6287306440347624,1.6490038473437665,-1.0491552161772604,-0.07231702698654541,0.35301940214488875,0.5357286029440177
0.440371030844018,1.2526683146011697,-1.203898350650621,-0.36592251184667196,0.0013756391590838246,0.5473111130374069
0.4401645980123414,1.3624598996101345,-1.214100623269925,-0.30495086741071253,0.06788198903055405,0.5749914373639905
0.4552881792048292,1.1747935029424623,-1.136058635079757,-0.5059645361848126,-0.03765052367325827,0.48644027532720535
0.4632956997851675,1.3146213474304917,-1.0975589237671948,-0.4688476797585117,0.05851124729625393,0.5106651669216518
0.4218340596353306,0.8221909312429195,-1.1890730033021164,-0.6248207581362948,-0.2665595696332939,0.433174449718865
0.4471726419798414,1.000407597077638,-1.2630147998422692,-0.5354400894181326,-0.18148447048171407,0.440996600757099
0.4304809720525721,1.0948081893887875,-1.210637932059625,-0.48110420085131766,-0.10223969830356018,0.493457354353933
0.28993204511044185,-0.8271636315129443,-2.3157362844221328,-1.1129643798573754,3.0378804866069276,0.5142605163121114
0.3828392764485987,0.5604840415125353,-1.4747164758235602,-0.557183856609063,-0.49846263044921385,0.4113719397731291
0.3686783491343937,0.4424371873308705,-1.504194591997397,-0.588622993847442,-0.5776395497788297,0.3962570303177317
0.3696607994349178,0.7262122097359839,-1.4645696617681923,-0.45146088925288397,-0.38679468299136555,0.4753850087460044
0.30425219596466246,0.5545753576076012,-1.4810655383211178,-0.4054923557067441,-0.47849424541996094,0.5353962047350068
0.29224318058766735,-1.4971306125605128,-2.643701671711362,-1.3671861470616815,2.5183107383451033,0.29287461214317123
0.18454203946542674,0.6946697994518798,-1.4600468512781286,-0.6489122245718799,-0.4680044574623325,0.5796439739656981
0.22206990357662015,0.7289662300925193,-1.3370430867147582,-0.7937447340516345,-0.4276835142362055,0.5175754641049622
0.2249969243557966,0.8305206582930074,-1.3157968256249086,-0.7553776089433293,-0.3585037180206543,0.5408545061113018
0.25126112691894315,1.0003389350133154,-1.2924959737135708,-0.7293368333442826,-0.25335184858071846,0.543659681114388
0.2430584077238484,0.9658220770254411,-1.1683849904582955,-0.8105071791360264,-0.24029869210962093,0.5429890348488542
0.15587929578148985,-1.1299060661201576,-2.1685766360970655,-1.7249093018345647,2.7978730545822015,0.4176914310028532
0.29444530315203754,0.8076916512479765,-1.0204549131105782,-1.1210665214271958,-0.32175207500893827,0.39599399871721713
0.32172972476393846,1.1329245307192775,-0.9375597403651089,-1.043866874376815,-0.10229893254054256,0.4404525163767268
0.33756492857541875,1.257942531796385,-0.8184308369362742,-1.0840542670796711,0.002599050781048746,0.44354743077442566
0.3397438268359406,1.2267300216996455,-0.7661167960438946,-1.147775461164198,-0.005191510264904094,0.4248053522828684
0.3930436575899412,1.450412311891002,-0.7022712650721475,-1.1766730866232866,0.13529791298948846,0.39419701831323334
0.3836684550193651,1.5219234885231303,-0.587918923532359,-1.1844023146850993,0.2141182598324165,0.4283480721387255
0.39171580124261085,1.5951624090982954,-0.4906549059160791,-1.2198863792442123,0.28339858428630127,0.43269191924186073
0.2965510306553195,1.7408275488377605,-0.3817190296794838,-1.2949462392242719,0.370677047722343,0.5317509176239508
0.3349306264962941,1.7234811851261906,-0.44401716354471626,-1.3569671383606683,0.32937198465342127,0.4586953750168029
0.31868799246806667,1.645827372870873,-0.4580717423429815,-1.3611123365321987,0.28153401097720887,0.46300139713584
0.29537016218299306,1.5783956404066422,-0.5441605546806927,-1.2996516167477057,0.22382296386719877,0.4844827754530666
0.27151573558528497,1.797529632820462,-0.5865163789014785,-1.089934437925525,0.36115731029471576,0.5928731536686251
0.2574321654451245,1.7454139906507353,-0.6804495892356439,-1.035199553690105,0.30792304507952145,0.6028978682380882
0.2347513603873855,1.605290141750941,-0.7695697603701209,-1.0159382704578053,0.2028079397158087,0.6019917706416866
0.2105408018274839,1.7540348470243996,-0.8281411567308238,-0.8362671607818065,0.291153874751891,0.6910255731665934
0.1985969363197891,1.7909737014029135,-0.907613327702005,-0.7391981103920381,0.2981315358078281,0.7249825255633191
0.18581310979106788,1.7928076077957027,-0.972605218389391,-0.6702442726824369,0.28674489914667306,0.7494481259637665
0.18179103491606144,1.7951769995813192,-1.0680704893637596,-0.6026339508094906,0.2645638004570319,0.7591014726951522
0.183675635763169,1.7195453923082102,-1.1651144998914533,-0.5955671624133185,0.1898722680529126,0.7341949362238936
0.14930084092978438,1.9009167288868984,-1.1888845579545053,-0.3957664576718921,0.31169322470185606,0.8495418868779687
-0.0025675287072034667,1.6891426842934905,-1.290683554324739,-0.5652465879528169,0.10553497396956932,0.8981143905673211
0.01454769409916982,1.5908619438141192,-1.2834439962541784,-0.6691113131197239,0.03834991057803151,0.837169113140674
0.032977264989304846,1.7545754917804388,-1.1901316892598113,-0.6681174808099772,0.16106546664007088,0.8520990367097003
0.0547744292535338,1.8839581926178413,-1.0369134480609288,-0.7316690564806625,0.27635285618662325,0.8493450476396444
0.05278237039708964,1.9421610669593314,-1.0075981288201366,-0.7100142588388048,0.3219665824333679,0.8696878125029595
0.09007385354430383,1.955690714631961,-0.92887779737204,-0.8334789239650094,0.33808125455833843,0.8061320234692793
0.10666421393985323,2.0486013400440357,-0.8086401246235512,-0.8903036442527955,0.42294507990974517,0.8007804632977914
0.11056565198629961,1.901320275761731,-0.7581256294211838,-1.0240173056189033,0.3400891869998577,0.7453961905053448
0.10420987764259945,2.0322109670587656,-0.7006022799225173,-0.970534269444784,0.4407002605106969,0.7923263684886908
0.01875501703512315,0.17850749481128061,-1.5914942459892618,-1.809910371236636,3.6616854882395753,0.734176505207532
0.14032225707528764,1.851431189502657,-0.6562941595051315,-1.1987511009469638,0.3228617608326758,0.6672464669388486
0.13451048954697295,1.7723586548879255,-0.6596177981616453,-1.2394075565925573,0.27270523188207163,0.6495504196478411
0.11155077081149065,1.867341953740038,-0.7106442705807768,-1.107360015693124,0.3274616470396043,0.7159467172268188
-0.053870550143669746,1.63222590790995,-0.7988466108375194,-1.3100868342771532,0.10641333515253282,0.7654098404894765
-0.04464560841287839,1.5557274932017044,-0.8585416430502433,-1.3488899027926229,0.037786599140671846,0.7232428817087784
-0.06747391196756806,1.6360972142268877,-0.8249033044091819,-1.2710466048860172,0.10595200804271415,0.7862191650987382
-0.08246805890744861,1.608768970622829,-0.9588216337103119,-1.173727039982629,0.05853085734724218,0.8069622144634772
2.711782021150094,-0.6219100395497071,-0.8234540186839151,1.0219129153784077,-0.6199279533148802,-0.5822258077058016
2.5977773358005822,-2.5706886349755993,-1.8704312320542202,0.2865326137372772,2.5096191536131385,-0.6138215551666373
2.718508897432478,-0.4343740355796824,-0.8865086895398152,1.155094196991538,-0.5191746297368637,-0.5375025304824476
2.6858066729381984,-0.6561781353296683,-1.029176702297976,1.1794409697679542,-0.6871062609604376,-0.5445015586690601
2.7088996677368713,-0.45790573459549094,-0.753822724601211,1.0801858601414367,-0.49618915630049115,-0.5317133353831061
2.7100617113045007,-0.6083687929724925,-0.8872784046480066,1.0661025733235803,-0.6280212065933987,-0.5769684982699548
2.756111234499852,-0.18627806187237503,-0.6659187824948879,1.084351330592421,-0.3160879670207338,-0.5350640369742989
2.7630035375411004,-0.15379243518498753,-0.6210329715690215,1.0614779941705799,-0.2859446085849627,-0.5383245391115924
2.741397667520079,-0.1791473646995992,-0.5877333733578812,1.0745910246375945,-0.28578206708363924,-0.5086394863367787
2.761134047333219,-0.1827019188816661,-0.6107950599694922,1.042114438214465,-0.3010826911819208,-0.5439628197830755
2.770601150502191,0.03737308838998557,-0.5554087354446413,1.1221915426092035,-0.14891155939094794,-0.494308007427174
2.7555581933313933,-0.009700834481501303,-0.6392471368648567,1.1817414997815545,-0.19539159831872158,-0.4783587868165434
2.7715440954366493,0.12172116295417526,-0.5444730089220979,1.1717327897925784,-0.09172004968577434,-0.46692834250266757
2.7484302902645816,0.2078038110608156,-0.45549693427520876,1.2255891437199284,-0.004762570987262222,-0.4002007872826759
2.7800998302914275,0.1764276290833178,-0.47433351023923687,1.1500803023156358,-0.04067664642963774,-0.46347132359360366
2.777547446360008,0.447961045849871,-0.4688253870536961,1.3178210141698894,0.1355153407794588,-0.37622706487650076
2.767745919406953,0.11658401283128125,-0.6136797487316655,1.2277183445197901,-0.11101278621011783,-0.45576554923656243
2.7003826755343168,0.5154094426458071,-0.6491421885488603,1.642824879060091,0.1587837240135353,-0.21474799679018086
2.718639982386911,0.8760257034106355,-0.6035018604824579,1.793509156167794,0.3951617594118392,-0.13805346974638794
2.75892072347593,0.5837554843351594,-0.5492993159032759,1.493280246081601,0.20812592200666588,-0.29897324404797354
2.781113182856521,0.8408560158947616,-0.47067382104362565,1.5510705635371298,0.3853975411639586,-0.26210147088132363
2.761191878026456,1.0017619918754075,-0.3792369180933068,1.637463322025989,0.5193650234805393,-0.18046161260968646
2.771157585499864,0.9504185089182232,-0.4113775828923113,1.6029226981358895,0.47450112510993403,-0.21314633023170254
2.7739100672704606,1.1981857931799793,-0.38563915029810564,1.7312580935386281,0.6388393287972938,-0.1433645933604893
2.786571642737763,1.2880829536049145,-0.3583601704163493,1.7416116707955047,0.6991318466471368,-0.13858151126402396
2.7523653089822524,1.1239425438342425,-0.4965954179143103,1.8034489648602545,0.5699721633772785,-0.12456806139600671
2.7555016951995843,1.0366761039428802,-0.33251687944134894,1.6452795692555815,0.5561868360016929,-0.15978426394339945
2.791248463375968,0.8617889695464948,-0.35154381361443454,1.4714785576082168,0.4267257755477272,-0.27499249464381575
2.7644895103421603,1.0138603503407058,-0.4902916325923602,1.7069722616333827,0.49701393541603345,-0.17885993176956277
2.7952015056460797,1.0808496602486244,-0.374332900165878,1.6079807916893527,0.5594257260092397,-0.21551179384417296
2.7443814330699556,0.6595525180135096,-0.4393609245452275,1.505862875652418,0.2906806507425988,-0.2525495605487514
2.6396659112411642,-1.2138261594072244,-1.5331188145330006,0.8251837658622438,3.453063928625054,-0.2757588269985394
2.7538098899854804,0.6259182519964215,-0.5616108758616439,1.5364726371415185,0.23356167789143203,-0.27753996425284305
2.730225997620184,0.5548440228383826,-0.6923266811075236,1.6236297644813955,0.161927277444962,-0.25552899967331194
2.728623051044383,0.697931400361164,-0.56157189337418,1.6330693955227549,0.2882222328440537,-0.21311096423504783
2.736383086198418,0.2230970801725122,-0.6307111727865322,1.3682022426650524,-0.03668677768178506,-0.37021070787284166
2.734238112368807,0.3263311453668194,-0.6758704690335569,1.4609170515359309,0.018094527249217025,-0.3350740978817224
2.7435202411331687,0.12353033377943543,-0.6588797922355838,1.3048571881764617,-0.11070167232057941,-0.41445544101737825
2.7411679805576905,-0.15861590206450502,-0.6992756635976534,1.1615693820462205,-0.3012269675795732,-0.49612286280481155
2.7481354506610134,0.042784007598800966,-0.48450272017919893,1.1358833788813227,-0.1186242435301053,-0.45320080006012325
2.774681138358198,-0.21307347510062877,-0.5654271836451714,0.968102651498331,-0.31318441927939483,-0.5769310511826036
2.777635856909872,-0.18573514361715626,-0.5139891485921768,0.9445113568115119,-0.2834567622810968,-0.57623292292513
2.648266142549854,-2.4660798855672037,-1.5627409472398814,0.04367694136539738,2.6388583992043952,-0.6814527554499866
2.736132419662783,-0.7945541046131595,-0.76074786474858,0.8133409755287885,-0.7236262478499341,-0.6848096242203046
2.7822825259518713,-0.46207416047660255,-0.49914254941115876,0.7504268009782274,-0.45872564710075,-0.6723789094510962
2.806211712752076,-0.3298494850377492,-0.4593182399411762,0.7492507552266507,-0.3724389871124307,-0.6770854328860688
2.7813603835650174,-0.3760936736419983,-0.4329608877830126,0.7570071373232988,-0.38671457199368303,-0.6500139779860413
2.6778328310477706,-2.5107508213570235,-1.6509292365012456,-0.01308231556713876,2.575099929065176,-0.7536807609098188
2.7810768334659293,-0.8789466966575172,-0.4326247065590401,0.44476529194100695,-0.7090785447092537,-0.8063122685187102
2.8085409347503485,-0.6458757333218607,-0.39620934981110634,0.4978439471744584,-0.5604918033799544,-0.7870500566865898
2.7914865708540955,-0.30794730361878964,-0.47338484429866545,0.7818120422988288,-0.3590118602064675,-0.6555940706564269
2.8142963513596935,-0.3508224897198692,-0.3140311584968233,0.6027988802512221,-0.3531886675541556,-0.7151954618772735
2.7834348651594487,-0.5757646216989092,-0.29840725295265225,0.520953147232181,-0.4826389102897372,-0.7322246490433285
2.689804358272308,-2.2088412374808954,-1.2430460285484977,-0.1342947883857045,2.8682757315651504,-0.7079743350749669
2.831626851266359,-0.20645150295681056,-0.17795730686752678,0.5525697861248482,-0.23275518486419336,-0.7134281563817026
2.8667875117077544,-0.32144139633498064,-0.08119238466383812,0.34017484702171025,-0.2938604935177584,-0.815188509689537
2.874219911442165,-0.14964868184812585,0.1789362039636798,0.26494356053432594,-0.11875685884715863,-0.784703439955032
2.9491391656975683,0.17940078720843763,0.3639431762941454,0.1787458025593506,0.11339385143501919,-0.8238020085063091
2.9163036749820823,0.349766777162753,0.22039018292167217,0.43789354475882164,0.19590041401042738,-0.7133382134690645
2.9780932513676586,0.11426242016788277,0.4600434182259522,0.007622256761388091,0.08590150180656915,-0.9011492675535846
2.915808986764866,0.35680183991107517,0.3534151862271743,0.35463385313518864,0.23472986441756957,-0.7175211987887431
2.9775660611577344,0.5123439056596106,0.6804612795200853,0.10835376532224253,0.3979192858137938,-0.7885865965352099
2.9551075340088295,0.2052040838878226,0.4294949054224593,0.1210598965809925,0.14309535487459132,-0.8383624336199376
3.0363036720904195,0.8825045310715162,0.8739872358112611,0.07836495293747162,0.6643458197823006,-0.7868122903512355
3.053247132324954,0.7630669204139928,0.8572673991781651,-0.023655388915500977,0.5773719623666318,-0.8534488014667149
3.0123751061399227,0.7469922109300547,0.9864052083364923,-0.021401688732744697,0.6152759414193771,-0.7900587394336507
3.0524316188489173,0.876333104570972,0.9617470539609865,-0.019928453029087825,0.6772399210609773,-0.8217886380274533
3.0429998238825755,0.7003681200264037,0.8910091387699611,-0.06199673667239577,0.5494498299640896,-0.8567007119525339
3.025540109804025,1.0262822678444907,0.8292155113938131,0.21238135360224444,0.7479962636602994,-0.7254045157555151
2.981085911457762,0.7947849152392663,0.7621443071826135,0.21313160592388317,0.5980136992434844,-0.7155095624179184
2.9771627664722424,1.0268280184090282,0.7199970695070972,0.3884112900917756,0.736866436651133,-0.6369897913261195
2.981082106958974,1.3110665718689947,0.6808468411759981,0.5750390755000574,0.9070557531328796,-0.5569501364306828
2.971740184223663,1.3688933766402092,0.6398134228150706,0.654904036397177,0.9364998503129692,-0.5224971816781767
2.932054681043841,1.3513093080531173,0.5991337325843121,0.7570481433407121,0.928507513737108,-0.45744164934600406
2.882056638659231,1.2692921826647263,0.42415506287449567,0.9244996254738977,0.8476651998905196,-0.39076726687314084
2.899823231976633,1.215352385180932,0.3659492758640642,0.8862720564266087,0.7915055042323438,-0.4375886849475895
2.931839527448416,1.3855142992312397,0.5205941177642065,0.8232616130626657,0.92961825074407,-0.4461879990947051
2.942297036568891,1.4750413170788221,0.5378871753576664,0.8428515358429763,0.9876872085907089,-0.4381914681627342
2.885067478840376,1.3290669215449875,0.5955916365787501,0.8474651790190556,0.9295970985531095,-0.38322343929755326
2.8880329677337118,1.3162201793377901,0.4132346225917884,0.9425502558472663,0.8723808352910511,-0.3886362371494361
2.917771210072454,1.3803999892589067,0.4503067399213394,0.8906680828932464,0.9125260319161663,-0.4232056302641554
2.9143515502028157,1.4816371482781692,0.46531861213511794,0.9488684726943422,0.9822981867680147,-0.38766805581212627
2.896364036434776,1.4505479487028512,0.585486634837225,0.8961349826050912,1.0001570528447388,-0.3689345172314634
2.823535378220427,-0.570918812893799,-0.3090688245372968,-0.06736774580493007,4.108703192363084,-0.498320991046175
2.9354418581972146,0.8940940853580525,0.6402806603383198,0.4342502890223044,0.644267984900932,-0.6099813511358987
2.9054596977156018,1.0701943412891277,0.4890120833019009,0.6961145424438135,0.7275027039196282,-0.5021277658853514
2.9499940891420886,1.1477565956203526,0.583780553500879,0.5823062692447731,0.7859489559316007,-0.5609949495738706
2.8762355487927387,0.6061877514964736,0.5174180106620321,0.45671983479475614,0.4477193718040314,-0.5955843245421067
2.9017864793100308,0.5088237768829728,0.42341162557126855,0.39415317449236337,0.35141276973444074,-0.6696349815709444
2.911897288223236,0.737399247548773,0.5085824531671476,0.45789558396040203,0.5164246752820278,-0.6202435842989806
2.8929038496530994,0.4814612173513367,0.29743107048027534,0.47274986611289577,0.3038766961046669,-0.6599445688155742
2.8826408133950956,0.22653210232725637,0.4447403193883335,0.25199918639018754,0.18301444380095658,-0.7227033805590554
2.8976874001273076,-0.16161460689009793,0.35227971463806934,0.038650602642244326,-0.0949993175688643,-0.865157094624117
2.9078584118378905,0.04136393344577541,0.35074875584322335,0.13920933106263958,0.030850631853974037,-0.8216800621342146
2.729395689230981,-1.9928125651959139,-0.9134512795177033,-0.3700771275656241,3.0716641486436984,-0.7598189855238581
2.8605703806097416,-0.0943247382084743,0.20614369289198625,0.2498870351899886,-0.0773033163381515,-0.7766601177970528
2.825699604384094,-0.5162492161772193,0.0915557950210549,0.14164114377172968,-0.36508965604732074,-0.8408375329471273
2.833242756356233,-0.4818857828711547,0.008934446792298363,0.19374164897934634,-0.3676212033055582,-0.8427372564606583
2.8041941589287,-0.44624656494311477,-0.04608498018112007,0.31036697234351845,-0.34931867823429513,-0.7812570002635074
2.7020069820143466,-2.3836748925287474,-1.2765708191220482,-0.3350731790214346,2.73500688245049,-0.8268157314559681
2.780293555529684,-0.2626624308601779,0.11363638647798639,0.3717970298916113,-0.1821026372201963,-0.690507124779041
2.834128699313767,-0.2834364885277311,0.12710023544213955,0.22675175732104083,-0.2112135936727492,-0.7937674756009336
2.846708463165802,-0.33912666288630633,0.10341889773618419,0.17769941650866242,-0.2576463112144362,-0.8330276543238696
2.846081808133913,-0.1807584552521186,0.1546842984881282,0.2426014098590871,-0.1427560262479665,-0.7857362555688338
2.8233382496928403,-0.1855702233191083,0.2331309746502829,0.241963404565431,-0.11732868110327459,-0.7495673147622591
2.701473074558178,-2.0108248705366525,-0.7196778903786334,-0.4571373435460993,3.118837457389307,-0.7315420053177644
2.874829099981105,-0.07151352581457113,0.3074394141423554,0.14630566738380915,-0.04342563104322093,-0.8095208265227306
2.9290251769454207,0.07625600909971844,0.53817027393142,-0.0291696287625712,0.09220295953213321,-0.867304732309359
2.954637726173865,0.1384405869331176,0.8990689112326988,-0.2709211001009944,0.21734975511692975,-0.9035630019517391
2.987991804348555,0.2729797263143582,0.991972976926032,-0.3243140809774177,0.3156882970230337,-0.9255553712717873
3.0116104051813997,0.6611550081942813,1.0565262285131247,-0.18474060254769484,0.5723645715842355,-0.852590439942008
2.9499172768678306,0.24120561487611428,0.6743762211580707,-0.07228941688609333,0.22483772911183794,-0.8641751362829981
3.0298037197560133,0.682759407945252,1.0646881944675153,-0.22304447533715863,0.5813741397381198,-0.8811570062651852
2.915140134309084,0.5228920024814188,0.9101392855748909,0.028277324557010184,0.478760913378357,-0.7255299897625999
2.9976829695186242,0.6431380808722155,1.033060547223154,-0.16137537442385294,0.5585423864541454,-0.8387217041437587
3.011448611584638,0.7341074645971067,0.9719727466788268,-0.1006760986602567,0.5958118257397792,-0.8342205171594858
2.991344896981734,1.1173353132889758,1.0138064871642285,0.15081692140302608,0.8590937700615785,-0.6836428863978409
2.935534772426005,0.9924274111005081,1.038657508456428,0.18515018262597308,0.8053839290323686,-0.6239003124164166
2.9821719845502566,1.0816460126139145,1.0090951041814966,0.1519179210801184,0.838191774311238,-0.6785757826767943
2.97254993141174,1.3122377103875553,0.931544354015016,0.3618479794152751,0.9689598561850911,-0.588977070736101
3.0213263715923833,1.383929901072157,1.1871720656546327,0.14399879435515853,1.0649780832766582,-0.6574787662341897
3.0079692227300665,1.158307260840953,1.1451960186615775,0.065536223677125,0.9145626200148754,-0.7000311941130603
2.9484794305519526,1.297382984088459,0.9593767390880443,0.3983748685329221,0.9760518719240434,-0.5474242838833342
2.973823558416332,1.3705369424732576,1.0057710298203637,0.36009548852372103,1.026311667536958,-0.5697141397330173
2.95217009504114,1.517576712438369,0.8394841090911866,0.5996746755901619,1.0845285177598725,-0.48249167980559327
2.911416568454742,1.398396766876733,0.6431098115089765,0.7391677345163085,0.9712435284878185,-0.441694952193093
2.7330287431975293,1.261492795082057,0.5460028122906201,0.7635656213320402,0.843454014728647,-0.2908229735653444
2.758945965417751,1.505140694016998,0.47573259357550557,0.8967755296847294,0.971887298635674,-0.2602833181961519
2.7410844797673644,1.1252414007842422,0.44547132605706646,0.7244687922407975,0.7270904926117433,-0.3437480948644403
2.7781953280360177,1.4584980913865702,0.5174524301380617,0.7986478367524419,0.946054780862813,-0.31003804000400736
2.732415161141539,1.2245615238029928,0.5317865768276929,0.750453163412818,0.8162375398668601,-0.3010003844901918
2.7706416851222486,1.5543149246103378,0.6152903379095798,0.8130430127128372,1.0355913912879149,-0.2705761181458713
2.8446423573942696,1.6383326902145916,0.8458749101521484,0.5569988189677738,1.123614068612809,-0.38137015986685285
2.8688719524943274,1.3291376548061966,0.849395209007313,0.3114072741229342,0.9179447136810573,-0.518921113033674
2.8615925057883205,1.4975228641147222,0.9513657776374874,0.36619886236978355,1.0548660385759976,-0.45823534413184736
2.706320197122899,-0.45949048719474544,0.04556125159637903,-0.3665188982087208,4.230826846986105,-0.4225830338812994
2.867828934783705,1.2938416081420838,0.9750423187763775,0.21091971899409415,0.9281985274812193,-0.533426082586952
2.8794957764185134,1.2775371388400814,0.9402640378692154,0.19456769495632134,0.904386937388492,-0.5588295172640084
2.838545195984935,1.1312269314682202,0.7032873659909666,0.33986390040746467,0.7628901972210745,-0.5264237872102235
2.548203811061528,1.1416230805706058,0.756808342819713,0.08600672850824874,0.692535772565318,-0.32389632307823757
2.712581386338197,1.0766920438322436,1.3632907000769707,-0.6902325458068606,0.7520134603707198,-0.6475074656356149
2.7118336343473732,0.9591704528280289,1.3114496319589277,-0.7300234729163517,0.6633077848808434,-0.6815365906664714
2.6742380991850467,0.7844052600814625,1.083457042938605,-0.6153318131757197,0.5047368226971406,-0.6640902874087777
0.18823801962427883,-0.6188435957527142,-1.6295252553979285,0.7223855775590299,-0.9448370666422704,1.1845761993214035
0.035681863832537325,-2.5326541748320315,-2.629903163499543,0.06302557788020235,2.232612959062083,1.2286788222936709
0.16853043983389834,-0.661961498894593,-1.7127304335391067,0.7831945616356069,-0.9880292023356013,1.2041737211812826
0.2251818688493594,-0.38733290523632924,-1.6729027326377977,0.7968804786776781,-0.8219825231305432,1.1860869860529386
0.177785308580356,-0.3657292260835403,-1.4897439293413697,0.804447810916845,-0.7434302714023514,1.2714610576318062
0.20617082933999795,0.06942729140789779,-1.3904133604257853,0.9428346892678493,-0.4490466219540704,1.3505758665843712
0.18470316432647135,-0.05392594329955411,-1.2823358833552936,0.8574547788987008,-0.4914094031441427,1.3518706398131364
0.23534566760185796,-0.1487940041375669,-1.346599555117016,0.7327961926859828,-0.5861675734237201,1.2391845241652082
0.04797001365190666,0.0229996164014565,-1.103015643504188,1.0093114896785669,-0.36928316720750315,1.5816656619059921
0.15923908656747407,0.3047390757067922,-1.1296413444129036,0.9537433126014061,-0.2345988409081804,1.475525233764566
0.22926218399067375,0.3069485096641251,-1.164276057554515,0.8239740385409913,-0.26653906429372703,1.3562105729361615
0.20062101897710655,0.3253954539009946,-1.1394487110063956,0.8864120538825866,-0.23790762228859985,1.4127430952970417
0.20807261789484394,0.41294702112348003,-1.1606622834561877,0.9374497302363954,-0.18990403083063445,1.4276419280599821
0.16323715165489966,0.5664096082705932,-0.9729613116068434,1.019569901646831,-0.026384315581570332,1.5500574970508876
0.25687485336137306,0.7468112228098609,-1.050552660413989,0.965499627092734,0.03559222788610955,1.4415151457473614
0.16107638361710377,0.6327351949303043,-0.9827829115272642,1.0597641955280555,0.013228904447831044,1.568694226128964
0.12803562182539435,0.7184260873994512,-1.0432501450733531,1.211513550971154,0.06283910686621026,1.648703962953501
0.008796799189939213,0.5921846393609126,-0.9872126987797765,1.3581444703914667,0.037896097015723086,1.8137727603171176
0.09056135977020735,0.725973186763227,-1.159408662768695,1.3487007082051772,0.048364505403775106,1.708487027503633
0.08358479401835245,0.7896875005493941,-1.1919080239970723,1.4226858713396697,0.08307744262108442,1.7408925503236776
0.14942938706769013,0.8219136906818708,-1.253834571382027,1.3362420975689293,0.06458738728627347,1.63828680810859
0.07060143045867778,0.7238766502219957,-1.1755850612155592,1.2854557382129526,0.02299841607294103,1.7036373037887032
0.07873440483518086,0.7112181175528107,-1.2326908915110604,1.2985334225826395,-0.0025475885777486856,1.6890384139726828
0.06704017312181525,0.7955941632908978,-1.2340317099467475,1.3769956939557528,0.05525514502592797,1.7354390207508101
0.07794888637498518,0.7424631362982141,-1.288744201895003,1.348123384045043,0.0025372189694240974,1.6986041665901277
0.09033940226359172,0.721346075186761,-1.2596907109026785,1.2846857697405323,-0.008223267320091597,1.6670059278509806
0.016093182904804777,0.7998928411653307,-1.1627599808518738,1.4351301827063325,0.09323828659674858,1.816851353491572
0.060492372301452525,0.8867633769299775,-1.1072038238390163,1.3491662982082504,0.14722342791931534,1.761000812326792
-0.015864832649565556,0.8155769779509302,-1.0520701060570892,1.4455278953196153,0.14326114170773038,1.8734393216699616
0.007724054954706939,0.7695090519420462,-1.1710341474681691,1.437843857503996,0.07432805824994757,1.8211916353000974
0.04441567520428089,0.7078311687898201,-1.3068927269884516,1.4014934237641465,-0.013661523759021727,1.7414873903737276
-0.033970847064502145,-1.2327120837195729,-2.396078734532415,0.6200574136299148,3.0978063622925203,1.652309438336541
0.10871496091225011,0.752717239888094,-1.386723514753195,1.3326725028098987,-0.028614002549099654,1.64362304279206
0.15656326516970978,0.6865095063079707,-1.398811319239094,1.189503961646168,-0.09134428702634168,1.537955349644507
0.17481501589561474,0.4492745128912516,-1.4421629831070637,1.1683406069781457,-0.23037625020805239,1.4828237127728516
0.1365520248115696,0.1392054025414001,-1.386017475994822,1.0296991594756055,-0.40079696605609205,1.4534496197442413
0.19517910908544336,0.40409403059813903,-1.2829943024496921,0.9935121838720656,-0.22521454643277497,1.4268259261304916
0.18113386990930233,0.4589328251489897,-1.2460229768445743,1.0340636067174394,-0.17562488165445028,1.4664503560497026
0.15536070897241303,0.5591276678674445,-1.208301578144109,1.1279570365586058,-0.09266957476049882,1.5404911895152773
0.145926433362963,0.05275415762463899,-1.3240240286784477,0.9106816812226018,-0.4439220052758835,1.405128445207565
0.15879937362028265,0.09791325055944772,-1.270285839166411,0.8747897518650282,-0.4056385853470415,1.3939934382479156
0.11837307894164409,-0.16889260218693947,-1.1758483087961522,0.7514603339303805,-0.5368578714259886,1.3845031215127428
-0.5389242043600665,-2.083548509234204,-1.4361465915430398,0.7891378928754529,3.013858235419705,2.30737879033335
0.06062419782105301,-0.3131505724710194,-1.2129051247144427,0.8272488091989234,-0.6174451241145276,1.4490212403423712
-0.03255788629946314,-0.4526337022118051,-0.8602856322999883,0.744512358834274,-0.5806494799586537,1.5659482396898985
-0.16755335625928885,-0.39640960935643194,-0.6035285572181606,0.9288866897492384,-0.4293147345502811,1.8164474315080579
-0.6066281600855274,-0.6332166454543542,0.041625592941776056,1.3816624031564015,-0.2562431205875473,2.5041939828118354
0.15151202633641864,-1.9983926746920724,-2.083485841518576,-0.3054800706837725,2.6555601824181854,1.1373284835183153
0.25695061298891453,-0.07129723325618387,-1.0420663304460975,0.3392605889641781,-0.5080696594293359,1.1418262382598106
0.2785281099215121,-0.44938034079832506,-1.1250166187107289,0.10991468276441559,-0.7796130304872468,0.9898419596546885
0.25113892952044653,-0.14635369784270866,-0.9896381712672385,0.25856862606971504,-0.54184430259171,1.1196055821073811
0.302555935944359,-0.18165958618863867,-1.0934860343520385,0.16998548602723518,-0.6112463008983137,1.0131352879664932
0.16592504615622877,-0.36846842999769475,-0.9674070646032887,0.2730578162327518,-0.6507485536907539,1.1870686946051725
0.13051229465166492,-2.3758578414229254,-2.066291140203289,-0.6552777583297319,2.3987198070031956,0.9939780853303314
0.18234755880544695,0.1199837398939342,-0.8372161735615196,0.4264882889034244,-0.31232744141052765,1.289703680675204
0.25038113981274446,0.5366089367899757,-0.845541028039433,0.51963496495284,-0.0730313578458298,1.2905539415903464
0.26260821361951087,0.46790880611764746,-0.5002773680851161,0.23064307695335443,-0.03171966865397965,1.234676685212392
0.33262188321885305,0.39576342567449224,-0.3310732785545973,-0.08382052844944207,-0.05926929574623404,1.0798078855775288
0.2952917699994843,0.6295522236076606,-0.19538495028594735,0.049684087796079225,0.1382259859069042,1.208456989099526
0.33236427363221427,0.8746583052066305,-0.2439300069223672,0.1348550236247998,0.2683411844830715,1.213781409318683
0.2899056093607049,0.7233293636897608,-0.1742864929153298,-0.027578131262200996,0.1786320656727703,1.1958192260079756
0.2941348113957167,0.866037891036132,0.0037903863768506316,-0.0675797702107331,0.3143402415309071,1.2229319557955114
0.330394379160694,1.0737266790487412,0.1847845028974031,-0.14116783341031794,0.4811457758617318,1.2136275302647053
0.2016382564559459,1.0527544958030732,0.47818979681142837,-0.04859292932133366,0.5896607721866931,1.4243234008830328
0.3256878907012448,1.215773981294758,0.3197785159964512,-0.13935356767649656,0.6079102227182195,1.255256372033029
0.3578605430837484,0.9952142333493773,0.39608036514074146,-0.39781958221846697,0.4748174317608278,1.126556329467838
0.3860501974866318,1.3338400109911166,0.3917451261281809,-0.2600996592140371,0.6797788222026813,1.17631240371985
0.35729507825073725,1.1595285461052178,0.4270291391172602,-0.3134534628794082,0.588507347273626,1.1779066635711113
0.3023809159391585,1.3909417735829366,0.34519560808303734,0.008324456068893309,0.7353506854574215,1.351303589094737
0.18655645662646828,1.316205475772597,0.36303639600624465,0.2213276851353502,0.7339936210693048,1.5369752529327136
0.2414369194146692,1.3121267751791388,0.19981187687729748,0.20315637021408828,0.6699648421219898,1.4472012494745718
0.23255380113540292,1.3897532031468827,0.2080385594830932,0.2668573178805343,0.7251009371513703,1.4871141275869082
0.2784475495325943,1.375335501091678,0.06057104285436234,0.24051686769660427,0.6605852624739945,1.4032456696832019
0.1688626843721788,1.3353894602899208,0.02999061714741159,0.3286172445720031,0.6326355943816874,1.5305568684994655
0.1648670821282103,1.2984868569534704,-0.04848954139707308,0.35901710465231246,0.5894816734989682,1.5262746060688233
0.21609977063393293,1.4317199182996165,0.057459135218489,0.25726729094621675,0.684134159369034,1.472320168185312
0.2138367272603258,1.4049371159861448,0.18521117118344826,0.16643887101869642,0.7011059111082313,1.4640598875614284
0.2155688122352871,1.4766760501349065,0.24559654466695546,0.16698853163640515,0.7620196684123393,1.4801446128519582
0.15276414772029975,1.4795419371004337,0.34115789134094243,0.24952247164467997,0.8109107958481326,1.5883144769024533
0.14145547277691395,1.4766905335515237,0.27654229670950825,0.30973894795332424,0.7958808522437489,1.6075389265045696
0.037093397231870835,1.3516133101439871,0.26547055415450355,0.4725541315039284,0.7495883840224874,1.7525065313385941
0.06440145549830281,1.3141004049448943,0.1634581696095515,0.4476271221467569,0.6889054954954024,1.6939583877582918
0.14097443172785024,1.461533080828983,0.08843857892574339,0.4077123487549002,0.736242315819621,1.6040755793154124
0.04798514955124092,-0.7473138648583528,-0.9823839801123108,-0.5182749914250004,3.685646844354378,1.4568714755188863
0.19852092230870041,1.3114339258602465,-0.0410527124301373,0.25626563415991954,0.5849462474217886,1.455058828970934
0.1995352257963297,1.142157547268915,-0.18149690070882327,0.22328560989262938,0.4381555388703246,1.398324147678367
0.18060677374222803,1.1983500406646732,-0.3468454944872163,0.3866333750587315,0.43615115541842925,1.4456984313619947
-0.09323173694376305,0.7475869734942866,-0.3830157905375565,0.1803932874312643,0.11102965834753838,1.5888088387264288
-0.05951971956486329,0.8551673294451351,-0.4441209630453465,0.19461310019259148,0.1507653538504776,1.5571611629244315
-0.09297739875708752,0.6311748063025842,-0.29956166112632987,0.040515622057529725,0.05662668245111142,1.5417462781819022
-0.09368819730600803,0.7629100069796547,-0.24937949204639054,0.08525324135108638,0.15375936334905854,1.578624369745453
-0.16407345573602525,0.2217088293266229,-0.3056837270762066,-0.056565199759383865,-0.18305025525029844,1.5365396424180986
-0.11008475345349314,0.44374392825141473,-0.4152291764692908,0.01651502244014274,-0.08941205963804734,1.5079442744570106
-0.1452728845447539,0.5297799074787855,-0.33664252798923017,0.09148785732971064,-0.0020994129340075637,1.5898889113349213
-0.8529060921582207,-1.866249416753758,-0.6733859313816879,-0.018116889892250757,3.2368827715385016,2.4494081939527823
-0.27655519889390634,-0.08393017178234426,-0.4889263346495807,0.08763205851629254,-0.39020045799321096,1.6286700865613244
-0.38507527601725733,-0.31257280667486004,-0.39568732277175,0.12699436846585863,-0.4745697289340921,1.7436046263481624
-0.5292837542527923,-0.09518102624126339,-0.150441665023476,0.4257820526301589,-0.22088875345154882,2.053954062128505
-0.928772216812607,-0.5875855570578199,0.2790005228886472,0.7583603286522762,-0.2826601910269676,2.5956304366185603
-0.35359079723637027,-2.1384402342440425,-1.6776169301363388,-0.7390368984325623,2.618591870738636,1.487649278970112
-0.34866748438592565,0.12346013519845199,-0.6504510296098589,-0.13669132928580816,-0.4037683788944872,1.6006381180004552
-0.24496465565221404,0.20386358184007616,-0.6185998976730094,-0.3471436411209852,-0.38127034967367374,1.4379354104193531
-0.2610370064392241,0.3169661418645308,-0.5671721884371558,-0.27735556706372233,-0.2900599378795471,1.4975374526384322
-0.20444696108783073,0.4681003311442082,-0.5920861519126472,-0.3015950104190678,-0.2202438776973874,1.4422902742718138
-0.2359960990760805,0.46615442560740467,-0.42791391213015095,-0.33482554631792544,-0.16757683261065942,1.491763309477825
-0.3744674024447355,-1.707776181042332,-1.3643247594429222,-1.2199204361464056,2.8554319611723873,1.4317374324865193
-0.27266679433788216,0.1976681281022601,-0.1666184332420597,-0.5829389589738967,-0.25875212403672054,1.4639905041411958
-0.19319862341332508,0.5858771739877655,-0.15129653668991005,-0.5439746022884353,-0.03519025838705636,1.4370708423305723
-0.20051327129970975,0.7138520591627778,0.00280862172382594,-0.5515183403936259,0.08896698040947269,1.4810919841346613
-0.20344501201521015,0.6398251640477935,0.05581038579968019,-0.6300963805824539,0.05576676561513115,1.4583546740879225
-0.22025210228713998,0.799914511299312,0.21383839749268813,-0.5969602958455913,0.20507538381548118,1.529939430694938
-0.168934111597216,0.9372335987162972,0.24839496341422385,-0.6529349486252521,0.2835991440800667,1.4788433031396433
-0.17266056168868588,0.9968928552345764,0.36100679712941003,-0.6794729523221412,0.35238176566328683,1.4994802282291413
-0.42696362381527175,1.041147275143857,0.6906796194562486,-0.5919237739819139,0.4889817672520511,1.8433836918317112
-0.3027337287913408,1.0785422512742673,0.5093059657069514,-0.7416504219490557,0.4210919626835402,1.6382519480851918
-0.2074646216201066,1.0994652206810616,0.34502867754048877,-0.8457726062381766,0.3574698543900852,1.4792385470884983
-0.2432361797413303,1.0171529899615055,0.27509041352968683,-0.7751114214643333,0.29887983156037506,1.5177990547554365
-0.30014574688082657,1.2421330213682527,0.28293916630645705,-0.5179588120127411,0.4648222020886281,1.6851138729806594
-0.291131387022526,1.1728528943989776,0.15180803413630098,-0.503009328845785,0.38267227969198314,1.650043120608996
-0.34468661665019695,0.9953842182637985,0.10265370568523781,-0.4611693920290083,0.27506819261977833,1.6913422918527006
-0.41460241522687585,1.1312968197022424,0.11011554071753699,-0.22652584952404622,0.3886979688882668,1.8555808788021255
-0.4627606845258691,1.1456271286838178,0.08095140968468426,-0.09221449007403039,0.4072195880920937,1.945396620911224
-0.4659032005723612,1.15669670706938,0.00308658681017328,-0.031542900521779105,0.39495460388492065,1.9559552693956541
-0.45937517778800313,1.1520005133994888,-0.10924371674872575,0.018288301635256847,0.36009455770424237,1.9452431687488607
-0.4366101969662804,1.1034536834216846,-0.23302075778991715,0.011013245826817612,0.28833404197350454,1.8923413220494854
-0.4273384884314752,1.3071760024045385,-0.31821580708064323,0.16344273253362906,0.39290001296129545,1.9388977607331461
-0.6850667387515041,1.023754084643675,-0.273856892731769,0.10000508262224769,0.21669242893758756,2.1490868023539598
-0.5491764453375959,1.0432612849618716,-0.42455511248357825,-0.10385642375875107,0.1414230888569738,1.9180184640055762
-0.6079147765630948,1.0891139583656748,-0.23531959848697387,-0.05887566526935225,0.24118501639989937,2.031086091618338
-0.5145520072431831,1.2909487005457605,-0.17702400245056488,-0.18192650932614016,0.35261214135086427,1.9262717923275683
-0.5934896132112635,1.2696116946456355,-0.04591581589902126,-0.09713266965412018,0.401256354809141,2.055855244204196
-0.5932797049113756,1.2725111456883462,0.08634311693656307,-0.17610839180821172,0.43773469662011333,2.053248873747903
-0.6241340800881812,1.3169817061544073,0.26944421170495775,-0.1936947322201523,0.524879518220994,2.115436443449113
-0.6143477876539891,1.1891997876454428,0.31434443550319874,-0.3254275906344839,0.4509466603162462,2.0557190648305963
-0.6007133324666468,1.3260854837338678,0.3430485546734689,-0.29579380373985553,0.540760344114817,2.069871404721538
-0.6251277493925426,-0.4546163990814216,-0.6269925936081777,-1.1802310568553853,3.766099228180489,1.9280302224425843
-0.40158666090495015,1.2692394908834206,0.16448836366899755,-0.6804015194410927,0.3860829738985532,1.6999949195707451
-0.47649652438710927,1.0972830669290734,0.24910406874420604,-0.6752491131368537,0.32400654823779085,1.7739664955348446
-0.45396523977822806,1.2652041059263224,0.14208977084606103,-0.5673769522681155,0.394653943065156,1.7835465467534868
-0.6606536408347181,0.9926783928613345,0.10932985793298844,-0.733577111691211,0.17881263285534488,1.8931705723814618
-0.6135261539037767,0.9525627391547185,-0.0009599621395185783,-0.8049018791749423,0.1067839826353214,1.7963541514637447
-0.672492379706755,0.9584548556669978,0.07447911584848493,-0.7162472268004502,0.151041653207373,1.8995080433301035
-0.6936555379336842,0.9665896092415661,-0.044507649311068195,-0.5926281215166544,0.13241451417669758,1.9415517941134648
0.42743531664365936,-2.0853354182744672,-0.7866543816011596,-1.2450904053665415,-2.147793232511493,0.8931030671390433
0.3345870355104453,-3.7273735311719642,-1.817380264320601,-1.8522910308928866,1.1748078738621757,0.9168169601799744
0.4735846057821083,-1.57163591019644,-0.8461259915306609,-1.0061453416912676,-1.8514164975236018,0.9666973452718275
0.5110792400694392,-1.338159263018448,-0.8554084723179537,-0.9453452365189446,-1.7178901297233862,0.9706429358697213
0.4287050043632415,-1.3498102885064038,-0.7136959060748918,-0.8549842291384634,-1.6592000282265147,1.1081628184980001
0.501737569490139,-1.2635798075704505,-0.7430363229873151,-0.9510115655004575,-1.6377245686538229,1.0052399523718438
0.5136799049725914,-1.046255948196965,-0.677050216560001,-0.8877429177774666,-1.485705203372807,1.0478303180975206
0.5268594313481275,-1.0727045121700391,-0.7073184166432431,-0.9166033094504867,-1.5153814740085918,1.0164569664419638
0.2542641141594298,-1.0840938515298204,-0.5514894621923397,-0.9592856523440456,-1.5072189209852715,1.294033681715919
0.3447664783322189,-0.5306083215420168,-0.5584457579107246,-0.8248067687484552,-1.1870084807333685,1.3017770434353189
0.3792785311675018,-0.8894899460599066,-0.6072939780889386,-1.0916421066962863,-1.4418312558985005,1.132336794938016
0.407741468797104,-0.768965140330429,-0.6142971537799998,-1.0800268471418866,-1.376764189708951,1.1180331118925328
0.4385413259877669,-0.7062648741542348,-0.5825693530129129,-1.1320691866966364,-1.3393546894664794,1.0812060699392767
0.32212681233905244,-0.29761586373884424,-0.2651688270315352,-0.8167020339690615,-0.9535240530768616,1.4024764106624694
0.39038523961168053,-0.7668668159359278,-0.4407909234102874,-1.1497629681140304,-1.3242109028795221,1.142768380895914
0.3989120636975943,-0.3564863076252564,-0.4270838229131902,-0.9315773520654907,-1.061290348593788,1.2504870949572808
0.2991288331182507,-0.052101521368532855,-0.3258531751585236,-0.5872085294257599,-0.8049285430724618,1.5150256044130306
0.2534000942010573,-0.1835868784667609,-0.36539160745818877,-0.5430321755013894,-0.8835488657990029,1.5551806300815758
0.2742849394556391,-0.4009403124072069,-0.48027385451930094,-0.6549072803012783,-1.0604462684908715,1.4535390483562534
0.2899435249395557,-0.3383690051136701,-0.5376114360321109,-0.6190382062514079,-1.0411387392841058,1.445429474644773
0.3143896616019673,0.0020602210497390884,-0.5111027066097317,-0.48483456363167743,-0.8250707859137404,1.5045300378791129
0.17764735277193155,-0.22970462901596972,-0.3939304962309834,-0.5215373436673721,-0.9233858244320179,1.6255962246812146
0.19584439729311898,0.1901268060598634,-0.36932694273175914,-0.3240807990059421,-0.6548001105998388,1.7198431353739698
0.2597109933725634,0.15352823564761447,-0.48824612916179305,-0.41862460907850296,-0.7320983038972668,1.5983848700273773
0.2807430550646852,0.07857908118681135,-0.5528290819276404,-0.47283090382915927,-0.8045099025890132,1.539688127332747
0.26179904798616227,0.04934996233177885,-0.516061304905402,-0.47082694877167164,-0.8069217201851195,1.5630744940918198
0.1906751750287481,-0.08997660248883221,-0.43310321421619585,-0.4462009936209044,-0.8492111587429032,1.644012612568088
0.28643816495236973,-0.06461592946163974,-0.5412474133434563,-0.5811873408677746,-0.8952891236965487,1.4849845699870308
0.2761045463342695,-0.09229065776834561,-0.5553624149532815,-0.5674593662122902,-0.9131700359425459,1.4944746906348152
0.27426300911822477,-0.2639198070839752,-0.6260548189456486,-0.6257598058866094,-1.0410248305538632,1.446582336799633
0.2274035331899149,-0.01983877713622419,-0.5778636477360689,-0.4031410272720779,-0.8557387722205865,1.601515231977486
0.1075007506872787,-2.20380821862905,-1.6568550154762873,-1.2474113815208911,2.1170736937901706,1.5101379813748053
0.30212644818019463,-0.5181054427634291,-0.8038001524622328,-0.7377341594228074,-1.2604756188167583,1.3228040722685332
0.31008303002381377,-0.5003353578937026,-0.8091860111806115,-0.7413869499222552,-1.2533121232691213,1.3143939325098386
0.2653405288021725,-0.29391578637953963,-0.731045956677821,-0.6100902708238007,-1.095256100866015,1.437591179231939
0.22680827560649766,-0.6712794487924144,-0.6331101353878139,-0.8109772407679025,-1.2973735309866539,1.3889579569280877
0.29372758741513694,-0.8541483208188942,-0.5874432303765615,-1.100024490870808,-1.4260972791699542,1.2142650752531303
0.3294180680078086,-0.9305963449119826,-0.5841683472978048,-1.2305680403256474,-1.4869729722351201,1.1269925539587424
0.3400430551174495,-0.7023060735678913,-0.532047317742502,-1.1498577842521243,-1.3311616847203334,1.1752665247317877
0.2748218379036079,-1.1431637249769453,-0.5078419277412095,-1.2870283909180824,-1.584055462686528,1.15485829082906
0.30368878231683516,-1.0362388408278922,-0.4956679605670152,-1.2966170275942512,-1.5228429291328747,1.135046156706011
0.3819173238986545,-0.8767815384966539,-0.4659538746670249,-1.3912983055910433,-1.4404277409686674,1.0461075810314917
0.06113236700002269,-3.2028421942724763,-1.1654501637097887,-2.0953328405713973,1.612536559163511,1.2595635331886454
0.292735116668129,-1.1957819923452273,-0.319585555362639,-1.4662049722824093,-1.5739960795199797,1.10654979028145
0.2372581679258349,-1.6579904383324233,-0.19407162374281195,-1.6940833675027822,-1.81689300954921,1.0629625233533107
0.1933234518269126,-1.6431321577375442,-0.1142871855194334,-1.6347945290134396,-1.7709203659094452,1.1430584027648087
-0.12367914146949376,-1.8638215437750387,0.33924212182215874,-1.3332098888216486,-1.6812474788079188,1.6234426661034347
0.33361203087502067,-3.435941001898334,-1.4246109138137546,-2.6908932877968534,1.2990927536204626,0.7147470346669925
0.3419165865227317,-1.402053306084971,-0.30045857587941627,-1.92713383326692,-1.764882598685028,0.8803902381741339
0.43084573007034577,-1.5185957286702692,-0.4161290002377743,-2.13023000632154,-1.9015224678773437,0.6894486906210098
0.4396350980087419,-1.6464729154017537,-0.42307196587147666,-2.226260470398787,-1.9885702924914528,0.6337383515735837
0.43341758521851614,-1.8331775477037398,-0.4274851734934002,-2.325730131577709,-2.107292671680885,0.5865784387219095
0.34470897801096545,-1.7702890118972234,-0.29264826180644243,-2.1729941523832705,-2.0005778906090033,0.7574510598117429
0.21044750488632466,-3.5381041945631764,-1.2275797347544946,-2.821962584840623,1.2812616215757633,0.813495923428176
0.30662238192351443,-1.4820550995946669,-0.15544029036784696,-2.0032956436774922,-1.7673456395701377,0.9051757874478986
0.3644054544552283,-1.6185848438275259,-0.23644090022210634,-2.1716090242506905,-1.8968614299496942,0.761217540831244
0.35028088094324217,-1.5080545683771822,0.06691767884479682,-2.2611317838401637,-1.7419402304734246,0.8104146479240867
0.47888195813194046,-0.9097962771566799,0.24854339550443744,-2.302365806429069,-1.357339452216316,0.7586939617914827
0.4811033521480633,-0.70538612689578,0.33328832579087836,-2.239308595730373,-1.2054940051167116,0.8126027362817182
0.5008629842155284,-0.939163411262915,0.24546413413792045,-2.37648239262186,-1.3855426921609504,0.7065739271651008
0.3847328747804609,-0.9310721934170132,0.26655966593501873,-2.530295067886358,-1.4228492252040057,0.7687822583540707
0.3368665434631489,-0.7201862785855127,0.5096150847475609,-2.4463544328529148,-1.2075719060257382,0.9094982831359892
0.4176602994012587,-0.2944463409560135,0.6320790959927836,-2.448066387640909,-0.9319212518370835,0.8914624559916612
0.3835900541640368,-0.45098337390161564,0.820133603727841,-2.5830736158727534,-0.9709596410729159,0.8982460519076338
0.48514838861281506,0.14269678085816292,0.8810601100563238,-2.491690647017227,-0.6112608319263486,0.8963740665797783
0.39585519726293306,0.028453073106315282,1.1479372510335517,-2.524708046766504,-0.5830182775106122,1.0115787276456134
0.47727144260614385,0.22308361898420404,1.084917312638102,-2.5547654292062174,-0.504096144565039,0.926908985333569
0.4761332110528115,0.3088007347635354,1.108117812608897,-2.517806722056032,-0.4430787312523133,0.9526241200358355
0.4112602440006604,0.4795198403863423,1.1145621398854055,-2.2761321955296667,-0.3095400587341847,1.1168473256603397
0.3219000754031639,0.49774240913782714,1.1431346227473553,-2.085153638200866,-0.25911706489043107,1.2774797739422468
0.3680755787282063,0.45185089011597823,0.9799860057375047,-2.1215156363219845,-0.34797210025091607,1.184012069040789
0.35932606597239103,0.24883668607804113,0.8681730117377588,-2.1628028481086563,-0.5046758878796059,1.1374591101246831
0.34714327336708817,0.359834382278019,0.8609028243342647,-2.07106070032671,-0.4319309715415202,1.189073319527128
0.21816383032545708,0.40517325741405846,0.8900678331095944,-2.0168525792929795,-0.402800834017127,1.3416838499553745
0.16723368183676315,0.45089118865912176,0.9145041837441262,-1.896771132535636,-0.3498062025877978,1.4410903616875295
0.2834303895866101,0.6030029999268026,0.8351138827934186,-2.023831681058191,-0.3149716169174381,1.2810134685115084
0.2808498550632967,0.7806681951278127,0.9594911674623493,-1.9892176365983045,-0.1680499256137489,1.3348595030610924
0.31908444403098696,0.6056968368815233,0.898941564820433,-2.147993014457927,-0.30976489243181776,1.2138927725499447
0.2279674024914721,0.5555736229933819,1.0324444949574352,-2.0579579721342918,-0.27491209905667846,1.3544984534154307
0.293734362439985,0.6130722101475145,0.9014424383187394,-2.095261372006152,-0.2961023594972745,1.2570913556241696
0.28307555901827136,0.4320565266170131,0.7836974623544105,-2.1113031228008214,-0.43922976163254973,1.2227903168519492
0.2576484618772061,0.4386572961143576,0.7804655300666521,-2.0494610633892116,-0.4269807885660533,1.2690654967466717
0.2619279751278247,0.3948677025637743,0.7454391117537907,-2.0656250155910096,-0.46582572376545767,1.2483957840273525
0.10615599651879852,-1.4811985127288287,-0.15632370899009584,-2.7499967658833415,2.7632332342604697,1.3097363009613732
0.31341177249223423,0.24727586660861461,0.6856512812222622,-2.2372588375367313,-0.5944302249471612,1.1127643010171866
0.3065518269161939,0.07466830993552487,0.578662922702866,-2.2637776856317426,-0.7307461135411731,1.0738034607918927
0.25997850354113966,0.3535487072757631,0.5643765689363706,-1.9838103879424538,-0.539777021179835,1.2397537000867245
0.07913578803132193,-0.2403832947216528,0.5627960876825522,-2.1365456953527033,-0.9001849821924489,1.3072576755889596
0.15490838543628138,-0.05686588367243981,0.3923039046800871,-2.094302912958351,-0.8544667341767677,1.232279266650359
0.1615771014440397,-0.12391500400556925,0.4320906657233335,-2.173382160293409,-0.889231172766843,1.1995693533161949
0.1568975139583364,-0.4781591098442023,0.35808362895713186,-2.332072082546023,-1.133639491999241,1.1022681828084897
0.10349149603109375,-0.7720225661014875,0.3595830364790929,-2.3904083641907383,-1.3023600183727846,1.1074973398544716
0.08146176422243445,-0.6015021313602372,0.39290920746192526,-2.2573164333748,-1.1766569661092854,1.1975911432709492
0.17184845531839898,-0.4847836948373202,0.2786725132005982,-2.3208076623455196,-1.1639339397630633,1.0761139489994578
-0.1802061709138183,-2.913345738175781,-0.5225726662993486,-2.958852321583219,1.8074298680041145,1.3139764482768597
0.04510762202490382,-0.7341806577111805,0.30610877385166785,-2.2046979867659147,-1.271608425584981,1.2227612033974373
-0.032213851871610404,-0.95514825626043,0.33191471026199215,-2.1808952331190117,-1.3789423977860802,1.2912027212128592
-0.06783692576084088,-1.172104741251347,0.30598330272743446,-2.217772134323846,-1.5121030618559428,1.2881354798969955
-0.35284634755374056,-1.6058116773701392,0.6038298223472158,-2.0224224100218136,-1.610881384421271,1.6512166259171694
-0.005487005010147643,-3.3124907280223015,-1.0829191992282323,-3.2607829706205234,1.3425059355269402,0.8940187581279992
0.05088951737934034,-1.255511925404654,0.034629956012033,-2.5291180224674434,-1.7127261643708989,1.002619924494015
0.19427726531842004,-1.0127523769164632,0.002951430945705305,-2.687208317877422,-1.6165933266391745,0.8230978217152415
0.1766021498457636,-1.4513282361591002,-0.012189281200990339,-2.9079705022461257,-1.8953510229313317,0.7194339705134808
0.21229106625935323,-1.0883586549409556,0.03488452185034059,-2.8009388472494683,-1.663729794630641,0.7634853376145921
0.08878050950613459,-0.9910253289744962,0.3432534615679061,-2.655086288380187,-1.4772026439414059,1.0017653165902398
-0.039423300635759266,-3.0241837897797472,-0.6324056943693948,-3.454709465056225,1.6219120246664644,0.9670116480502032
0.1101908913128683,-1.0312585250637356,0.41918587809540975,-2.781150863740477,-1.49130701189196,0.9461578955255988
0.16244936033739166,-0.8139039728538185,0.45645573385188576,-2.792738374502046,-1.3612183244040565,0.9174639253750564
0.1780320386883275,-0.9970101038495741,0.5317104816957462,-2.9873410699302805,-1.464444345166798,0.8310864382005532
0.17458668915041387,-0.7367105065511504,0.6606581360976903,-2.9032323683133483,-1.2631121393113436,0.9115729241285226
0.21463527764714974,-0.46626943949964933,0.6268858268808081,-2.8121310974841998,-1.1133732013711541,0.9221910039397078
0.2538844625172362,0.12484201652283988,0.6996927806169143,-2.5892440937788015,-0.7301446837480718,1.0292679867948014
0.24229252972643256,-0.45558117062663556,0.6758780786990591,-2.9030056132950843,-1.1039760908734986,0.8727035688583507
0.07537400484740508,-0.5736815370289353,0.9652182346386705,-2.7772970166261586,-1.0448352505808978,1.1232295701489976
0.28215974585517334,-0.22748174176305266,0.8278068458600728,-2.95188875339046,-0.9327449865196777,0.8653595773573435
0.26282551190830505,0.29572612898428335,0.9756932026083022,-2.683284460963966,-0.5524858357833116,1.0537563536384078
0.2691111933346585,0.012122720147885822,0.8792079330977012,-2.812967383252658,-0.7617258106246558,0.9576641777424053
0.17824479943025773,-0.18382074411876329,0.9262119218075896,-2.758110724370019,-0.8428535165320268,1.0562277958328055
0.18258947279726556,0.08305267101552939,0.8855966562323982,-2.5839535480104647,-0.6844891507464843,1.1293134701820933
0.21711915378143842,0.29868632471388346,0.7859595775103186,-2.4714793434909064,-0.584943257518097,1.1357073223702265
0.13865585392171986,0.4956175015197957,0.8504095045304155,-2.215142527047412,-0.41428287665956515,1.3322541759360003
0.09129252336541838,0.42155651939283223,0.8195060731326069,-2.1350793850707697,-0.45306058664416904,1.3938895427523805
0.04605260281663116,0.04168246913206939,0.7359524051709044,-2.2130995732393317,-0.7021024101695269,1.360178034916993
0.09677237306591568,0.3418149169191113,0.6002672722844555,-2.063802308420053,-0.5636513950862396,1.3645956337644805
0.04291950695825764,0.49574631157503696,0.6115770654633036,-1.8578349824273406,-0.4432707136353147,1.5052919828378746
0.056794114318364015,0.3141998009253876,0.47111154956021095,-1.9153411137599752,-0.6013547664454763,1.4282039098733694
-0.0869441052511769,0.35066404249070454,0.6231449723456581,-1.6636600303255797,-0.4874165573953049,1.68857838781403
0.05761463604987383,0.4223917194901665,0.45784509208691293,-1.8463198235507552,-0.5361465631574915,1.4585162838686232
0.08078087986687688,0.5642902729482702,0.5314305565384898,-1.8557274353685596,-0.43410112819102936,1.459698047422537
0.11788614223583271,0.5296538319166249,0.6278763511538682,-2.01712162251568,-0.4439440076896148,1.3822445423447287
0.04002701512540797,0.5448186088165169,0.7421126859162034,-1.9009358032309243,-0.3766105072869156,1.5221564593902608
0.10380977484169207,0.618663436249565,0.7871347405060414,-2.025495772717251,-0.33996966057690997,1.4317314980019042
0.14998437579383317,0.654645593414252,0.8397549794728625,-2.140871922811471,-0.3196061859061837,1.3592289588027737
0.174930585164235,0.48824054794238086,0.8311629611485862,-2.2962398338487398,-0.43752034867297734,1.2630142246285165
0.14856010066679104,0.5507568056543796,0.8948299204425957,-2.2414452219913463,-0.37183544376838373,1.325098550339108
-0.029664003727250966,-1.4152530021372753,0.030597272574578886,-2.9551128375548705,2.817215957112476,1.3965664152204158
0.23525834522901878,0.415137599537186,0.916633816091501,-2.5389694773309497,-0.48424945246181494,1.1267726953605877
0.2555391397914252,0.26375325727108107,0.9761670519445905,-2.715550707476715,-0.5729781156461,1.0420195445468055
0.2292636029243279,0.11750516054626135,0.9236937538154167,-2.7167854095553694,-0.6713746723342122,1.0433832594254482
0.12994325452757727,0.26425181061163994,1.1082768720559852,-2.519856587805471,-0.49421824244825174,1.2571191156416672
0.1874105533893814,-0.04302045769288875,0.9737145441896976,-2.7570321602973342,-0.7468099143193542,1.0638415229336198
0.22322631754303568,-0.06019315623025722,0.8701068685909473,-2.7821544770692688,-0.7973722393356696,0.9993926016281114
0.19764255464464153,0.011283078054591226,0.7803538603999466,-2.6230088180221394,-0.7657647598729206,1.0703179555978577
0.26503098262498853,-1.188574804585811,-1.6163159709487793,-0.06481462646005821,-1.4975065095533113,1.132535115032898
0.14882216319662125,-3.3406846691385836,-2.680029567398044,-0.9093486654815419,1.4982080227142858,1.0429341169552209
0.27705565266899973,-1.4076914153715507,-1.7259369223868581,-0.1642733840431782,-1.6713237355203996,1.044200381698972
0.32778916478172326,-1.4356525656628274,-1.746256321136149,-0.28554410510800243,-1.7127379922068617,0.9453610225550425
0.28971443133771724,-1.0693179984219143,-1.5738682066914567,-0.08512689742577345,-1.4198505356042952,1.1183991943806704
0.3352732632924051,-0.9768459623310929,-1.518855679807958,-0.1673912520675303,-1.3625900257530628,1.0635416722671467
0.3499227241404335,-0.842223370006929,-1.5050594466990086,-0.12701379212112038,-1.2779901855729905,1.0783121922783732
0.35129657380184737,-0.993470303540178,-1.4881542820879792,-0.2312905659324346,-1.370763930460888,1.0299300099278312
0.18931411888909735,-0.7419534533657822,-1.2848623667769852,-0.052622270614870986,-1.146519386247915,1.3115040149907404
0.25555848416401955,-0.8242261376238206,-1.3534656307070307,-0.20915689885759758,-1.2405402327967139,1.1715987612385872
0.28781583713863507,-0.44823914636223117,-1.314074013788352,-0.07671114743413086,-1.0009046121684078,1.228479049640437
0.2751676837167617,-0.5108663561788062,-1.2851049796010772,-0.10198276327480668,-1.0287376385175835,1.2320241562642311
0.2743898611055926,-0.7002856384728088,-1.3304415689213738,-0.1857672154980305,-1.1614117237408148,1.1778327578629946
0.20047484608217128,-0.7148309819332852,-1.2127066045555568,-0.09798012164909772,-1.1135124053220051,1.301987690750521
0.2462785638058627,-0.7178190191139161,-1.250970764102359,-0.17791007996288252,-1.141509757347672,1.222023660204094
0.21220864233284012,-0.3744721401336322,-1.1645758567284639,0.05514453828083121,-0.8869902299596665,1.3847799556386453
0.14463438916327484,-0.21225985785296034,-1.1039771776230602,0.2693764473937856,-0.7433085877178881,1.5522185485099527
0.09432611947870076,-0.15178715886707006,-1.0821333972337401,0.4066617401133854,-0.68100920713943,1.6592188294846901
0.14990344358459948,0.0071354195364662565,-1.1660494774610086,0.42966033973815554,-0.6209112054820185,1.611789518938014
0.15543640088210717,-0.29814862217780436,-1.2414511269798503,0.27725598240164556,-0.8380852090716913,1.5107233882359825
0.18819454546660638,0.1458964159448549,-1.149002615148555,0.41525212470701733,-0.5413769848627747,1.5849233781408825
0.11508053826400981,0.22117056260655493,-1.0212188129381425,0.512579701831779,-0.4413968650021319,1.721126758315822
0.1747715003980528,-0.040187748435660406,-1.1827550402553164,0.3165384292358452,-0.6722856197673578,1.539501662832627
0.16850725208268189,0.24780767866014364,-1.1501881539456478,0.4817215999825182,-0.477567425023024,1.6353685130090412
0.15598892070158596,0.29998053961641746,-1.1418165501793736,0.5299238038572046,-0.43816583819419097,1.669775036063759
0.14089629275659335,0.2646012666511102,-1.1317431138139615,0.5298774679738169,-0.45343164025340366,1.682120662393035
0.052545520346187126,0.16182061406372925,-1.0216885178595005,0.593132211340065,-0.4596787215223193,1.8009298102501836
0.0962674416610859,0.24939480344053622,-1.0209176245216964,0.5410562107968991,-0.4194994555971514,1.7471079702035692
0.0519772086687638,0.068293259495337,-0.9697835241356587,0.4986525021417547,-0.5064289163422288,1.7684161354144576
0.17474533262582262,0.33215590091197505,-1.1127859551288184,0.4677560587972367,-0.4186563028526909,1.6345515187170916
0.15214764909710413,0.09198238661552947,-1.0468093418655395,0.3319067574115173,-0.547156063447903,1.599370278631536
0.06880831161822042,-1.7962585029677416,-2.089520918862898,-0.43745577558031856,2.6114862454056755,1.5324078110705568
0.23523368041471357,0.10967847260122471,-1.124618419968895,0.19881266901224715,-0.5860320341977315,1.457838347618098
0.23186505440799796,0.023478786264810928,-1.1487240403354106,0.16469329591258441,-0.6467134076622626,1.436075069953353
0.2811976936917527,0.09233175032313126,-1.1823033216403578,0.32087180380828456,-0.5832314824776257,1.442566476259285
0.23925416260044874,-0.1477288655465876,-1.1858553551944484,0.2678195550073106,-0.7233353787788994,1.4416665796559514
0.26175981407752014,-0.38297420758041223,-1.2308741030703978,0.09865772447592244,-0.8939660397522754,1.3298786948055663
0.24602117834862747,-0.46151431813683086,-1.221500978400885,0.0790185464009775,-0.9363663290158543,1.3326761560425178
0.2482269760123999,-0.6784517981255224,-1.2853298971723965,-0.020466790768334662,-1.0928911277825601,1.263484749861291
0.22954620228518768,-0.5328763643651837,-1.2679678649570816,0.09734661732724992,-0.9887431437476636,1.33928110601315
0.2228118578108892,-0.8167155661572059,-1.2914817722394751,-0.04692301577479918,-1.1743318309319744,1.2646559188029662
0.2305770352297356,-1.0817289570615947,-1.3095333302853822,-0.21349053478702565,-1.3513604214996462,1.1711740238639265
-0.36677893378207177,-3.6015510265657933,-1.7263819708588757,-0.5869382986425093,1.7493680556724558,1.8058377504679954
0.18467800182461747,-1.0750640852864481,-1.3179632888103818,-0.09977246115064992,-1.3329424394428597,1.255067015008541
0.04365620661839628,-1.156986432987195,-1.0929817390808638,0.03213965357266682,-1.2763683434933115,1.4741821328681535
-0.07349156682242809,-1.3263502384234662,-0.8615887522153503,0.05064031751702555,-1.2827846817547428,1.6230109667616732
-0.4803756720605219,-1.7287990939529216,-0.31867475589287175,0.3882307490463297,-1.2543466463708197,2.203779975312427
0.2452392489352792,-3.0570894185937854,-2.4082193760719797,-1.2294300665284337,1.701481092197608,0.9023901539932611
0.18444531461667196,-1.2630178271124843,-1.2068027049660246,-0.6177552433395345,-1.4964362095424986,1.074283778514977
0.26052112012593814,-1.2356752902660424,-1.2692718329095238,-0.738672673130131,-1.5226463643926957,0.9476241605291108
0.2551770923307374,-0.846743023269514,-1.0946977025110651,-0.6004732266123008,-1.2263953058564905,1.0692236496634326
0.30651874477177926,-0.8078833347716559,-1.1076575935829924,-0.6881770618857794,-1.2234347016536111,0.9888704649609737
0.20030947316170583,-1.5366160450495907,-1.0650544611050923,-0.9203121871007709,-1.6413724046626144,0.9521372709961534
0.10787706364062814,-3.3136862812268872,-2.045436825749845,-1.6420409747106326,1.6077599919456724,0.932300381204823
0.1970257259321807,-0.6223918289660622,-0.848224421614812,-0.496681166863091,-0.9988484704705605,1.2272910557352419
0.2806740328605812,-1.0181355458757886,-0.9524021945241361,-0.8630150188225678,-1.3091817571387716,0.9611458191122352
0.23248458894582263,-0.6949049655078154,-0.6045331146199447,-0.771189163381269,-0.9941445814382667,1.1354571991714923
0.3215618664837137,-0.6989095458405626,-0.49869940705504534,-1.0394731738164553,-1.0005790540221904,0.9739127719949654
0.36168057618436794,-0.34136686808871675,-0.444184145614638,-0.9486592988665759,-0.7718997046575472,1.0091195029186841
0.3463088200901239,-0.3170982311146948,-0.4058274432111178,-0.9255096234825501,-0.7411368796351673,1.0412451229339512
0.22788490491248725,-0.40674562711618767,-0.3256885533701307,-1.1361357302801562,-0.8176107955758707,1.0883890889917696
0.23053705988909912,-0.2102779275079702,-0.17802815858387527,-1.115268970787316,-0.6543281723195487,1.1385519162673081
0.2621616790267852,-0.2641862666071236,-0.10055246603766457,-1.2689460637136647,-0.679960689674176,1.0630840033103672
0.19300699767411267,-0.20697095611574207,0.05164147129975715,-1.174975763906758,-0.5793179919293998,1.1969040154262347
0.285170482251465,-0.22965484896942656,-0.046051084940993955,-1.3406551232818948,-0.6524409888345523,1.0276811168627935
0.26090883514142704,-0.17565464531394484,0.11951697670148236,-1.357531736449487,-0.5662124515740092,1.081093260183271
0.2533581310778895,0.15983623966907787,0.23697201614772603,-1.2124575870046372,-0.3183999477128637,1.19151500008517
0.2880330196618919,-0.12544396817979497,0.2438353101700932,-1.467384641386922,-0.5114237021411627,1.0435864491631452
0.2560818812669453,0.18073418458607865,0.2841052570352603,-1.2348216059657877,-0.2936530594099293,1.1917913177596609
0.23371577893522588,0.3064679878788266,0.2826115786307012,-1.1077830090086338,-0.20570251011133142,1.2692875391104865
0.2163021388114167,0.5117006099600495,0.293478138611371,-0.9512092748956864,-0.06538600116096795,1.3618965759683819
0.21966847692595615,0.5475466574547884,0.22720922955241216,-0.8992635752945556,-0.061250481863710605,1.367162824533867
0.2378967143749251,0.4534811314138482,0.12003222219972158,-0.9361419940201519,-0.15638356449724136,1.3069484895915748
0.14648602443222833,0.6406506764753354,0.15637388172225597,-0.6831507558411706,-0.003901400147281783,1.5080283716572964
0.12462702414440821,0.6602571254635206,0.091229453132213,-0.5865886481211897,-0.0010892774618410366,1.552027436923085
0.184112829830302,0.6991906650449334,-0.008692837026618471,-0.6411791793294258,-0.02390742835827074,1.4586642411810444
0.15440261851749001,0.8972533504178863,0.0838597231864523,-0.5184013733244393,0.13689022181336233,1.5650016231764545
0.1827189831977968,0.8235564136003789,0.02705673613978518,-0.6002002374755255,0.06406061894623129,1.4899313032269703
0.07793877421303955,0.7733110828839074,0.18098347707770165,-0.4962384752008585,0.10861850660090878,1.651902898005961
0.10255166119487655,0.629361062487343,0.0942649828513942,-0.5941720767211461,-0.015711977120069068,1.5627135546334057
0.050026294236198,0.6797788248306934,0.10249819239549397,-0.45620593025997286,0.03675630003119053,1.6675728877533358
0.10176105848399183,0.7601703986907203,0.010371623995408918,-0.473196140123948,0.045235584266047055,1.600177413572553
0.13854764432329505,0.7566738851062296,-0.004293197648200431,-0.5542079715776222,0.025659333675330173,1.5319592322441593
0.034845864518205615,-1.5400540082076288,-1.0031900199800958,-1.5554098846590076,2.941256475321226,1.3740395547008282
0.2189302509180794,0.290387076030375,-0.0605551594723799,-0.9922445684241563,-0.316773437067093,1.245319151431313
0.22996527442654294,0.30512581349969065,-0.10248543722451,-0.9854657353043365,-0.32250750983210297,1.229886746415863
0.22542544968008818,0.5330875262562748,-0.13483536050864459,-0.820420000623333,-0.18378015145456053,1.3063815805830299
0.08378982453387053,0.3394622034531751,-0.10013760931065904,-0.8148226640100288,-0.28656677181399953,1.4344908398381186
0.10045495922174764,-0.057820072003504044,-0.20374998011333761,-1.0333210887129043,-0.5741834938738106,1.2852636006389615
0.1376203003324382,-0.07174072063495979,-0.16809194468012614,-1.1528286647028783,-0.5874372739471465,1.2116209657337866
0.09504513328579063,-0.4165035774140039,-0.16168701445670008,-1.2758632067592215,-0.7918904580073799,1.178823021844228
0.0581061098184132,-0.5237538649251146,-0.16822269937983073,-1.2599525348234273,-0.8497506623318238,1.2084325393099686
0.05847132932422068,-0.6060784689816084,-0.22459652708929326,-1.2826129102103554,-0.9179339442057491,1.1809546598378142
0.09938107532257191,-0.4410283117343801,-0.30602396374241464,-1.2285714222640662,-0.8484635889209045,1.1590795303619268
-0.49770849834753406,-2.7616821325782013,-0.7602588963892096,-1.4622720739316222,2.369534982648454,1.853082491369331
0.025098216637881494,-0.6094202538983127,-0.3993829189209996,-1.111397056896642,-0.9548627812154131,1.2388980777516876
-0.16594495964234826,-1.4190883829776602,-0.3280965112829224,-1.2176466102612342,-1.3869120225782592,1.3273846367504687
-0.2769097928471605,-1.241598650153435,-0.24912355459765662,-0.9130835034801693,-1.213787842633458,1.5728379527998408
-0.7026247458519743,-1.6051809076638737,0.16082960803127072,-0.4322883350763354,-1.1890153279640383,2.200032141908718
-0.1592805198393741,-2.639770683178184,-1.7871961707733948,-1.5512908544260684,2.056060294850258,1.304373590391558
-0.06911585431817986,-0.6083391853012553,-0.8563005103777674,-0.8572107019723968,-1.0888186374292002,1.3281120282115444
-0.027770439132303933,-0.9283503324577409,-1.0063813425478787,-1.0605283036561486,-1.3483164614631173,1.1576748542250368
-0.02191833775787034,-0.7814522951866523,-1.030579482248902,-0.971970872413845,-1.26291413238328,1.191513046022013
-0.002292733394371869,-0.7114495708814615,-1.0791507550515402,-0.9461673804283742,-1.2379853896655448,1.1782863948340077
-0.09317020904323005,-0.8439657317873624,-0.9786319317435263,-0.8848911061682302,-1.264438544436136,1.2950932254603968
-0.21293337026019377,-3.063111080643132,-1.9092721365734127,-1.8410099683497667,1.7247142117365346,1.1891927717891309
-0.15299859476398697,-1.1995895018564835,-0.8082215756763402,-1.0715832809996026,-1.4263689190077167,1.2874450999793239
-0.07584201643796203,-0.9343390669034841,-0.8529767710081569,-1.0575023673194954,-1.2956862615216513,1.2327679337830904
-0.06740667839472515,-0.9262226202107613,-0.7578580553521492,-1.129273795798517,-1.2685224127896173,1.2181098570568285
-0.04067846903194007,-0.587097866411715,-0.5797087794632623,-1.0919176106571888,-1.0142114236955637,1.2697776392000335
0.04887288251173154,0.004016583610411418,-0.2762341349579326,-1.1218451008712478,-0.588235573991529,1.2828167639197108
0.09065740687832423,-0.0376542837509571,-0.044897062331708086,-1.3879962805144261,-0.5696127798864176,1.1876306517398678
0.0989646942485246,0.27237038410838965,0.13508870755385685,-1.3350294500246622,-0.3275921928409945,1.259293326549765
-0.036737566098086,0.09519607907436566,0.4598385000501665,-1.391820214981405,-0.31959391779979757,1.4158430564371995
0.0685602249248488,0.14253919436560097,0.38574145161231793,-1.5621538056065478,-0.34666416097911984,1.242498390595539
0.1489570142568084,0.10133534062071686,0.32121751255833114,-1.7263491034943577,-0.4181739620996548,1.0908995604989868
0.1293029766295839,0.5925651478319391,0.4163092212264556,-1.4399871792412413,-0.07170360573696719,1.2736394230397685
0.04678412642333395,0.34004420916928607,0.45894450664986675,-1.4309920551402642,-0.1927089763978635,1.342727734859311
0.04161223611903557,0.22855956868914698,0.39366880289815676,-1.4451123464246856,-0.2791419650318807,1.320660165960472
0.04694220159356664,0.40538831923047436,0.3573932237947041,-1.328398813622688,-0.17742622354272794,1.3655710441636588
-0.026703829466648964,0.3209648183052247,0.3957303082501929,-1.238602604280114,-0.1954741151616233,1.468247780573215
-0.005125725319127815,0.41472319371293614,0.3089647840207857,-1.1791943207763254,-0.16601375715286626,1.4599071179473686
-0.05342717563923639,0.6514938010874506,0.3786985419229598,-0.9708470063694717,0.02075456478458632,1.6146506589741498
-0.02404980559824872,0.6646026280661779,0.30496140979099473,-0.985800955758482,-0.0007424493653628829,1.5677275546900666
-0.021983438413030975,0.742104059196725,0.3336207962127498,-0.9626939980692825,0.0554709193881113,1.5860095674521208
-0.013157211568909932,1.0883932050627467,0.3028744267887787,-0.7561546044903489,0.26569186984678334,1.675239896475756
-0.13603246292489457,0.9339797840359056,0.31868900659664684,-0.7240640721284548,0.18367579353849628,1.7945643357159597
-0.06312909714449068,0.7237717300376776,0.11787532371950521,-0.8955453289095039,-0.02951013023706198,1.6058007150347005
-0.08131803290451657,0.9484568212459454,0.13166696661866029,-0.729005329557207,0.12412793348967048,1.7046978734955547
-0.08482534843910612,0.9146133748323938,0.10409286583560096,-0.7269457075673662,0.09628313200403953,1.7002049952052318
-0.16264681376342305,0.8314872646314206,0.13287307200031537,-0.6218822635578225,0.0779686851822378,1.8105043565861727
-0.21329366937907251,0.7318916879009424,0.15803013287075937,-0.5856271699066137,0.038558514975380764,1.8679860360821763
-0.241458236524362,0.5030813595677528,0.22422981154657112,-0.7017093949473108,-0.08059452826468494,1.8463274045470628
-0.1717421143266732,0.6857890316614967,0.17230346946350736,-0.7162244970692428,-0.0019524970890000305,1.7800535471817704
-0.10131972417499625,0.8350745956267898,0.08813113063116397,-0.7330729390891191,0.04658593553848786,1.7031127427807602
-0.23067855841546675,-1.2031746253279088,-0.8524645485458253,-1.5502002770681358,3.1524517542655954,1.6702107447762384
-0.03526484963365363,0.4810778183637634,0.10855254117270739,-1.1092454648698442,-0.19803376991626453,1.4782173127047797
0.014568828911123478,0.575390528043935,0.22465791886051986,-1.2434262160608123,-0.1256785448141502,1.4116822970549705
-0.0025394808539557874,0.43726897475109794,0.26194863149520886,-1.3203542361601182,-0.19908999065080057,1.3943882250877562
-0.15282933954306213,0.174467719246157,0.29526210799468133,-1.457667267314929,-0.3693535984250092,1.4728789414894525
-0.16875479679902536,-0.23115677193326153,0.21358577854061842,-1.6273008733958076,-0.645595961975287,1.37499348156337
-0.11500486700806609,0.18270252020283423,0.1803763996204836,-1.4811459942718574,-0.4088416156487466,1.4046189132719304
-0.12940172892652527,-0.12955375480991208,0.03909696838011133,-1.5553041654475717,-0.6409287460881309,1.3369575592945135
2.27455333848615,-0.4761100030099815,-0.692809408354073,0.5561938126146001,-0.6674052373057054,0.1536613664951852
2.091571012831924,-2.6203326712675232,-1.871466666002921,-0.06302412520595059,2.3268829950269505,0.1872927461218254
2.283384344370364,-0.34054571687395513,-0.7674095815432904,0.6601642992747129,-0.6036838123553901,0.17916568110245584
2.2671035350559383,-0.5793446735076905,-0.9372987624578436,0.6537934804770176,-0.7954428224326009,0.1386696931650106
2.2396563368571636,-0.47168556385237603,-0.7903846160786098,0.6907980761474484,-0.6783702323094595,0.2159151665916776
2.2636060199826384,-0.533165340045077,-0.5669348301776715,0.4637374348523696,-0.6675994267265914,0.149546408162391
2.317193849094232,-0.15013027838060983,-0.5505013445532925,0.5652459159681545,-0.4371327348346541,0.17087321533402672
2.3232412056480425,-0.21896086291919473,-0.6978097542732805,0.599074819188521,-0.521989676741208,0.14264125200074002
2.254053535554922,-0.03395816435019749,-0.5084173925838423,0.4608275457434684,-0.3935811227084315,0.2135917733274869
2.177358626324322,-0.06474936396658933,-0.5400204240653541,0.6335854440999484,-0.3944669178662088,0.34017938771494405
2.2324450369862747,0.17485787450064438,-0.4016197351406626,0.5728731869196378,-0.22412431598838414,0.3134977627845853
2.254209861680731,0.0528372564597847,-0.5524365830124505,0.5448647982762467,-0.3491606068257187,0.24331754677188677
2.282232872457738,0.21295147242243573,-0.4709571800142684,0.5332267394701525,-0.23487486485004835,0.24252981263504358
2.2184330554394074,0.21127124829746013,-0.33555261897874705,0.5972694211212556,-0.17750348836449595,0.3533187698689034
2.2376827298562154,0.33391843229529916,-0.31095748487817637,0.6166489169307922,-0.09906407866332803,0.35770146914082657
2.271692408421172,0.5157706367108433,-0.3744459431725661,0.6896827904808129,-0.01129996925859344,0.35482428802864363
2.2669000762734886,0.43231478837837234,-0.4866469602458828,0.7186830064031127,-0.09238082162078695,0.3409417982446782
2.183594632120268,0.5489225893550582,-0.5440202106163478,1.0119860556170368,-0.0032923387136427292,0.5249318939645705
2.1847911137953475,0.8338323751050242,-0.2995528951299773,1.0350079334382325,0.2428809145759823,0.6043099110058738
2.2002278554696737,0.5850461240499397,-0.5725988573077118,1.0146451226627724,0.006521748845324587,0.507655665900497
2.276466240785968,0.9434614040533557,-0.3724641013829388,0.9389690244467603,0.2614266418710245,0.4772911779964051
2.1176935522598925,0.9780703874226216,-0.48266143519630333,0.9898259419879066,0.2241791547357423,0.6310239163536395
2.1113461763959713,0.9428268060590351,-0.269572206724544,0.8534802838474742,0.25977732717670227,0.6265238001388226
2.08018245481086,0.9048459727067114,-0.45097003935171776,1.0101676121446697,0.19886446791876314,0.6740111977147696
2.1686741053435448,0.9004357578878246,-0.34051428970117903,0.7428725502554809,0.19384682992661834,0.5146646024968656
2.1545271911997745,0.7350853613673595,-0.508837768853883,0.7771103548615198,0.04892163821669039,0.49362068776204815
2.1120507583645507,0.7712546265352936,-0.2568131902856652,0.7429568457125816,0.15333860301594104,0.5742987126538369
2.0878108938870685,0.8090116051411341,-0.3411305299837292,0.872053094387917,0.16400722973347845,0.6307943572065564
2.141311275967006,0.9068418595432193,-0.4191658149000832,0.8577806153109488,0.1871590496594585,0.5676443113842443
2.158683873011102,0.7383417951394787,-0.5053697868986419,0.7683502576818745,0.05051267008325967,0.4875629020968866
2.13809752563049,0.6979137179524537,-0.3698859409560219,0.7077366732347299,0.06744833610546362,0.50831514455693
1.9366582539227706,-1.292458311853076,-1.481116523154741,0.18400985590661506,3.1845696749657115,0.6205013782007482
2.1116840249183477,0.7207940459907243,-0.42957935059773505,0.8152495899907835,0.07558847672980344,0.5622582634959344
2.114711958758147,0.7052534366851362,-0.5909656310623873,0.8947948021360261,0.02202953345800557,0.5548890156175903
2.0730676535833132,0.7643364844625764,-0.5165359090148749,0.7404820442232787,0.041748126548452204,0.5599286184276749
1.9678923854026364,0.32693533872786124,-0.5643146736526603,0.7389935653426558,-0.21367857652253391,0.6127859966479113
2.0417837570857675,0.38148109416014364,-0.3988915226984649,0.5042246393599265,-0.16163417637942423,0.4944345661543053
2.045498197358612,0.09812584050400947,-0.5654166582399429,0.4227975415751924,-0.38819711815985974,0.40451222818948523
2.110901265363731,0.2132667485970016,-0.4465252981899759,0.27159969613664,-0.3066237890301868,0.3203916798954691
2.0138585982270434,0.17800445994588399,-0.5173027968716936,0.5087786537011959,-0.31367599219946274,0.48121285315705925
2.03287291307283,-0.1236677297376517,-0.38813580709728557,0.20322339679597054,-0.4797239138269657,0.3521858302232406
2.0506178919241855,-0.2204953184805597,-0.5747981473190791,0.21512893333105315,-0.5971989065531955,0.2944408965056325
1.9661279962960134,-2.1729987525095162,-1.441411318839789,-0.6980916186103607,2.566863187478807,0.2055153460645597
2.062936331964543,-0.48774369659062944,-0.6505220030571596,0.06651174434168385,-0.7929126460781468,0.19080800406613838
2.0205518357444805,-0.16782529502773835,-0.4515453455414812,0.23266556101122657,-0.5212004599690375,0.3568850812715177
2.0621559309836814,-0.16998701745456302,-0.4580871582162089,0.13846044301137503,-0.5393297453020467,0.28128460800577465
2.0822412877288805,-0.19287450709302523,-0.30410394673461055,-0.01768199643899058,-0.5210310321799186,0.23339070802465658
2.0200605132322886,-2.3292772885318045,-1.5839695061982135,-0.8442800500846952,2.408798069454622,0.05768750906289234
1.9792268863933506,-0.6694581152412066,-0.28174370193348036,-0.4096118035294346,-0.8534492088248945,0.15501747264408233
1.9719935314429478,-0.4279338429192316,-0.19225449631272631,-0.3055649445757572,-0.673252116226542,0.2368262501637038
2.033163924095883,-0.12034948964450047,-0.19666152841776932,-0.2596124246928979,-0.49973202348389434,0.2195675662718819
2.0228627438734232,-0.2936971570517569,-0.39413831516286724,-0.22762616716787742,-0.659391688985734,0.1866888236335552
1.9959312833640706,-0.5738738978621438,-0.20249811464700673,-0.4580976676792048,-0.7793563740120704,0.14205965458782943
1.8575445016200742,-2.227696958152657,-1.0837984812546408,-1.063667001289527,2.5907347024164307,0.23750092998923766
2.040085695506396,0.1072615924238555,-0.025573041313712765,-0.262772386042307,-0.31368223892865604,0.26131517143497823
2.0481368466918255,-0.19025078140730517,-0.1448550940053263,-0.3942273757920415,-0.538730810758749,0.15677601104191619
2.1003139629588454,0.06347590321436235,0.2887635882979591,-0.6251801419220241,-0.28145846112611317,0.12938451202012896
2.06153093525446,0.2834492862955631,0.30238369773138196,-0.41849632695444305,-0.12391738373338405,0.26143616688972815
2.173318163929783,0.6747075435388654,0.6460370528633262,-0.6448221723422651,0.176749046836437,0.1731409685723207
2.1424173787479415,0.32094239790827506,0.32910713634671096,-0.6021946441581371,-0.12231047016540657,0.12522430048661826
2.082698614614332,0.5580815537801742,0.41893832369442985,-0.6850441237933075,0.007178823373647696,0.19152329764436132
2.020010180493011,0.7169640193998662,0.6139550660831031,-0.570045230915969,0.18182556677865502,0.3437741455382201
2.1147320404783443,0.4467190363568928,0.8922577027278334,-1.1179877872321038,0.04816760481887147,0.08685774172328714
2.106877358999271,0.9285676307237224,0.6848966795257567,-0.6851170314281486,0.3046602969097744,0.2505884911920906
2.202939116505868,0.9897649534219986,0.9525315008369212,-1.0272958971835164,0.37997447381341226,0.09296033393332268
2.1359647546623197,0.9534516722209156,1.1172919063085394,-1.0002003718157741,0.42350839478140073,0.19542986920328753
2.144564470905118,0.981763649600774,1.1231622335802127,-1.0076902590056631,0.43995998190965263,0.18782179003146277
2.134001575023504,0.8559737227920228,0.7545252966213758,-0.8368305099956368,0.2664529057510353,0.17675242383918938
2.1320869915372582,1.054517658819411,0.691931046895719,-0.6739853015118397,0.37779063167847954,0.24202377492406174
2.092074610959148,1.126214924998345,0.6948071549505602,-0.5419329785545465,0.43861792907877134,0.3345136221673198
2.0703504520401115,1.2326591043963924,0.8960869197562682,-0.5498075292827735,0.567312832215509,0.4008934892019926
2.1044132725305347,1.3705859098145456,0.7883412264528382,-0.4779967925212918,0.6152107939670576,0.3849369863217856
2.0963890795415554,1.4241247837674664,0.58821985296377,-0.30755379758635326,0.5996712809356349,0.4193054035332477
2.0228618662039555,1.6213215390678664,0.6653349035374627,-0.35697281938173886,0.7089070938734339,0.505308761310087
1.9479455631930453,1.2968380159290218,0.6395273200903052,-0.3704833448322833,0.5208896354522546,0.5390316593913798
1.9442408618540004,1.1968487436981243,0.6041473033436641,-0.40216160581638294,0.448846387903139,0.5155807475036708
1.9742985627436649,1.2911107389678655,0.43313001800857576,-0.3099310451479341,0.4535696816990789,0.4946528112695286
1.9948156231269911,1.241025868637326,0.388774505622679,-0.3601964699922964,0.40255785082240725,0.44393403578610563
1.964318738570913,1.3597902228134384,0.640292215179189,-0.3724699339574098,0.5553158025069422,0.5277818699350956
1.9401671342636675,1.1847775121589867,0.6319720785409068,-0.4198231837508928,0.44961488259080823,0.5171012977595671
1.9765982371787747,1.265666485923426,0.5019059198772267,-0.37562294322652146,0.4541985421586442,0.4795214028017217
1.9680387450630925,1.386876738267643,0.3954449393009497,-0.22038542922305296,0.5066713425636641,0.5328807922067544
1.985550746545952,1.4446325285597998,0.6094526699992919,-0.3557633270587145,0.5934742831255144,0.5139032321600466
1.8086793086542357,-0.5953599470004434,-0.37715682449856147,-1.041199906292609,3.7027707067107003,0.5643453259701571
1.9515674120445334,0.9008265415761416,0.5448205803813835,-0.573747263165791,0.24014456577372148,0.40813838744999414
1.9855346322178313,1.1150509691445984,0.5347722477974958,-0.5177547401452719,0.36225234063071077,0.4116896983774846
2.0234740874893933,1.1670665252610681,0.6352345486583326,-0.6356582250205549,0.4081776446156739,0.3565708856293138
1.7808302226454942,0.8116505897348172,0.6505666977897662,-0.7814834279365699,0.16823962173583037,0.5107249650428477
1.7647364835732056,0.5878026647026834,0.4142169640382058,-0.7410810220974307,-0.03166017859566334,0.4748781676632592
1.8607741534511777,0.990809083454039,0.5835007369004385,-0.815541860513212,0.23668286242492426,0.42384868385744673
1.8751337872735014,0.8175245615406072,0.535427396508721,-0.9240988308314977,0.10805667264375646,0.34680161158415485
1.8141693329594748,0.6083739408731765,0.5662935727195183,-0.9329096357523464,0.0038335480521870173,0.38989481291277256
1.7360952770572842,0.013645888936310063,0.32647703141010825,-0.9731460939147445,-0.412148019667884,0.35219617705068684
1.7853159820219247,0.18698354081933397,0.26711506745246333,-0.9432813237131038,-0.3342538295906547,0.3191328709221561
1.6865574700039114,-1.5967300658657562,-0.5905680264495605,-1.7255901973635641,2.94540110700053,0.30743567109648146
1.8325324167518984,0.1760480557144051,0.24940549022552733,-1.0459959955334412,-0.36266318470109987,0.23258920827545998
1.740632088149586,-0.4531315325932811,0.18626518027361716,-1.1827218214923225,-0.7494031690967964,0.20492043380352043
1.7083486707940772,-0.23842539823313683,0.0013650598308354417,-0.870201784462227,-0.6493132435776133,0.33021104668520934
1.7383058236346636,-0.27431496176879233,0.03765170792820859,-0.9845646067966815,-0.6736633117381431,0.2639481597726821
1.6663503912351227,-2.138261045202076,-1.2259945843207334,-1.6333759467951978,2.438289562865639,0.18812872614521395
1.5539779031887688,0.06949925416380609,0.02231503435387327,-0.757654445039074,-0.4807747775477382,0.5494480835080348
1.5432454653341257,-0.24889136738712278,0.04258114963990279,-0.9419750255035506,-0.6757199062383253,0.4695640563618994
1.6561735255793077,0.030814219512256626,0.2330570979173405,-1.1427571975051618,-0.4867708746515803,0.3504008918410796
1.6877723395029043,0.029376548450307266,0.2104408772081905,-1.2023225349568516,-0.5049307753178978,0.29404997347603495
1.614248685984899,0.04582642189946218,0.09467679525336171,-0.9586925476885225,-0.49894528744241645,0.4305019333870103
1.4894139639761672,-1.8352089380147178,-0.5894096913361674,-1.8472749961239165,2.773138960295931,0.43086140567507136
1.6721542718703641,0.07062971734405639,0.41830673687312564,-1.2734466756782201,-0.4189546467931832,0.32661740935772143
1.751090704275886,0.2600037575218128,0.6189020003537514,-1.4610864945387287,-0.2733618041121333,0.23851461442037566
1.7149778522622057,0.2685654193504704,0.5542777356097488,-1.339545798258537,-0.2724451741948618,0.3042611143886785
1.6880305240412747,0.27356504296503564,0.7315519813764275,-1.3869186022537505,-0.21352893538532763,0.347389158300204
1.8090070606648694,0.6344833961113652,1.1399698069799877,-1.6902773564862479,0.08158537415301644,0.23281816666190763
1.8512777061623682,0.4738611455223575,1.074611169308996,-1.8457444993282313,-0.05356357998231586,0.10959700033495341
1.8649834593536676,0.901920204698551,1.1316076509672937,-1.6546282773836412,0.23020756762836564,0.21259592808626115
1.731058423657242,0.7703550240748341,1.2019432646118164,-1.675787766947492,0.1681648504600709,0.336126947865441
1.731259334621329,0.9190832769745654,1.1754174070956487,-1.572970751198675,0.25603546668051,0.3800483893385668
1.7466643474771097,0.7965240159441762,0.8865231954448007,-1.5075588103820692,0.09627102130740228,0.3219490278241032
1.7586046680218643,1.2486163037859677,0.9020626685864889,-1.2704515005851682,0.3853877158929004,0.4375176898443513
1.6928681522789046,1.0718285434817576,0.9195587418579059,-1.240788034128363,0.3000576449686184,0.49918268446531155
1.707906010511103,1.088028091226261,1.1195185089520088,-1.3859541663077313,0.357579487529756,0.4729508559362633
1.7822905477153537,1.5200726135458593,1.2897453154178022,-1.3924553523224281,0.6526244074966474,0.47007037890667025
1.7659097444229255,1.479879044143583,0.9986432214332567,-1.2013333530461527,0.5565163870763903,0.4946440083645173
1.820689427102865,1.3540379207998006,1.1566330475236537,-1.4932447736114909,0.4983737486873275,0.3578061357601407
1.6875898282268962,1.434187660683835,1.0709714255687957,-1.0912912064123776,0.5744757396769724,0.620063729787949
1.7255712266950016,1.5398094808362444,1.1037875990571588,-1.1300908466136947,0.6374791879319285,0.5856494919191287
1.7320186631168175,1.5533385855496227,0.8740204957907519,-0.9960832235722079,0.5836612371714888,0.5842460358543686
1.7128636109104,1.54610619131561,0.6635753604282939,-0.8288227879282678,0.5306816363528754,0.621244937758841
1.5013393706059364,1.209755624149905,0.4554491331445882,-0.68638022464013,0.27926173698516943,0.806880166584506
1.5128763556989002,1.3426994178806628,0.5588769306838244,-0.6928543266852221,0.3875494126336003,0.8253198451732372
1.5381973882007445,1.1290362026965284,0.2556601092153406,-0.6965636452440696,0.16218845839407556,0.7222389299140672
1.6017411835146713,1.2212289330673372,0.4847477213530066,-0.9226152175064334,0.2588072529224337,0.6327273436325626
1.510525048085469,1.1194540597076497,0.3045388127254599,-0.6712071829366758,0.17853631901604733,0.7662790486849241
1.5737315591877545,1.4581053081600235,0.6358949385390726,-0.8091012368431069,0.45983614122432354,0.749855522340312
1.6311638067007053,1.4950753435966078,0.8835565321206638,-1.0667372639102835,0.5280939038458596,0.6536145233409223
1.6734548883861282,1.3180824267348223,0.8815543386135332,-1.2695222744873282,0.3991856497380365,0.5244550511209525
1.643373211709611,1.4040589026207115,0.6483332488489864,-1.0108616771529086,0.4034180048247095,0.6077916163344429
1.5180848985194526,-0.559992074989083,0.052544156616985124,-2.002511673603919,3.645681987214028,0.5815580670901059
1.609742522386239,1.0932559679008886,0.7828459933198525,-1.2084328380541347,0.25139977130411284,0.5679130248056651
1.6982541004918257,1.343103727092193,0.9636978443430158,-1.366539317136478,0.42735602184862426,0.48299807229846053
1.6644022852744007,1.287773807339157,0.7308648469360928,-1.184612438429546,0.34265597261685055,0.5303991795024829
1.5767965549293492,1.2809721307233397,1.0260712417307016,-1.4459915997691157,0.38622464543622764,0.5785573575215267
1.6641746461554205,1.2823678249665222,1.4726740439286223,-1.9125449651695998,0.4733802143580411,0.4143550731691234
1.7059027380200535,1.192018861927599,1.3619327220734463,-1.9956848531531128,0.37158166038172025,0.31500559644277704
1.678661116809966,1.044160547064509,1.1228647958359874,-1.8812644084340326,0.2236602072788821,0.3226097687068444
1.1802750273050628,-0.2649704678639554,-2.1222717539457863,0.7440687716395911,-0.8582004535390593,0.6502693098054546
1.0276695587402345,-2.1644341424444193,-3.120032778892165,0.09221042104008993,2.3291617378401277,0.6989003432510628
1.152713118803526,-0.24951486394847655,-2.184035644627524,0.845353467925648,-0.8554736451342502,0.7011762428425121
1.1939497277124358,-0.199643905293561,-2.157600684360814,0.7656964738977996,-0.8313155828071122,0.6423786073190517
1.1861975230098447,-0.03632210692697111,-2.010581261118513,0.7918698623254529,-0.6855808257409358,0.701671001204305
1.2075828297921085,0.023569559273728738,-1.9615375557717014,0.7491983940690277,-0.642056874892971,0.6804031872178339
1.2100545650482148,0.1236966059234939,-1.853356034985088,0.7447839374498317,-0.5498972644857085,0.7070389009851346
1.2461587013717972,0.10108128042256388,-1.8847126913404566,0.6760476947505563,-0.5846962580916816,0.6408690536534007
1.2514030801511677,0.3524383005750181,-1.8311074167550871,0.878138082036677,-0.39179332143755363,0.7410803476876261
1.2398199916507437,0.43405384919013834,-1.7074928342656341,0.8859485653979162,-0.3023460896196599,0.7871441060618068
1.265347004688411,0.6497572985590783,-1.6414930719033891,0.9242532535145981,-0.15554596198041196,0.8086477171343674
1.2859916093086712,0.41707656300300555,-1.7306626840920631,0.7929783162378068,-0.3349547931838931,0.7047095340657393
1.2881084538894558,0.5658017165193844,-1.7339421633209664,0.8823024411340062,-0.24120116521126192,0.7472281946489648
1.263970886296814,0.5703661627269944,-1.601094117547599,0.8610584385736961,-0.1946700457080107,0.7892640299624537
1.2707886694339852,0.7626483086536637,-1.5472096883588125,0.9299352518885137,-0.059857553152538684,0.834558424303313
1.2725743232035398,0.8547846221370758,-1.5907790825921333,0.9980843519585952,-0.013909399596438166,0.8552297637469138
1.2783542276856341,0.9837274775181991,-1.7013863475049542,1.120054308389788,0.036576128295097654,0.881517678015907
1.2245042716936099,1.0778975706235125,-1.7064131755365175,1.2910883699229345,0.11361227762076782,1.0000199681161364
1.2097233278509576,1.2535109155686646,-1.7272582039554587,1.4332447138005318,0.22479998493009815,1.0747130541605083
1.1891645220912057,1.1096471333188334,-1.7731248744675234,1.4201254722410297,0.12797343618298926,1.0683728501723366
1.2464635178945656,1.2910100843226104,-1.7984931918616263,1.4206643529673717,0.2174978767108052,1.0250561002156615
1.299292509480479,0.9628831885614102,-1.7831374089498675,1.3676896677349406,0.052650483574233846,0.9294116953178251
1.2574925254446927,0.9663357270256341,-1.7635356917768799,1.4559050188813585,0.07516849905755017,1.0058077210108922
1.2670373200577818,1.064676907825135,-1.79429057874291,1.5128673326300035,0.12667339851174872,1.0196446626826752
1.2939394350786855,1.1733737658806271,-1.84629236156631,1.5448678634868456,0.17261050069852205,1.0038885119826875
1.3197927496593875,0.9600321903847302,-1.868048991189146,1.3659949940575586,0.020789279959686987,0.8916108434988761
1.2630277099929135,1.087264532405303,-1.7889330506381178,1.5178812074435284,0.14259103657410344,1.0260448084281246
1.2712748004304808,1.176415195534841,-1.6787768921761455,1.4819555035390655,0.22519486665155886,1.0336355223691025
1.26346020846109,1.1225295409705633,-1.7230863177593427,1.4948208876302111,0.1819504856263715,1.0326447142640036
1.2888598920268106,0.9502177675865402,-1.8652781722640717,1.420551494823762,0.025482886497429743,0.9393559632010695
1.2533685657470084,0.910780376210752,-1.8900721183665292,1.492525935776422,0.006391436124466821,0.9911012300685482
1.1083952292520332,-0.9741034554353908,-2.871125045519323,0.828849514887608,3.205394192146878,1.03371181921435
1.2304092331074714,0.8358821448702962,-1.8593585745648178,1.4802180995721488,-0.025352129988839876,1.0081836210368997
1.2929938281125417,0.8507220733255368,-1.8802224719552805,1.3584115618355925,-0.043725378198567734,0.9013681740920714
1.416286681460892,0.8377773501435496,-1.8985004109763983,1.5580189320112037,0.004246653384927905,0.8473665217640822
1.3857018427276024,0.6365673768869017,-1.8361126115776014,1.464351329394073,-0.09758210529431673,0.8373894917187232
1.4199431958808308,0.5470690055127488,-1.754052162174998,1.281117700627864,-0.14564967088496145,0.746735992339103
1.433859474433626,0.5859589793742132,-1.7613484833225634,1.2759450105990837,-0.12777561861919856,0.7332053174129167
1.4784407190745803,0.49175185336759675,-1.8599452403117718,1.1765039693673551,-0.22988322859701688,0.6272732940376331
1.472193483094252,0.35706618488847575,-1.9202901033634476,1.1435922162008976,-0.3298818233386887,0.5978078990659093
1.490316530959456,0.29299988177914366,-1.8920689391469863,1.045183142150018,-0.3700496954877072,0.5448375780971291
1.5079148324224185,0.13684673298613242,-1.8665951061416943,0.8996840874600269,-0.46913092802862105,0.4679013957880212
1.34899168016255,-1.8085817842194156,-2.875012363278764,0.25097377079352684,2.6892290250747033,0.5192691698663351
1.5122987184991974,-0.2612146367844413,-2.038241871414169,0.7624183071806898,-0.7695430447177052,0.3482750793927271
1.5273083505496916,0.07960050423507435,-1.7695934339955666,0.7776072907234842,-0.48575621168743516,0.4217560148367548
1.5245081816501749,0.22920026710010546,-1.695048361109881,0.8313153898460011,-0.36928448842587175,0.4713938739112766
1.5017891244826111,0.238635398697542,-1.6307190540878638,0.8488180964354921,-0.33835819664829675,0.5126894613779429
1.481425674812685,-1.8615338433653492,-2.7148637728876928,-0.164252513982906,2.651624130315176,0.2718471317513316
1.621852879122685,-0.30003788849158664,-1.6444244463585174,0.4878437013069028,-0.6791029593121602,0.21787908957621324
1.621502612958056,-0.18886359291001506,-1.6156388691154402,0.5362605612165617,-0.6004952357758032,0.25041530263630896
1.6380570656008848,0.19053956416060353,-1.5328435561110991,0.6649403420176849,-0.3431279242150749,0.32741782428919564
1.6575860400190279,-0.08123486415353343,-1.6268944805236678,0.4996009070472567,-0.549934699806422,0.20556215806497932
1.5854832742156217,-0.5694066804916278,-1.6451984496453604,0.36327169647623225,-0.8429335078235282,0.17789588048019153
1.4836501752327038,-2.1589509308695516,-2.5769462314760023,-0.26324371163184546,2.5413437081973163,0.2252917951881481
1.6148907433500235,0.4269688001438276,-1.4512135980098166,0.757706695490604,-0.16721685329590116,0.4109449553168433
1.6410742195120842,0.4321269501893336,-1.4633981473588087,0.6985446867619183,-0.1773934347869149,0.36106231110647524
1.689120468630018,0.6150031541043653,-1.130444398744348,0.48931031808380465,0.009050868612348842,0.31887779623307944
1.7289762757038016,0.7056399614812038,-0.8896000707186267,0.29829032969540525,0.1151802442272398,0.26519718808233705
1.731807749759702,1.0388918290560494,-0.7973374072134851,0.42847925105049944,0.35076241878959113,0.35440978797215594
1.7578367556992407,0.9352667577974003,-0.8855403672179437,0.3517131855231176,0.2512547486547789,0.27449782243850174
1.8162396098870561,1.0259697556414131,-0.7814767377732147,0.42484929874399685,0.3638641871679374,0.27037159270751787
1.8171232163201338,1.1540329302111136,-0.6004681598760556,0.3821325583830875,0.49219182875796064,0.2990833121445843
1.8606964175574925,1.0379489283223904,-0.4824578107138118,0.1345746367899142,0.4327303246467193,0.18026825273944372
1.8775519097708793,1.41910920000252,-0.3406850595957442,0.23557655495181803,0.7073161401351279,0.2598461346186103
1.894584089744866,1.3230175103224764,-0.3812633400705841,0.15745824115505389,0.6285655945040722,0.1983843214194914
1.8956228455297837,1.1903737116618351,-0.24405463523949344,-0.014302749398227534,0.5787628947047287,0.1500708433153041
1.8685908197317425,1.5046804783572052,-0.16974913398615463,0.18555772639961107,0.8083668486442817,0.28823064391480246
1.8978812622546288,1.4618053148378969,-0.20020120821171153,0.12048362314535008,0.7633601419842285,0.22850620116031042
1.912187687040148,1.6753904482340807,-0.3885774002767671,0.3397431403728138,0.8462893489601357,0.27651086114065393
1.8526825332396872,1.6888670506061072,-0.4408945474834539,0.5214087092851964,0.862987676807698,0.3908923743385738
1.8316973441112188,1.7357656710639326,-0.4833210997435067,0.6308237577792273,0.8900537905454806,0.44729228643436014
1.8136500743460935,1.8137114496003846,-0.46150269940108835,0.7069348122689163,0.9521883339828424,0.5030765201104466
1.8410905834299267,1.818457230397431,-0.5781946678658302,0.7152672287095042,0.9145606894038449,0.45698203983236785
1.8522421975113899,1.899304257939889,-0.6733646379557537,0.865752230955834,0.9530142884123287,0.4878404414419675
1.7937132336007402,1.6803891343082045,-0.6998566736148262,0.8772480825447581,0.8263403625604262,0.5234291456913613
1.8343673288177862,1.6600455021577252,-0.6028414494902412,0.7118818634849067,0.8241320818041711,0.44183204076264015
1.880504224079815,1.8654869564032763,-0.5095375526734423,0.673884973509868,0.9635613851074767,0.41953754499515805
1.9317810458683613,1.7324312713427683,-0.5560236489722947,0.5039009499512948,0.8478643847080666,0.28860193256770694
1.883129522608248,1.839802600482709,-0.46454320909974733,0.6205091524053876,0.9575657853784485,0.4036840825787714
1.8755144510352701,1.7902554941617417,-0.5421199799322136,0.6521230275989897,0.9079585678457274,0.40258567427132286
1.802852338366312,1.5386756664792036,-0.6208566606658823,0.7081128501148978,0.7517501194693318,0.4548318322115169
1.8626670388089908,1.775200436268173,-0.7269307200335482,0.7785780843594823,0.8538701447832164,0.422231991375016
1.8427991797938466,1.7775708553145277,-0.6816729426704894,0.7947948695052695,0.8740591753068347,0.45568972997707924
1.6882431890412515,-0.44881583758235755,-1.6635519680267834,-0.05724720882148773,3.8573620175138954,0.40973580462168235
1.8201113266580031,1.3731868065865849,-0.7324496328298975,0.622418484631389,0.6091138771620959,0.3694092082484942
1.8212810857002633,1.4277671611323177,-0.8363369258021888,0.7032455729435806,0.6151812876715013,0.37987390612476557
1.8050077788364363,1.385252136713634,-1.02105023040035,0.8133082364558882,0.544059886035866,0.3934283434630089
1.551219081237911,1.144357909959134,-1.0692921242891358,0.6584438798845348,0.3345242764888955,0.5518375826875729
1.5792487429216933,0.949366125831428,-1.1703576000290634,0.5270941950978039,0.17222612604457097,0.43965759572914814
1.5991787358951115,1.0735152293651244,-1.0486746678243388,0.478126937435992,0.2760256605571902,0.4364890103673054
1.617907328296466,0.9715965617497552,-1.064924101728773,0.37835244628723186,0.19937123820758076,0.36992404509565885
1.5561070746489625,0.6288251014721387,-1.1015660525565767,0.32594402709659964,-0.00829345355572531,0.37269656248083355
1.5606692270307192,0.3407532643875006,-1.2196544437835644,0.20683134124950617,-0.22580025091128142,0.27689530208083973
1.554151937750944,0.5781809555499982,-1.15880362647119,0.32041766028641017,-0.05634440528778107,0.3549493661149495
1.3817263462150238,-1.4502385056496065,-2.233075104216711,-0.32221220415847884,3.0350897847640512,0.3993287599624004
1.5362488718635297,0.15727545958908024,-1.4477462628588582,0.2626595490758281,-0.39689800038290707,0.2561331495471573
1.5056667605563383,-0.35014602008317774,-1.5152117490762493,0.0560488535237773,-0.7293373234123056,0.15304914129285846
1.472691697189024,-0.0270416275459761,-1.4182094391410622,0.2591387747729148,-0.48620615607207934,0.3029626596685174
1.448796901632519,-0.10018685810298772,-1.480407582707993,0.2994074502981021,-0.5415289590330032,0.3208404064424211
1.4487418610255263,-1.9113175662931519,-2.6217044477709157,-0.5561004454487511,2.610624248464168,0.12990458161684998
1.2930363869347852,0.13264295153657318,-1.402229703318424,0.13133161193862128,-0.4500154246856628,0.44596908013197845
1.327146144187921,0.054596891936045014,-1.292087591946953,-0.065771920126698,-0.4837236908062488,0.35627888186842005
1.3593990166927095,0.4139909052413548,-1.2726667957904774,0.06412547279225031,-0.2603802183294939,0.40622725742067045
1.3864305739295686,0.42275046503237196,-1.2764188273881822,0.007487994784163924,-0.2656453668751962,0.3595223167628919
1.378293270856717,0.4325006622013522,-1.1450893698344864,-0.05119558896433721,-0.2223749470831242,0.37210657291016147
1.2495459465512089,-1.6454214475543651,-2.080302201624278,-0.9005337928504924,2.85896526759123,0.3241408525560777
1.3991317798795468,0.40848335112571466,-0.9295575798386971,-0.2523251221378216,-0.18941467194630393,0.3183929708078137
1.4432728491073596,0.6141382021559428,-0.8908544125778391,-0.2583070447027202,-0.06400768283243408,0.2980282261123993
1.4093632078860037,0.7176534658437117,-0.7007980330973054,-0.24229732771097603,0.06337275928843139,0.3808936358660139
1.4571418504878855,0.7044584461529937,-0.7132434182472546,-0.3580255758250302,0.03402209154259088,0.28886172235735674
1.458425833767784,0.8503142320606711,-0.5843141071553074,-0.3563386664154942,0.16020705395620316,0.3249945147688418
1.5079391153772301,0.8517270834636526,-0.5690481081066332,-0.4788614147904809,0.14733902150198802,0.23628665377537936
1.5177023443398467,1.3731105372973,-0.40181131827394695,-0.2891730742842345,0.5211537245153255,0.37201172376780123
1.4794712776187045,1.1940716675132386,-0.3377740210696177,-0.4476143234909614,0.4158697462626138,0.34882482523584923
1.474315569321457,1.3901597451427483,-0.30064654284854536,-0.34272361312029076,0.5526382398015767,0.41505712546406925
1.4879524965468462,1.2930187042346295,-0.36228000123108595,-0.39688675892316005,0.4692875718482735,0.3619066272834758
1.5002168481291442,1.6841318919779844,-0.427091673827575,-0.15047258171803077,0.698019223824452,0.4593689949115538
1.449453994327379,1.5931979528638809,-0.4794223168262288,-0.0618732510752665,0.64384707792505,0.5214149942641975
1.4279103431632578,1.198418413143403,-0.6175867641831385,-0.17096476515375877,0.36237856461579476,0.4416862316673549
1.4050530937870187,1.3238989201812694,-0.6633219873809835,-0.01655044110239542,0.4386944622815827,0.5207975557330699
1.4201910482403521,1.691371940941898,-0.744976998792842,0.22131983751642662,0.647052897147126,0.6074452338916682
1.3967228709149135,1.5979010581958581,-0.828219082260807,0.26780771129138065,0.5736850380021776,0.6223435096028291
1.356665111630732,1.7247657429690064,-0.8321761098927551,0.4370261651517608,0.6679919694764379,0.7315648292082856
1.3445854207763412,1.7699804697268064,-0.9085384780604365,0.5373358814832676,0.6811115223096442,0.7681025844199699
1.344659905447192,1.747552373786372,-0.9941055996408604,0.5739605810679568,0.6441389287125923,0.7623849433415698
1.3401422980491178,1.8109545573421504,-1.081287958607395,0.6738331168585594,0.6632878107610736,0.7908364277079266
1.1860595817310864,1.4990197930973008,-1.1561181715214144,0.5244580959381328,0.4211576155189515,0.8449059135563829
1.2062404126104287,1.3854276525294271,-1.1557544219989695,0.4088148345996284,0.34130651898240444,0.7741776478037424
1.2444351785202996,1.6166845153286533,-1.0809649661223437,0.4175042670685765,0.4953925598806736,0.7751703396330595
1.2895027298989352,1.618279913523905,-0.9831009343053364,0.2577855575035565,0.5061489056422508,0.6938618802564706
1.2642244155391387,1.7109195470718825,-0.9135106668673397,0.32824727251232594,0.5926054616218569,0.7648045005235785
1.2676424521394818,1.7848051710436015,-0.7745442252258772,0.28098840775239003,0.6751349982004001,0.7779299663670182
1.2922180283779232,1.8052114288886216,-0.6778108806201087,0.1767072137089257,0.7046247225742892,0.7371143578219358
1.333701484395956,1.7120622528209655,-0.6743190300198385,0.02006566834794351,0.6308029207147637,0.6330983739276944
1.3411173648356827,1.7070021662325012,-0.6590949852344078,-0.013831350706838087,0.6284717326572596,0.6155976021698754
1.2003140418718186,-0.03126696625344704,-1.4486053015823357,-0.7200025075428255,3.9695356523416687,0.6879247596925858
1.3393053171844747,1.4408664318185462,-0.5716198577518243,-0.2340349141051611,0.48081138593736233,0.5308221288472345
1.3545078755090247,1.5616377577109768,-0.5735610982038626,-0.2012750946021942,0.5515128289006384,0.5369181604540928
1.3524593000593133,1.607604517091313,-0.6633214166393354,-0.12199080822110135,0.5573851375376627,0.5526835803434396
1.1382139290450886,1.4372532688457005,-0.694571965118025,-0.27144466576529397,0.3964572201309938,0.6850438210081199
1.146773539561375,1.3359990680912204,-0.7569218784446183,-0.3216703758909672,0.31157128576634036,0.6368372193709382
1.1410799203131987,1.3338767467607313,-0.762162318556527,-0.30874704709949347,0.31068520619236506,0.6454511465325637
1.1387877390816161,1.229790618202624,-0.9274852089560348,-0.2675145603500661,0.20140407279040562,0.6211795464758306
1.8901977812254842,-1.246253967780975,-1.5060148139267415,-0.39480599907019914,-1.6474607645447858,0.1848564259578492
1.767879704404354,-3.0783093660825753,-2.4856162594347366,-1.0815693381881843,1.5774074046705957,0.20182675356086993
1.8950192983562986,-1.0928076852592905,-1.5115809014981882,-0.312721628623357,-1.5527522022336424,0.22131758903587154
1.8945322157294233,-1.2964683306547125,-1.5222612010254928,-0.4294958676305791,-1.6858033376928374,0.1600994561578308
1.891780882420967,-0.9064954283961456,-1.4317879374369962,-0.24294209826708307,-1.4116293285546582,0.2807141185328296
1.9152959001109113,-0.9802178864296671,-1.390168134449012,-0.36656234043053093,-1.4562846098906153,0.2154425261695688
1.9323318266488534,-0.773880901344173,-1.2980066207033962,-0.33569544839973436,-1.3060809735872816,0.2459110975887844
1.9388714531318743,-0.7937148164129985,-1.2473093526749597,-0.3929611519629519,-1.3077659952774565,0.2272707069712219
1.888768170001694,-0.7559747466932137,-1.203753693278347,-0.4614948959712198,-1.29360247916799,0.2633053270406167
1.9186176126780015,-0.8355357220915992,-1.2008955049936183,-0.5783577380610272,-1.35430785717219,0.18652040134778056
1.9163472590382336,-0.41181419372729117,-1.0624031945604506,-0.3988587008186997,-1.0458529805330523,0.31679720540338707
1.925488145930851,-0.20799249477658585,-1.0041596423149386,-0.3275919983297923,-0.9030259848028047,0.3630703807686574
1.9308194698148087,-0.4698956987048658,-1.0431058532985613,-0.4709762001751257,-1.0823881790464636,0.2769330641410074
1.925104394481423,-0.61631364135833,-1.0434651966467614,-0.542958711676027,-1.1738149168368204,0.24444431238292705
1.9301044646480343,-0.4012502020919269,-0.9895568652581963,-0.4533453206189558,-1.0235046648323791,0.301329822744582
1.940824259084687,-0.12177799597392869,-0.9801950289768486,-0.31293352243052724,-0.8459121694739405,0.36750129120951597
1.9110297270787522,-0.32735883716360176,-1.0405195733080521,-0.3330629111764956,-0.9826806051109157,0.3594879399872706
1.9073734278322905,-0.09748324237358363,-1.0607355588511542,-0.1725169804448898,-0.8395098091737861,0.4366125701534788
1.8893450959719404,0.07336834740845444,-1.0570524375668253,-0.029867949854858085,-0.7227524947000006,0.520633531124869
1.8842055102477513,-0.18573037936429534,-1.1292028533961451,-0.131660625447912,-0.9056852944069452,0.45265240006930635
1.8893997014847228,0.3065837264527089,-1.0559455553009072,0.10993874862608728,-0.5733026667044204,0.5909644188139268
1.8222078428320434,0.5577439334707716,-1.0136473981351286,0.183799312287586,-0.4225067614197889,0.712635741522463
1.8313381505049313,0.29000158212590804,-1.09159341603983,0.04781257311227019,-0.6175757972232503,0.616793264983309
1.8174372763126851,0.509453084308931,-1.054215316614505,0.18937229013394283,-0.4624137610813113,0.7070814662349134
1.822989844655734,0.6782763046191753,-1.0241990933675533,0.26181637557478843,-0.34838518216326375,0.7482789775249797
1.8348840928971253,0.5669792120510319,-1.059275707706353,0.18977629533061782,-0.4329383319554434,0.6947651405971061
1.8220646709083619,0.640801122122396,-1.018973553175838,0.23975296742284458,-0.37050566345407815,0.739298222249186
1.8361037584140238,0.43382851618355706,-1.0125628340677242,0.07990721479301605,-0.5061453762165201,0.6520553687089532
1.8443154858411002,0.4962042869184167,-0.9927470532261163,0.08674994356937471,-0.46397806510654915,0.6558049472291507
1.8395397474197712,0.45623142833994773,-0.9856103736115585,0.068462311183448,-0.48604174309369036,0.6516804734218579
1.8407112357319868,0.11311251919562083,-1.0192004405278843,-0.12208658206996133,-0.7148836337227494,0.5460125518150428
1.7301621156683107,-1.7688217679345046,-2.0282938820389345,-0.846004886516676,2.466318544302697,0.5286074262440915
1.853692533527783,0.16809941898821343,-1.0189493192788688,-0.11983159831924392,-0.6843833124405636,0.5389193771288702
1.851107360827692,0.21596507407950705,-1.0138753875569797,-0.08988447415291594,-0.6516749321817361,0.5569771618130067
1.765615429087529,0.22192990529388057,-1.0208949963786456,-0.12624737280561502,-0.6713021162037542,0.6258607003200125
1.7749005490136005,0.019574545757874106,-1.089471423073496,-0.22992910463529712,-0.8222443463703296,0.5487225856373226
1.781950588575229,-0.29591953551652356,-1.1456110337271481,-0.4047142695302181,-1.0415387924629462,0.44086461051256826
1.7818856570211665,-0.193098839494549,-1.1236830021597286,-0.35775241384607065,-0.9701687137618424,0.4705669194113517
1.76640696745641,-0.6350360033299082,-1.1875650879594324,-0.5541018505994662,-1.2644707258566041,0.3640844336279304
1.7741746215357626,-0.45471573899548423,-1.1888345502554667,-0.4637964936005805,-1.1523689573473384,0.4040071512217914
1.7649864655902145,-0.7305403145092358,-1.2214586838127217,-0.5926018664864707,-1.3343919813907306,0.33613459173243665
1.7659108428303718,-0.7451915124458668,-1.2081700035175953,-0.6139999340679121,-1.3408329775320804,0.32852192949521825
1.624735427410526,-3.1578937003300926,-2.283093983668734,-1.5526315499285912,1.4940878895545122,0.2045412295302527
1.7673590186918382,-1.3391367962194027,-1.3618167458789696,-0.8888905755406764,-1.7622175383507892,0.14667334627860973
1.7598162192682634,-0.9440251874442085,-1.279949104319841,-0.6846968743367625,-1.485456285936197,0.2767501559838686
1.7659423869975865,-0.986550733476295,-1.255624627244474,-0.7423139452662486,-1.5087685615357789,0.25075630585721564
1.7071062206471281,-1.0443026956357915,-1.1736093598574358,-0.6988350554426145,-1.5037801618656346,0.3330050413536048
1.6760144418771585,-3.146839085503564,-2.3052316718522934,-1.6643297165880324,1.4756569872473113,0.10947611910725598
1.6362952455794042,-1.6106843796011645,-1.2904352133145165,-1.286814342591413,-1.9754053779790157,0.1194661721310208
1.6359913689293855,-1.4722504044005338,-1.2503013076138678,-1.230912912654322,-1.8765846428126132,0.1588833114855924
1.6566859014739643,-0.9268802192469493,-1.1438803913221602,-1.0170837721337165,-1.5074974922618711,0.28264529425590085
1.6627003999539016,-1.0259150850432983,-1.1284545468751577,-1.1054039365568642,-1.56946706602713,0.23881429317020875
1.6522230182671316,-1.3288733365599632,-1.1420791782589819,-1.2625818377878286,-1.76372499570012,0.16283589487655992
1.5408857677522478,-2.9206886203780145,-2.007241231993413,-1.9011122608945816,1.6407208546075724,0.22904814987077132
1.6865270794269447,-0.6320663476361877,-0.937625148882148,-1.0522830981189755,-1.2773121937011,0.30359694412890537
1.7025771329379016,-0.8770504258064895,-0.9056157133180107,-1.2613245497329417,-1.4318488082155494,0.19752769338924625
1.72444369023463,-0.7837540224074901,-0.7381454423978321,-1.3604995102502713,-1.336407373701473,0.18081674886928162
1.765140196423002,-0.455166655130488,-0.5503471358538671,-1.3718077197576783,-1.091722439650738,0.20184187169339696
1.7845418621334799,-0.29406201123336234,-0.4517863798062047,-1.3818822168155083,-0.9700315502396905,0.21202910820724352
1.7892902136897109,-0.36336586579996916,-0.42513040698179266,-1.454730685123547,-1.0094464658304325,0.17992617023499116
1.697211499149048,-0.3138470154346907,-0.35983984824609627,-1.6458330278053093,-1.0131253911242317,0.2178456544896519
1.706687966007831,-0.276003304675642,-0.2678828222576341,-1.7038957048843306,-0.968501310703326,0.20846111735755093
1.7283309099488424,-0.272292125957827,-0.18358860796299334,-1.8046411570614054,-0.9519677836784445,0.16779080664710844
1.7465662947128322,-0.032337687381879046,-0.10625935054515478,-1.7488294474514832,-0.7847291309821509,0.20581419845989263
1.7534954112974652,-0.15141434283977662,-0.08908828807932191,-1.8486209557076774,-0.8590329558078331,0.15618597705149387
1.759498594345535,0.014861938457059756,0.032365248929390716,-1.8366044634040746,-0.7230304796941424,0.1924381304133567
1.7620799555247648,0.19474729742371885,0.10095460558886171,-1.7767202814520844,-0.5909913825679405,0.2400267277129824
1.7742595621275672,0.20443176534108928,0.13978886904241522,-1.8211478956765412,-0.5788524265593119,0.220902531013678
1.7641222042946894,0.27904180716095156,0.126120976946486,-1.744427198707093,-0.5310655894699989,0.2619820319321626
1.755880381437146,0.19629659899167204,0.08072748137487143,-1.7480504849008016,-0.5929703454489978,0.25268878799666056
1.7510679769824609,0.49925777201086396,0.1029516749211568,-1.5667402329062348,-0.39152019430710294,0.35285862540792345
1.748545841216812,0.559861710897577,0.06815475562866284,-1.503658673567357,-0.36101364094427596,0.376311635891912
1.7401320894379293,0.6521914170126425,0.03304037544178446,-1.4085678847809524,-0.30826513260679883,0.4194639991343988
1.5929628086716812,0.9133450107238948,0.01858681615291799,-1.3302762760429836,-0.18513911719723222,0.6101554088916707
1.5915133594047055,1.006537584816523,-0.050832319565050646,-1.2295737156946545,-0.14330807475745722,0.6420564075660323
1.5922438643586854,0.9423925506785367,-0.08014536379381139,-1.2531794919463064,-0.19238940746637406,0.6215265282770133
1.5859241844914274,1.0461279974887514,-0.03727087466789323,-1.202768960226241,-0.11258090464584979,0.6628383113640969
1.6048989007247978,1.033899613708623,-0.049135929236366435,-1.246286703587049,-0.1302918725994112,0.6256000998941407
1.5982924031954204,0.9602706503974682,-0.01562554305373041,-1.2969445839879021,-0.1663355442341605,0.6138183913047254
1.6066882453555138,0.9852268611197664,-0.005708892852929628,-1.3073564724348272,-0.15079333271039466,0.6060242407094034
1.597532905214925,0.9961587574925589,-0.03962531992056589,-1.2612310123460595,-0.1496137193698523,0.625439622844617
1.5725321756764012,1.1495358142195022,0.0073886178556402116,-1.1423389335333043,-0.030445822881363164,0.7141249758061599
1.5845241155531529,0.999035141455804,-0.018954202935480075,-1.2461540608776565,-0.13806631959822288,0.6470456139904426
1.4849346418307294,-1.1101234066073031,-1.0184661073595447,-2.139221693197424,2.8962656639446567,0.540563295923205
1.6044904178655983,0.693060158071077,0.003429680379456255,-1.4939018784216829,-0.33542998173336613,0.516396798878351
1.6028378855942167,0.5523996212792529,-0.007526909859129926,-1.5722037645884253,-0.42805923122521955,0.4750946950675842
1.6000227362866957,0.7139942142625064,-0.02284926791660963,-1.462280463468965,-0.32801220046211715,0.5276348505343134
1.4149080909080263,0.4312961011080649,-0.10054151713988894,-1.7567061559836241,-0.5925396781059887,0.5622175971843804
1.4188211986571784,0.10590524458733035,-0.20435915666528157,-1.9027913495318576,-0.8296874655278498,0.4573501976908673
1.4138271261738773,0.21163381769023237,-0.1595333032637362,-1.8551152938280928,-0.7485394646046789,0.4969968676277681
1.4090313889218875,-0.05917954478892326,-0.2171905057907259,-1.9739036296829402,-0.9353195078244988,0.4243415161455709
1.3991867345698974,-0.21781148334323205,-0.27839417329840854,-2.011299034141521,-1.0494617292309034,0.3946977160653158
1.386973141026058,-0.5882210967514495,-0.36346096309295045,-2.157158243533361,-1.3045482514951454,0.30551320062373505
1.3815292684594118,-0.3512168661451284,-0.3585639551488405,-2.004818402403705,-1.1497180271469527,0.3866947347513591
1.2494411442321098,-2.3305291075189842,-1.4302978605183745,-2.7013406199428016,1.9603490992452501,0.3791718367450527
1.3682530806596913,-0.6364361575609292,-0.5574217796176465,-2.0282607239161754,-1.3798242814622312,0.32760399518945404
1.3390596010657585,-1.006858758376595,-0.6566649010127845,-2.127351264374399,-1.6326322983807535,0.2687018163125384
1.3164556614803797,-0.9332031680231117,-0.713788292826189,-1.9991692058866422,-1.5926692993102076,0.3312966311110403
1.2418843914333992,-1.1362280768639474,-0.8031937289828895,-1.904012328233599,-1.7200248799136957,0.4013826995364656
1.1783983796234716,-2.753375583865678,-1.960450026244105,-2.4867285358544415,1.574795891264124,0.3831388276240857
1.1393864354258454,-0.8229903946786176,-0.9461115392722845,-1.7720768660713664,-1.6024715798928948,0.5468792081702037
1.1390904771537178,-1.1263875118918973,-1.0386744982424865,-1.9025786826664335,-1.8211386300545085,0.4556569705038614
1.1336349254030347,-0.8752318037362652,-1.006454823475517,-1.7591525245975879,-1.6501682423833464,0.5400333091777727
1.1426190485506462,-0.805121622541632,-0.9906691174490625,-1.747823207633563,-1.6044674738472262,0.544397636239253
1.1355914765061008,-0.9109660973197273,-0.9657433138700829,-1.8125762567297634,-1.663299487138491,0.5234034499079872
1.028160340756082,-2.694589855518728,-1.9006637952912764,-2.5296998231425816,1.5991011756178335,0.5282169241098769
1.1512438776271618,-0.6947250238857169,-0.8850969620155709,-1.7697200155240471,-1.509676802783621,0.5574828669029112
1.1613092783065566,-0.7196331137938726,-0.8623643298962741,-1.8249338228212826,-1.5235617279469769,0.5297317290663099
1.18844419597439,-0.774797195186849,-0.7479144419641327,-1.992220291444628,-1.538757502170012,0.4606721937947176
1.2386515707206143,-0.47466480551843654,-0.5398741277911967,-2.0527907023644083,-1.3101808683893645,0.45664675719440556
1.2647910406925593,0.11263936821503713,-0.23025893129095013,-1.9464170721024783,-0.8626245646012763,0.5801264410650444
1.3301455279896852,0.043169191071097054,-0.09695198771752885,-2.218593196305167,-0.8954388689192859,0.4394477563347162
1.340040559249632,0.26722886780181426,0.03069640247462439,-2.1851073532879606,-0.7223069293372532,0.4857045701950292
1.297321526000059,0.1433061132670842,0.09362867522061427,-2.389908758806999,-0.8109799819673557,0.4552177814302452
1.3147757348781803,0.27517701217493,0.15555729320512554,-2.3894943809279368,-0.7167682038341682,0.4616442228170765
1.310070211337117,0.22203804003065072,0.17431253333333419,-2.4227994391880037,-0.7442183939616343,0.45321071058212853
1.3058236716166698,0.7464874910451821,0.2600625512558226,-2.1479640998162015,-0.3846428042291097,0.617701889593068
1.3041747098282641,0.364561753656756,0.181522066427523,-2.3283774846503054,-0.649110925142092,0.5063002137658742
1.2872282813828224,0.4184860191239239,0.17739682357509978,-2.255553444847288,-0.609733003525246,0.5524332896850876
1.2934084651334243,0.7384619193583034,0.2196877779343828,-2.0994184369114186,-0.3958855538508169,0.6386273145474999
1.2855016300301683,0.6273414037486065,0.20358930676504516,-2.1364421894210195,-0.4681631373603312,0.6206284305561275
1.295740214482995,0.5841874904903152,0.16113473423713656,-2.1571448759194,-0.5102838856762413,0.591849289595292
1.2822580465500264,0.832537093408421,0.2029181174827417,-1.9990120996109269,-0.3353685325196754,0.691443804044352
1.2778899766600842,0.7333091991808481,0.16083498449052017,-2.021454979322915,-0.4081453088729703,0.6712014462009889
1.2748031124211179,0.9754867048822714,0.17308591561463646,-1.873864623237823,-0.24873188442134175,0.7505860408051095
1.2578658621104106,1.2741452342099593,0.15151266278457834,-1.6405385818413156,-0.05716240936185478,0.8722725583407049
1.1555830747918387,1.1416966625893432,0.08414992779620528,-1.707466844666854,-0.18029092543724556,0.923215266661851
1.1608871754550856,1.2963515879143932,0.04222974412821267,-1.5989697553143614,-0.09407330558398028,0.9624619384034887
1.1471261957159153,0.9829347373368114,-0.05558269781179661,-1.699419190797647,-0.3155156055461077,0.8934406920786772
1.153930917148143,1.154985655723849,-0.07110447641960888,-1.6018930563233083,-0.21197052594128274,0.933614020298562
1.1310231363872947,1.185328547020952,-0.07559380484138241,-1.530092219776293,-0.1857041395384407,0.9829272319599421
1.1358598013915264,1.1779494609236665,-0.08971348544975642,-1.5376150521278693,-0.19591168439797682,0.9721045118138348
1.1502963247481814,1.1186909457365468,-0.059998797913090436,-1.6252467111807951,-0.23126156343033866,0.9273094792728491
1.1534895076548441,1.0599189101590722,-0.012111548828196836,-1.6988069601755071,-0.257600407333029,0.9018246794216569
1.1647991182198416,1.1489968503076198,0.05620045905564222,-1.7134330463831156,-0.18683646491625217,0.9064318558731795
1.0639808302989004,-1.0156026735915067,-0.9058957153079197,-2.6600920490902196,2.822261326482024,0.7843720658279928
1.194688958649804,0.8283136494772478,0.1718121671577382,-2.0482157402815,-0.3725932085185275,0.7520058525118766
1.2239414058054792,0.8543163293068786,0.2551952056092869,-2.149851435253793,-0.3445214492373666,0.7058096294776484
1.2100974771199102,0.7284816099636339,0.25446112755716094,-2.195790843061066,-0.42046400903432857,0.6913894060437105
1.1546573683141046,0.6340730460725065,0.2112182914347324,-2.3332108858535987,-0.5233444110228954,0.6796056693638144
1.1478466562640695,0.38045867627888375,0.14838407563981582,-2.434773470246702,-0.6998451976239942,0.6154044129808476
1.1517612594077098,0.2692494754705242,0.09577369487847934,-2.4807487137424395,-0.7863616483983251,0.5750888616695171
1.1174881784863617,0.048284961969666175,0.06507404080748133,-2.5207056474744762,-0.9238637388075276,0.5682739029241699
1.2281803262767748,-1.1875398059673432,-1.4974230948615104,0.0520901641658855,-1.3342628617658931,0.7499599014331655
1.263211304111833,-2.9344110486020485,-2.7269714258038062,-0.787695981535381,1.8236497965066851,0.5198076128497371
1.2486298930230706,-1.035280811797467,-1.575317999218859,0.13891523962621874,-1.2651276205619728,0.7585055621891765
1.318879988613687,-0.8408788329227481,-1.6343847921680026,0.13283391102033473,-1.1812322212992736,0.69409351728529
1.3010424390717066,-0.7667267718982497,-1.5575762094259678,0.16967420167475553,-1.1074684976053322,0.7454543408234237
1.3222241284210392,-0.4205642843470536,-1.463955514120371,0.2733944135681039,-0.8690243338690895,0.810180535294944
1.325823455412148,-0.3025811486258557,-1.4029302935928523,0.30322664914218833,-0.7784579224960232,0.8399988681764605
1.3247040589592558,-0.10020171969298552,-1.3480686901574916,0.3993152311783479,-0.633757661049835,0.9043085312616967
1.2276742231931166,-0.39504195189072355,-1.303395287325887,0.3035636321277938,-0.8007608680338862,0.9473391272489017
1.2661221503442777,0.2844214180677283,-1.21482495428719,0.5792363359323385,-0.3559114924798121,1.085885701294172
1.3097927868649597,-0.07642501470646278,-1.2846635952696746,0.3075846849493229,-0.6203392888918258,0.9023559452265267
1.332858167241631,-0.08572431716730684,-1.3149163996394844,0.26904107669451,-0.6423299104408275,0.8598593384090935
1.3472423178088169,-0.07965446279513307,-1.3022412340889506,0.2333570710938944,-0.6401450510161384,0.8363731080527487
1.3119366301402833,0.5432132112610796,-1.0710153837566863,0.5505901135087569,-0.1683218326551916,1.0827346259954582
1.3515406219579018,-0.017010778243980184,-1.1936265297575455,0.19602342344636142,-0.5730556453298447,0.8453997632385545
1.3500414734575314,0.28165536512333783,-1.1902258854972085,0.3704953140412285,-0.38123825947875084,0.9346526887317442
1.2945828584610828,0.4618897676007711,-1.185745039690601,0.5937994031247521,-0.24584773116000944,1.0830694863642705
1.2526418801329129,0.6560562289523718,-1.1871205382486407,0.798719042358804,-0.10785810065088107,1.212015016568354
1.2674723271838506,0.4347188955257153,-1.31626611723313,0.7018188158786319,-0.2893653043090991,1.1176772015901426
1.2450171311320541,0.5127400700643338,-1.3203629424851167,0.8015238765973347,-0.23261891641160556,1.1807993823278347
1.2704362181913262,0.7849504974015348,-1.264165312324775,0.8777215017355839,-0.05242980031464377,1.2185815840039822
1.2141412525002178,0.6916283560001174,-1.2629497109055112,0.7608516468320273,-0.13323249595548012,1.2240936975528038
1.2177512116969273,0.8988393673628843,-1.2707210749826536,0.8853335879451885,-0.003724438499053208,1.2820239000745215
1.2572997135373094,0.7618308675752279,-1.3691233394479154,0.7729004281396709,-0.13122696910024848,1.172863650068252
1.2592489856702533,0.892996863357174,-1.3742086335180477,0.8474056888716356,-0.04965761761431683,1.2074891069871119
1.2595184130942645,0.837011457171686,-1.369256682698306,0.8063224158383787,-0.08461620038222462,1.188075917791055
1.2389288948403305,0.7274792833044895,-1.3539187714175653,0.773391710158589,-0.1437387693930429,1.188956088978824
1.2608823808735627,0.8003258325943676,-1.3415238328069226,0.757104615107714,-0.10196876929346041,1.1702378607213633
1.2621601679997545,0.7050609977947536,-1.4033503886969518,0.7341675822875131,-0.17959178078810986,1.1405846701017173
1.2455129181863351,0.5146401732371736,-1.4504250377020842,0.6849670720434125,-0.3078949735449599,1.1133329121011923
1.1877401095583908,0.7080220421062566,-1.401612820124965,0.9025249766871625,-0.1508892124905514,1.2728768825700716
1.1094305655164058,-1.426022356482238,-2.5299122565655496,0.026362511303067587,2.8263614595210673,1.125192319787484
1.23330314627093,0.3148365838737052,-1.5491648231811472,0.6506179926912113,-0.45740532424291874,1.0761909818844597
1.2614792178930585,0.41578008858342425,-1.5642317256827918,0.6556820242795861,-0.40690445195951636,1.0565220295242954
1.2448255535185966,0.4793383038212147,-1.5508170484961605,0.6986194314519645,-0.36206000292159374,1.095784561556853
1.2219850281560274,-0.03328104887371058,-1.5031938125993765,0.4089398662762669,-0.6696806087028206,0.9785124458033635
1.2738298300623114,0.1203143479931926,-1.378250411361686,0.3081402978704871,-0.5570878291818528,0.9299911031675713
1.2768588220390382,-0.059520329958787206,-1.3290206997284937,0.1609271212201939,-0.6604762886483239,0.8680784609383082
1.2771136161283518,0.2387732922480048,-1.2756430040959355,0.30688199244813985,-0.4558427785832102,0.9560144829789349
1.2524757800309771,-0.3507705010049536,-1.342590325088589,0.04397939536496215,-0.8421289358025766,0.8211616429577382
1.2551275907846158,-0.3255738759783178,-1.3197864032021507,0.03770150793432131,-0.8211244541137707,0.822702509136623
1.3057680855085163,-0.12247974751493558,-1.2409318062307382,0.0029506109193625503,-0.6880129164526059,0.795182058486029
0.8869405193438128,-2.3976255532117148,-1.7867200191002988,-0.5415589019708303,2.4726811668270874,1.1942095169078424
1.2156175959596673,-0.5190861560987938,-1.0845981470410984,-0.1199738990373318,-0.868017048778887,0.8350073165902414
1.1510111001230212,-0.933894467616468,-0.943599674951625,-0.30660700215892234,-1.0731573107845214,0.8222692019221516
1.0784638887216969,-0.9874247841878983,-0.7898132490233569,-0.2676603355971149,-1.04125737960054,0.9311874563038499
0.6976849752267904,-1.3054273031905324,-0.27294183216280765,0.0815687586803091,-0.9745273141156279,1.49388515729493
1.2722816069820069,-2.631651992405886,-2.1516633865297146,-1.319679956661878,2.091683713483082,0.45638616840266705
1.3354504486332353,-0.5561273548966491,-1.105774713744406,-0.6074458990023831,-0.9859736349612784,0.539659065197629
1.3551926416691682,-0.881078991460774,-1.1689977991027944,-0.8126860453345949,-1.2177140793398669,0.40645663812289473
1.3667348115106306,-0.6494253299027346,-1.1154537928748216,-0.7410761149844777,-1.0604758007782806,0.4498874018841628
1.3839055283075479,-0.8635374101638528,-1.1699344242040204,-0.8866828728304396,-1.21883615841704,0.35056677940489145
1.2828660601745228,-0.7757959881122096,-1.0234799016146174,-0.7055055297500861,-1.0894947985421586,0.5467243966871073
1.1582567509387836,-2.6070947321515963,-2.000723203844015,-1.3962890825135053,2.136513674538431,0.5637047154459477
1.2536476879330567,-0.3519775768630519,-0.9025131769767003,-0.4761167233477385,-0.7780604373064065,0.714007528684981
1.3059392523492976,-0.47326721406291844,-0.9571274034945917,-0.6429214717938697,-0.8893414160576768,0.5816598950344929
1.3324990546579472,-0.2935038630028525,-0.7012085945563463,-0.7573383635107155,-0.7173432538199244,0.5790936229802076
1.4081621745819022,0.051427275687759226,-0.5089263697429648,-0.8435877774667725,-0.47372183189995165,0.5414936860073997
1.4075968083371546,0.12966071182083913,-0.41721342689900814,-0.8581693459875589,-0.400112958494318,0.5601868972013946
1.4125658384670818,-0.042404152011570134,-0.46843898543554124,-0.9498660115826923,-0.5261149321922778,0.49660797325836475
1.4092804475345846,-0.19144521893920147,-0.48560562390010803,-1.063505169619246,-0.6329781373093605,0.4418452084994924
1.4074873655871878,0.2511981050996038,-0.276010326700011,-0.9254979675816324,-0.2947533871737833,0.5708691078111684
1.4263052494501707,0.48220147491491705,-0.09827555398500658,-0.942076997202131,-0.10755404140454268,0.6003561029574498
1.413219310212619,0.4718933099727862,0.037482199092402205,-1.0063025175236762,-0.0743800141854243,0.6145376499542752
1.4526743513425107,1.0064863782942757,0.18139928584421117,-0.8635861845757238,0.2910443473268354,0.7012291050211026
1.4595627816985557,0.7512009482854278,0.2700969077290709,-1.0925338004905267,0.1480407856532399,0.6069286057471666
1.4753760511600305,0.8520786716644517,0.2931112609865623,-1.0862232070555684,0.21254231028784829,0.6064070267780958
1.520982642441772,0.9563643893335566,0.23839309358312555,-1.0882486246013217,0.24918119703457908,0.5610232746878715
1.4381917425245176,1.130239758864989,0.26078484092341214,-0.8063925250106887,0.3959836232321253,0.7613676938797513
1.380446899626347,1.3026973970759663,0.2696898990973136,-0.5734923834741199,0.5294842476580789,0.9174322312937065
1.4118930599698014,1.2238714393636878,0.14283925209863216,-0.6109791900545168,0.4350153276411343,0.8430634358213672
1.401570024389542,1.038022278850277,0.06039445944887339,-0.6514066114509163,0.2980045635677995,0.8062397584608105
1.4222159156742842,1.2469387327351966,-0.005569622382050046,-0.5362041161809022,0.4066211308693492,0.832249246942586
1.4200349903111091,1.166329681642347,-0.060974648732435195,-0.42570898985324945,0.3685035538641019,0.8548557128340608
1.423391756252995,1.2854050663045218,-0.11399342331538899,-0.3338888981618924,0.42914176886826966,0.8837982722111062
1.4508595156380446,1.3613020428976021,-0.061723966885411034,-0.3854996002389741,0.4813198015218232,0.8550435168264411
1.4704204206421905,1.5351487806268314,0.022541241744497245,-0.37819490304461034,0.6074847721844209,0.8698439966535179
1.4999966317748972,1.530105333378014,0.006206597095617973,-0.4408867340780289,0.5892225931156498,0.8149577505330975
1.4609726739434292,1.3903894178706258,0.06171208447352825,-0.47445708719004154,0.5278967875624851,0.8385420751220954
1.479362370384982,1.3539048045090254,-0.02555296219581824,-0.4881986587575664,0.47484451658309124,0.7954143728747523
1.4666967865964933,1.178377826606827,-0.1486000505328251,-0.4939649577248475,0.33447495484014017,0.7660450350027099
1.370299066629149,1.069169256483724,-0.09821937688424888,-0.37620986431100667,0.3116913413579265,0.9006020140693338
1.4423152849673213,1.0610298303343002,-0.2102547872577721,-0.4773433849986035,0.25140302830085576,0.7725628768961768
1.3195085893548009,-0.7905503404966469,-1.1407359926892175,-1.204535793165711,3.476845993771156,0.7833659460463853
1.4621260886089902,1.0402195847018145,-0.1817300285906312,-0.5589506818647345,0.23788756026488303,0.7269579063898917
1.4477419356231327,0.8260606645275893,-0.25520556913039566,-0.6209083126874335,0.08578922544972507,0.6843535135983118
1.4363062845673085,1.0514471007838133,-0.3221143054052039,-0.4273682797797653,0.2156361076734713,0.7697513302881983
1.3413801200668056,0.451419539793382,-0.4445867891456387,-0.6356962465468602,-0.1949319259720448,0.7095766580316173
1.3493481591599403,0.7397825005231731,-0.4883754210199683,-0.46081778783619076,-0.025502659744645495,0.7797522277661676
1.3220531631056878,0.5741349481037312,-0.4275023533057077,-0.5402681985876622,-0.10621485254208972,0.7743683184689486
1.3130300380626254,0.28397982825734297,-0.46557591242527324,-0.6763348047113055,-0.299039397559907,0.7012048499687668
1.270480065218749,-0.04117100180256292,-0.48857413916840864,-0.76740321917476,-0.49844802032710084,0.6761885746733662
1.2803813855109798,0.09799206884653656,-0.5197578601210644,-0.6902366952363552,-0.42143397401630445,0.6997559776806045
1.303086588857665,0.2537716941639679,-0.5325298459316159,-0.644568551536066,-0.3336364552125567,0.7045243455784341
0.8999449849825805,-1.9815896703045226,-1.235830294860474,-1.11566493275669,2.8046089045594913,1.0860243364480937
1.2065103989437926,0.11229409804331596,-0.5549156877635015,-0.5118696871024662,-0.3970458818218665,0.8261499256420206
1.137799449617983,-0.08567288696143832,-0.5528243182977228,-0.4847029322262991,-0.4994560836956879,0.8840700039965997
1.0519920713767477,-0.397189352309453,-0.48320188490663996,-0.528348469894972,-0.6507182312754418,0.9363511510020855
0.7420226511452425,-0.5789442058844363,-0.09600462410775526,-0.18147596776074967,-0.5562774299854686,1.4163066140714256
1.0646202218596215,-2.257023973255081,-1.7246836745780083,-1.385067705223446,2.439122650901314,0.7085705382080191
1.2640991226916964,-0.32191414612705965,-0.8355033707766303,-0.8815928032314619,-0.7978753685236817,0.5427767463663395
1.3161306622513675,-0.05502637679047123,-0.7174728314982014,-0.9134412556793352,-0.6149881853267269,0.5267104135631694
1.303878953266275,-0.39625791510974767,-0.7229777587393995,-1.0929572661389406,-0.8308124363570708,0.4429674124000971
1.3656504042661768,-0.11100162747634881,-0.7133485927837837,-1.0685998425457757,-0.6679414556956483,0.41846263985661675
1.2895308588318577,0.024523078861481005,-0.4949599984152306,-0.9513639283399133,-0.49732478128410285,0.58695602953697
1.1437421314043208,-2.096701168000939,-1.4566991217470855,-1.7729003302915878,2.5553381282968117,0.5563374732195872
1.2406955919252465,-0.21030324731179825,-0.33316414005492356,-1.090757066406975,-0.588703533840816,0.5935127278989144
1.324754950671783,0.0956325743143678,-0.33833208540566234,-1.0977363566032703,-0.4246222487029887,0.534915298082681
1.3257404886757558,0.07565928406821257,-0.21571421210536884,-1.1926653814219612,-0.40616949897247984,0.5210413679511735
1.3379307144548265,0.24310259674267104,-0.156821892702643,-1.160793235495339,-0.28848363389989734,0.5456910387765058
1.3335426919612061,0.42913735225240734,-0.09997451774685787,-1.0776676329897783,-0.15343366045506285,0.6060356110525397
1.342760202950407,0.772867547467605,0.004951050958974359,-0.9566421725002894,0.09053287193783001,0.6902160015639458
1.3667939502677735,0.4691123411538174,0.008808225048816672,-1.1997852002771652,-0.11159977724723007,0.5540986061890553
1.3447283840363562,0.40643663061742136,0.17789409786414345,-1.1204923437615328,-0.06171074573089818,0.6297920156116095
1.4385582664784937,0.5781313982679336,0.14608257340889066,-1.2110038627571118,0.006357534656209023,0.5156735385626471
1.4376691877161334,0.9835866164285623,0.1821314426282525,-0.9874918563239039,0.27538380782729827,0.6383388694634948
1.4733190533018345,0.6470582366738039,0.03335006116319055,-1.1835233125803095,0.008168899613880185,0.47561010917050267
1.408807659069271,0.6503257466409266,0.03724292450934131,-1.0411720876332953,0.03388243397416824,0.5891282222158014
1.3981913661612555,0.842364667545025,-0.024102990534134977,-0.8661574908455376,0.14420858333205694,0.6663622968940561
1.365495858432508,0.9863095645979887,-0.023181538788077154,-0.7069432708801756,0.2480423940812168,0.7672366270644341
1.3389412314585492,0.9817038068517325,-0.0705011800215323,-0.6217545320607971,0.24203244506424593,0.8135715591993342
1.3095706756507108,1.2038558251806788,-0.08724522445489136,-0.4114457179248602,0.39014781931747305,0.932982022045672
1.3209810404660094,0.8276487461251406,-0.25642877522797175,-0.5628338685225589,0.10093254483480511,0.8023719455970524
1.282899540198047,1.0516811523150726,-0.2824825271989894,-0.3265190594393871,0.2508554772127059,0.9377506541407788
1.2651367280526282,1.1033217078835793,-0.3449833691948027,-0.21897342111305995,0.2736374349196552,0.9854134265228703
1.280838560609503,1.1357744296045558,-0.46389600086514376,-0.1641087104052984,0.2574993465673546,0.9695204661981821
1.264419822428375,1.3564658995839731,-0.39694178380312944,0.10591974607121754,0.45312583603544937,1.1132008383017398
1.3418306937797266,1.327582436256509,-0.435522498879683,-0.06347290241168366,0.3970201594187916,0.9681358116339082
1.3633061441416348,1.3199754518478852,-0.39307406870998285,-0.14189860695131964,0.39571321774196494,0.9270580635564257
1.404923325379078,1.318277616269007,-0.31779996702402014,-0.2818163392922498,0.39968737699903284,0.8515380004484926
1.3974173956664673,1.29153828982969,-0.29886317415020375,-0.2925314715613184,0.39020820537076645,0.8562658650529443
1.4132014843237055,1.4008849042194391,-0.1877519772579478,-0.3288668803786796,0.483780877351926,0.859173490713743
1.4449458644378275,1.3482710852750044,-0.09947540210568738,-0.4879661743975896,0.4618261338922339,0.7839494793257802
1.4543345002899937,1.2544932098164927,-0.08579781999600153,-0.578705973731698,0.40165538161293884,0.7362758944321056
1.4523091690876182,1.3548361285700912,-0.013384944769271614,-0.5617902646221705,0.4851591976808432,0.7663063928787389
1.3229411390607946,-0.5070648759339745,-0.9221763439390117,-1.2960464310878093,3.7117821373850406,0.7838079062274027
1.495063563033882,1.1581631468922846,0.023000461908716224,-0.8083221576891018,0.35285782376762836,0.6256091844431546
1.505968897681045,1.1053798497944853,0.14810853896462275,-0.9465919360951458,0.3474916937251558,0.5843959285702565
1.498520219238424,1.0735286005891762,0.07876379205237244,-0.9134681276951464,0.310947358150714,0.5862121724247025
1.473496275822818,1.0577010341163233,0.0791722485540628,-0.89386827976351,0.30465871842187275,0.6150562512634932
1.4744128009864805,0.6876517997790035,0.03890019885948415,-1.1018334671692807,0.05638013121117979,0.49888021648194714
1.4763585883781327,0.7524884722639625,-0.006907244228303731,-1.039415158444267,0.08513929239186664,0.5160658944061858
1.4219378071888076,0.7658314280142142,-0.07253152394171027,-0.8685951537223822,0.09576414872659669,0.6179506714682884
