Store,Weekly_Sales,Holiday_Flag,Temperature,Fuel_Price,CPI,Unemployment
-1.6939791077198398,1.074308937018086,-0.27420424855354086,-0.9954502844439975,-1.7137999781197326,1.004175220763895,0.15440973608448652
-1.6939791077198398,1.0711982124990282,3.6469165057620936,-1.2015343732985526,-1.7660893779932585,1.007880381139025,0.15440973608448652
-1.6939791077198398,1.0173819389780643,-0.27420424855354086,-1.1245240032529031,-1.8401660278140874,1.0090739958364634,0.15440973608448652
-1.6939791077198398,0.6544576540482095,-0.27420424855354086,-0.7611652150093455,-1.7377659530617655,1.0098490191641099,0.15440973608448652
-1.6939791077198398,0.9148046378064841,-0.27420424855354086,-0.7682154601543699,-1.5983275533990298,1.0106240424917567,0.15440973608448652
-1.6939791077198398,0.7079594024653606,-0.27420424855354086,-0.15592878563649498,-1.5068211036203598,1.011399065819403,0.15440973608448652
-1.6939791077198398,0.7671321854752491,-0.27420424855354086,-0.3300156080636322,-1.391348678899656,1.0072061159260925,0.15440973608448652
-1.6939791077198398,0.6449508918714772,-0.27420424855354086,-0.49976381809383114,-1.3652039789628931,1.0021851692254267,0.15440973608448652
-1.6939791077198398,0.9868753367811356,-0.27420424855354086,0.08703350859203315,-1.393527403894387,0.9971642250658199,-0.0415686740505661
-1.6939791077198398,0.8979574371825333,-0.27420424855354086,0.28172873990462566,-1.2824124291631442,0.9921432809062132,-0.0415686740505661
-1.6939791077198398,0.7555440699784611,-0.27420424855354086,0.3066757611870188,-1.1996208793633953,0.9887342607561673,-0.0415686740505661
-1.6939791077198398,0.6213102756073781,-0.27420424855354086,0.22641143184366638,-1.2279443042948883,0.9874744743129087,-0.0415686740505661
-1.6939791077198398,0.6820449888112963,-0.27420424855354086,0.3657893550952992,-1.2606251792158423,0.9862146878696494,-0.0415686740505661
-1.6939791077198398,1.003002379537733,-0.27420424855354086,0.6445452015985657,-1.1407953045056785,0.9849549014263909,-0.0415686740505661
-1.6939791077198398,0.8061373001223328,-0.27420424855354086,0.7654840221632125,-1.0993995296058034,0.984890300055706,-0.0415686740505661
-1.6939791077198398,0.6363949010218527,-0.27420424855354086,0.8555102293996758,-1.1604038294582504,0.9919968142025885,-0.0415686740505661
-1.6939791077198398,0.6945514128113883,-0.27420424855354086,1.0724408492465758,-1.3063784041051771,0.999103325808411,-0.0415686740505661
-1.6939791077198398,1.0237642126855688,-0.27420424855354086,1.085999012987007,-1.42402955382061,1.0062098374142336,-0.0415686740505661
-1.6939791077198398,0.8928297107453863,-0.27420424855354086,1.071898522696959,-1.5046423786256289,1.013316351561116,-0.0415686740505661
-1.6939791077198398,0.8223463882246613,-0.27420424855354086,1.2714746929561065,-1.5721828534622668,1.0132573176530901,-0.0415686740505661
-1.6939791077198398,0.6777576888126079,-0.27420424855354086,1.2839482035973036,-1.5373232535465828,1.010332067064161,-0.0415686740505661
-1.6939791077198398,0.80284730329272,-0.27420424855354086,1.0979301970785864,-1.5024636536308988,1.0074068164752323,-0.055379233154042896
-1.6939791077198398,0.8991340126621636,-0.27420424855354086,1.0746101554450451,-1.5612892284886157,1.0044815658863033,-0.055379233154042896
-1.6939791077198398,0.724823076761092,-0.27420424855354086,1.219411344192851,-1.6026850033884898,1.0042775543358653,-0.055379233154042896
-1.6939791077198398,0.6102005605637504,-0.27420424855354086,1.2308002017348127,-1.6353658783094436,1.0077018589623568,-0.055379233154042896
-1.6939791077198398,0.5867307823773767,-0.27420424855354086,1.1483665661929912,-1.5656466784780758,1.0111261635888484,-0.055379233154042896
-1.6939791077198398,1.005759942988551,-0.27420424855354086,1.4368842905893675,-1.5939701034095697,1.014550468215339,-0.055379233154042896
-1.6939791077198398,0.8312358901745519,-0.27420424855354086,1.4282070657954917,-1.452352978752103,1.0179747753828905,-0.055379233154042896
-1.6939791077198398,0.8399262545037995,-0.27420424855354086,1.4092256365588884,-1.51335727860455,1.0170585250175268,-0.055379233154042896
-1.6939791077198398,0.7251891583562184,-0.27420424855354086,1.3316729399636211,-1.6113999033674107,1.016142277193222,-0.055379233154042896
-1.6939791077198398,0.8885272470727819,-0.27420424855354086,1.1141999935671039,-1.7029063531460815,1.0152260293689181,-0.055379233154042896
-1.6939791077198398,0.8298414243651161,3.6469165057620936,0.977533703063557,-1.7290510530828445,1.0143097815446136,-0.055379233154042896
-1.6939791077198398,0.6915163810456755,-0.27420424855354086,1.1630093830326567,-1.6920127281724306,1.0150027133849715,-0.055379233154042896
-1.6939791077198398,0.5504894761024399,-0.27420424855354086,1.0995571767274384,-1.6005062783937598,1.0169025369617422,-0.055379233154042896
-1.6939791077198398,0.732702049947024,-0.27420424855354086,0.6087516493238273,-1.6462595032830947,1.0188023579974521,-0.02183930390274185
-1.6939791077198398,0.8312397842777941,-0.27420424855354086,0.17705971582849644,-1.5808977534411877,1.0207021790331618,-0.02183930390274185
-1.6939791077198398,0.7436119992888406,-0.27420424855354086,0.353315844454103,-1.391348678899656,1.0224044148594045,-0.02183930390274185
-1.6939791077198398,0.5391175640888912,-0.27420424855354086,0.49865935975152553,-1.380455053926005,1.0236126914735657,-0.02183930390274185
-1.6939791077198398,0.6086644893686705,-0.27420424855354086,0.48672817565994614,-1.4000635788785771,1.0248209680877272,-0.02183930390274185
-1.6939791077198398,0.9091565730393232,-0.27420424855354086,-0.10440776342285608,-1.458889153736294,1.0260292447018884,-0.02183930390274185
-1.6939791077198398,0.8065464321952389,-0.27420424855354086,-0.057225353606155493,-1.3739188789418142,1.0272375213160498,-0.02183930390274185
-1.6939791077198398,0.7873535099149866,-0.27420424855354086,-0.5019331242923005,-1.2802337041684142,1.0243338443272905,-0.02183930390274185
-1.6939791077198398,1.6340785796146629,3.6469165057620936,0.209056982255914,-1.358667803978703,1.0207448408910238,-0.02183930390274185
-1.6939791077198398,0.9026505493965252,-0.27420424855354086,-0.6179910059103916,-1.417493378836419,1.0171558399958176,-0.02183930390274185
-1.6939791077198398,1.144157592491025,-0.27420424855354086,-0.7774350114978633,-1.1233655045478366,1.0135668365595516,-0.02183930390274185
-1.6939791077198398,1.5181721578386485,-0.27420424855354086,-0.5870783925822084,-1.0667186546848495,1.0120259326384649,-0.02183930390274185
-1.6939791077198398,2.409895367075271,-0.27420424855354086,-0.4520390817275134,-1.0296803297744357,1.012021099542172,-0.02183930390274185
-1.6939791077198398,0.5783565043822738,3.6469165057620936,-0.6635464360782408,-0.9054930050748118,1.0120162689869396,-0.02183930390274185
-1.6939791077198398,0.7172741871467659,-0.27420424855354086,-0.6722236608721166,-0.8335950802487139,1.0120114358906476,-0.08497328837577899
-1.6939791077198398,0.6208757152197513,-0.27420424855354086,-1.3701979302295173,-0.8183440052856019,1.0133497868297892,-0.08497328837577899
-1.6939791077198398,0.5067290692057214,-0.27420424855354086,-0.9016277913602134,-0.7464460804595041,1.0227472216530524,-0.08497328837577899
-1.6939791077198398,0.4878756696597729,-0.27420424855354086,-0.9130166489021757,-0.759518430427886,1.0321446564763164,-0.08497328837577899
-1.6939791077198398,1.0078017451401926,-0.27420424855354086,-0.9976195906424664,-0.805271655317221,1.0415420938406408,-0.08497328837577899
-1.6939791077198398,1.084939713253266,3.6469165057620936,-1.3165076018174096,-0.7333737304911231,1.0509395286639047,-0.08497328837577899
-1.6939791077198398,1.1517457461509464,-0.27420424855354086,-0.17924882727003671,-0.6832630556123271,1.0588468172413923,-0.08497328837577899
-1.6939791077198398,0.7389304258231655,-0.27420424855354086,0.12120008121791964,-0.6396885557177222,1.066158049353417,-0.08497328837577899
-1.6939791077198398,1.060980175317177,-0.27420424855354086,-0.05885233325500731,-0.15383288189287797,1.0734692814654427,-0.08497328837577899
-1.6939791077198398,0.9119064021191855,-0.27420424855354086,-0.3853329161245915,0.21872909220599443,1.0807805135774675,-0.08497328837577899
-1.6939791077198398,0.954304447126747,-0.27420424855354086,0.11360750952327812,0.2819121170531713,1.0871752183485783,-0.08497328837577899
-1.6939791077198398,0.8902120299432935,-0.27420424855354086,0.5046249517973153,0.2492312421322174,1.093203311675112,-0.08497328837577899
-1.6939791077198398,0.8075966915793746,-0.27420424855354086,-0.08108772178931437,0.36034621686346024,1.099231405001645,-0.12443202867142689
-1.6939791077198398,1.0214935018659164,-0.27420424855354086,0.3891093967288413,0.573861266347024,1.105259498328178,-0.12443202867142689
-1.6939791077198398,0.9239249506130669,-0.27420424855354086,0.5751274032475576,0.8374869907093835,1.110785343504615,-0.12443202867142689
-1.6939791077198398,0.9327733760545633,-0.27420424855354086,0.6684075697817246,0.9769253903721192,1.1150555746584625,-0.12443202867142689
-1.6939791077198398,0.7358625364397724,-0.27420424855354086,0.6163442210184689,0.9834615653563102,1.1193258032712492,-0.12443202867142689
-1.6939791077198398,1.0486480169234709,-0.27420424855354086,0.2139379212024694,1.1926191648504139,1.1235960318840366,-0.12443202867142689
-1.6939791077198398,1.0044747094668378,-0.27420424855354086,0.812124105430296,1.177368089887302,1.1278662604968233,-0.12443202867142689
-1.6939791077198398,0.6876395051725821,-0.27420424855354086,0.37772053918687865,1.194797889845144,1.1220184579247814,-0.12443202867142689
-1.6939791077198398,0.7555232356288559,-0.27420424855354086,0.9249280277506838,0.9311721654827844,1.1161706553527393,-0.12443202867142689
-1.6939791077198398,1.058853671933722,-0.27420424855354086,1.2112764459485919,0.7416230909412527,1.1103228502396374,-0.12443202867142689
-1.6939791077198398,0.9760724124703651,-0.27420424855354086,1.218326691093616,0.6305081162100108,1.1044750476675955,-0.12443202867142689
-1.6939791077198398,0.874083766914713,-0.27420424855354086,1.3962097993680738,0.6065421412679778,1.1033197978954057,-0.12443202867142689
-1.6939791077198398,0.7066827108475331,-0.27420424855354086,1.2427313858263922,0.512856966494577,1.1056839646288998,-0.12443202867142689
-1.6939791077198398,0.7958844851889447,-0.27420424855354086,1.3495697161009903,0.36034621686346024,1.108048131362394,0.059708759374930816
-1.6939791077198398,0.8789913778202019,-0.27420424855354086,1.3647548594902734,0.2644823170953294,1.1104122980958884,0.059708759374930816
-1.6939791077198398,0.7359150799157789,-0.27420424855354086,1.5117253544365485,0.471461191594703,1.1125450936849486,0.059708759374930816
-1.6939791077198398,0.6314864466930806,-0.27420424855354086,1.3615009001925698,0.6370442911942008,1.114099452519216,0.059708759374930816
-1.6939791077198398,0.5512588934785497,-0.27420424855354086,1.4189875144519983,0.7045847660308386,1.1156538138945427,0.059708759374930816
-1.6939791077198398,1.039661916089925,-0.27420424855354086,1.6803889113675132,0.7089422160202997,1.11720817526987,0.059708759374930816
-1.6939791077198398,0.8615799808555269,-0.27420424855354086,1.632121848451578,0.6087208662627078,1.1187625366451968,0.059708759374930816
-1.6939791077198398,0.8716550129279875,-0.27420424855354086,1.587651071382963,0.42570796670536715,1.1203766917055167,0.059708759374930816
-1.6939791077198398,0.7530948764360079,-0.27420424855354086,1.4802704145587473,0.3581674918687302,1.1220008128035122,0.059708759374930816
-1.6939791077198398,0.9065903051671346,-0.27420424855354086,1.4732201694137235,0.37995474181603217,1.123624933901507,0.059708759374930816
-1.6939791077198398,0.8890794380906071,3.6469165057620936,0.831647861216517,0.40827816674752515,1.1252490549995025,0.059708759374930816
-1.6939791077198398,0.8420425111916262,-0.27420424855354086,1.0453245217657132,0.3647036668529202,1.1298228767666194,0.059708759374930816
-1.6939791077198398,0.6011473447710981,-0.27420424855354086,0.8208013302241718,0.2361588921638364,1.138329634453271,0.059708759374930816
-1.6939791077198398,0.6272424304594629,-0.27420424855354086,1.031766358025282,-0.007858307245951207,1.1468363895988631,0.059708759374930816
-1.6939791077198398,1.051516858412102,-0.27420424855354086,0.46883139952257696,-0.16036905687706798,1.1553431447444547,-0.0034252250981063135
-1.6939791077198398,0.8048352519704901,-0.27420424855354086,0.6006167510795682,-0.18433503181910094,1.1632180144773057,-0.0034252250981063135
-1.6939791077198398,0.8210520385534222,-0.27420424855354086,0.165128531736917,-0.012215757235411217,1.167301571733714,-0.0034252250981063135
-1.6939791077198398,0.7182016117995959,-0.27420424855354086,0.32023392492745,0.02918001766446274,1.1713851289901218,-0.0034252250981063135
-1.6939791077198398,1.170385041799275,-0.27420424855354086,-0.3083225460789423,-0.05796898212474712,1.1754686862465296,-0.0034252250981063135
-1.6939791077198398,0.9868225959081903,-0.27420424855354086,-0.08434168108701799,-0.13422435694030502,1.1795522435029382,-0.0034252250981063135
-1.6939791077198398,0.887307280157023,-0.27420424855354086,0.08594885549279849,-0.11025838199827304,1.1852041684578927,-0.0034252250981063135
-1.6939791077198398,1.773506407849069,3.6469165057620936,-0.028482046476441193,-0.26712658161884983,1.1914834404922658,-0.0034252250981063135
-1.6939791077198398,0.9673432147797518,-0.27420424855354086,-0.6375147616966129,-0.4065649812815856,1.197762709985579,-0.0034252250981063135
-1.6939791077198398,1.3542383969422505,-0.27420424855354086,-0.9075933834060032,-0.43706713120780954,1.2040419820199524,-0.0034252250981063135
-1.6939791077198398,1.5004813365348697,-0.27420424855354086,-0.4900019402007207,-0.4348884062130795,1.2095715244388214,-0.0034252250981063135
-1.6939791077198398,2.1985708004046036,-0.27420424855354086,-0.6890357839102514,-0.5372884809654004,1.214101429064391,-0.0034252250981063135
-1.6939791077198398,0.8118998910042045,3.6469165057620936,-0.8739691373297338,-0.5002501560549865,1.2186313311489014,-0.0034252250981063135
-1.6939791077198398,0.9068427937967143,-0.27420424855354086,-0.6320914962004404,-0.43924585620253953,1.2231612357744712,-0.3440856829838687
-1.6939791077198398,0.7439566722887222,-0.27420424855354086,-0.6581231705820682,-0.2126584567505939,1.227691137858981,-0.3440856829838687
-1.6939791077198398,0.6269409694439468,-0.27420424855354086,-0.3555049558956429,-0.1974073817874829,1.2300584656712281,-0.3440856829838687
-1.6939791077198398,0.4922296718785147,-0.27420424855354086,-0.34737005765138423,-0.149475431903417,1.232425793483475,-0.3440856829838687
-1.6939791077198398,1.0611169893407673,-0.27420424855354086,-0.22317727778903407,0.0030353177276997833,1.2347931212957222,-0.3440856829838687
-1.6939791077198398,1.3592541634248883,3.6469165057620936,-0.6857818246125478,0.10979284246948162,1.2371604491079693,-0.3440856829838687
-1.6939791077198398,1.3904654368020832,-0.27420424855354086,-0.8322099930092054,0.3298440669372363,1.241240891024706,-0.3440856829838687
-1.6939791077198398,0.88713523975249,-0.27420424855354086,-0.1852144193158264,0.4278866917000981,1.2466061716961354,-0.3440856829838687
-1.6939791077198398,1.154577459069954,-0.27420424855354086,0.015988730592173307,0.5912910663048658,1.2519714523675647,-0.3440856829838687
-1.6939791077198398,1.131267392952042,-0.27420424855354086,-0.1033231103236218,0.6762613410993458,1.2573367304979342,-0.3440856829838687
-1.6939791077198398,1.1349311160218558,-0.27420424855354086,0.2209881663474934,0.8178784657568116,1.2612150107559796,-0.3440856829838687
-1.6939791077198398,0.8363149313485826,-0.27420424855354086,0.28552502575194677,0.9333508904775143,1.26311062633724,-0.3440856829838687
-1.6939791077198398,1.0849212297217474,-0.27420424855354086,0.37663588608764437,1.0597169401718691,1.26500623937744,-0.3440856829838687
-1.6939791077198398,1.533680289412191,-0.27420424855354086,0.5295719730797092,1.15993828992946,1.2669018524176403,-0.47890304566066666
-1.6939791077198398,1.0336466032911824,-0.27420424855354086,0.4558155623317625,1.15993828992946,1.26879746545784,-0.47890304566066666
-1.6939791077198398,0.8551749526645609,-0.27420424855354086,0.3305381293701784,1.129436140003236,1.2701661617365838,-0.47890304566066666
-1.6939791077198398,0.7606944970635415,-0.27420424855354086,0.3560274772021891,0.9921764653352312,1.2715348554742678,-0.47890304566066666
-1.6939791077198398,1.1475774585610263,-0.27420424855354086,0.8072431664837406,0.8505593406777654,1.2729035517530114,-0.47890304566066666
-1.6939791077198398,1.0158169042685468,-0.27420424855354086,0.71070904065187,0.7176571159992207,1.274272248031756,-0.47890304566066666
-1.6939791077198398,0.9885506804889498,-0.27420424855354086,0.5241487075835363,0.5912910663048658,1.2747045026816548,-0.47890304566066666
-1.6939791077198398,0.915949306762775,-0.27420424855354086,0.8978117002698214,0.4409590416684791,1.2747621847457127,-0.47890304566066666
-1.6939791077198398,1.039830295678507,-0.27420424855354086,0.9374015383918809,0.3102355419846643,1.2748198642687099,-0.47890304566066666
-1.6939791077198398,1.1703875182335945,-0.27420424855354086,0.9563829676284843,0.20347801724288248,1.2748775463327677,-0.47890304566066666
-1.6939791077198398,1.0508296478883095,-0.27420424855354086,1.0133272553382953,0.07493324255379767,1.2752119041016148,-0.47890304566066666
-1.6939791077198398,0.8664228814555246,-0.27420424855354086,0.9612639065750397,-0.027466832198523184,1.276237958755616,-0.47890304566066666
-1.6939791077198398,0.8889901608388544,-0.27420424855354086,1.3132338372766346,-0.15819033188233797,1.2772640108685576,-0.47890304566066666
-1.6939791077198398,1.300711130484498,-0.27420424855354086,1.1337237493533248,-0.28673510657142276,1.2782900629814988,-0.6334497784852883
-1.6939791077198398,0.8649302555321016,-0.27420424855354086,0.8923884347736492,-0.22355208172424587,1.2793161176355001,-0.6334497784852883
-1.6939791077198398,0.8127828654555084,-0.27420424855354086,1.0713561961473415,-0.10372220701408205,1.2795338559925467,-0.6334497784852883
-1.6939791077198398,0.7072095094409906,-0.27420424855354086,1.192837343261605,0.10543539248002161,1.279751591808534,-0.6334497784852883
-1.6939791077198398,1.051778570862265,-0.27420424855354086,1.3799400028795565,0.1272226424273236,1.2799693301655812,-0.6334497784852883
-1.6939791077198398,0.9822844044006068,-0.27420424855354086,1.322453388620128,0.2949844670215533,1.280187065981568,-0.6334497784852883
-1.6939791077198398,0.9920790251492714,-0.27420424855354086,1.3116068576277828,0.46274629161578207,1.2822193550208638,-0.6334497784852883
-1.6939791077198398,0.805905592006829,-0.27420424855354086,0.9216740684529803,0.5695038163575639,1.2856125545307857,-0.6334497784852883
-1.6939791077198398,0.9637531925487217,-0.27420424855354086,1.0751524819946618,0.6087208662627078,1.2890057540407067,-0.6334497784852883
-1.6939791077198398,1.1067474092170613,3.6469165057620936,1.2633397947118474,0.8091635657778905,1.2923989535506286,-0.6334497784852883
-1.6939791077198398,0.847729499046034,-0.27420424855354086,0.7757882266059402,0.7808401408463975,1.296032771122654,-0.6334497784852883
-1.6939791077198398,0.8274464073097068,-0.27420424855354086,0.4992016863011431,0.7895550408253186,1.3011102996083583,-0.6334497784852883
-1.6939791077198398,0.7035048175338401,-0.27420424855354086,0.8359864736134549,0.6697251661151548,1.306187828094063,-0.6334497784852883
-1.6939791077198398,1.122931517634075,-0.27420424855354086,0.4276145817516657,0.5629676413733729,1.311265356579768,-0.8537610784693239
-1.6939791077198398,0.9475835299985744,-0.27420424855354086,0.1260810201644751,0.528108041457689,1.3163428850654728,-0.8537610784693239
-1.6939791077198398,0.8309326346414126,-0.27420424855354086,0.3961596418738653,0.512856966494577,1.317471796749823,-0.8537610784693239
-1.6939791077198398,0.8050753763736465,-0.27420424855354086,0.4606965012783179,0.3211291669583153,1.317942604363418,-0.8537610784693239
-1.6169800573689381,1.959541896421818,-0.27420424855354086,-1.1104235129628548,-1.7137999781197326,0.9954402530115626,0.29777649249200816
-1.6169800573689381,1.9610134726535213,3.6469165057620936,-1.202619026397787,-1.7660893779932585,0.9991346545382691,0.29777649249200816
-1.6169800573689381,1.9370423780239392,-0.27420424855354086,-1.1375398404437171,-1.8401660278140874,1.0003331963512225,0.29777649249200816
-1.6169800573689381,1.4716265698648914,-0.27420424855354086,-0.7899085221390599,-1.7377659530617655,1.0011157615452186,0.29777649249200816
-1.6169800573689381,1.6975847996713314,-0.27420424855354086,-0.7318795813300142,-1.5983275533990298,1.001898329280274,0.29777649249200816
-1.6169800573689381,1.6966348717675073,-0.27420424855354086,-0.16840229627769154,-1.5068211036203598,1.00268089447427,0.29777649249200816
-1.6169800573689381,1.6169351400214786,-0.27420424855354086,-0.33326956736133545,-1.391348678899656,0.9985079808397742,0.29777649249200816
-1.6169800573689381,1.2654374640023267,-0.27420424855354086,-0.5100680225365591,-1.3652039789628931,0.9935091540671971,0.29777649249200816
-1.6169800573689381,1.8324869262408114,-0.27420424855354086,0.14126616355375812,-1.393527403894387,0.9885103272946193,0.21622842921433494
-1.6169800573689381,1.6324008850887621,-0.27420424855354086,0.25732404517184926,-1.2824124291631442,0.9835115005220422,0.21622842921433494
-1.6169800573689381,1.4893217159561418,-0.27420424855354086,0.4015829073700375,-1.1996208793633953,0.9801161614395238,0.21622842921433494
-1.6169800573689381,1.3942714830645904,-0.27420424855354086,0.2410542486833319,-1.2279443042948883,0.9788588067907721,0.21622842921433494
-1.6169800573689381,1.3592054602165957,-0.27420424855354086,0.34246931346175785,-1.2606251792158423,0.9776014521420195,0.21622842921433494
-1.6169800573689381,1.7901255252831152,-0.27420424855354086,0.5756697297971751,-1.1407953045056785,0.9763440974932671,0.21622842921433494
-1.6169800573689381,1.4997199047621832,-0.27420424855354086,0.6857620193694769,-1.0993995296058034,0.9762769296518914,0.21622842921433494
-1.6169800573689381,1.5287637059185863,-0.27420424855354086,0.7681956549112987,-1.1604038294582504,0.9833508801137122,0.21622842921433494
-1.6169800573689381,1.6367520160793068,-0.27420424855354086,1.1098613811701659,-1.3063784041051771,0.990424830575533,0.21622842921433494
-1.6169800573689381,1.8977216077269403,-0.27420424855354086,1.1467395865441392,-1.42402955382061,0.9974987835784144,0.21622842921433494
-1.6169800573689381,1.7595416511573327,-0.27420424855354086,1.232969507933282,-1.5046423786256289,1.004572734040235,0.21622842921433494
-1.6169800573689381,1.7166494498318794,-0.27420424855354086,1.363670206391039,-1.5721828534622668,1.004513082654607,0.21622842921433494
-1.6169800573689381,1.6059100005934315,-0.27420424855354086,1.3880749011238156,-1.5373232535465828,1.0015999884971518,0.21622842921433494
-1.6169800573689381,1.7207834441900205,-0.27420424855354086,1.197175955658543,-1.5024636536308988,0.9986868968807561,0.14980621638332778
-1.6169800573689381,1.4999895489802406,-0.27420424855354086,1.1890410574142847,-1.5612892284886157,0.9957738027233011,0.14980621638332778
-1.6169800573689381,1.4371404633319997,-0.27420424855354086,1.3370962054597935,-1.6026850033884898,0.9955721365713269,0.14980621638332778
-1.6169800573689381,1.322000480032841,-0.27420424855354086,1.46400061807023,-1.6353658783094436,0.9989857077599958,0.14980621638332778
-1.6169800573689381,1.3624281805805154,-0.27420424855354086,1.2378504468798368,-1.5656466784780758,1.002399278948664,0.14980621638332778
-1.6169800573689381,1.6991942128016702,-0.27420424855354086,1.565415682848656,-1.5939701034095697,1.005812850137332,0.14980621638332778
-1.6169800573689381,1.5263661406481517,-0.27420424855354086,1.5393840084670278,-1.452352978752103,1.009226418784941,0.14980621638332778
-1.6169800573689381,1.6497108379721996,-0.27420424855354086,1.5204025792304243,-1.51335727860455,1.0083247820561574,0.14980621638332778
-1.6169800573689381,1.4693712560064454,-0.27420424855354086,1.434714984390899,-1.6113999033674107,1.0074231453273748,0.14980621638332778
-1.6169800573689381,1.542529432660737,-0.27420424855354086,1.1478242396433735,-1.7029063531460815,1.0065215060575312,0.14980621638332778
-1.6169800573689381,1.425025746638693,3.6469165057620936,0.9992267650482474,-1.7290510530828445,1.0056198693287486,0.14980621638332778
-1.6169800573689381,1.3438682743918362,-0.27420424855354086,1.159755423734953,-1.6920127281724306,1.0063169100632734,0.14980621638332778
-1.6169800573689381,1.219424973378884,-0.27420424855354086,1.1456549334449049,-1.6005062783937598,1.0082129550836887,0.14980621638332778
-1.6169800573689381,1.404050706852048,-0.27420424855354086,0.46503511367525585,-1.6462595032830947,1.0101090026451642,0.19189553936535253
-1.6169800573689381,1.4443932754836792,-0.27420424855354086,0.13692755115681984,-1.5808977534411877,1.0120050502066396,0.19189553936535253
-1.6169800573689381,1.3446791989605698,-0.27420424855354086,0.278474780606922,-1.391348678899656,1.0137034439500243,0.19189553936535253
-1.6169800573689381,1.2434543180505142,-0.27420424855354086,0.4249029490035796,-1.380455053926005,1.014907708230303,0.19189553936535253
-1.6169800573689381,1.35975246507849,-0.27420424855354086,0.3023371487900809,-1.4000635788785771,1.016111975051641,0.19189553936535253
-1.6169800573689381,1.6043565225774066,-0.27420424855354086,-0.15267482633879134,-1.458889153736294,1.01731623933192,0.19189553936535253
-1.6169800573689381,1.5644308921703425,-0.27420424855354086,-0.05288674120921759,-1.3739188789418142,1.018520503612198,0.19189553936535253
-1.6169800573689381,1.636079574435553,-0.27420424855354086,-0.5344727172693352,-1.2802337041684142,1.015627072177724,0.19189553936535253
-1.6169800573689381,2.895806037995356,3.6469165057620936,0.12553869361485756,-1.358667803978703,1.012050690186928,0.19189553936535253
-1.6169800573689381,1.7420316633944406,-0.27420424855354086,-0.6147370466126884,-1.417493378836419,1.0084743081961316,0.19189553936535253
-1.6169800573689381,2.393343364600331,-0.27420424855354086,-0.822448115116095,-1.1233655045478366,1.0048979262053355,0.19189553936535253
-1.6169800573689381,2.8068723645868463,-0.27420424855354086,-0.7112711724445588,-1.0667186546848495,1.0033668485636187,0.19189553936535253
-1.6169800573689381,3.0064312347830304,-0.27420424855354086,-0.5800281474371843,-1.0296803297744357,1.0033697479131827,0.19189553936535253
-1.6169800573689381,1.2658622981044356,3.6469165057620936,-0.7248293361849901,-0.9054930050748118,1.0033726472627458,0.19189553936535253
-1.6169800573689381,1.2795297750067178,-0.27420424855354086,-0.8663765656350924,-0.8335950802487139,1.0033755466123089,0.10311337370014428
-1.6169800573689381,1.2546627674537687,-0.27420424855354086,-1.4992716490384226,-0.8183440052856019,1.0047167994420745,0.10311337370014428
-1.6169800573689381,1.2675677179276137,-0.27420424855354086,-1.0448020004591674,-0.7464460804595041,1.0140881731530482,0.10311337370014428
-1.6169800573689381,1.1670510075071896,-0.27420424855354086,-0.9672493038639007,-0.759518430427886,1.0234595443229628,0.10311337370014428
-1.6169800573689381,1.5869224608551509,-0.27420424855354086,-1.215634863588601,-0.805271655317221,1.0328309180339366,0.10311337370014428
-1.6169800573689381,2.0152655268340953,3.6469165057620936,-1.4900520976949296,-0.7333737304911231,1.0422022917449112,0.10311337370014428
-1.6169800573689381,1.8588611312002838,-0.27420424855354086,-0.153759479438026,-0.6832630556123271,1.0500909899267756,0.10311337370014428
-1.6169800573689381,1.4149445952611373,-0.27420424855354086,0.007311505798297109,-0.6396885557177222,1.0573866148477236,0.10311337370014428
-1.6169800573689381,1.680706733344262,-0.27420424855354086,-0.15701343873572926,-0.15383288189287797,1.0646822397686724,0.10311337370014428
-1.6169800573689381,1.4967678335461896,-0.27420424855354086,-0.43197299939167494,0.21872909220599443,1.0719778672306812,0.10311337370014428
-1.6169800573689381,1.538849899890663,-0.27420424855354086,0.08974514134011925,0.2819121170531713,1.078355513865403,0.10311337370014428
-1.6169800573689381,1.294085574022821,-0.27420424855354086,0.4747969915683667,0.2492312421322174,1.0843659722349073,0.10311337370014428
-1.6169800573689381,1.355115880169628,-0.27420424855354086,-0.2839178513461659,0.36034621686346024,1.0903764306044117,0.039321743555512795
-1.6169800573689381,1.4401423683023888,-0.27420424855354086,0.34355396656099213,0.573861266347024,1.096386886432856,0.039321743555512795
-1.6169800573689381,1.456140905651991,-0.27420424855354086,0.4780509508660703,0.8374869907093835,1.1018968931817483,0.039321743555512795
-1.6169800573689381,1.5097463054070561,-0.27420424855354086,0.47317001191951485,0.9769253903721192,1.10615577596123,0.039321743555512795
-1.6169800573689381,1.2570884169250056,-0.27420424855354086,0.463408134026404,0.9834615653563102,1.1104146587407124,0.039321743555512795
-1.6169800573689381,1.422539926991551,-0.27420424855354086,0.04418971117227008,1.1926191648504139,1.114673541520195,0.039321743555512795
-1.6169800573689381,1.4239207544670507,-0.27420424855354086,0.7562644708197193,1.177368089887302,1.1189324242996765,0.039321743555512795
-1.6169800573689381,1.154328200572096,-0.27420424855354086,0.3511465382556337,1.194797889845144,1.1131135059576855,0.039321743555512795
-1.6169800573689381,1.3507394105902442,-0.27420424855354086,0.8544255763004416,0.9311721654827844,1.1072945901567535,0.039321743555512795
-1.6169800573689381,1.5948362476829723,-0.27420424855354086,1.2150727317959122,0.7416230909412527,1.1014756718147622,0.039321743555512795
-1.6169800573689381,1.5865759933376455,-0.27420424855354086,1.232969507933282,0.6305081162100108,1.0956567534727704,0.039321743555512795
-1.6169800573689381,1.6307549176344394,-0.27420424855354086,1.402717717963481,0.6065421412679778,1.0945097951796567,0.039321743555512795
-1.6169800573689381,1.3385245598135644,-0.27420424855354086,1.328961307215535,0.512856966494577,1.096866806287935,0.039321743555512795
-1.6169800573689381,1.4736826025412844,-0.27420424855354086,1.357162287795632,0.36034621686346024,1.099223817396214,-0.01263226450042379
-1.6169800573689381,1.4502084995674387,-0.27420424855354086,1.4661699242686994,0.2644823170953294,1.1015808310455533,-0.01263226450042379
-1.6169800573689381,1.3282267024878347,-0.27420424855354086,1.5816854793371733,0.471461191594703,1.103710689169149,-0.01263226450042379
-1.6169800573689381,1.2539859292418378,-0.27420424855354086,1.5551114784059283,0.6370442911942008,1.105272668642628,-0.01263226450042379
-1.6169800573689381,1.1407099652333934,-0.27420424855354086,1.594701316527987,0.7045847660308386,1.106834650657167,-0.01263226450042379
-1.6169800573689381,1.492455517971834,-0.27420424855354086,1.7720420982528284,0.7089422160202997,1.1083966301306458,-0.01263226450042379
-1.6169800573689381,1.3777212392169214,-0.27420424855354086,1.6765926255201922,0.6087208662627078,1.109958609604124,-0.01263226450042379
-1.6169800573689381,1.4339368904711192,-0.27420424855354086,1.5833124589860252,0.42570796670536715,1.1115749677635427,-0.01263226450042379
-1.6169800573689381,1.3927443126769212,-0.27420424855354086,1.6153097254134432,0.3581674918687302,1.1132003898843046,-0.01263226450042379
-1.6169800573689381,1.3711738339977328,-0.27420424855354086,1.5713812748944458,0.37995474181603217,1.114825809464006,-0.01263226450042379
-1.6169800573689381,1.2614946216614051,3.6469165057620936,0.9384861914911151,0.40827816674752515,1.116451231584768,-0.01263226450042379
-1.6169800573689381,1.1599946770900706,-0.27420424855354086,0.9862109278574328,0.3647036668529202,1.1210151864155529,-0.01263226450042379
-1.6169800573689381,1.1202645234876982,-0.27420424855354086,0.8088701461325923,0.2361588921638364,1.1294971890948011,-0.01263226450042379
-1.6169800573689381,1.0863385576857023,-0.27420424855354086,0.9477057428346085,-0.007858307245951207,1.1379791892329902,-0.01263226450042379
-1.6169800573689381,1.422198663575153,-0.27420424855354086,0.5019133190492292,-0.16036905687706798,1.1464611919122387,-0.2829246355256141
-1.6169800573689381,1.2541039726110899,-0.27420424855354086,0.5968204652322479,-0.18433503181910094,1.1543129405393253,-0.2829246355256141
-1.6169800573689381,1.4170426914306171,-0.27420424855354086,0.20959930880553151,-0.012215757235411217,1.1583831623123775,-0.2829246355256141
-1.6169800573689381,1.2997099511573562,-0.27420424855354086,0.28227106645424316,0.02918001766446274,1.1624533866264897,-0.2829246355256141
-1.6169800573689381,1.6414070127389824,-0.27420424855354086,-0.2784945858499933,-0.05796898212474712,1.1665236083995427,-0.2829246355256141
-1.6169800573689381,1.5714517808644037,-0.27420424855354086,-0.07241049699543856,-0.13422435694030502,1.170593832713655,-0.2829246355256141
-1.6169800573689381,1.539217488880593,-0.27420424855354086,0.07293301830198438,-0.11025838199827304,1.1762218513752767,-0.2829246355256141
-1.6169800573689381,2.815908747804193,3.6469165057620936,-0.23348148223176168,-0.26712658161884983,1.1824729887923262,-0.2829246355256141
-1.6169800573689381,1.6328724663749548,-0.27420424855354086,-0.6467343130401059,-0.4065649812815856,1.1887241236683157,-0.2829246355256141
-1.6169800573689381,2.235107771403133,-0.27420424855354086,-1.0252782446729465,-0.43706713120780954,1.1949752610853657,-0.2829246355256141
-1.6169800573689381,2.490265207592143,-0.27420424855354086,-0.5713509226433081,-0.4348884062130795,1.2004831562133222,-0.2829246355256141
-1.6169800573689381,3.0064312347830304,-0.27420424855354086,-0.7595382353604941,-0.5372884809654004,1.2050000607754687,-0.2829246355256141
-1.6169800573689381,1.4880091698762041,3.6469165057620936,-0.8728844842304991,-0.5002501560549865,1.209516967878675,-0.2829246355256141
-1.6169800573689381,1.3539472544030677,-0.27420424855354086,-0.7546572964139387,-0.43924585620253953,1.2140338724408215,-0.535460573417762
-1.6169800573689381,1.255617271377532,-0.27420424855354086,-0.7958741141848495,-0.2126584567505939,1.2185507795440278,-0.535460573417762
-1.6169800573689381,1.1964764846168645,-0.27420424855354086,-0.4862056543533999,-0.1974073817874829,1.2209145219204867,-0.535460573417762
-1.6169800573689381,1.1052019885851645,-0.27420424855354086,-0.55128484030747,-0.149475431903417,1.2232782642969457,-0.535460573417762
-1.6169800573689381,1.5976064983733864,-0.27420424855354086,-0.2958490354377453,0.0030353177276997833,1.2256420041323448,-0.535460573417762
-1.6169800573689381,1.8991262663964756,3.6469165057620936,-0.7421837857727421,0.10979284246948162,1.2280057465088037,-0.535460573417762
-1.6169800573689381,2.066672804007365,-0.27420424855354086,-0.9135589754517929,0.3298440669372363,1.2320788625492993,-0.535460573417762
-1.6169800573689381,1.4657144059391285,-0.27420424855354086,-0.3273039753155457,0.4278866917000981,1.2374340120141478,-0.535460573417762
-1.6169800573689381,1.6285721920138505,-0.27420424855354086,-0.10169613067477,0.5912910663048658,1.2427891589379358,-0.535460573417762
-1.6169800573689381,1.6017847096457625,-0.27420424855354086,-0.19280699101046794,0.6762613410993458,1.2481443058617239,-0.535460573417762
-1.6169800573689381,1.6707908570397998,-0.27420424855354086,0.1635015520880652,0.8178784657568116,1.2520172270240377,-0.535460573417762
-1.6169800573689381,1.3376512757574255,-0.27420424855354086,0.18139832822543472,0.9333508904775143,1.2539138488650943,-0.535460573417762
-1.6169800573689381,1.457958752004261,-0.27420424855354086,0.3343344152174988,1.0597169401718691,1.25581047070615,-0.535460573417762
-1.6169800573689381,1.9452691107800653,-0.27420424855354086,0.4211066631562592,1.15993828992946,1.2577070925472058,-0.6446297549023888
-1.6169800573689381,1.5986278660237894,-0.27420424855354086,0.40212523391965505,1.15993828992946,1.2596037143882624,-0.6446297549023888
-1.6169800573689381,1.43976882151395,-0.27420424855354086,0.2725091885611323,1.129436140003236,1.260968380545702,-0.6446297549023888
-1.6169800573689381,1.2904445695461169,-0.27420424855354086,0.3544004975533373,0.9921764653352312,1.2623330467031422,-0.6446297549023888
-1.6169800573689381,1.5772515541514278,-0.27420424855354086,0.8712376993385764,0.8505593406777654,1.2636977128605824,-0.6446297549023888
-1.6169800573689381,1.5657018592769516,-0.27420424855354086,0.716132306148043,0.7176571159992207,1.2650623790180227,-0.6446297549023888
-1.6169800573689381,1.7153999451560433,-0.27420424855354086,0.5751274032475576,0.5912910663048658,1.265497149317412,-0.6446297549023888
-1.6169800573689381,1.5572139703711263,-0.27420424855354086,0.9504173755826946,0.4409590416684791,1.2655599617817923,-0.6446297549023888
-1.6169800573689381,1.5523710697711286,-0.27420424855354086,0.9607215800254222,0.3102355419846643,1.2656227742461728,-0.6446297549023888
-1.6169800573689381,1.7320455676153839,-0.27420424855354086,0.977533703063557,0.20347801724288248,1.2656855867105539,-0.6446297549023888
-1.6169800573689381,1.6471788992221426,-0.27420424855354086,1.078948767841983,0.07493324255379767,1.266022109462598,-0.6446297549023888
-1.6169800573689381,1.5122471631118801,-0.27420424855354086,1.1049804422236111,-0.027466832198523184,1.2670429066632718,-0.6446297549023888
-1.6169800573689381,1.5002470622591653,-0.27420424855354086,1.3913288604215184,-0.15819033188233797,1.268063703863945,-0.6446297549023888
-1.6169800573689381,1.7881976570553688,-0.27420424855354086,1.2763556319026619,-0.28673510657142276,1.269084501064619,-0.859022243842077
-1.6169800573689381,1.4087787224338104,-0.27420424855354086,1.0577980324069103,-0.22355208172424587,1.270105295724233,-0.859022243842077
-1.6169800573689381,1.3901001806850635,-0.27420424855354086,1.223749956589789,-0.10372220701408205,1.2703196061912179,-0.859022243842077
-1.6169800573689381,1.2793020327751612,-0.27420424855354086,1.3940404931696053,0.10543539248002161,1.2705339141171428,-0.859022243842077
-1.6169800573689381,1.616995722936437,-0.27420424855354086,1.6028362147722461,0.1272226424273236,1.2707482220430668,-0.859022243842077
-1.6169800573689381,1.474538515666831,-0.27420424855354086,1.5122676809861653,0.2949844670215533,1.2709625325100518,-0.859022243842077
-1.6169800573689381,1.5845353576224595,-0.27420424855354086,1.3083528983300798,0.46274629161578207,1.2729885730825843,-0.859022243842077
-1.6169800573689381,1.4926060600552413,-0.27420424855354086,0.8809995772316865,0.5695038163575639,1.276373415045868,-0.859022243842077
-1.6169800573689381,1.6187519455535273,-0.27420424855354086,1.191752690162371,0.6087208662627078,1.2797582544680919,-0.859022243842077
-1.6169800573689381,1.532065564509688,3.6469165057620936,1.4634582915206134,0.8091635657778905,1.283143096431375,-0.859022243842077
-1.6169800573689381,1.3813791301044593,-0.27420424855354086,0.8251399426211097,0.7808401408463975,1.2867685793263033,-0.859022243842077
-1.6169800573689381,1.4075953098420357,-0.27420424855354086,0.5653655253544475,0.7895550408253186,1.2918379103521556,-0.859022243842077
-1.6169800573689381,1.2587488481913713,-0.27420424855354086,1.0187505208344683,0.6697251661151548,1.2969072413780078,-0.859022243842077
-1.6169800573689381,1.710698972954862,-0.27420424855354086,0.5208947482858326,0.5629676413733729,1.3019765724038603,-1.118792284121761
-1.6169800573689381,1.535597282863141,-0.27420424855354086,0.01653105714179045,0.528108041457689,1.3070459034297126,-1.118792284121761
-1.6169800573689381,1.4409280081178117,-0.27420424855354086,0.40212523391965505,0.512856966494577,1.3081736614727817,-1.118792284121761
-1.6169800573689381,1.4166444879700362,-0.27420424855354086,0.4948630739042052,0.3211291669583153,1.3086444919559173,-1.118792284121761
-1.5399810070180362,-1.0469341410376516,-0.27420424855354086,-0.8110592575741327,-1.7137999781197326,1.0887549903248117,-0.3309327695519857
-1.5399810070180362,-1.1203178167764702,3.6469165057620936,-0.6906627635591033,-1.7660893779932585,1.0925643036709372,-0.3309327695519857
-1.5399810070180362,-1.1186790094474641,-0.27420424855354086,-0.7373028468261867,-1.8401660278140874,1.093710199800933,-0.3309327695519857
-1.5399810070180362,-1.1445870525639659,-0.27420424855354086,-0.46722422511679645,-1.7377659530617655,1.0944121905205146,-0.3309327695519857
-1.5399810070180362,-1.1302359721183137,-0.27420424855354086,-0.41353389670468865,-1.5983275533990298,1.095114181240096,-0.3309327695519857
-1.5399810070180362,-1.1858684410353342,-0.27420424855354086,0.13096195911103012,-1.5068211036203598,1.0958161745007373,-0.3309327695519857
-1.5399810070180362,-1.2017895808398487,-0.27420424855354086,-0.013296903087158137,-1.391348678899656,1.0914292197516269,-0.3309327695519857
-1.5399810070180362,-1.2293880416121994,-0.27420424855354086,-0.19551862375855406,-1.3652039789628931,1.0861941074244006,-0.3309327695519857
-1.5399810070180362,-1.1157140894852884,-0.27420424855354086,0.2654589434161083,-1.393527403894387,1.0809589950971745,-0.3473739113418393
-1.5399810070180362,-1.1290368036618075,-0.27420424855354086,0.39778662152271715,-1.2824124291631442,1.0757238827699482,-0.3473739113418393
-1.5399810070180362,-1.2382816888977997,-0.27420424855354086,0.34246931346175785,-1.1996208793633953,1.0721823920752565,-0.3473739113418393
-1.5399810070180362,-1.2652292601830506,-0.27420424855354086,0.39073637637769315,-1.2279443042948883,1.0708990627102584,-0.3473739113418393
-1.5399810070180362,-1.2270567478775884,-0.27420424855354086,0.5192677686369808,-1.2606251792158423,1.0696157333452594,-0.3473739113418393
-1.5399810070180362,-1.158729645952158,-0.27420424855354086,0.6944392441633527,-1.1407953045056785,1.0683324039802604,-0.3473739113418393
-1.5399810070180362,-1.1855862531390908,-0.27420424855354086,0.8956423940713528,-1.0993995296058034,1.0682926643415027,-0.3473739113418393
-1.5399810070180362,-1.2584342833125701,-0.27420424855354086,0.8213436567737894,-1.1604038294582504,1.0757144579780717,-0.3473739113418393
-1.5399810070180362,-1.2470820571573475,-0.27420424855354086,0.9726527641170016,-1.3063784041051771,1.0831362541557015,-0.3473739113418393
-1.5399810070180362,-1.1629558426257778,-0.27420424855354086,0.9688564782696812,-1.42402955382061,1.0905580503333305,-0.3473739113418393
-1.5399810070180362,-1.2382389255428394,-0.27420424855354086,1.162467056483039,-1.5046423786256289,1.0979798465109596,-0.3473739113418393
-1.5399810070180362,-1.2219810265611608,-0.27420424855354086,1.2394774265286885,-1.5721828534622668,1.0979268120458077,-0.3473739113418393
-1.5399810070180362,-1.2340587941366066,-0.27420424855354086,1.254120243368355,-1.5373232535465828,1.0948838468481796,-0.3473739113418393
-1.5399810070180362,-1.1913398714328467,-0.27420424855354086,1.167890321979212,-1.5024636536308988,1.0918408791094911,-0.34540097432705685
-1.5399810070180362,-1.2486523498035014,-0.27420424855354086,1.1434856272464355,-1.5612892284886157,1.088797913911863,-0.34540097432705685
-1.5399810070180362,-1.2423453381651126,-0.27420424855354086,1.2828635504980685,-1.6026850033884898,1.0885711802020954,-0.34540097432705685
-1.5399810070180362,-1.2421018041784724,-0.27420424855354086,1.2286308955363434,-1.6353658783094436,1.0920994218094737,-0.34540097432705685
-1.5399810070180362,-1.2509118807783615,-0.27420424855354086,1.1592130971853363,-1.5656466784780758,1.095627663416853,-0.34540097432705685
-1.5399810070180362,-1.152786383035986,-0.27420424855354086,1.3267920010170657,-1.5939701034095697,1.099155905024232,-0.34540097432705685
-1.5399810070180362,-1.2659098668819897,-0.27420424855354086,1.414106575505443,-1.452352978752103,1.1026841466316104,-0.34540097432705685
-1.5399810070180362,-1.2441408786633266,-0.27420424855354086,1.483524373856451,-1.51335727860455,1.1016264227456998,-0.34540097432705685
-1.5399810070180362,-1.2254673436187478,-0.27420424855354086,1.3821093090780259,-1.6113999033674107,1.100568698859789,-0.34540097432705685
-1.5399810070180362,-1.2176793524763108,-0.27420424855354086,1.2741863257041925,-1.7029063531460815,1.099510974973878,-0.34540097432705685
-1.5399810070180362,-1.2431848314544072,3.6469165057620936,1.094133911231266,-1.7290510530828445,1.0984532485469067,-0.34540097432705685
-1.5399810070180362,-1.2237974552445083,-0.27420424855354086,1.1765675467730878,-1.6920127281724306,1.099106435666387,-0.34540097432705685
-1.5399810070180362,-1.2371446645865838,-0.27420424855354086,0.8804572506820698,-1.6005062783937598,1.1010428047693812,-0.34540097432705685
-1.5399810070180362,-1.2314789597111868,-0.27420424855354086,0.7014894893083767,-1.6462595032830947,1.1029791738723744,-0.2020342179195352
-1.5399810070180362,-1.1662962474554253,-0.27420424855354086,0.34301164001137463,-1.5808977534411877,1.1049155429753685,-0.2020342179195352
-1.5399810070180362,-1.2551660719269027,-0.27420424855354086,0.49052446150726653,-1.391348678899656,1.106654985003458,-0.2020342179195352
-1.5399810070180362,-1.2492233653111935,-0.27420424855354086,0.5951934855833961,-1.380455053926005,1.107902101721105,-0.2020342179195352
-1.5399810070180362,-1.2497693293528664,-0.27420424855354086,0.6168865475680864,-1.4000635788785771,1.109149218438752,-0.2020342179195352
-1.5399810070180362,-1.1159273499596256,-0.27420424855354086,0.1233693874163886,-1.458889153736294,1.110396335156399,-0.2020342179195352
-1.5399810070180362,-1.1814999750045496,-0.27420424855354086,0.11523448917212993,-1.3739188789418142,1.111643451874046,-0.2020342179195352
-1.5399810070180362,-1.2067842079048854,-0.27420424855354086,-0.15972507148381573,-1.2802337041684142,1.1086405820635876,-0.2020342179195352
-1.5399810070180362,-0.8604018940964568,3.6469165057620936,0.4362918065455415,-1.358667803978703,1.1049293790475627,-0.2020342179195352
-1.5399810070180362,-1.0203778822653087,-0.27420424855354086,-0.3744863851322467,-1.417493378836419,1.101218176031537,-0.2020342179195352
-1.5399810070180362,-1.0361314859045243,-0.27420424855354086,-0.5171182676815832,-1.1233655045478366,1.0975069730155111,-0.2020342179195352
-1.5399810070180362,-0.9813675455719415,-0.27420424855354086,-0.4590893268725374,-1.0667186546848495,1.09587091909933,-0.2020342179195352
-1.5399810070180362,-0.7878628798576872,-0.27420424855354086,-0.19009535826238186,-1.0296803297744357,1.0957912263727672,-0.2020342179195352
-1.5399810070180362,-1.1886013657591863,3.6469165057620936,-0.4048566719108124,-0.9054930050748118,1.0957115336462044,-0.2020342179195352
-1.5399810070180362,-1.196562599632964,-0.27420424855354086,-0.39672177366655376,-0.8335950802487139,1.0956318409196417,-0.21058361165025888
-1.5399810070180362,-1.1915024906198581,-0.27420424855354086,-0.8625802797877715,-0.8183440052856019,1.0969420750288805,-0.21058361165025888
-1.5399810070180362,-1.245668928364631,-0.27420424855354086,-0.5382690031166559,-0.7464460804595041,1.106591867611866,-0.21058361165025888
-1.5399810070180362,-1.2205644522946077,-0.27420424855354086,-0.6483612926889577,-0.759518430427886,1.1162416601948524,-0.21058361165025888
-1.5399810070180362,-1.0883977089381238,-0.27420424855354086,-0.7980434203833185,-0.805271655317221,1.1258914527778379,-0.21058361165025888
-1.5399810070180362,-1.102736478992881,3.6469165057620936,-0.9271171391922242,-0.7333737304911231,1.1355412453608242,-0.21058361165025888
-1.5399810070180362,-1.098688244631951,-0.27420424855354086,0.04961297666844266,-0.6832630556123271,1.1436285705867941,-0.21058361165025888
-1.5399810070180362,-1.162520869499098,-0.27420424855354086,0.3652470285456825,-0.6396885557177222,1.1510909119192296,-0.21058361165025888
-1.5399810070180362,-1.0909674940648537,-0.27420424855354086,0.2410542486833319,-0.15383288189287797,1.1585532532516651,-0.21058361165025888
-1.5399810070180362,-1.1489864201882212,-0.27420424855354086,0.03388550672954246,0.21872909220599443,1.1660155945841004,-0.21058361165025888
-1.5399810070180362,-1.171675924166865,-0.27420424855354086,0.4775086243164528,0.2819121170531713,1.1725754504736827,-0.21058361165025888
-1.5399810070180362,-1.1921797954063709,-0.27420424855354086,0.6656959370336384,0.2492312421322174,1.1787743132025474,-0.21058361165025888
-1.5399810070180362,-1.2031758636489227,-0.27420424855354086,0.4390034392936284,0.36034621686346024,1.184973175931413,-0.19545776120359395
-1.5399810070180362,-1.1860934376549268,-0.27420424855354086,0.6445452015985657,0.573861266347024,1.1911720386602778,-0.19545776120359395
-1.5399810070180362,-1.218080032371212,-0.27420424855354086,0.8251399426211097,0.8374869907093835,1.1968512546006054,-0.19545776120359395
-1.5399810070180362,-1.172123602478317,-0.27420424855354086,0.8809995772316865,0.9769253903721192,1.2012313510285317,-0.19545776120359395
-1.5399810070180362,-1.2160078849265628,-0.27420424855354086,0.977533703063557,0.9834615653563102,1.205611449997518,-0.19545776120359395
-1.5399810070180362,-1.1341119866229483,-0.27420424855354086,0.4764239712172185,1.1926191648504139,1.2099915464254443,-0.19545776120359395
-1.5399810070180362,-1.1820784377603781,-0.27420424855354086,1.0415282359183928,1.177368089887302,1.2143716453944304,-0.19545776120359395
-1.5399810070180362,-1.2210366078264396,-0.27420424855354086,0.8202590036745551,1.194797889845144,1.208244143256091,-0.19545776120359395
-1.5399810070180362,-1.212517189245975,-0.27420424855354086,1.287744489444624,0.9311721654827844,1.2021166436588118,-0.19545776120359395
-1.5399810070180362,-1.167372078715691,-0.27420424855354086,1.2812365708492175,0.7416230909412527,1.1959891415204726,-0.19545776120359395
-1.5399810070180362,-1.172520711283148,-0.27420424855354086,1.311064531078166,0.6305081162100108,1.1898616419231933,-0.19545776120359395
-1.5399810070180362,-1.1513730568463305,-0.27420424855354086,1.4260377595970224,0.6065421412679778,1.1886261124395592,-0.19545776120359395
-1.5399810070180362,-1.183499641882399,-0.27420424855354086,1.3164877965743382,0.512856966494577,1.1910595637174854,-0.19545776120359395
-1.5399810070180362,-1.2132132467416497,-0.27420424855354086,1.325165021368214,0.36034621686346024,1.1934930149954108,-0.2000612809047527
-1.5399810070180362,-1.1662264586650601,-0.27420424855354086,1.3403501647574971,0.2644823170953294,1.1959264662733369,-0.2000612809047527
-1.5399810070180362,-1.2051529734402489,-0.27420424855354086,1.4357996374901334,0.471461191594703,1.1980876683731505,-0.2000612809047527
-1.5399810070180362,-1.2281891243881604,-0.27420424855354086,1.3842786152764943,0.6370442911942008,1.1995682551508657,-0.2000612809047527
-1.5399810070180362,-1.2555305384561681,-0.27420424855354086,1.486236006604537,0.7045847660308386,1.2010488393875212,-0.2000612809047527
-1.5399810070180362,-1.1396047717801765,-0.27420424855354086,1.5068444154899931,0.7089422160202997,1.2025294236241766,-0.2000612809047527
-1.5399810070180362,-1.1927303893035115,-0.27420424855354086,1.5301644571235344,0.6087208662627078,1.2040100078608313,-0.2000612809047527
-1.5399810070180362,-1.1939146632637454,-0.27420424855354086,1.5063020889403755,0.42570796670536715,1.2056028383448707,-0.2000612809047527
-1.5399810070180362,-1.2178703250417682,-0.27420424855354086,1.4645429446198477,0.3581674918687302,1.2072143735722376,-0.2000612809047527
-1.5399810070180362,-1.2006050197567952,-0.27420424855354086,1.5431802943143489,0.37995474181603217,1.2088259087996038,-0.2000612809047527
-1.5399810070180362,-1.1981666292104336,3.6469165057620936,1.1418586475975838,0.40827816674752515,1.2104374465680299,-0.2000612809047527
-1.5399810070180362,-1.201249574596685,-0.27420424855354086,1.2454430185744783,0.3647036668529202,1.2151068020303146,-0.2000612809047527
-1.5399810070180362,-1.219877690400221,-0.27420424855354086,1.0588826855061446,0.2361588921638364,1.2238532502921369,-0.2000612809047527
-1.5399810070180362,-1.2140832109401858,-0.27420424855354086,1.1884987308646673,-0.007858307245951207,1.232599696012899,-0.2000612809047527
-1.5399810070180362,-1.1515183051027498,-0.27420424855354086,0.8067008399341238,-0.16036905687706798,1.2413461442747205,-0.44339017939458314
-1.5399810070180362,-1.2144337879030478,-0.27420424855354086,0.7096243875526358,-0.18433503181910094,1.249444909353219,-0.44339017939458314
-1.5399810070180362,-1.166531311318884,-0.27420424855354086,0.4536462561332939,-0.012215757235411217,1.2536575753317722,-0.44339017939458314
-1.5399810070180362,-1.176285842543847,-0.27420424855354086,0.5626538926063614,0.02918001766446274,1.2578702387692655,-0.44339017939458314
-1.5399810070180362,-1.050844394938536,-0.27420424855354086,-0.07349515009467283,-0.05796898212474712,1.2620829047478195,-0.44339017939458314
-1.5399810070180362,-1.1435832173507414,-0.27420424855354086,0.0561208952638499,-0.13422435694030502,1.2662955681853127,-0.44339017939458314
-1.5399810070180362,-1.1595997896024566,-0.27420424855354086,0.17597506272926178,-0.11025838199827304,1.2721789735502849,-0.44339017939458314
-1.5399810070180362,-0.8759112818323357,3.6469165057620936,0.39778662152271715,-0.26712658161884983,1.2787306726369758,-0.44339017939458314
-1.5399810070180362,-1.0273934591872054,-0.27420424855354086,-0.30886487262855944,-0.4065649812815856,1.2852823742647275,-0.44339017939458314
-1.5399810070180362,-1.0341022992117739,-0.27420424855354086,-0.6185333324600091,-0.43706713120780954,1.2918340733514182,-0.44339017939458314
-1.5399810070180362,-0.9587777449924408,-0.27420424855354086,-0.14725156084261878,-0.4348884062130795,1.2975732252761047,-0.44339017939458314
-1.5399810070180362,-0.8861471744645373,-0.27420424855354086,-0.39346781436885053,-0.5372884809654004,1.3022289809847842,-0.44339017939458314
-1.5399810070180362,-1.1385771771536215,3.6469165057620936,-0.6711390077728823,-0.5002501560549865,1.3068847392345238,-0.44339017939458314
-1.5399810070180362,-1.1607855350671414,-0.27420424855354086,-0.447158142780958,-0.43924585620253953,1.3115404949432032,-0.6827732038548486
-1.5399810070180362,-1.2159482710511211,-0.27420424855354086,-0.47752842955952407,-0.2126584567505939,1.3161962506518827,-0.6827732038548486
-1.5399810070180362,-1.2188554075458307,-0.27420424855354086,-0.2421587070256375,-0.1974073817874829,1.3185982969681476,-0.6827732038548486
-1.5399810070180362,-1.248106960007468,-0.27420424855354086,-0.14128596879682906,-0.149475431903417,1.321000343284413,-0.6827732038548486
-1.5399810070180362,-1.1127239565505076,-0.27420424855354086,-0.07241049699543856,0.0030353177276997833,1.3234023870596188,-0.6827732038548486
-1.5399810070180362,-1.0259916717458673,3.6469165057620936,-0.4889172871014864,0.10979284246948162,1.3258044333758843,-0.6827732038548486
-1.5399810070180362,-1.0218667755920754,-0.27420424855354086,-0.4487851224298098,0.3298440669372363,1.3299558216903518,-0.6827732038548486
-1.5399810070180362,-1.1235542113646788,-0.27420424855354086,-0.029566699575675863,0.4278866917000981,1.335419217774001,-0.6827732038548486
-1.5399810070180362,-1.0323441026252982,-0.27420424855354086,0.05340926251576342,0.5912910663048658,1.3408826138576508,-0.6827732038548486
-1.5399810070180362,-1.0764722061830039,-0.27420424855354086,0.0024305668517420618,0.6762613410993458,1.3463460099412998,-0.6827732038548486
-1.5399810070180362,-1.136384420179519,-0.27420424855354086,0.1808560016758172,0.8178784657568116,1.350276171023216,-0.6827732038548486
-1.5399810070180362,-1.1325594955916163,-0.27420424855354086,0.31806461872898145,0.9333508904775143,1.352162021310548,-0.6827732038548486
-1.5399810070180362,-1.1440774454493383,-0.27420424855354086,0.4715430322706631,1.0597169401718691,1.3540478690568198,-0.6827732038548486
-1.5399810070180362,-0.9722644242441888,-0.27420424855354086,0.6694922228809596,1.15993828992946,1.355933719344151,-0.793915322354258
-1.5399810070180362,-1.120208745995334,-0.27420424855354086,0.6597303449878487,1.15993828992946,1.357819569631483,-0.793915322354258
-1.5399810070180362,-1.0950273748451582,-0.27420424855354086,0.6174288741177032,1.129436140003236,1.359227278805799,-0.793915322354258
-1.5399810070180362,-1.1671777862926305,-0.27420424855354086,0.6901006317664148,0.9921764653352312,1.3606349879801145,-0.793915322354258
-1.5399810070180362,-1.085890696037852,-0.27420424855354086,1.022004480132172,0.8505593406777654,1.3620426971544302,-0.793915322354258
-1.5399810070180362,-1.1001180086030344,-0.27420424855354086,0.7877194106975196,0.7176571159992207,1.3634504063287456,-0.793915322354258
-1.5399810070180362,-1.1250126337822042,-0.27420424855354086,0.6353256502550723,0.5912910663048658,1.3638583176229768,-0.793915322354258
-1.5399810070180362,-1.132929094441284,-0.27420424855354086,0.9715681110177673,0.4409590416684791,1.3638663067159011,-0.793915322354258
-1.5399810070180362,-1.0996098550476816,-0.27420424855354086,1.1326390962540904,0.3102355419846643,1.3638742983498864,-0.793915322354258
-1.5399810070180362,-1.0743640966051864,-0.27420424855354086,1.1380623617502634,0.20347801724288248,1.3638822899838714,-0.793915322354258
-1.5399810070180362,-1.0820123486603075,-0.27420424855354086,1.3013026531850551,0.07493324255379767,1.3641956967122713,-0.793915322354258
-1.5399810070180362,-1.1225268859157673,-0.27420424855354086,1.1950066494600744,-0.027466832198523184,1.3652726487998883,-0.793915322354258
-1.5399810070180362,-1.1163046113995445,-0.27420424855354086,1.3967521259176914,-0.15819033188233797,1.3663496008875051,-0.793915322354258
-1.5399810070180362,-1.137406039062389,-0.27420424855354086,1.2188690176432333,-0.28673510657142276,1.3674265504340621,-1.010938393980323
-1.5399810070180362,-1.1271654447940147,-0.27420424855354086,1.1722289343761498,-0.22355208172424587,1.3685035025216792,-1.010938393980323
-1.5399810070180362,-1.099329336052828,-0.27420424855354086,1.123419544910597,-0.10372220701408205,1.36875443982881,-1.010938393980323
-1.5399810070180362,-1.1764881205703304,-0.27420424855354086,1.3164877965743382,0.10543539248002161,1.3690053745948816,-1.010938393980323
-1.5399810070180362,-1.1216433731091762,-0.27420424855354086,1.4038023710627154,0.1272226424273236,1.3692563119020131,-1.010938393980323
-1.5399810070180362,-1.1722105289119833,-0.27420424855354086,1.3658395125895078,0.2949844670215533,1.3695072492091445,-1.010938393980323
-1.5399810070180362,-1.1666345499177448,-0.27420424855354086,1.4477308215817126,0.46274629161578207,1.3716000129375374,-1.010938393980323
-1.5399810070180362,-1.1351751485887946,-0.27420424855354086,1.2118187724982095,0.5695038163575639,1.3750741502934662,-1.010938393980323
-1.5399810070180362,-1.1416550440549993,-0.27420424855354086,1.3295036337651527,0.6087208662627078,1.378548285108335,-1.010938393980323
-1.5399810070180362,-1.142747905287509,3.6469165057620936,1.3191994293224243,0.8091635657778905,1.3820224224642639,-1.010938393980323
-1.5399810070180362,-1.1438974194413822,-0.27420424855354086,0.9596369269261878,0.7808401408463975,1.385736954269008,-1.010938393980323
-1.5399810070180362,-1.131689441667199,-0.27420424855354086,0.6570187122397626,0.7895550408253186,1.3908938553077044,-1.010938393980323
-1.5399810070180362,-1.1757970159432958,-0.27420424855354086,0.9108275374606352,0.6697251661151548,1.3960507588874602,-1.010938393980323
-1.5399810070180362,-1.0793513302576156,-0.27420424855354086,0.6548494060412933,0.5629676413733729,1.4012076624672165,-1.2082320954585637
-1.5399810070180362,-1.1381276325438414,-0.27420424855354086,0.5230640544843019,0.528108041457689,1.406364563505913,-1.2082320954585637
-1.5399810070180362,-1.113527146748285,-0.27420424855354086,0.692812264514501,0.512856966494577,1.4075046279030012,-1.2082320954585637
-1.5399810070180362,-1.1477672249150406,-0.27420424855354086,0.7589761035678053,0.3211291669583153,1.407975219526488,-1.2082320954585637
-1.4629819566671345,1.9562299526416744,-0.27420424855354086,-0.9168129347494965,-1.6571531282567467,-1.1469412514636286,0.49441254829865455
-1.4629819566671345,2.051632826191355,3.6469165057620936,-1.7259641467784332,-1.7116212531250026,-1.1455641595223451,0.49441254829865455
-1.4629819566671345,1.8031870115292297,-0.27420424855354086,-1.3132536425197059,-1.7835191779511004,-1.1448011401625668,0.49441254829865455
-1.4629819566671345,1.580430990750277,-0.27420424855354086,-1.0469713066576365,-1.6745829282145885,-1.1441404645389994,0.49441254829865455
-1.4629819566671345,1.6617739622838403,-0.27420424855354086,-0.931455751589162,-1.5351445285518528,-1.143479788915432,0.49441254829865455
-1.4629819566671345,1.5240746134240704,-0.27420424855354086,-0.5984672501241707,-1.42620827881534,-1.1428191132918641,0.49441254829865455
-1.4629819566671345,1.5296470751637674,-0.27420424855354086,-0.29693368853698,-1.3412380040208611,-1.1427591569790254,0.49441254829865455
-1.4629819566671345,1.2875844853034868,-0.27420424855354086,-1.1256086563521377,-1.3216294790682892,-1.1427993235158784,0.49441254829865455
-1.4629819566671345,1.6764704873719527,-0.27420424855354086,-0.645107333391254,-1.347774179005051,-1.1428394875116712,0.016304145049717934
-1.4629819566671345,1.3879221028651187,-0.27420424855354086,-0.3527933231475568,-1.2758762541789532,-1.142879654048524,0.016304145049717934
-1.4629819566671345,1.4472613632749087,-0.27420424855354086,-0.24053172737678608,-1.1952634293739344,-1.1438910772785233,0.016304145049717934
-1.4629819566671345,1.3596139103728049,-0.27420424855354086,-0.20582282820128206,-1.2061570543475855,-1.1461975136678182,0.016304145049717934
-1.4629819566671345,1.3858055769996487,-0.27420424855354086,-0.41353389670468865,-1.2453741042527302,-1.1485039475160528,0.016304145049717934
-1.4629819566671345,1.714835515528028,-0.27420424855354086,-0.21124609369745423,-1.1386165795109484,-1.1508103839053478,0.016304145049717934
-1.4629819566671345,1.4904690228533388,-0.27420424855354086,0.09137212098897106,-1.1190080545583756,-1.1528750358859579,0.016304145049717934
-1.4629819566671345,1.5409942407792925,-0.27420424855354086,0.3652470285456825,-1.1734761794266324,-1.1534889890376387,0.016304145049717934
-1.4629819566671345,1.4580536102058212,-0.27420424855354086,0.3831438046830516,-1.3129145790893682,-1.1541029421893192,0.016304145049717934
-1.4629819566671345,1.540165137747036,-0.27420424855354086,0.5512650350643987,-1.432744453799531,-1.154716895341,0.016304145049717934
-1.4629819566671345,1.4815358243993237,-0.27420424855354086,0.9645178658727434,-1.5046423786256289,-1.155330848492681,0.016304145049717934
-1.4629819566671345,1.5876225380703015,-0.27420424855354086,1.131554443154856,-1.5765403034517278,-1.1552775675447002,0.016304145049717934
-1.4629819566671345,1.4385261180599056,-0.27420424855354086,1.1082344015213141,-1.5351445285518528,-1.1549573939732793,0.016304145049717934
-1.4629819566671345,1.500769428394093,-0.27420424855354086,0.7047434486060803,-1.5046423786256289,-1.154637220401858,-0.3283021868656094
-1.4629819566671345,1.376716237567242,-0.27420424855354086,1.0675599103000204,-1.5721828534622668,-1.1543170468304371,-0.3283021868656094
-1.4629819566671345,1.5314385421069763,-0.27420424855354086,0.9688564782696812,-1.6070424533779508,-1.154367702863344,-0.3283021868656094
-1.4629819566671345,1.441711081773034,-0.27420424855354086,1.0366472969718374,-1.6266509783305227,-1.1549128034508087,-0.3283021868656094
-1.4629819566671345,1.3487745035187557,-0.27420424855354086,1.0865413395366246,-1.5438594285307738,-1.1554579014972133,-0.3283021868656094
-1.4629819566671345,1.5479677003725734,-0.27420424855354086,0.8603911683462313,-1.5656466784780758,-1.156002999543618,-0.3283021868656094
-1.4629819566671345,1.7263645913950139,-0.27420424855354086,0.9444517835369048,-1.4392806287837219,-1.1565480975900229,-0.3283021868656094
-1.4629819566671345,1.7086533125903312,-0.27420424855354086,0.9851262747581986,-1.498106203641439,-1.1562267754594404,-0.3283021868656094
-1.4629819566671345,1.4416700591001683,-0.27420424855354086,0.7470449194762259,-1.6070424533779508,-1.1559054558699184,-0.3283021868656094
-1.4629819566671345,1.5986071931807704,-0.27420424855354086,0.8750339851858968,-1.6876552781829697,-1.1555841337393364,-0.3283021868656094
-1.4629819566671345,1.472924975145959,3.6469165057620936,0.6982355300106738,-1.7094425281302725,-1.1552628141498142,-0.3283021868656094
-1.4629819566671345,1.5341876533797898,-0.27420424855354086,0.23020771769098675,-1.6658680282356677,-1.1544779797891578,-0.3283021868656094
-1.4629819566671345,1.3739822181876393,-0.27420424855354086,0.015988730592173307,-1.5612892284886157,-1.1533455157028007,-0.3283021868656094
-1.4629819566671345,1.43165144666178,-0.27420424855354086,0.17868669547734825,-1.6113999033674107,-1.1522130490753835,-0.48942537640617284
-1.4629819566671345,1.6266685497740172,-0.27420424855354086,0.3831438046830516,-1.5547530535044247,-1.1510805824479662,-0.48942537640617284
-1.4629819566671345,1.4756603224686025,-0.27420424855354086,0.07401767140121905,-1.3652039789628931,-1.1498733070114806,-0.48942537640617284
-1.4629819566671345,1.5838068731933341,-0.27420424855354086,0.19007555301931053,-1.356489078983972,-1.148479001929143,-0.48942537640617284
-1.4629819566671345,1.594076789879671,-0.27420424855354086,-0.20202654235396128,-1.395706128889117,-1.1470846968468054,-0.48942537640617284
-1.4629819566671345,1.737248412560237,-0.27420424855354086,-0.49162891984957247,-1.437101903788992,-1.145690394305528,-0.48942537640617284
-1.4629819566671345,1.7133426922076667,-0.27420424855354086,-0.4346846321397614,-1.3455954540103212,-1.144296089223191,-0.48942537640617284
-1.4629819566671345,1.8892325882750118,-0.27420424855354086,-0.6841548449636964,-1.2606251792158423,-1.1427450591776425,-0.48942537640617284
-1.4629819566671345,3.0064312347830304,3.6469165057620936,-0.6825278653148446,-1.3216294790682892,-1.141167907034363,-0.48942537640617284
-1.4629819566671345,1.8977040932349378,-0.27420424855354086,-0.7736387256505426,-1.3760976039365451,-1.1395907574321429,-0.48942537640617284
-1.4629819566671345,2.256562198627631,-0.27420424855354086,-0.9905693454974425,-1.0863271796374225,-1.1380136052888628,-0.48942537640617284
-1.4629819566671345,3.0064312347830304,-0.27420424855354086,-0.7644191743070492,-1.0340377797638967,-1.1358261616614929,-0.48942537640617284
-1.4629819566671345,3.0064312347830304,-0.27420424855354086,-0.9466408949784451,-1.0275016047797056,-1.1331810019621151,-0.48942537640617284
-1.4629819566671345,1.345600235130661,3.6469165057620936,-1.224312088382477,-0.8793483051380488,-1.1305358397216771,-0.48942537640617284
-1.4629819566671345,1.4669231391745663,-0.27420424855354086,-1.1565212696803207,-0.8248801802697929,-1.1278906774812394,-0.8951927557797549
-1.4629819566671345,1.472353690460623,-0.27420424855354086,-1.576282019084072,-0.79873548033303,-1.125116823252511,-0.8951927557797549
-1.4629819566671345,1.509843819494699,-0.27420424855354086,-1.2107539246420456,-0.7442673554647741,-1.1215708145529781,-0.8951927557797549
-1.4629819566671345,1.3803638279236234,-0.27420424855354086,-1.0881881244285472,-0.7333737304911231,-1.1180248058534457,-0.8951927557797549
-1.4629819566671345,1.9274138937168277,-0.27420424855354086,-1.41304172764928,-0.790020580354109,-1.114478799694973,-0.8951927557797549
-1.4629819566671345,2.050807168632935,3.6469165057620936,-1.484628832198757,-0.7094077555490901,-1.1109327909954403,-0.8951927557797549
-1.4629819566671345,2.2816687563380973,-0.27420424855354086,-0.6776469263682892,-0.6549396306808342,-1.1074738745894543,-0.8951927557797549
-1.4629819566671345,1.853854193744352,-0.27420424855354086,-0.6326338227500575,-0.5917566058336563,-1.1040497961173112,-0.8951927557797549
-1.4629819566671345,1.8993650628565903,-0.27420424855354086,-0.7649615008566664,-0.11679455698246305,-1.1006257176451681,-0.8951927557797549
-1.4629819566671345,1.785166734735013,-0.27420424855354086,-0.5279647986739283,0.22308654219545443,-1.097201639173025,-0.8951927557797549
-1.4629819566671345,1.9227290183387258,-0.27420424855354086,-0.47752842955952407,0.29716319201628333,-1.0943380296197744,-0.8951927557797549
-1.4629819566671345,1.6135137845018506,-0.27420424855354086,-0.08488400763663513,0.2644823170953294,-1.0916986050930215,-0.8951927557797549
-1.4629819566671345,1.5347024287051718,-0.27420424855354086,-0.1993149096058748,0.35381004187926923,-1.0890591805662684,-1.2661049145588477
-1.4629819566671345,1.848217201150926,-0.27420424855354086,0.10547261127901945,0.5368229414366099,-1.0864197560395152,-1.2661049145588477
-1.4629819566671345,1.6429859370149038,-0.27420424855354086,0.09082979443935392,0.7960912158095095,-1.0842108938166406,-1.2661049145588477
-1.4629819566671345,2.109583847767861,-0.27420424855354086,0.44117274549209695,0.9202785405091334,-1.0830784271892238,-1.2661049145588477
-1.4629819566671345,1.4950812202677017,-0.27420424855354086,0.19278718576739665,0.9202785405091334,-1.081945960561806,-1.2661049145588477
-1.4629819566671345,1.8279917313754788,-0.27420424855354086,0.14885873524839927,1.105470165061204,-1.080813496475449,-1.2661049145588477
-1.4629819566671345,1.7179512108609025,-0.27420424855354086,0.5415031571712886,1.1185425150295851,-1.0796810298480322,-1.2661049145588477
-1.4629819566671345,1.7416408354012907,-0.27420424855354086,0.532825932377412,1.138151039982157,-1.0800195651196685,-1.2661049145588477
-1.4629819566671345,1.6896616813518694,-0.27420424855354086,0.7042011220564636,0.8984912905618304,-1.0803581003913043,-1.2661049145588477
-1.4629819566671345,1.8310323440909995,-0.27420424855354086,0.9542136614300157,0.7067634910255687,-1.0806966331218808,-1.2661049145588477
-1.4629819566671345,1.8464189509311009,-0.27420424855354086,1.051290113811503,0.6130783162521688,-1.0810351683935164,-1.2661049145588477
-1.4629819566671345,1.967116842432033,-0.27420424855354086,1.2389350999790718,0.5651463663681029,-1.0808448353695468,-1.2661049145588477
-1.4629819566671345,1.72868700226739,-0.27420424855354086,1.1489088927426079,0.4605675666210511,-1.080257850488608,-1.2661049145588477
-1.4629819566671345,1.8061897240325493,-0.27420424855354086,1.2947947345896487,0.3167717169688553,-1.0796708656076692,-1.4647139073802766
-1.4629819566671345,1.8331224367118806,-0.27420424855354086,1.2975063673377347,0.24051634215329643,-1.0790838807267304,-1.4647139073802766
-1.4629819566671345,1.8017275124011303,-0.27420424855354086,1.2259192627882574,0.4453164916579401,-1.078541651537168,-1.4647139073802766
-1.4629819566671345,1.7787297641303546,-0.27420424855354086,1.202599221154716,0.5847548913206749,-1.0781113103055173,-1.4647139073802766
-1.4629819566671345,1.6951818329028514,-0.27420424855354086,1.2850328566965379,0.6544740911520428,-1.0776809690738665,-1.4647139073802766
-1.4629819566671345,2.00093770333684,-0.27420424855354086,1.3788553497803222,0.6610102661362337,-1.077250627842215,-1.4647139073802766
-1.4629819566671345,1.9033363124114868,-0.27420424855354086,1.2101917928493575,0.5629676413733729,-1.0768202891516243,-1.4647139073802766
-1.4629819566671345,2.1316408740102197,-0.27420424855354086,1.1988029353073948,0.41699306672644615,-1.0758292757162733,-1.4647139073802766
-1.4629819566671345,1.6930573752694866,-0.27420424855354086,1.1283004838571526,0.3581674918687302,-1.0747448147960879,-1.4647139073802766
-1.4629819566671345,1.8544385245728086,-0.27420424855354086,0.9395708445903495,0.37995474181603217,-1.0736603564169631,-1.4647139073802766
-1.4629819566671345,1.8808514911129413,3.6469165057620936,0.6873889990183287,0.42570796670536715,-1.0725758980378393,-1.4647139073802766
-1.4629819566671345,1.8493367468604924,-0.27420424855354086,0.6559340591405283,0.3777760168213022,-1.071000768578391,-1.4647139073802766
-1.4629819566671345,1.7700712524889182,-0.27420424855354086,0.4644927871256391,0.2492312421322174,-1.068771412705886,-1.4647139073802766
-1.4629819566671345,1.5871744111294435,-0.27420424855354086,0.6228521396138761,0.027001292669732738,-1.0665420542923203,-1.4647139073802766
-1.4629819566671345,2.0129255476341883,-0.27420424855354086,0.27793245405730527,-0.12986690695084502,-1.064312698419815,-1.7941943888489391
-1.4629819566671345,1.847491121375416,-0.27420424855354086,0.16729783793538597,-0.16472650686652895,-1.0623600157110398,-1.7941943888489391
-1.4629819566671345,2.086508809623056,-0.27420424855354086,0.22369979909558027,0.005214042722430755,-1.0620673846899404,-1.7941943888489391
-1.4629819566671345,1.9858677032409935,-0.27420424855354086,-0.29042576994157276,0.00739276771716076,-1.061774753668842,-1.7941943888489391
-1.4629819566671345,2.218361314998547,-0.27420424855354086,-0.5859937394829741,-0.0797562320720491,-1.0614821226477433,-1.7941943888489391
-1.4629819566671345,2.078050942997066,-0.27420424855354086,-0.7345912140781006,-0.15819033188233797,-1.0611894890855849,-1.7941943888489391
-1.4629819566671345,2.1514783511303612,-0.27420424855354086,-0.5545387996051737,-0.140760531924496,-1.0609322423262482,-1.7941943888489391
-1.4629819566671345,3.0064312347830304,3.6469165057620936,-0.6890357839102514,-0.2910925565608828,-1.0606891467305566,-1.7941943888489391
-1.4629819566671345,2.0385182581139465,-0.27420424855354086,-1.1906878423062075,-0.39785008130266464,-1.060446051134865,-1.7941943888489391
-1.4629819566671345,2.6270410438475023,-0.27420424855354086,-1.5741127128856032,-0.44796075618146053,-1.0602029580802335,-1.7941943888489391
-1.4629819566671345,3.0064312347830304,-0.27420424855354086,-1.3137959690693235,-0.4566756561603815,-1.0591222147309611,-1.7941943888489391
-1.4629819566671345,3.0064312347830304,-0.27420424855354086,-1.3419969496494202,-0.5568970059179724,-1.0569246068632285,-1.7941943888489391
-1.4629819566671345,1.726463487261227,3.6469165057620936,-1.289391274336547,-0.5220374060022884,-1.0547269989954953,-1.7941943888489391
-1.4629819566671345,1.7994289506679662,-0.27420424855354086,-1.1944841281535283,-0.43706713120780954,-1.0525293936688227,-2.146692468823396
-1.4629819566671345,1.6090495450655176,-0.27420424855354086,-1.4238882586416253,-0.2083010067611339,-1.0503317858010903,-2.146692468823396
-1.4629819566671345,1.7228599164221416,-0.27420424855354086,-1.0073814685355769,-0.18651375681383095,-1.04943667705568,-2.146692468823396
-1.4629819566671345,1.5857995952879818,-0.27420424855354086,-1.1039155943674475,-0.149475431903417,-1.0485415683102697,-2.146692468823396
-1.4629819566671345,2.024834433156118,-0.27420424855354086,-1.02256661192486,-0.010037032240681212,-1.04764645956486,-2.146692468823396
-1.4629819566671345,2.3860470174511135,3.6469165057620936,-1.5003563021376571,0.11415029245894259,-1.0467513508194497,-2.146692468823396
-1.4629819566671345,2.481119717703307,-0.27420424855354086,-1.4358194427332045,0.29280574202682236,-1.0449797872507547,-2.146692468823396
-1.4629819566671345,2.1204611548341123,-0.27420424855354086,-1.0496829394057225,0.39738454177387417,-1.042550884470391,-2.146692468823396
-1.4629819566671345,2.083956592823857,-0.27420424855354086,-0.5577927589028769,0.5673250913628339,-1.040121981690028,-2.146692468823396
-1.4629819566671345,2.0770134426332314,-0.27420424855354086,-0.3815366302772707,0.6719038911098848,-1.0376930789096641,-2.146692468823396
-1.4629819566671345,2.099474755750913,-0.27420424855354086,-0.04637882261381034,0.7590528908990946,-1.0355378991222652,-2.146692468823396
-1.4629819566671345,1.8780763234442395,-0.27420424855354086,-0.08651098728548694,0.8723465906250675,-1.0337476790903846,-2.146692468823396
-1.4629819566671345,1.874109057718467,-0.27420424855354086,0.6488838139955035,1.0052488153036123,-1.031957461599564,-2.146692468823396
-1.4629819566671345,2.5575050830704,-0.27420424855354086,0.38097449848458226,1.101112715071743,-1.030167244108744,-2.3433285246300426
-1.4629819566671345,1.9026770963626156,-0.27420424855354086,0.4352071534463072,1.138151039982157,-1.0283770266179233,-2.3433285246300426
-1.4629819566671345,1.9727269890418166,-0.27420424855354086,0.4303262144997518,1.101112715071743,-1.028139861856483,-2.3433285246300426
-1.4629819566671345,1.8286788521733899,-0.27420424855354086,0.8571372090485276,0.9834615653563102,-1.0279026945539835,-2.3433285246300426
-1.4629819566671345,2.0671750356545613,-0.27420424855354086,1.0561710527580583,0.8462018906883044,-1.0276655297925432,-2.3433285246300426
-1.4629819566671345,1.94280211562279,-0.27420424855354086,0.37826286573649615,0.7111209410150297,-1.0274283650311027,-2.3433285246300426
-1.4629819566671345,2.085562524590007,-0.27420424855354086,0.4211066631562592,0.5695038163575639,-1.0286229351671357,-2.3433285246300426
-1.4629819566671345,1.9903146614726155,-0.27420424855354086,0.9113698640102527,0.41917179172117713,-1.0303902018032174,-2.3433285246300426
-1.4629819566671345,2.035578264001557,-0.27420424855354086,0.908115904712549,0.27101849207952033,-1.0321574684392985,-2.3433285246300426
-1.4629819566671345,2.1538302279821107,-0.27420424855354086,0.9460787631857567,0.16208224234300753,-1.0339247350753802,-2.3433285246300426
-1.4629819566671345,2.1339716473347203,-0.27420424855354086,1.0995571767274384,0.02918001766446274,-1.0354530327973575,-2.3433285246300426
-1.4629819566671345,2.0677695952334694,-0.27420424855354086,1.1369777086510284,-0.06450515710893713,-1.0363839069635437,-2.3433285246300426
-1.4629819566671345,1.9440614183648486,-0.27420424855354086,1.2779826115515138,-0.2213733567295149,-1.0373147811297296,-2.3433285246300426
-1.4629819566671345,2.1165798106121367,-0.27420424855354086,1.0686445633992554,-0.37388410636063263,-1.0382456578369759,-2.3522067411965635
-1.4629819566671345,1.8936169716771136,-0.27420424855354086,0.8782879444836005,-0.2932712815556128,-1.0391765320031618,-2.3522067411965635
-1.4629819566671345,2.02876403195698,-0.27420424855354086,1.0019383977963334,-0.2083010067611339,-1.0387117644894024,-2.3522067411965635
-1.4629819566671345,1.8009499479150113,-0.27420424855354086,1.1060650953228455,-0.0056795822512212026,-1.0382469969756436,-2.3522067411965635
-1.4629819566671345,2.026880578040407,-0.27420424855354086,1.2579165292156753,0.03353746765392372,-1.037782226920824,-2.3522067411965635
-1.4629819566671345,2.060713623719875,-0.27420424855354086,1.2226653034905537,0.2557674171164084,-1.037317459407065,-2.3522067411965635
-1.4629819566671345,2.222529961491991,-0.27420424855354086,1.125046524559449,0.4213505167159071,-1.036433007867675,-2.3522067411965635
-1.4629819566671345,1.93846029817871,-0.27420424855354086,0.8186320240257032,0.5477165664102609,-1.0352337901327369,-2.3522067411965635
-1.4629819566671345,1.8593932595110823,-0.27420424855354086,0.8571372090485276,0.6261506662205498,-1.0340345749388589,-2.3522067411965635
-1.4629819566671345,1.9382145210450408,3.6469165057620936,1.1619247299334223,0.7634103408885556,-1.0328353572039202,-2.3522067411965635
-1.4629819566671345,1.925204052934953,-0.27420424855354086,0.40863315251506227,0.7568741659043646,-1.0316888740890435,-2.3522067411965635
-1.4629819566671345,1.928046443233818,-0.27420424855354086,0.4503922968355903,0.7895550408253186,-1.0308587961534723,-2.3522067411965635
-1.4629819566671345,1.7632768857544296,-0.27420424855354086,0.6006167510795682,0.6697251661151548,-1.030028715676842,-2.3522067411965635
-1.4629819566671345,2.0902652733636353,-0.27420424855354086,0.13041963256141298,0.5695038163575639,-1.0291986352002118,-2.3522067411965635
-1.4629819566671345,1.9524295232193274,-0.27420424855354086,-0.19280699101046794,0.5324654914471499,-1.0283685572646413,-2.3522067411965635
-1.4629819566671345,1.888258972738562,-0.27420424855354086,0.20580302295821035,0.5477165664102609,-1.0273106021422622,-2.3522067411965635
-1.4629819566671345,1.9821617910618594,-0.27420424855354086,0.16133224588959624,0.3385589669161573,-1.0262146657947078,-2.3522067411965635
-1.3859829063162326,-1.3061506325288588,-0.27420424855354086,-1.1369975138940998,-1.7137999781197326,1.0183445123313801,-0.8583645981704833
-1.3859829063162326,-1.315746636066991,3.6469165057620936,-1.13103192184831,-1.7660893779932585,1.0220671196250923,-0.8583645981704833
-1.3859829063162326,-1.330781338001189,-0.27420424855354086,-1.058902490749216,-1.8401660278140874,1.0232527401474858,-0.8583645981704833
-1.3859829063162326,-1.3902982018201442,-0.27420424855354086,-0.7573689291620248,-1.7377659530617655,1.0240155282707952,-0.8583645981704833
-1.3859829063162326,-1.3569666879259994,-0.27420424855354086,-0.6385994147958473,-1.5983275533990298,1.0247783163941058,-0.8583645981704833
-1.3859829063162326,-1.3418247635638165,-0.27420424855354086,-0.11742360061367019,-1.5068211036203598,1.025541107058476,-0.8583645981704833
-1.3859829063162326,-1.3697962327693192,-0.27420424855354086,-0.2822908716973141,-1.391348678899656,1.021315657006606,-0.8583645981704833
-1.3859829063162326,-1.3849122442970232,-0.27420424855354086,-0.4444465100328719,-1.3652039789628931,1.0162588330785196,-0.8583645981704833
-1.3859829063162326,-1.2806094426500612,-0.27420424855354086,0.1363852246072027,-1.393527403894387,1.0112020091504335,-0.924786811001491
-1.3859829063162326,-1.2866848000084752,-0.27420424855354086,0.2453928610802698,-1.2824124291631442,1.006145185222347,-0.924786811001491
-1.3859829063162326,-1.324660023046446,-0.27420424855354086,0.25135845312605953,-1.1996208793633953,1.0027139739945297,-0.924786811001491
-1.3859829063162326,-1.3569953643176176,-0.27420424855354086,0.2421389017825662,-1.2279443042948883,1.0014502438260098,-0.924786811001491
-1.3859829063162326,-1.339304812191482,-0.27420424855354086,0.3722972736907064,-1.2606251792158423,1.0001865136574908,-0.924786811001491
-1.3859829063162326,-1.2768111666488624,-0.27420424855354086,0.5892278935376064,-1.1407953045056785,0.9989227834889709,-0.924786811001491
-1.3859829063162326,-1.3429370414770092,-0.27420424855354086,0.76602634871283,-1.0993995296058034,0.998862346915775,-0.924786811001491
-1.3859829063162326,-1.334069037848244,-0.27420424855354086,0.7882617372471371,-1.1604038294582504,1.006021676996642,-0.924786811001491
-1.3859829063162326,-1.3189993607655703,-0.27420424855354086,1.0382742766206894,-1.3063784041051771,1.013181007077508,-0.924786811001491
-1.3859829063162326,-1.269088836906257,-0.27420424855354086,1.0236314597810237,-1.42402955382061,1.0203403371583748,-0.924786811001491
-1.3859829063162326,-1.3429942148084835,-0.27420424855354086,1.0865413395366246,-1.5046423786256289,1.0274996697803014,-0.924786811001491
-1.3859829063162326,-1.312211615801111,-0.27420424855354086,1.2606281619637614,-1.5721828534622668,1.0274416421320716,-0.924786811001491
-1.3859829063162326,-1.3454789218546988,-0.27420424855354086,1.2503239575210339,-1.5373232535465828,1.024496670375779,-0.924786811001491
-1.3859829063162326,-1.3262130344878886,-0.27420424855354086,1.1163692997655732,-1.5024636536308988,1.0215516986194864,-0.9043997951820724
-1.3859829063162326,-1.3516671902619624,-0.27420424855354086,1.1104037077197835,-1.5612892284886157,1.0186067268631938,-0.9043997951820724
-1.3859829063162326,-1.371599202570493,-0.27420424855354086,1.2644244478110824,-1.6026850033884898,1.01839890880474,-0.9043997951820724
-1.3859829063162326,-1.3822928587031886,-0.27420424855354086,1.2470699982233302,-1.6353658783094436,1.0218406273160332,-0.9043997951820724
-1.3859829063162326,-1.3927254663572421,-0.27420424855354086,1.18199081226926,-1.5656466784780758,1.0252823432862654,-0.9043997951820724
-1.3859829063162326,-1.331507310105642,-0.27420424855354086,1.379397676329939,-1.5939701034095697,1.0287240592564972,-0.9043997951820724
-1.3859829063162326,-1.3612346968602387,-0.27420424855354086,1.450442454329799,-1.452352978752103,1.0321657777677902,-0.9043997951820724
-1.3859829063162326,-1.3599282341950432,-0.27420424855354086,1.4667122508183161,-1.51335727860455,1.0312258269349603,-0.9043997951820724
-1.3859829063162326,-1.357569574066679,-0.27420424855354086,1.4309186985435778,-1.6113999033674107,1.0302858786431905,-0.9043997951820724
-1.3859829063162326,-1.2942621327271286,-0.27420424855354086,1.2687630602080204,-1.7029063531460815,1.0293459303514207,-0.9043997951820724
-1.3859829063162326,-1.325244335929726,3.6469165057620936,1.0409859093687754,-1.7290510530828445,1.028405979518591,-0.9043997951820724
-1.3859829063162326,-1.3682668730701497,-0.27420424855354086,1.1722289343761498,-1.6920127281724306,1.0290922563225715,-0.9043997951820724
-1.3859829063162326,-1.3492935638566208,-0.27420424855354086,0.9688564782696812,-1.6005062783937598,1.0309981987720405,-0.9043997951820724
-1.3859829063162326,-1.3671552232381254,-0.27420424855354086,0.5659078519040642,-1.6462595032830947,1.0329041437625692,-0.7255201725084678
-1.3859829063162326,-1.3540252223091587,-0.27420424855354086,0.23454633008792466,-1.5808977534411877,1.034810088753097,-0.7255201725084678
-1.3859829063162326,-1.3716359901817679,-0.27420424855354086,0.4037522135685068,-1.391348678899656,1.0365185577997418,-0.7255201725084678
-1.3859829063162326,-1.3639068771625467,-0.27420424855354086,0.5583152802094228,-1.380455053926005,1.0377333395277353,-0.7255201725084678
-1.3859829063162326,-1.3763903672274147,-0.27420424855354086,0.5377068713239674,-1.4000635788785771,1.0389481237967888,-0.7255201725084678
-1.3859829063162326,-1.2915482837256105,-0.27420424855354086,-0.09681519172821457,-1.458889153736294,1.0401629055247825,-0.7255201725084678
-1.3859829063162326,-1.3336888333994232,-0.27420424855354086,0.09245677408820535,-1.3739188789418142,1.0413776897938358,-0.7255201725084678
-1.3859829063162326,-1.3416610676662313,-0.27420424855354086,-0.4417348772847854,-1.2802337041684142,1.038457394272084,-0.7255201725084678
-1.3859829063162326,-0.998948039932248,3.6469165057620936,0.2974562098435262,-1.358667803978703,1.0348479200557268,-0.7255201725084678
-1.3859829063162326,-1.2571283948930139,-0.27420424855354086,-0.5073563897884726,-1.417493378836419,1.0312384483804302,-0.7255201725084678
-1.3859829063162326,-1.2421968418317955,-0.27420424855354086,-0.6722236608721166,-1.1233655045478366,1.0276289741640738,-0.7255201725084678
-1.3859829063162326,-1.2152976327964888,-0.27420424855354086,-0.49108659329995535,-1.0667186546848495,1.026072127631978,-0.7255201725084678
-1.3859829063162326,-1.0390597438716587,-0.27420424855354086,-0.3066955664300905,-1.0296803297744357,1.0260547544041385,-0.7255201725084678
-1.3859829063162326,-1.3402337621842917,3.6469165057620936,-0.5897900253302948,-0.9054930050748118,1.0260373837173586,-0.7255201725084678
-1.3859829063162326,-1.3614681456578368,-0.27420424855354086,-0.6705966812232651,-0.8335950802487139,1.026020010489519,-0.8136446925020816
-1.3859829063162326,-1.4076061807341962,-0.27420424855354086,-1.2432935176190807,-0.8183440052856019,1.0273536477621923,-0.8136446925020816
-1.3859829063162326,-1.3812687095504699,-0.27420424855354086,-0.8273290540626503,-0.7464460804595041,1.0367933607432447,-0.8136446925020816
-1.3859829063162326,-1.3744943157971272,-0.27420424855354086,-0.87668077007782,-0.759518430427886,1.0462330737242964,-0.8136446925020816
-1.3859829063162326,-1.2838266538448782,-0.27420424855354086,-1.0301591836195014,-0.805271655317221,1.0556727841642883,-0.8136446925020816
-1.3859829063162326,-1.3161686348312551,3.6469165057620936,-1.215634863588601,-0.7333737304911231,1.0651124971453407,-0.8136446925020816
-1.3859829063162326,-1.2353577916084897,-0.27420424855354086,-0.09952682447630104,-0.6832630556123271,1.073049948106104,-0.8136446925020816
-1.3859829063162326,-1.346551684489829,-0.27420424855354086,0.14560477595069604,-0.6396885557177222,1.0803864942587524,-0.8136446925020816
-1.3859829063162326,-1.2848666485882094,-0.27420424855354086,-0.0170931889344789,-0.15383288189287797,1.0877230404114004,-0.8136446925020816
-1.3859829063162326,-1.3493536443066447,-0.27420424855354086,-0.26710572830803103,0.21872909220599443,1.0950595865640484,-0.8136446925020816
-1.3859829063162326,-1.3151150196991643,-0.27420424855354086,0.19766812471395206,0.2819121170531713,1.1014819583974267,-0.8136446925020816
-1.3859829063162326,-1.3464206847033378,-0.27420424855354086,0.5447571164689915,0.2492312421322174,1.1075386589784604,-0.8136446925020816
-1.3859829063162326,-1.3112767618453212,-0.27420424855354086,0.045274364271504754,0.36034621686346024,1.113595362100554,-0.9090033148832317
-1.3859829063162326,-1.3238077527916745,-0.27420424855354086,0.48672817565994614,0.573861266347024,1.1196520626815878,-0.9090033148832317
-1.3859829063162326,-1.3227670043509414,-0.27420424855354086,0.6158018944688514,0.8374869907093835,1.1252036030576613,-0.9090033148832317
-1.3859829063162326,-1.2859760552732047,-0.27420424855354086,0.7416216539800536,0.9769253903721192,1.1294922365686846,-0.9090033148832317
-1.3859829063162326,-1.3238832302029049,-0.27420424855354086,0.7638570425143607,0.9834615653563102,1.1337808726207685,-0.9090033148832317
-1.3859829063162326,-1.2958652112102578,-0.27420424855354086,0.30396412843893267,1.1926191648504139,1.1380695086728518,-0.9090033148832317
-1.3859829063162326,-1.3532443200202604,-0.27420424855354086,0.9064889250636972,1.177368089887302,1.1423581421838758,-0.9090033148832317
-1.3859829063162326,-1.3376601547350242,-0.27420424855354086,0.5805506687437305,1.194797889845144,1.1364634824637623,-0.9090033148832317
-1.3859829063162326,-1.3420829946497908,-0.27420424855354086,1.0561710527580583,0.9311721654827844,1.1305688227436486,-0.9090033148832317
-1.3859829063162326,-1.284597004370152,-0.27420424855354086,1.2552048964675893,0.7416230909412527,1.124674163023535,-0.9090033148832317
-1.3859829063162326,-1.3280239360569568,-0.27420424855354086,1.2443583654752441,0.6305081162100108,1.118779503303422,-0.9090033148832317
-1.3859829063162326,-1.3283331673337813,-0.27420424855354086,1.419529841001616,0.6065421412679778,1.1176108062412322,-0.9090033148832317
-1.3859829063162326,-1.3317969093596689,-0.27420424855354086,1.3067259186812281,0.512856966494577,1.1199865779961604,-0.9090033148832317
-1.3859829063162326,-1.2883476000381031,-0.27420424855354086,1.363670206391039,0.36034621686346024,1.1223623522921486,-0.8826974880194662
-1.3859829063162326,-1.317578425821193,-0.27420424855354086,1.4086833100092708,0.2644823170953294,1.1247381265881367,-0.8826974880194662
-1.3859829063162326,-1.3670287097456921,-0.27420424855354086,1.5171486199327207,0.471461191594703,1.1268756790416874,-0.8826974880194662
-1.3859829063162326,-1.3503556491118933,-0.27420424855354086,1.42658008614664,0.6370442911942008,1.1284176807007331,-0.8826974880194662
-1.3859829063162326,-1.3815758771320281,-0.27420424855354086,1.5594500908028663,0.7045847660308386,1.1299596823597797,-0.8826974880194662
-1.3859829063162326,-1.3051359045936617,-0.27420424855354086,1.648933971489712,0.7089422160202997,1.1315016840188254,-0.8826974880194662
-1.3859829063162326,-1.3551175272412053,-0.27420424855354086,1.5995822554745425,0.6087208662627078,1.1330436856778718,-0.8826974880194662
-1.3859829063162326,-1.3304291280272897,-0.27420424855354086,1.555653804955545,0.42570796670536715,1.1346542680077043,-0.8826974880194662
-1.3859829063162326,-1.318416034866983,-0.27420424855354086,1.5464342536120526,0.3581674918687302,1.1362762800258241,-0.8826974880194662
-1.3859829063162326,-1.3088918838144825,-0.27420424855354086,1.611513439566122,0.37995474181603217,1.1378982945850045,-0.8826974880194662
-1.3859829063162326,-1.299085401304329,3.6469165057620936,0.9965151323001613,0.40827816674752515,1.1395203066031243,-0.8826974880194662
-1.3859829063162326,-1.375496876902839,-0.27420424855354086,1.2411044061775405,0.3647036668529202,1.1441101319666924,-0.8826974880194662
-1.3859829063162326,-1.3530738946815881,-0.27420424855354086,0.9406554976895845,0.2361588921638364,1.1526570434848964,-0.8826974880194662
-1.3859829063162326,-1.3507582491406513,-0.27420424855354086,1.1114883608190176,-0.007858307245951207,1.1612039550031004,-0.8826974880194662
-1.3859829063162326,-1.320617369635324,-0.27420424855354086,0.5951934855833961,-0.16036905687706798,1.1697508639802445,-1.0332983468145234
-1.3859829063162326,-1.3618800592330589,-0.27420424855354086,0.634240997155838,-0.18433503181910094,1.177663242301094,-1.0332983468145234
-1.3859829063162326,-1.3260768126551141,-0.27420424855354086,0.33813070106481996,-0.012215757235411217,1.1817684290609933,-1.0332983468145234
-1.3859829063162326,-1.3243434342473666,-0.27420424855354086,0.46666209332410763,0.02918001766446274,1.1858736132798327,-1.0332983468145234
-1.3859829063162326,-1.2406881908659975,-0.27420424855354086,-0.21450005299515787,-0.05796898212474712,1.1899788000397327,-1.0332983468145234
-1.3859829063162326,-1.3156012801395143,-0.27420424855354086,0.0024305668517420618,-0.13422435694030502,1.194083986799632,-1.0332983468145234
-1.3859829063162326,-1.3227117511533242,-0.27420424855354086,0.19875277781318634,-0.11025838199827304,1.19977468833157,-1.0332983468145234
-1.3859829063162326,-0.9638877236502947,3.6469165057620936,0.06859440590504648,-0.26712658161884983,1.2060996003462314,-1.0332983468145234
-1.3859829063162326,-1.200179862641514,-0.27420424855354086,-0.516575941131966,-0.4065649812815856,1.2124245098198323,-1.0332983468145234
-1.3859829063162326,-1.2159569744615935,-0.27420424855354086,-0.8972891789632755,-0.43706713120780954,1.2187494192934338,-1.0332983468145234
-1.3859829063162326,-1.1942495381974048,-0.27420424855354086,-0.338692832857508,-0.4348884062130795,1.2243140766216951,-1.0332983468145234
-1.3859829063162326,-1.0524253290741952,-0.27420424855354086,-0.5605043916509633,-0.5372884809654004,1.2288650644228374,-1.0332983468145234
-1.3859829063162326,-1.2479153414156658,3.6469165057620936,-0.815940196520688,-0.5002501560549865,1.2334160522239799,-1.0332983468145234
-1.3859829063162326,-1.315292605163153,-0.27420424855354086,-0.5670123102463702,-0.43924585620253953,1.2379670374840617,-1.2680778515736302
-1.3859829063162326,-1.3523030775817322,-0.27420424855354086,-0.6402263944446991,-0.2126584567505939,1.242518025285204,-1.2680778515736302
-1.3859829063162326,-1.3593565008803017,-0.27420424855354086,-0.32621932221631145,-0.1974073817874829,1.2448911695839986,-1.2680778515736302
-1.3859829063162326,-1.3441923962802969,-0.27420424855354086,-0.3273039753155457,-0.149475431903417,1.247264313882793,-1.2680778515736302
-1.3859829063162326,-1.2760477788519664,-0.27420424855354086,-0.17979115381965385,0.0030353177276997833,1.2496374556405268,-1.2680778515736302
-1.3859829063162326,-1.2486062307005859,3.6469165057620936,-0.6559538643835993,0.10979284246948162,1.2520105999393212,-1.2680778515736302
-1.3859829063162326,-1.235707058573487,-0.27420424855354086,-0.6733083139713513,0.3298440669372363,1.2561029289351626,-1.2680778515736302
-1.3859829063162326,-1.3150382143448927,-0.27420424855354086,-0.15809809183496393,0.4278866917000981,1.2614846451832582,-1.2680778515736302
-1.3859829063162326,-1.230721475877271,-0.27420424855354086,-0.00028106589634441866,0.5912910663048658,1.2668663639724138,-1.2680778515736302
-1.3859829063162326,-1.2520952754249604,-0.27420424855354086,-0.16135205113266754,0.6762613410993458,1.2722480802205096,-1.2680778515736302
-1.3859829063162326,-1.2662774558719196,-0.27420424855354086,0.1564513069430408,0.8178784657568116,1.2761350509040654,-1.2680778515736302
-1.3859829063162326,-1.29874485569498,-0.27420424855354086,0.20471836985897607,0.9333508904775143,1.2780290300426271,-1.2680778515736302
-1.3859829063162326,-1.2807660502030351,-0.27420424855354086,0.3847707843319034,1.0597169401718691,1.2799230066401288,-1.2680778515736302
-1.3859829063162326,-1.1521584095389343,-0.27420424855354086,0.5279449934308574,1.15993828992946,1.2818169857786905,-1.3614635369399972
-1.3859829063162326,-1.243954571843689,-0.27420424855354086,0.5366222182247332,1.15993828992946,1.2837109623761922,-1.3614635369399972
-1.3859829063162326,-1.2830193721469194,-0.27420424855354086,0.3614507426983613,1.129436140003236,1.285086194261489,-1.3614635369399972
-1.3859829063162326,-1.292392711938369,-0.27420424855354086,0.4498499702859728,0.9921764653352312,1.2864614261467864,-1.3614635369399972
-1.3859829063162326,-1.227623277091223,-0.27420424855354086,0.8913037816744142,0.8505593406777654,1.2878366554910232,-1.3614635369399972
-1.3859829063162326,-1.2761868180774096,-0.27420424855354086,0.6933545910641185,0.7176571159992207,1.28921188737632,-1.3614635369399972
-1.3859829063162326,-1.2720250804768143,-0.27420424855354086,0.5306566261789435,0.5912910663048658,1.2896400661658343,-1.3614635369399972
-1.3859829063162326,-1.2616082286874921,-0.27420424855354086,0.9525866817811639,0.4409590416684791,1.2896894211759746,-1.3614635369399972
-1.3859829063162326,-1.2295342409629588,-0.27420424855354086,1.0333933376741338,0.3102355419846643,1.2897387787271752,-1.3614635369399972
-1.3859829063162326,-1.2621284414012723,-0.27420424855354086,1.1038957891243761,0.20347801724288248,1.2897881337373163,-1.3614635369399972
-1.3859829063162326,-1.28782763855679,-0.27420424855354086,1.1375200352006458,0.07493324255379767,1.2901189823021777,-1.3614635369399972
-1.3859829063162326,-1.2920303270495463,-0.27420424855354086,1.0794910943915998,-0.027466832198523184,1.2911535622127832,-1.3614635369399972
-1.3859829063162326,-1.2837460800035978,-0.27420424855354086,1.4325456781924297,-0.15819033188233797,1.292188142123389,-1.3614635369399972
-1.3859829063162326,-1.263008042159445,-0.27420424855354086,1.1760252202234702,-0.28673510657142276,1.2932227220339945,-1.4916773799156364
-1.3859829063162326,-1.3078903455838158,-0.27420424855354086,1.0908799519335624,-0.22355208172424587,1.2942573019445993,-1.4916773799156364
-1.3859829063162326,-1.2989151015818903,-0.27420424855354086,1.105522768773228,-0.10372220701408205,1.294480602682185,-1.4916773799156364
-1.3859829063162326,-1.32471624528358,-0.27420424855354086,1.3229957151697453,0.10543539248002161,1.2947039008787105,-1.4916773799156364
-1.3859829063162326,-1.293549404162735,-0.27420424855354086,1.4233261268489363,0.1272226424273236,1.2949272016162958,-1.4916773799156364
-1.3859829063162326,-1.3248376623459635,-0.27420424855354086,1.4260377595970224,0.2949844670215533,1.2951504998128216,-1.4916773799156364
-1.3859829063162326,-1.3118193701390388,-0.27420424855354086,1.4564080463755886,0.46274629161578207,1.2971929175176382,-1.4916773799156364
-1.3859829063162326,-1.2995858204887256,-0.27420424855354086,1.0187505208344683,0.5695038163575639,1.300599676124204,-1.4916773799156364
-1.3859829063162326,-1.2568571894446243,-0.27420424855354086,1.2790672646507482,0.6087208662627078,1.3040064347307692,-1.4916773799156364
-1.3859829063162326,-1.2460777015340125,3.6469165057620936,1.390244207322284,0.8091635657778905,1.3074131933373343,-1.4916773799156364
-1.3859829063162326,-1.3373257643211232,-0.27420424855354086,0.8668990869416385,0.7808401408463975,1.3110605344311617,-1.4916773799156364
-1.3859829063162326,-1.3238559535350327,-0.27420424855354086,0.5653655253544475,0.7895550408253186,1.316151360284321,-1.4916773799156364
-1.3859829063162326,-1.3187686396347595,-0.27420424855354086,0.9580099472773361,0.6697251661151548,1.32124218613748,-1.4916773799156364
-1.3859829063162326,-1.2597171480710208,-0.27420424855354086,0.5697041377513854,0.5629676413733729,1.326333009449579,-1.610711246474175
-1.3859829063162326,-1.2914852782118613,-0.27420424855354086,0.3023371487900809,0.528108041457689,1.3314238353027383,-1.610711246474175
-1.3859829063162326,-1.3129966275353662,-0.27420424855354086,0.46123882782793546,0.512856966494577,1.3325546146662555,-1.610711246474175
-1.3859829063162326,-1.3018838618117792,-0.27420424855354086,0.5984474448810997,0.3211291669583153,1.3330253867050088,-1.610711246474175
-1.3089838559653308,1.0903594615432317,-0.27420424855354086,-1.0974076757720406,-1.7137999781197326,1.0429516351192814,-0.4026161477557465
-1.3089838559653308,1.0071813445075106,3.6469165057620936,-1.0898151040773991,-1.7660893779932585,1.0467045445545744,-0.4026161477557465
-1.3089838559653308,0.9369335344796504,-0.27420424855354086,-0.926574812642607,-1.8401660278140874,1.047876280724633,-0.4026161477557465
-1.3089838559653308,0.6961364384472283,-0.27420424855354086,-0.7356758671773349,-1.7377659530617655,1.0486178230445249,-0.4026161477557465
-1.3089838559653308,0.9983253282564682,-0.27420424855354086,-0.5984672501241707,-1.5983275533990298,1.049359362823357,-0.4026161477557465
-1.3089838559653308,0.9216501482932336,-0.27420424855354086,-0.10006915102591818,-1.5068211036203598,1.0501009051432493,-0.4026161477557465
-1.3089838559653308,1.1629007009838537,-0.27420424855354086,-0.22317727778903407,-1.391348678899656,1.0458190105235863,-0.4026161477557465
-1.3089838559653308,0.7662664922286561,-0.27420424855354086,-0.37557103823148097,-1.3652039789628931,1.0406998798020772,-0.4026161477557465
-1.3089838559653308,1.301572032369037,-0.27420424855354086,0.23183469733983855,-1.393527403894387,1.0355807490805682,-0.5124429749119678
-1.3089838559653308,1.1164638069425319,-0.27420424855354086,0.2974562098435262,-1.2824124291631442,1.0304616158179993,-0.5124429749119678
-1.3089838559653308,0.852067727454868,-0.27420424855354086,0.27196686201151554,-1.1996208793633953,1.0269918643317872,-0.5124429749119678
-1.3089838559653308,0.8890161813443903,-0.27420424855354086,0.18682159372160692,-1.2279443042948883,1.0257212834652631,-0.5124429749119678
-1.3089838559653308,0.8130078979654536,-0.27420424855354086,0.4471383375378867,-1.2606251792158423,1.024450702598739,-0.5124429749119678
-1.3089838559653308,1.031651709830211,-0.27420424855354086,0.7058281017053154,-1.1407953045056785,1.0231801242732748,-0.5124429749119678
-1.3089838559653308,0.8596281019819823,-0.27420424855354086,0.7747035735067059,-1.0993995296058034,1.0231269220981574,-0.5124429749119678
-1.3089838559653308,0.8737671781156333,-0.27420424855354086,0.7665686752624469,-1.1604038294582504,1.030377976825116,-0.5124429749119678
-1.3089838559653308,1.075708230079928,-0.27420424855354086,0.9883802340559023,-1.3063784041051771,1.0376290340931347,-0.5124429749119678
-1.3089838559653308,1.4577779543537266,-0.27420424855354086,1.0182081942848509,-1.42402955382061,1.0448800913611533,-0.5124429749119678
-1.3089838559653308,1.1496094985367977,-0.27420424855354086,1.1467395865441392,-1.5046423786256289,1.0521311486291713,-0.5124429749119678
-1.3089838559653308,1.1345281750347493,-0.27420424855354086,1.259543508864527,-1.5721828534622668,1.0520748666892241,-0.5124429749119678
-1.3089838559653308,1.068909197599619,-0.27420424855354086,1.2763556319026619,-1.5373232535465828,1.04909564906609,-0.5124429749119678
-1.3089838559653308,1.2826279379024137,-0.27420424855354086,1.0670175837504037,-1.5024636536308988,1.0461164289018952,-0.5907028098316698
-1.3089838559653308,1.1579820717401583,-0.27420424855354086,1.0990148501778214,-1.5612892284886157,1.0431372112787611,-0.5907028098316698
-1.3089838559653308,0.9243409197981175,-0.27420424855354086,1.2519509371698856,-1.6026850033884898,1.042922781381952,-0.5907028098316698
-1.3089838559653308,0.9694194178342292,-0.27420424855354086,1.2600858354141447,-1.6353658783094436,1.0463947385083232,-0.5907028098316698
-1.3089838559653308,0.8744317597721977,-0.27420424855354086,1.1228772183609803,-1.5656466784780758,1.0498666930936345,-0.5907028098316698
-1.3089838559653308,1.0555574660731337,-0.27420424855354086,1.4070563303604189,-1.5939701034095697,1.0533386502200055,-0.5907028098316698
-1.3089838559653308,0.9019707861208688,-0.27420424855354086,1.4189875144519983,-1.452352978752103,1.056810604805317,-0.5907028098316698
-1.3089838559653308,0.8881090706310548,-0.27420424855354086,1.4477308215817126,-1.51335727860455,1.0558294964221984,-0.5907028098316698
-1.3089838559653308,0.7281020193621461,-0.27420424855354086,1.3582469408948663,-1.6113999033674107,1.0548483854980206,-0.5907028098316698
-1.3089838559653308,0.8360587639578753,-0.27420424855354086,1.165178689231126,-1.7029063531460815,1.053867277114903,-0.5907028098316698
-1.3089838559653308,0.6804743013712653,3.6469165057620936,0.9824146420101125,-1.7290510530828445,1.052886168731785,-0.5907028098316698
-1.3089838559653308,0.47287070288259053,-0.27420424855354086,1.1451126068952875,-1.6920127281724306,1.053560878630233,-0.5907028098316698
-1.3089838559653308,0.4137486867762615,-0.27420424855354086,0.858221862147762,-1.6005062783937598,1.055477455416181,-0.5907028098316698
-1.3089838559653308,0.5086374848624325,-0.27420424855354086,0.5436724633697572,-1.6462595032830947,1.0573940322021285,-0.5683428569974692
-1.3089838559653308,0.565791094587908,-0.27420424855354086,0.2464775141795041,-1.5808977534411877,1.0593106115291364,-0.5683428569974692
-1.3089838559653308,0.537550806642455,-0.27420424855354086,0.44822299063712173,-1.391348678899656,1.0610299029507066,-0.5683428569974692
-1.3089838559653308,0.516259949699309,-0.27420424855354086,0.5588576067590403,-1.380455053926005,1.0622559873139832,-0.5683428569974692
-1.3089838559653308,0.6106644433693394,-0.27420424855354086,0.5274026668812398,-1.4000635788785771,1.0634820691362,-0.5683428569974692
-1.3089838559653308,0.8262191187620451,-0.27420424855354086,-0.0414978836672553,-1.458889153736294,1.0647081534994767,-0.5683428569974692
-1.3089838559653308,0.8084431834873995,-0.27420424855354086,0.07835628379815696,-1.3739188789418142,1.0659342353216934,-0.5683428569974692
-1.3089838559653308,0.8502643987501693,-0.27420424855354086,-0.4162455294527747,-1.2802337041684142,1.0629850835215515,-0.5683428569974692
-1.3089838559653308,2.193659941422216,3.6469165057620936,0.27793245405730527,-1.358667803978703,1.059340057333467,-0.5683428569974692
-1.3089838559653308,1.1342033673449559,-0.27420424855354086,-0.4536660613763652,-1.417493378836419,1.055695031145382,-0.5683428569974692
-1.3089838559653308,1.4171455711259535,-0.27420424855354086,-0.661919456429389,-1.1233655045478366,1.052050004957297,-0.5683428569974692
-1.3089838559653308,1.8757011178633896,-0.27420424855354086,-0.45692002067406845,-1.0667186546848495,1.0504654786576342,-0.5683428569974692
-1.3089838559653308,3.0064312347830304,-0.27420424855354086,-0.3034416071323869,-1.0296803297744357,1.0504263260037578,-0.5683428569974692
-1.3089838559653308,0.7519402120165564,3.6469165057620936,-0.625041251055416,-0.9054930050748118,1.0503871733498809,-0.5683428569974692
-1.3089838559653308,0.5480680437476171,-0.27420424855354086,-0.6987976618033619,-0.8335950802487139,1.0503480206960045,-0.6663320620649956
-1.3089838559653308,0.46866578918798174,-0.27420424855354086,-1.2091269449931943,-0.8183440052856019,1.0516734782962462,-0.6663320620649956
-1.3089838559653308,0.3880177087136374,-0.27420424855354086,-0.7844852566428873,-0.7464460804595041,1.0611866101264966,-0.6663320620649956
-1.3089838559653308,0.4342831007057132,-0.27420424855354086,-0.8506490956961921,-0.759518430427886,1.0706997419567479,-0.6663320620649956
-1.3089838559653308,0.8433693595770207,-0.27420424855354086,-1.0887304509781643,-0.805271655317221,1.0802128712459387,-0.6663320620649956
-1.3089838559653308,0.7929810992360674,3.6469165057620936,-1.1543519634818518,-0.7333737304911231,1.08972600307619,-0.6663320620649956
-1.3089838559653308,0.9458692811486901,-0.27420424855354086,-0.057225353606155493,-0.6832630556123271,1.0977158329086016,-0.6663320620649956
-1.3089838559653308,0.67755819228844,-0.27420424855354086,0.1190307750194507,-0.6396885557177222,1.1050963419418778,-0.6663320620649956
-1.3089838559653308,0.8211511138713973,-0.27420424855354086,-0.011669923438306326,-0.15383288189287797,1.1124768509751548,-0.6663320620649956
-1.3089838559653308,0.8065785540606936,-0.27420424855354086,-0.16026739803343287,0.21872909220599443,1.1198573600084312,-0.6663320620649956
-1.3089838559653308,1.1491126324972947,-0.27420424855354086,0.23888494248486256,0.2819121170531713,1.1263277807470629,-0.6663320620649956
-1.3089838559653308,0.7060288962967081,-0.27420424855354086,0.5512650350643987,0.2492312421322174,1.1324341641349889,-0.6663320620649956
-1.3089838559653308,0.7433745307717665,-0.27420424855354086,0.08594885549279849,0.36034621686346024,1.1385405500639747,-0.6683049990797775
-1.3089838559653308,0.8785326273350151,-0.27420424855354086,0.5252333606827705,0.573861266347024,1.1446469334519005,-0.6683049990797775
-1.3089838559653308,0.7245684347103646,-0.27420424855354086,0.6781694476748353,0.8374869907093835,1.1502430923021059,-0.6683049990797775
-1.3089838559653308,1.066535140510048,-0.27420424855354086,0.7361983884838808,0.9769253903721192,1.1545636923490705,-0.6683049990797775
-1.3089838559653308,0.7792166645466053,-0.27420424855354086,0.7920580230944575,0.9834615653563102,1.1588842923960343,-0.6683049990797775
-1.3089838559653308,0.8248004090195208,-0.27420424855354086,0.25786637172146676,1.1926191648504139,1.163204892442998,-0.6683049990797775
-1.3089838559653308,0.7324439085869311,-0.27420424855354086,0.8831688834301559,1.177368089887302,1.1675254899489012,-0.6683049990797775
-1.3089838559653308,0.6061066018937822,-0.27420424855354086,0.6152595679192345,1.194797889845144,1.1615494578615055,-0.6683049990797775
-1.3089838559653308,0.8594840201620184,-0.27420424855354086,1.0935915846816486,0.9311721654827844,1.1555734232330492,-0.6683049990797775
-1.3089838559653308,1.1852377437561312,-0.27420424855354086,1.2660514274599344,0.7416230909412527,1.149597391145653,-0.6683049990797775
-1.3089838559653308,0.9934708530178008,-0.27420424855354086,1.2920831018415617,0.6305081162100108,1.1436213565171969,-0.6683049990797775
-1.3089838559653308,1.0356540045399878,-0.27420424855354086,1.4325456781924297,0.6065421412679778,1.1424293045717138,-0.6683049990797775
-1.3089838559653308,0.8942739564736883,-0.27420424855354086,1.3474004099025219,0.512856966494577,1.144825234556341,-0.6683049990797775
-1.3089838559653308,1.165578551961851,-0.27420424855354086,1.4282070657954917,0.36034621686346024,1.1472211645409682,-0.6222698020681884
-1.3089838559653308,1.1921777355957404,-0.27420424855354086,1.5019634765434378,0.2644823170953294,1.1496170970666562,-0.6222698020681884
-1.3089838559653308,0.8645483821818912,-0.27420424855354086,1.5328760898716214,0.471461191594703,1.1517629130476215,-0.6222698020681884
-1.3089838559653308,0.8640187123602369,-0.27420424855354086,1.4856936800549203,0.6370442911942008,1.1532834529131417,-0.6222698020681884
-1.3089838559653308,0.7877247417756917,-0.27420424855354086,1.6028362147722461,0.7045847660308386,1.1548039902376022,-0.6222698020681884
-1.3089838559653308,0.9987483857861303,-0.27420424855354086,1.6700847069247848,0.7089422160202997,1.1563245275620624,-0.6222698020681884
-1.3089838559653308,0.7895270296601685,-0.27420424855354086,1.6174790316119116,0.6087208662627078,1.1578450648865228,-0.6222698020681884
-1.3089838559653308,0.8048677506846459,-0.27420424855354086,1.5507728660089906,0.42570796670536715,1.159449441947614,-0.6222698020681884
-1.3089838559653308,0.6736191902152323,-0.27420424855354086,1.594701316527987,0.3581674918687302,1.1610677948392032,-0.6222698020681884
-1.3089838559653308,0.7834675896730724,-0.27420424855354086,1.657068869733971,0.37995474181603217,1.162686145189733,-0.6222698020681884
-1.3089838559653308,0.7869770201176458,3.6469165057620936,1.0599673386053787,0.40827816674752515,1.1643044980813229,-0.6222698020681884
-1.3089838559653308,0.5498017451685367,-0.27420424855354086,1.3164877965743382,0.3647036668529202,1.1689221175601618,-0.6222698020681884
-1.3089838559653308,0.5222324991430913,-0.27420424855354086,0.9666871720712119,0.2361588921638364,1.1775387633904333,-0.6222698020681884
-1.3089838559653308,0.471101613574142,-0.27420424855354086,1.184702445017347,-0.007858307245951207,1.1861554066796451,-0.6222698020681884
-1.3089838559653308,0.7836837572659592,-0.27420424855354086,0.7286058167892392,-0.16036905687706798,1.1947720525099164,-0.8682292832443951
-1.3089838559653308,0.6128130013743831,-0.27420424855354086,0.5735004235987058,-0.18433503181910094,1.202749568365129,-0.8682292832443951
-1.3089838559653308,0.6691633311761999,-0.27420424855354086,0.42652992865243144,-0.012215757235411217,1.2068923170752885,-0.8682292832443951
-1.3089838559653308,0.67189593288688,-0.27420424855354086,0.47967793051492214,0.02918001766446274,1.2110350657854487,-0.8682292832443951
-1.3089838559653308,0.858481369330425,-0.27420424855354086,-0.11525429441520124,-0.05796898212474712,1.2151778119545475,-0.8682292832443951
-1.3089838559653308,0.8813725232543846,-0.27420424855354086,0.03605481292801141,-0.13422435694030502,1.219320560664707,-0.8682292832443951
-1.3089838559653308,0.8602214951244357,-0.27420424855354086,0.1748904096300275,-0.11025838199827304,1.2250786079122273,-0.8682292832443951
-1.3089838559653308,2.1620031252095404,3.6469165057620936,0.11469216262251279,-0.26712658161884983,1.2314827781321758,-0.8682292832443951
-1.3089838559653308,1.154775896828724,-0.27420424855354086,-0.514406634933497,-0.4065649812815856,1.2378869458110644,-0.8682292832443951
-1.3089838559653308,1.5403348273334825,-0.27420424855354086,-0.9233208533449033,-0.43706713120780954,1.244291116031013,-0.8682292832443951
-1.3089838559653308,1.7759736901291638,-0.27420424855354086,-0.40106038606349165,-0.4348884062130795,1.2499167562603903,-0.8682292832443951
-1.3089838559653308,2.8705172111299047,-0.27420424855354086,-0.6082291280172811,-0.5372884809654004,1.2545043581963784,-0.8682292832443951
-1.3089838559653308,0.992460306308666,3.6469165057620936,-0.7519456636658526,-0.5002501560549865,1.259091960132367,-0.8682292832443951
-1.3089838559653308,0.6286383498281732,-0.27420424855354086,-0.533930390719718,-0.43924585620253953,1.263679562068355,-1.1437828196423385
-1.3089838559653308,0.5369447083152298,-0.27420424855354086,-0.6689697015744134,-0.2126584567505939,1.2682671640043435,-1.1437828196423385
-1.3089838559653308,0.504665876404012,-0.27420424855354086,-0.28717181064386954,-0.1974073817874829,1.270650409016998,-1.1437828196423385
-1.3089838559653308,0.48556316452467635,-0.27420424855354086,-0.3641821806895187,-0.149475431903417,1.2730336514885927,-1.1437828196423385
-1.3089838559653308,0.8098237417852557,-0.27420424855354086,-0.17436788832348127,0.0030353177276997833,1.2754168965012471,-1.1437828196423385
-1.3089838559653308,1.0328789445423432,3.6469165057620936,-0.6554115378339821,0.10979284246948162,1.2778001415139024,-1.1437828196423385
-1.3089838559653308,1.0544349952998417,-0.27420424855354086,-0.6310068431012057,0.3298440669372363,1.2819131089997997,-1.1437828196423385
-1.3089838559653308,0.7539818167712591,-0.27420424855354086,-0.08108772178931437,0.4278866917000981,1.2873233715169532,-1.1437828196423385
-1.3089838559653308,0.9068710215589267,-0.27420424855354086,-0.018720168583330712,0.5912910663048658,1.2927336340341076,-1.1437828196423385
-1.3089838559653308,0.9408210518422492,-0.27420424855354086,-0.1505055201403224,0.6762613410993458,1.2981438965512617,-1.1437828196423385
-1.3089838559653308,1.2615119208112928,-0.27420424855354086,0.11577681572174707,0.8178784657568116,1.3020459611317554,-1.1437828196423385
-1.3089838559653308,0.8077382251843142,-0.27420424855354086,0.165128531736917,0.9333508904775143,1.3039370993651356,-1.1437828196423385
-1.3089838559653308,0.8324839771814657,-0.27420424855354086,0.3929056825761617,1.0597169401718691,1.3058282350574564,-1.1437828196423385
-1.3089838559653308,1.4268244993234522,-0.27420424855354086,0.5930241793849268,1.15993828992946,1.3077193732908363,-1.2542672924701528
-1.3089838559653308,1.0253249764431434,-0.27420424855354086,0.5762120563467926,1.15993828992946,1.3096105089831571,-1.2542672924701528
-1.3089838559653308,0.7376257397304169,-0.27420424855354086,0.43249552069822117,1.129436140003236,1.3109970917838787,-1.2542672924701528
-1.3089838559653308,0.7378910771061788,-0.27420424855354086,0.5876009138887546,0.9921764653352312,1.312383674584601,-1.2542672924701528
-1.3089838559653308,0.8944448304417668,-0.27420424855354086,0.9216740684529803,0.8505593406777654,1.3137702548442627,-1.2542672924701528
-1.3089838559653308,0.8470956754215305,-0.27420424855354086,0.6505107936443554,0.7176571159992207,1.3151568376449843,-1.2542672924701528
-1.3089838559653308,0.8409224809623015,-0.27420424855354086,0.5333682589270295,0.5912910663048658,1.315577931958966,-1.2542672924701528
-1.3089838559653308,1.0027122060380662,-0.27420424855354086,0.9656025189719776,0.4409590416684791,1.315612830878251,-1.2542672924701528
-1.3089838559653308,1.1414785930217488,-0.27420424855354086,1.0697292164984897,0.3102355419846643,1.315647732338596,-1.2542672924701528
-1.3089838559653308,1.1692902783780845,-0.27420424855354086,1.0756948085442795,0.20347801724288248,1.3156826312578804,-1.2542672924701528
-1.3089838559653308,1.071718694390452,-0.27420424855354086,1.162467056483039,0.07493324255379767,1.3160073838195852,-1.2542672924701528
-1.3089838559653308,1.0286947216359297,-0.27420424855354086,1.113657667017487,-0.027466832198523184,1.3170567730283986,-1.2542672924701528
-1.3089838559653308,1.0835911870949835,-0.27420424855354086,1.4471884950320952,-0.15819033188233797,1.3181061596961523,-1.2542672924701528
-1.3089838559653308,1.4918366426791316,-0.27420424855354086,1.2085648132005058,-0.28673510657142276,1.3191555489049658,-1.4489304112620174
-1.3089838559653308,0.9746259235950336,-0.27420424855354086,1.0632212979030824,-0.22355208172424587,1.3202049381137795,-1.4489304112620174
-1.3089838559653308,0.9498969503376584,-0.27420424855354086,1.1337237493533248,-0.10372220701408205,1.3204378948797095,-1.4489304112620174
-1.3089838559653308,0.8401930454388359,-0.27420424855354086,1.3620432267421874,0.10543539248002161,1.3206708516456398,-1.4489304112620174
-1.3089838559653308,1.0448501895516777,-0.27420424855354086,1.4580350260244404,0.1272226424273236,1.3209038109526299,-1.4489304112620174
-1.3089838559653308,0.9750538622126306,-0.27420424855354086,1.430376371993961,0.2949844670215533,1.32113676771856,-1.4489304112620174
-1.3089838559653308,0.8937062069880705,-0.27420424855354086,1.456950372925206,0.46274629161578207,1.323196782264504,-1.4489304112620174
-1.3089838559653308,0.818418960790123,-0.27420424855354086,0.9959728057505437,0.5695038163575639,1.32662708887493,-1.4489304112620174
-1.3089838559653308,0.955420188458952,-0.27420424855354086,1.2427313858263922,0.6087208662627078,1.3300573929442947,-1.4489304112620174
-1.3089838559653308,1.0103991837834954,3.6469165057620936,1.391871186971136,0.8091635657778905,1.33348769955472,-1.4489304112620174
-1.3089838559653308,0.5924378149936351,-0.27420424855354086,0.8538832497508241,0.7808401408463975,1.3371585200437857,-1.4489304112620174
-1.3089838559653308,0.6829475235046926,-0.27420424855354086,0.5501803819651645,0.7895550408253186,1.3422724390510483,-1.4489304112620174
-1.3089838559653308,0.5816071833307627,-0.27420424855354086,0.9303512932468561,0.6697251661151548,1.347386358058311,-1.4489304112620174
-1.3089838559653308,0.8490733056229673,-0.27420424855354086,0.5518073616140162,0.5629676413733729,1.3525002770655745,-1.6718722939324298
-1.3089838559653308,0.7435899985027805,-0.27420424855354086,0.2584086982710843,0.528108041457689,1.3576141935317771,-1.6718722939324298
-1.3089838559653308,0.7031902924300273,-0.27420424855354086,0.4888974818584155,0.512856966494577,1.3587482178290295,-1.6718722939324298
-1.3089838559653308,0.6933964433239409,-0.27420424855354086,0.6331563440566037,0.3211291669583153,1.3592189263412808,-1.6718722939324298
-1.231984805614429,-0.9839407941176843,-0.27420424855354086,-2.7189640591276176,-1.6963701781618905,0.45239264135630997,0.7515520058919618
-1.231984805614429,-0.9348078347444899,3.6469165057620936,-1.8854081523659048,-1.7137999781197326,0.4544909242672192,0.7515520058919618
-1.231984805614429,-0.9659326303174242,-0.27420424855354086,-1.810567088518724,-1.7617319280037984,0.4562652779198941,0.7515520058919618
-1.231984805614429,-0.9850932333352832,-0.27420424855354086,-1.9390984807780125,-1.6832978281935096,0.4579856391277624,0.7515520058919618
-1.231984805614429,-0.9934623072292786,-0.27420424855354086,-1.3452509089471238,-1.6092211783726806,0.4597060028766907,0.7515520058919618
-1.231984805614429,-1.0131435895355,-0.27420424855354086,-1.8121940681675759,-1.469782778709945,0.46142636662561975,0.7515520058919618
-1.231984805614429,-0.8444622887055996,-0.27420424855354086,-1.7151176157860881,-1.452352978752103,0.4613515197006496,0.7515520058919618
-1.231984805614429,-0.9516284226720894,-0.27420424855354086,-2.0247860756175378,-1.397884853883847,0.46097746803212664,0.7515520058919618
-1.231984805614429,-0.8683385071884449,-0.27420424855354086,-1.215092537038984,-1.380455053926005,0.4606034189046636,0.7180120766406608
-1.231984805614429,-1.0063044136959607,-0.27420424855354086,-1.4575125047178945,-1.325986929057749,0.46022936723613994,0.7180120766406608
-1.231984805614429,-1.1463397040909862,-0.27420424855354086,-1.0182279995279222,-1.2933060541367951,0.45953777453444966,0.7180120766406608
-1.231984805614429,-1.1489900989493487,-0.27420424855354086,-0.9542334666730866,-1.2693400791947633,0.45842278785939633,0.7180120766406608
-1.231984805614429,-1.2047917729330577,-0.27420424855354086,-1.1755026989169244,-1.2911273291420653,0.457307803725403,0.7180120766406608
-1.231984805614429,-1.1656744829893495,-0.27420424855354086,-1.1169314315582615,-1.2802337041684142,0.45619281959140884,0.7180120766406608
-1.231984805614429,-1.2065539892390094,-0.27420424855354086,-1.0442596739095502,-1.2431953792580002,0.4551551345053727,0.7180120766406608
-1.231984805614429,-1.1661377915492992,-0.27420424855354086,-0.7627921946581974,-1.2693400791947633,0.4545812462481414,0.7180120766406608
-1.231984805614429,-1.0808283977132458,-0.27420424855354086,-0.3484547107506185,-1.354310353989242,0.45400736053196994,0.7180120766406608
-1.231984805614429,-0.961585088362126,-0.27420424855354086,-0.3815366302772707,-1.434923178794261,0.45343347481579854,0.7180120766406608
-1.231984805614429,-0.9806111922841284,-0.27420424855354086,0.15862061314151016,-1.469782778709945,0.4528595865585665,0.7180120766406608
-1.231984805614429,-1.0119018012854435,-0.27420424855354086,-0.43197299939167494,-1.491570028657248,0.4533284756717925,0.7180120766406608
-1.231984805614429,-0.8816722576483464,-0.27420424855354086,-0.039328577468786347,-1.402242303873308,0.45421447217571786,0.7180120766406608
-1.231984805614429,-0.8424514599281341,-0.27420424855354086,0.034970159828777124,-1.3739188789418142,0.4551004686796432,0.7535249429067443
-1.231984805614429,-0.8103447222569781,-0.27420424855354086,-0.14453992809453267,-1.4109572038522291,0.4559864677246285,0.7535249429067443
-1.231984805614429,-0.8754785159623323,-0.27420424855354086,0.08269489619509486,-1.437101903788992,0.45825863283648066,0.7535249429067443
-1.231984805614429,-0.8520333944481007,-0.27420424855354086,0.2155649008513212,-1.454531703746834,0.4623790227589025,0.7535249429067443
-1.231984805614429,-0.792247335040494,-0.27420424855354086,0.29311759744658755,-1.456710428741564,0.46649941268132433,0.7535249429067443
-1.231984805614429,-0.7199156952582578,-0.27420424855354086,0.0561208952638499,-1.456710428741564,0.4706198026037462,0.7535249429067443
-1.231984805614429,-0.801869107851695,-0.27420424855354086,-0.029024373026058335,-1.384812503915466,0.47474019252616806,0.7535249429067443
-1.231984805614429,-0.8302803236007548,-0.27420424855354086,-0.05831000670538978,-1.3652039789628931,0.4755957293427867,0.7535249429067443
-1.231984805614429,-0.8806056502086637,-0.27420424855354086,-0.1678599697280744,-1.367382703957624,0.4764512661594054,0.7535249429067443
-1.231984805614429,-0.919267078840558,-0.27420424855354086,-0.5870783925822084,-1.2758762541789532,0.4773068029760241,0.7535249429067443
-1.231984805614429,-0.9138758633808012,3.6469165057620936,-0.65975015023092,-1.2606251792158423,0.47816234233370275,0.7535249429067443
-1.231984805614429,-0.9970711180598233,-0.27420424855354086,-0.6564961909332164,-1.2170506793212372,0.4800173009535122,0.7535249429067443
-1.231984805614429,-0.9995829043769724,-0.27420424855354086,-0.7112711724445588,-1.2323017542843484,0.48262182910204093,0.7535249429067443
-1.231984805614429,-1.0695872163085451,-0.27420424855354086,-0.5789434943379497,-1.3063784041051771,0.4852263572505689,0.8324424234980413
-1.231984805614429,-1.0135244220654889,-0.27420424855354086,-0.896746852413658,-1.3368805540314002,0.48783088539909764,0.8324424234980413
-1.231984805614429,-1.0437968576577705,-0.27420424855354086,-1.3452509089471238,-1.2998422291209861,0.4900158641981797,0.8324424234980413
-1.231984805614429,-1.0275020454485833,-0.27420424855354086,-1.292102907084633,-1.2998422291209861,0.4911519645415265,0.8324424234980413
-1.231984805614429,-1.0399876889345991,-0.27420424855354086,-1.4038221763057868,-1.3303443790472091,0.49228806234381334,0.8324424234980413
-1.231984805614429,-1.0130353083421182,-0.27420424855354086,-0.6087714545668986,-1.3717401539470842,0.4934241626871601,0.8324424234980413
-1.231984805614429,-0.9644543964253389,-0.27420424855354086,-2.090407588121225,-1.354310353989242,0.4945602630305069,0.8324424234980413
-1.231984805614429,-1.00941770437522,-0.27420424855354086,-1.9038472550528909,-1.3085571290999072,0.49430793068138534,0.8324424234980413
-1.231984805614429,-0.37656150432269264,3.6469165057620936,-2.316557759311618,-1.3434167290155912,0.49382419669511,0.8324424234980413
-1.231984805614429,-0.8832931556914736,-0.27420424855354086,-2.103423425312039,-1.408778478857498,0.493340460167774,0.8324424234980413
-1.231984805614429,-0.7990971703147152,-0.27420424855354086,-1.9754343596023682,-1.3739188789418142,0.4928567236404387,0.8324424234980413
-1.231984805614429,-0.589751005488062,-0.27420424855354086,-2.1652486519684055,-1.2649826292053024,0.4942855795168283,0.8324424234980413
-1.231984805614429,0.00017166549815031182,-0.27420424855354086,-1.877815580671263,-1.2584464542211113,0.49714887906074723,0.8324424234980413
-1.231984805614429,-0.5660933951420712,3.6469165057620936,-2.543792583601246,-1.1538676544740594,0.500012178604667,0.8324424234980413
-1.231984805614429,-0.6888530079402615,-0.27420424855354086,-2.7428264273107765,-1.0383952297533565,0.5028754781485859,0.6226534542595112
-1.231984805614429,-0.8930315003674755,-0.27420424855354086,-2.676120261707855,-0.9752122049061797,0.5056735003998363,0.6226534542595112
-1.231984805614429,-0.9394115979260241,-0.27420424855354086,-1.912524479846767,-0.8401312552329049,0.5080798461897756,0.6226534542595112
-1.231984805614429,-0.9540679437645536,-0.27420424855354086,-2.741741774211542,-0.763875880417346,0.5104861945207743,0.6226534542595112
-1.231984805614429,-0.8739326825913822,-0.27420424855354086,-2.9516221489134176,-0.7573397054331551,0.5128925403107129,0.6226534542595112
-1.231984805614429,-0.8705673160215966,3.6469165057620936,-2.7346915290665175,-0.7006928555701691,0.5152988886417121,0.6226534542595112
-1.231984805614429,-0.848163947877967,-0.27420424855354086,-2.3518089850367394,-0.6701907056439452,0.5168373734735925,0.6226534542595112
-1.231984805614429,-0.8942770032690119,-0.27420424855354086,-2.3431317602428634,-0.5612544559074334,0.5180287139222498,0.6226534542595112
-1.231984805614429,-0.8858651121845276,-0.27420424855354086,-2.105592731510508,-0.27584148159777083,0.5192200569119672,0.6226534542595112
-1.231984805614429,-0.872252906425039,-0.27420424855354086,-2.167417958166874,0.02918001766446274,0.5204113973606245,0.6226534542595112
-1.231984805614429,-0.735778297897905,-0.27420424855354086,-1.788331699984417,0.10325666748529161,0.5220710678892878,0.6226534542595112
-1.231984805614429,-0.8720774923273743,-0.27420424855354086,-1.896797009907867,0.12068646744313358,0.5239180704499542,0.6226534542595112
-1.231984805614429,-0.9540006493536848,-0.27420424855354086,-1.9434370931749505,0.22308654219545443,0.5257650730106199,0.4759984694940196
-1.231984805614429,-0.9770736776387523,-0.27420424855354086,-1.628345367847328,0.3777760168213022,0.5276120781123462,0.4759984694940196
-1.231984805614429,-1.115560227544278,-0.27420424855354086,-1.7829084344882444,0.5498952914049919,0.5296636868315111,0.4759984694940196
-1.231984805614429,-1.0380105970884492,-0.27420424855354086,-1.5632661818932583,0.6043634162732479,0.5322268134879824,0.4759984694940196
-1.231984805614429,-1.1387999665165378,-0.27420424855354086,-1.8371410894499693,0.6631889911309637,0.5347899401444538,0.4759984694940196
-1.231984805614429,-1.1449322998094873,-0.27420424855354086,-1.8506992531904007,0.8200571907515415,0.5373530668009252,0.4759984694940196
-1.231984805614429,-1.1322242796996083,-0.27420424855354086,-1.30457641772583,0.8897763905829094,0.5399161934573965,0.4759984694940196
-1.231984805614429,-1.113243792415587,-0.27420424855354086,-1.3289811124586064,1.0226786152614542,0.5400495482909541,0.4759984694940196
-1.231984805614429,-1.0548396192488776,-0.27420424855354086,-1.2557670282602778,0.9507806904353563,0.5401829056655709,0.4759984694940196
-1.231984805614429,-0.9021647516461212,-0.27420424855354086,-0.807805298276429,0.8810614906039884,0.5403162604991278,0.4759984694940196
-1.231984805614429,-0.7607485440497153,-0.27420424855354086,-0.39943340641464026,0.8200571907515415,0.5404496178737453,0.4759984694940196
-1.231984805614429,-0.7788886048952781,-0.27420424855354086,-0.6440226802920198,0.7372656409517926,0.5418831493007015,0.4759984694940196
-1.231984805614429,-0.7267531663060552,-0.27420424855354086,-0.7492340309177662,0.6588315411415038,0.5442918099963832,0.4759984694940196
-1.231984805614429,-0.6113652524520797,-0.27420424855354086,-0.11525429441520124,0.519393141478768,0.5467004732331249,0.4937549026270608
-1.231984805614429,-0.5082706995207974,-0.27420424855354086,-0.0859686607358698,0.3952058167791442,0.5491091339288058,0.4937549026270608
-1.231984805614429,-0.7219003599687777,-0.27420424855354086,-0.3414044656055945,0.3777760168213022,0.5522779273400026,0.4937549026270608
-1.231984805614429,-0.6406163383391349,-0.27420424855354086,-0.24107405392640321,0.40609944175279516,0.5573470449168078,0.4937549026270608
-1.231984805614429,-0.7028167238117763,-0.27420424855354086,-0.21721168574324434,0.41045689174225614,0.5624161624936121,0.4937549026270608
-1.231984805614429,-0.6274286436685831,-0.27420424855354086,-0.2578861769645381,0.42570796670536715,0.5674852800704173,0.4937549026270608
-1.231984805614429,-0.671793390265256,-0.27420424855354086,-0.3311002611628665,0.39956326676860415,0.5725544001882816,0.4937549026270608
-1.231984805614429,-0.7175791615321875,-0.27420424855354086,-0.24975127872027902,0.30587809199520427,0.5761007468488064,0.4937549026270608
-1.231984805614429,-0.744787171160089,-0.27420424855354086,-0.1662329900792226,0.27537594206898036,0.5793933000506584,0.4937549026270608
-1.231984805614429,-0.8123314327175881,-0.27420424855354086,-0.3940101409184677,0.33202279193196726,0.5826858507114497,0.4937549026270608
-1.231984805614429,-0.7750413744533192,3.6469165057620936,-0.8164825230703052,0.4518526666421301,0.5859784039133009,0.4937549026270608
-1.231984805614429,-0.8722212870245188,-0.27420424855354086,-0.9216938736960516,0.517214416484038,0.5886004069320726,0.4937549026270608
-1.231984805614429,-0.9132020399584774,-0.27420424855354086,-0.9216938736960516,0.48453354156308404,0.5903283430400714,0.4937549026270608
-1.231984805614429,-0.9980191078846147,-0.27420424855354086,-0.7226600299865208,0.3908483667896832,0.5920562766070103,0.4937549026270608
-1.231984805614429,-0.9316468996223356,-0.27420424855354086,-1.0854764916804611,0.3036993670004743,0.5937842127150084,0.4220715244232999
-1.231984805614429,-0.9745487375074252,-0.27420424855354086,-1.519337731374261,0.28844829203736233,0.5958203336729209,0.4220715244232999
-1.231984805614429,-0.87274173302559,-0.27420424855354086,-1.2568516813595119,0.4126356167369861,0.5997055688124346,0.4220715244232999
-1.231984805614429,-0.9290032880405884,-0.27420424855354086,-1.7270487998776676,0.41699306672644615,0.6035908064930083,0.4220715244232999
-1.231984805614429,-0.8622535312155709,-0.27420424855354086,-2.0204474632206,0.3668823918476512,0.6074760416325214,0.4220715244232999
-1.231984805614429,-0.8775435750623698,-0.27420424855354086,-2.2308701644720927,0.3189504419635853,0.6113612767720352,0.4220715244232999
-1.231984805614429,-0.9065950746993762,-0.27420424855354086,-1.6885436148548427,0.2623035921005994,0.6134138739635752,0.4220715244232999
-1.231984805614429,-0.17218997563475438,3.6469165057620936,-1.793212638930972,0.14247371739043557,0.6147334134348653,0.4220715244232999
-1.231984805614429,-0.8131342281214888,-0.27420424855354086,-2.1847724077546267,0.042252367632844706,0.6160529529061562,0.4220715244232999
-1.231984805614429,-0.7019861672202452,-0.27420424855354086,-2.6842551599521136,-0.060147707119477124,0.6173724949185063,0.4220715244232999
-1.231984805614429,-0.5828360471692965,-0.27420424855354086,-2.465697560456362,-0.2017648317769429,0.6201653994747347,0.4220715244232999
-1.231984805614429,0.026354377482054398,-0.27420424855354086,-2.628937851891154,-0.4043862562868556,0.6249227925049191,0.4220715244232999
-1.231984805614429,-0.4111485704170637,3.6469165057620936,-2.4461738046701407,-0.5220374060022884,0.6296801855351043,0.4220715244232999
-1.231984805614429,-0.5956211418110903,-0.27420424855354086,-2.277510247739176,-0.5743268058758143,0.6344375785652894,0.25305658682360715
-1.231984805614429,-0.8096033711364947,-0.27420424855354086,-2.885458309860113,-0.6135438557809593,0.6391949715954746,0.25305658682360715
-1.231984805614429,-0.838087049507178,-0.27420424855354086,-1.8035168433737,-0.6614758056650242,0.6403794486408272,0.25305658682360715
-1.231984805614429,-0.9044211601603173,-0.27420424855354086,-1.8311754974041796,-0.6985141305754391,0.6415639231451192,0.25305658682360715
-1.231984805614429,-0.8336896379071319,-0.27420424855354086,-2.0860689757242867,-0.7137652055385502,0.6427484001904719,0.25305658682360715
-1.231984805614429,-0.8641830683447068,3.6469165057620936,-2.2710023291437693,-0.5568970059179724,0.6439328772358245,0.25305658682360715
-1.231984805614429,-0.7610926786943101,-0.27420424855354086,-1.8241252522591553,-0.5351097559706703,0.6445367728716664,0.25305658682360715
-1.231984805614429,-0.7931553968481699,-0.27420424855354086,-1.966214808258875,-0.5002501560549865,0.6447052349914357,0.25305658682360715
-1.231984805614429,-0.8864398243985235,-0.27420424855354086,-2.116439262502853,-0.36516920638171163,0.644873697111205,0.25305658682360715
-1.231984805614429,-0.8359988590749778,-0.27420424855354086,-1.6576310015266595,-0.15819033188233797,0.6450421592309743,0.25305658682360715
-1.231984805614429,-0.6744218740634398,-0.27420424855354086,-1.267698212351857,0.27755466706371135,0.6471400813113511,0.25305658682360715
-1.231984805614429,-0.769905357344753,-0.27420424855354086,-1.3886370329165036,0.6653677161256948,0.6518106158255179,0.25305658682360715
-1.231984805614429,-0.8285413821883758,-0.27420424855354086,-0.8501067691465746,0.8527380656724954,0.6564811477986241,0.25305658682360715
-1.231984805614429,-0.7601634774690335,-0.27420424855354086,-0.8880696276197823,1.079325465124441,0.6611516823127909,0.1438874053389803
-1.231984805614429,-0.9468036287549093,-0.27420424855354086,-1.0431750208103157,1.1817255398767619,0.6658222142858977,0.1438874053389803
-1.231984805614429,-1.0546185526228793,-0.27420424855354086,-1.15869057587879,1.2579809146923209,0.6643435078926491,0.1438874053389803
-1.231984805614429,-1.0357982080915495,-0.27420424855354086,-0.4975945118953622,1.238372389739749,0.6628648014994011,0.1438874053389803
-1.231984805614429,-1.0405157436903927,-0.27420424855354086,-0.8289560337115018,1.1860829898662228,0.6613860925650925,0.1438874053389803
-1.231984805614429,-1.0491320841676848,-0.27420424855354086,-0.6575808440324511,1.114185065040125,0.6599073861718445,0.1438874053389803
-1.231984805614429,-1.0347205105329556,-0.27420424855354086,-0.6103984342157505,1.0422871402140272,0.6600891431180081,0.1438874053389803
-1.231984805614429,-0.9193124442460717,-0.27420424855354086,-0.5458615748112975,0.9703892153879283,0.6609350848917245,0.1438874053389803
-1.231984805614429,-0.8013134893052095,-0.27420424855354086,-0.303983933682004,0.8832402155987185,0.6617810241243807,0.1438874053389803
-1.231984805614429,-0.7215135696402798,-0.27420424855354086,0.13041963256141298,0.8331295407199235,0.662626965898097,0.1438874053389803
-1.231984805614429,-0.678484141552183,-0.27420424855354086,-0.07241049699543856,0.7939124908147785,0.6635698440321515,0.1438874053389803
-1.231984805614429,-0.6418712086226642,-0.27420424855354086,0.16404387863768233,0.8200571907515415,0.66475505798493,0.1438874053389803
-1.231984805614429,-0.6113810442071634,-0.27420424855354086,0.4433420516905663,0.7285507409728716,0.6659402719377085,0.1438874053389803
-1.231984805614429,-0.42958348845328953,-0.27420424855354086,0.21719188050017305,0.6261506662205498,0.6671254858904878,0.0005206489314586531
-1.231984805614429,-0.6296573448306774,-0.27420424855354086,0.19224485921777912,0.5542527413944519,0.6683107023843262,0.0005206489314586531
-1.231984805614429,-0.6436639137830337,-0.27420424855354086,0.11957310156906784,0.49324844154200503,0.6695856970722279,0.0005206489314586531
-1.231984805614429,-0.6436285438406808,-0.27420424855354086,0.21339559465285188,0.4605675666210511,0.6708606943011896,0.0005206489314586531
-1.231984805614429,-0.653337942947421,-0.27420424855354086,0.06317114040887391,0.3690611168423812,0.6721356889890906,0.0005206489314586531
-1.231984805614429,-0.662361692760701,-0.27420424855354086,0.14885873524839927,0.3276653419425063,0.6734106862180522,0.0005206489314586531
-1.231984805614429,-0.7224347852621333,-0.27420424855354086,-0.0545137208580694,0.40609944175279516,0.6739326352070312,0.0005206489314586531
-1.231984805614429,-0.7822837963479607,-0.27420424855354086,-0.0756644562931418,0.4344228666842881,0.6738897980160233,0.0005206489314586531
-1.231984805614429,-0.822897696044215,-0.27420424855354086,-0.011127596888689183,0.4300654166948281,0.6738469608250148,0.0005206489314586531
-1.231984805614429,-0.8024233446196105,3.6469165057620936,-0.1532171528884085,0.517214416484038,0.6738041261750669,0.0005206489314586531
-1.231984805614429,-0.9042736149213404,-0.27420424855354086,-0.3799096506284193,0.6544740911520428,0.6746088799057738,0.0005206489314586531
-1.231984805614429,-0.9227175773263868,-0.27420424855354086,-0.48240936850607913,0.8854189405934494,0.6804991740846515,0.0005206489314586531
-1.231984805614429,-0.9322222219723235,-0.27420424855354086,-0.5436922686128285,0.9377083404669753,0.6863894682635293,0.0005206489314586531
-1.231984805614429,-0.9676014958166186,-0.27420424855354086,-0.6635464360782408,0.9159210905196724,0.6922797624424071,-0.2066377376206939
-1.231984805614429,-0.9718484550591384,-0.27420424855354086,-1.0431750208103157,0.8745253156197974,0.6981700566212848,-0.2066377376206939
-1.231984805614429,-0.9485898915970112,-0.27420424855354086,-0.9574874259707903,0.8527380656724954,0.7005652471574256,-0.2066377376206939
-1.231984805614429,-0.9860622010710893,-0.27420424855354086,-0.9835191003524181,0.7132996660097597,0.7023779225373273,-0.2066377376206939
-1.1549857552635272,-0.0733816459915867,-0.27420424855354086,-1.4385310754812908,-1.7137999781197326,1.0899383620090248,-1.0339559924861172
-1.1549857552635272,-0.0901347062210262,3.6469165057620936,-1.4819171994506706,-1.7660893779932585,1.0937491313825825,-1.0339559924861172
-1.1549857552635272,-0.14547947807270017,-0.27420424855354086,-1.1695371068711347,-1.8401660278140874,1.0948943592137745,-1.0339559924861172
-1.1549857552635272,-0.35430437142017507,-0.27420424855354086,-1.2340739662755877,-1.7377659530617655,1.0955953284271995,-1.0339559924861172
-1.1549857552635272,-0.29344897690609856,-0.27420424855354086,-0.8148555434214534,-1.5983275533990298,1.0962962976406245,-1.0339559924861172
-1.1549857552635272,-0.33143494910463217,-0.27420424855354086,-0.5914170049791466,-1.5068211036203598,1.0969972668540493,-1.0339559924861172
-1.1549857552635272,-0.3680882586806722,-0.27420424855354086,-0.7269986423834591,-1.391348678899656,1.0926075982527617,-1.0339559924861172
-1.1549857552635272,-0.48898828464667765,-0.27420424855354086,-0.7676731336047529,-1.3652039789628931,1.0873694900156887,-1.0339559924861172
-1.1549857552635272,-0.23423535067510645,-0.27420424855354086,-0.02631274027797224,-1.393527403894387,1.0821313817786158,-1.0398748035304646
-1.1549857552635272,-0.2314843372136126,-0.27420424855354086,-0.07674910939237646,-1.2824124291631442,1.0768932735415429,-1.0398748035304646
-1.1549857552635272,-0.2909130184365652,-0.27420424855354086,0.10818424402710554,-1.1996208793633953,1.0733499278729846,-1.0398748035304646
-1.1549857552635272,-0.34919331605174714,-0.27420424855354086,-0.24758197252181008,-1.2279443042948883,1.0720662681701747,-1.0398748035304646
-1.1549857552635272,-0.47798157491462007,-0.27420424855354086,0.0187003633402594,-1.2606251792158423,1.070782611008424,-1.0398748035304646
-1.1549857552635272,-0.2300719800634741,-0.27420424855354086,0.1092688971263402,-1.1407953045056785,1.0694989513056135,-1.0398748035304646
-1.1549857552635272,-0.30810320521383255,-0.27420424855354086,0.03713946602724608,-1.0993995296058034,1.0694595597920884,-1.0398748035304646
-1.1549857552635272,-0.4068099831047051,-0.27420424855354086,0.290948291248119,-1.1604038294582504,1.076885767250035,-1.0398748035304646
-1.1549857552635272,-0.3176074730110682,-0.27420424855354086,0.7616877363158914,-1.3063784041051771,1.084311974707981,-1.0398748035304646
-1.1549857552635272,-0.15577096486086756,-0.27420424855354086,0.8159203912776164,-1.42402955382061,1.0917381796248677,-1.0398748035304646
-1.1549857552635272,-0.2336342769972262,-0.27420424855354086,1.1684326485288288,-1.5046423786256289,1.0991643870828145,-1.0398748035304646
-1.1549857552635272,-0.3142319853618879,-0.27420424855354086,0.98295696855973,-1.5721828534622668,1.0991114364726453,-1.0398748035304646
-1.1549857552635272,-0.4129366457219653,-0.27420424855354086,1.1451126068952875,-1.5373232535465828,1.0960668246680783,-1.0398748035304646
-1.1549857552635272,-0.34579541487745347,-0.27420424855354086,0.7654840221632125,-1.5024636536308988,1.0930222103224512,-1.023433661740611
-1.1549857552635272,-0.35843596112470116,-0.27420424855354086,0.641291242300862,-1.5612892284886157,1.089977595976825,-1.023433661740611
-1.1549857552635272,-0.3524408366492194,-0.27420424855354086,0.9124545171094869,-1.6026850033884898,1.089750544634545,-1.023433661740611
-1.1549857552635272,-0.46570126013504726,-0.27420424855354086,0.9558406410788676,-1.6353658783094436,1.0932802422693564,-1.023433661740611
-1.1549857552635272,-0.4625084364347294,-0.27420424855354086,0.8327325143157512,-1.5656466784780758,1.096809937363107,-1.023433661740611
-1.1549857552635272,-0.272101718274056,-0.27420424855354086,1.0686445633992554,-1.5939701034095697,1.1003396349979175,-1.023433661740611
-1.1549857552635272,-0.31782703224226305,-0.27420424855354086,1.0545440731092066,-1.452352978752103,1.1038693300916682,-1.023433661740611
-1.1549857552635272,-0.3128791344161337,-0.27420424855354086,1.0138695818879129,-1.51335727860455,1.1028096267199468,-1.023433661740611
-1.1549857552635272,-0.28032597459586184,-0.27420424855354086,0.7730765938578541,-1.6113999033674107,1.101749923348225,-1.023433661740611
-1.1549857552635272,-0.26198656078754123,-0.27420424855354086,0.8392404329111585,-1.7029063531460815,1.1006902174354436,-1.023433661740611
-1.1549857552635272,-0.38331617632735704,3.6469165057620936,0.7416216539800536,-1.7290510530828445,1.099630514063722,-1.023433661740611
-1.1549857552635272,-0.373836367805325,-0.27420424855354086,0.7947696558425437,-1.6920127281724306,1.1002831446910424,-1.023433661740611
-1.1549857552635272,-0.4868600585263046,-0.27420424855354086,0.626106098911579,-1.6005062783937598,1.1022200245471145,-1.023433661740611
-1.1549857552635272,-0.4323418773822146,-0.27420424855354086,0.4357494799959248,-1.6462595032830947,1.104156906944247,-0.9458314724925033
-1.1549857552635272,-0.313465187981508,-0.27420424855354086,0.1233693874163886,-1.5808977534411877,1.1060937868003191,-0.9458314724925033
-1.1549857552635272,-0.3920702639774034,-0.27420424855354086,0.10438795817978516,-1.391348678899656,1.1078337472046667,-0.9458314724925033
-1.1549857552635272,-0.37435446298830993,-0.27420424855354086,0.1190307750194507,-1.380455053926005,1.1090814077091726,-0.9458314724925033
-1.1549857552635272,-0.3845157036873878,-0.27420424855354086,-0.14833621394185345,-1.4000635788785771,1.110329068213679,-0.9458314724925033
-1.1549857552635272,-0.21132756157278043,-0.27420424855354086,-0.26602107520879675,-1.458889153736294,1.1115767287181857,-0.9458314724925033
-1.1549857552635272,-0.23955058625869854,-0.27420424855354086,-0.31320348502549733,-1.3739188789418142,1.1128243892226917,-0.9458314724925033
-1.1549857552635272,-0.2860841150740281,-0.27420424855354086,-0.911389669253324,-1.2802337041684142,1.1098201294523646,-0.9458314724925033
-1.1549857552635272,0.3888072605774791,3.6469165057620936,-0.5203722269792868,-1.358667803978703,1.1061072188439582,-0.9458314724925033
-1.1549857552635272,-0.1655663034165813,-0.27420424855354086,-0.9661646507646661,-1.417493378836419,1.1023943056944912,-0.9458314724925033
-1.1549857552635272,0.04312658521453298,-0.27420424855354086,-0.9867730596501217,-1.1233655045478366,1.098681392545025,-0.9458314724925033
-1.1549857552635272,0.3150281628803953,-0.27420424855354086,-0.8479374629481056,-1.0667186546848495,1.0970440071133565,-0.9458314724925033
-1.1549857552635272,0.8373432258370107,-0.27420424855354086,-0.8132285637726016,-1.0296803297744357,1.0969632674700365,-0.9458314724925033
-1.1549857552635272,-0.48710876072369946,3.6469165057620936,-1.0410057146118468,-0.9054930050748118,1.0968825278267165,-0.9458314724925033
-1.1549857552635272,-0.3085924086630845,-0.27420424855354086,-1.3501318478936788,-0.8335950802487139,1.0968017881833962,-1.0582888823351009
-1.1549857552635272,-0.4223981501642409,-0.27420424855354086,-1.5751973659848377,-0.8183440052856019,1.0981116284283208,-1.0582888823351009
-1.1549857552635272,-0.39903071331791645,-0.27420424855354086,-1.0090084481844288,-0.7464460804595041,1.107764950543772,-1.0582888823351009
-1.1549857552635272,-0.47154998786283103,-0.27420424855354086,-1.1608598820772589,-0.759518430427886,1.1174182752002841,-1.0582888823351009
-1.1549857552635272,-0.18023137061075925,-0.27420424855354086,-1.9624185224115538,-0.805271655317221,1.1270715973157361,-1.0582888823351009
-1.1549857552635272,-0.08771930344541741,3.6469165057620936,-1.7574190866562334,-0.7333737304911231,1.1367249219722482,-1.0582888823351009
-1.1549857552635272,0.03603287499532344,-0.27420424855354086,-0.5436922686128285,-0.6832630556123271,1.144814767929828,-1.0582888823351009
-1.1549857552635272,-0.22918155836403392,-0.27420424855354086,-0.5084410428877073,-0.6396885557177222,1.152279220883199,-1.0582888823351009
-1.1549857552635272,-0.19697125908084476,-0.27420424855354086,-0.4059413250100471,-0.15383288189287797,1.1597436763776299,-1.0582888823351009
-1.1549857552635272,-0.2595624904918124,-0.27420424855354086,-0.625041251055416,0.21872909220599443,1.1672081318720609,-1.0582888823351009
-1.1549857552635272,-0.2633276576428638,-0.27420424855354086,-0.21612703264400968,0.2819121170531713,1.1737702975852649,-1.0582888823351009
-1.1549857552635272,-0.3895195366278314,-0.27420424855354086,-0.05017510846113111,0.2492312421322174,1.1799715514516753,-1.0582888823351009
-1.1549857552635272,-0.2983689161476588,-0.27420424855354086,-0.5859937394829741,0.36034621686346024,1.1861728027770257,-1.0352712838293059
-1.1549857552635272,-0.17084415919808285,-0.27420424855354086,0.26871290271381193,0.573861266347024,1.1923740541023755,-1.0352712838293059
-1.1549857552635272,-0.24540114439445798,-0.27420424855354086,0.1564513069430408,0.8374869907093835,1.19805541723848,-1.0352712838293059
-1.1549857552635272,-0.1930112970417985,-0.27420424855354086,0.2410542486833319,0.9769253903721192,1.202437051007761,-1.0352712838293059
-1.1549857552635272,-0.34098427723938574,-0.27420424855354086,0.08811816169126743,0.9834615653563102,1.2068186847770426,-1.0352712838293059
-1.1549857552635272,-0.1858615619823937,-0.27420424855354086,-0.09464588552974561,1.1926191648504139,1.2112003210873834,-1.0352712838293059
-1.1549857552635272,-0.2678601246392296,-0.27420424855354086,0.6667805901328727,1.177368089887302,1.2155819548566642,-1.0352712838293059
-1.1549857552635272,-0.37501708862066496,-0.27420424855354086,0.26437429031687404,1.194797889845144,1.2094505420268458,-1.0352712838293059
-1.1549857552635272,-0.3357359592179617,-0.27420424855354086,0.6765424680259836,0.9311721654827844,1.2033191266559666,-1.0352712838293059
-1.1549857552635272,-0.20781780811503453,-0.27420424855354086,1.159755423734953,0.7416230909412527,1.1971877138261475,-1.0352712838293059
-1.1549857552635272,-0.2650858003938108,-0.27420424855354086,1.1684326485288288,0.6305081162100108,1.1910562984552684,-1.0352712838293059
-1.1549857552635272,-0.22069122891424087,-0.27420424855354086,1.3050989390323762,0.6065421412679778,1.1898196483641352,-1.0352712838293059
-1.1549857552635272,-0.32327872294592075,-0.27420424855354086,1.262255141612613,0.512856966494577,1.1922540677859554,-1.0352712838293059
-1.1549857552635272,-0.2895380051981647,-0.27420424855354086,1.4423075560855405,0.36034621686346024,1.1946884872077759,-0.9510926378652564
-1.1549857552635272,-0.3285117516771954,-0.27420424855354086,1.2421890592767748,0.2644823170953294,1.197122909170656,-0.9510926378652564
-1.1549857552635272,-0.3501172952307405,-0.27420424855354086,1.2796095912003655,0.471461191594703,1.1992845102169047,-0.9510926378652564
-1.1549857552635272,-0.3860488318735657,-0.27420424855354086,1.344688777154435,0.6370442911942008,1.200764062783163,-0.9510926378652564
-1.1549857552635272,-0.42700013677332843,-0.27420424855354086,1.39892143211616,0.7045847660308386,1.2022436153494207,-0.9510926378652564
-1.1549857552635272,-0.2739070030029637,-0.27420424855354086,1.327876654116301,0.7089422160202997,1.2037231679156792,-0.9510926378652564
-1.1549857552635272,-0.3377876491617068,-0.27420424855354086,1.3766860435818529,0.6087208662627078,1.2052027204819378,-0.9510926378652564
-1.1549857552635272,-0.2691107419159921,-0.27420424855354086,1.2069378335516538,0.42570796670536715,1.2067952511208861,-0.9510926378652564
-1.1549857552635272,-0.23774917768785697,-0.27420424855354086,1.3029296328339068,0.3581674918687302,1.2084066110151064,-0.9510926378652564
-1.1549857552635272,-0.275713418277974,-0.27420424855354086,1.3072682452308448,0.37995474181603217,1.2100179709093266,-0.9510926378652564
-1.1549857552635272,-0.35292980681118036,3.6469165057620936,0.4525616030340596,0.40827816674752515,1.2116293308035468,-0.9510926378652564
-1.1549857552635272,-0.3123490698006021,-0.27420424855354086,0.4569002154309975,0.3647036668529202,1.2163000228634393,-0.9510926378652564
-1.1549857552635272,-0.4281448595651476,-0.27420424855354086,0.43683413309515906,0.2361588921638364,1.2250498253245807,-0.9510926378652564
-1.1549857552635272,-0.4234699975953834,-0.27420424855354086,0.6255637723619623,-0.007858307245951207,1.2337996252446628,-0.9510926378652564
-1.1549857552635272,-0.2064640419652923,-0.27420424855354086,0.37663588608764437,-0.16036905687706798,1.242549427705804,-1.1497016306866852
-1.1549857552635272,-0.3263168053915928,-0.27420424855354086,0.05829020146231886,-0.18433503181910094,1.2506513233703338,-1.1497016306866852
-1.1549857552635272,-0.24951821645141273,-0.27420424855354086,-0.03770159781993453,-0.012215757235411217,1.254865796042612,-1.1497016306866852
-1.1549857552635272,-0.30204765932997835,-0.27420424855354086,-0.2063651547508992,0.02918001766446274,1.2590802661738292,-1.1497016306866852
-1.1549857552635272,-0.17445253934439783,-0.27420424855354086,-0.5957556173760845,-0.05796898212474712,1.2632947388461073,-1.1497016306866852
-1.1549857552635272,-0.22959191070892396,-0.27420424855354086,-0.5480308810097664,-0.13422435694030502,1.2675092089773254,-1.1497016306866852
-1.1549857552635272,-0.2655832765693058,-0.27420424855354086,-0.48512100125416563,-0.11025838199827304,1.273395851652853,-1.1497016306866852
-1.1549857552635272,0.3411999641971506,3.6469165057620936,-0.5995519032234053,-0.26712658161884983,1.2799513623296803,-1.1497016306866852
-1.1549857552635272,-0.10484964305995209,-0.27420424855354086,-1.076256940336968,-0.4065649812815856,1.2865068755475677,-1.1497016306866852
-1.1549857552635272,0.012370921916684522,-0.27420424855354086,-1.6353956129923524,-0.43706713120780954,1.2930623862243944,-1.1497016306866852
-1.1549857552635272,0.13124154584782474,-0.27420424855354086,-1.1321165749475446,-0.4348884062130795,1.2988044730734853,-1.1497016306866852
-1.1549857552635272,0.7487173122008742,-0.27420424855354086,-1.2205158025351566,-0.5372884809654004,1.3034619897368078,-1.1497016306866852
-1.1549857552635272,-0.3346003705208444,3.6469165057620936,-1.319761561115113,-0.5002501560549865,1.3081195064001303,-1.1497016306866852
-1.1549857552635272,-0.3103007894403411,-0.27420424855354086,-0.9325404046883967,-0.43924585620253953,1.3127770230634521,-1.345680040821738
-1.1549857552635272,-0.40801491196278167,-0.27420424855354086,-1.3127113159700887,-0.2126584567505939,1.3174345397267746,-1.345680040821738
-1.1549857552635272,-0.4146670811208107,-0.27420424855354086,-0.7514033371162351,-0.1974073817874829,1.3198370713855176,-1.345680040821738
-1.1549857552635272,-0.4788682640174039,-0.27420424855354086,-0.8213634620168603,-0.149475431903417,1.3222396030442598,-1.345680040821738
-1.1549857552635272,-0.21070961942924232,-0.27420424855354086,-0.8191941558183913,0.0030353177276997833,1.3246421347030026,-1.345680040821738
-1.1549857552635272,-0.042402296072010015,3.6469165057620936,-1.3533858071913825,0.10979284246948162,1.3270446663617457,-1.345680040821738
-1.1549857552635272,0.09188589012823119,-0.27420424855354086,-1.2557670282602778,0.3298440669372363,1.331197048230709,-1.345680040821738
-1.1549857552635272,-0.20904637077020827,-0.27420424855354086,-0.7774350114978633,0.4278866917000981,1.336661816486807,-1.345680040821738
-1.1549857552635272,-0.16646718715376446,-0.27420424855354086,-0.5268801455746936,0.5912910663048658,1.3421265847429051,-1.345680040821738
-1.1549857552635272,-0.15237905737543522,-0.27420424855354086,-0.6006365563226396,0.6762613410993458,1.3475913529990042,-1.345680040821738
-1.1549857552635272,-0.2222524951367501,-0.27420424855354086,-0.21883866539209576,0.8178784657568116,1.3515222408241059,-1.345680040821738
-1.1549857552635272,-0.3065143213651027,-0.27420424855354086,-0.42112646839933016,0.9333508904775143,1.353407953894193,-1.345680040821738
-1.1549857552635272,-0.24960650671847254,-0.27420424855354086,0.3267418435228573,1.0597169401718691,1.3552936669642794,-1.345680040821738
-1.1549857552635272,0.0032074689064409308,-0.27420424855354086,0.08215256964547772,1.15993828992946,1.3571793800343666,-1.4416963088744816
-1.1549857552635272,-0.24233124515132717,-0.27420424855354086,0.2453928610802698,1.15993828992946,1.3590650905633932,-1.4416963088744816
-1.1549857552635272,-0.3099863361172333,-0.27420424855354086,0.15862061314151016,1.129436140003236,1.3604733460656282,-1.4416963088744816
-1.1549857552635272,-0.29713796678404636,-0.27420424855354086,0.5246910341331538,0.9921764653352312,1.3618816015678632,-1.4416963088744816
-1.1549857552635272,-0.19344384756968716,-0.27420424855354086,0.7210132450945976,0.8505593406777654,1.3632898570700982,-1.4416963088744816
-1.1549857552635272,-0.22413584138226564,-0.27420424855354086,0.23291935043907286,0.7176571159992207,1.3646981125723332,-1.4416963088744816
-1.1549857552635272,-0.23527419692715884,-0.27420424855354086,0.189533226469693,0.5912910663048658,1.3651056833645123,-1.4416963088744816
-1.1549857552635272,-0.26894754848334124,-0.27420424855354086,0.8376134532623067,0.4409590416684791,1.3651129787480327,-1.4416963088744816
-1.1549857552635272,-0.22228334289469248,-0.27420424855354086,0.9569252941781018,0.3102355419846643,1.3651202741315525,-1.4416963088744816
-1.1549857552635272,-0.20853949132236813,-0.27420424855354086,0.7383676946823501,0.20347801724288248,1.3651275695150729,-1.4416963088744816
-1.1549857552635272,-0.2298965839109856,-0.27420424855354086,0.8934730878728835,0.07493324255379767,1.3654406840215623,-1.4416963088744816
-1.1549857552635272,-0.26124510199600026,-0.27420424855354086,0.9862109278574328,-0.027466832198523184,1.366518347606005,-1.4416963088744816
-1.1549857552635272,-0.2992017158862191,-0.27420424855354086,1.2909984487423276,-0.15819033188233797,1.367596011190447,-1.4416963088744816
-1.1549857552635272,-0.19528608141645584,-0.27420424855354086,1.1158269732159556,-0.28673510657142276,1.368673674774889,-1.6245218055776518
-1.1549857552635272,-0.27732692290849364,-0.27420424855354086,0.9650601924223601,-0.22355208172424587,1.3697513383593318,-1.6245218055776518
-1.1549857552635272,-0.2802949473861574,-0.27420424855354086,1.0453245217657132,-0.10372220701408205,1.370002738139399,-1.6245218055776518
-1.1549857552635272,-0.37110929320892416,-0.27420424855354086,1.1413163210479662,0.10543539248002161,1.3702541404605277,-1.6245218055776518
-1.1549857552635272,-0.26550334875436976,-0.27420424855354086,1.3229957151697453,0.1272226424273236,1.370505540240595,-1.6245218055776518
-1.1549857552635272,-0.20508380668060852,-0.27420424855354086,1.251408610620268,0.2949844670215533,1.370756942561723,-1.6245218055776518
-1.1549857552635272,-0.26633517945341345,-0.27420424855354086,1.1141999935671039,0.46274629161578207,1.3728505524631263,-1.6245218055776518
-1.1549857552635272,-0.19498433327811998,-0.27420424855354086,0.71070904065187,0.5695038163575639,1.3763258205907956,-1.6245218055776518
-1.1549857552635272,-0.12362699094903086,-0.27420424855354086,0.7953119823921612,0.6087208662627078,1.3798010912595247,-1.6245218055776518
-1.1549857552635272,-0.20254513848946418,3.6469165057620936,1.095760890880118,0.8091635657778905,1.3832763593871937,-1.6245218055776518
-1.1549857552635272,-0.2897425263716772,-0.27420424855354086,0.3549428241029541,0.7808401408463975,1.3869920194226182,-1.6245218055776518
-1.1549857552635272,-0.33599250345737003,-0.27420424855354086,0.3413846603625228,0.7895550408253186,1.392150033445634,-1.6245218055776518
-1.1549857552635272,-0.28766980468138864,-0.27420424855354086,0.5659078519040642,0.6697251661151548,1.3973080449275899,-1.6245218055776518
-1.1549857552635272,-0.1230917042872158,-0.27420424855354086,0.040393425324949314,0.5629676413733729,1.4024660589506057,-1.8066896566092276
-1.1549857552635272,-0.210886738318649,-0.27420424855354086,-0.3056109133308558,0.528108041457689,1.4076240729736222,-1.8066896566092276
-1.1549857552635272,-0.2597016373883129,-0.27420424855354086,0.1260810201644751,0.512856966494577,1.4087642923753756,-1.8066896566092276
-1.1549857552635272,-0.27520323691770726,-0.27420424855354086,0.2209881663474934,0.3211291669583153,1.4092348789167424,-1.8066896566092276
-1.0779867049126253,-0.8892259565699028,-0.27420424855354086,-1.2286507007794152,-1.7137999781197326,1.0946141133195577,-0.9576690945811976
-1.0779867049126253,-0.8835338722854454,3.6469165057620936,-1.2790870698938195,-1.7660893779932585,1.0984306407352806,-0.9576690945811976
-1.0779867049126253,-0.9577364223060685,-0.27420424855354086,-0.9547757932227038,-1.8401660278140874,1.0995732309460984,-0.9576690945811976
-1.0779867049126253,-1.0251288676726478,-0.27420424855354086,-0.9130166489021757,-1.7377659530617655,1.1002701624150393,-0.9576690945811976
-1.0779867049126253,-0.9649683642177908,-0.27420424855354086,-0.6635464360782408,-1.5983275533990298,1.1009670938839802,-0.9576690945811976
-1.0779867049126253,-0.988570003559115,-0.27420424855354086,-0.26602107520879675,-1.5068211036203598,1.1016640278939809,-0.9576690945811976
-1.0779867049126253,-1.0036460870697035,-0.27420424855354086,-0.40756830465889893,-1.391348678899656,1.097263633478051,-0.9576690945811976
-1.0779867049126253,-1.0050782018588733,-0.27420424855354086,-0.48078238885722774,-1.3652039789628931,1.0920136839009553,-0.9576690945811976
-1.0779867049126253,-0.8969410005709584,-0.27420424855354086,0.2464775141795041,-1.393527403894387,1.0867637368649201,-0.9780561104006157
-1.0779867049126253,-0.9253338763499093,-0.27420424855354086,0.23237702388945608,-1.2824124291631442,1.0815137898288851,-0.9780561104006157
-1.0779867049126253,-1.0036107171273507,-0.27420424855354086,0.2942022505458226,-1.1996208793633953,1.0779631208251463,-0.9780561104006157
-1.0779867049126253,-0.9983720715559157,-0.27420424855354086,0.032258527080690644,-1.2279443042948883,1.0766781600995692,-0.9780561104006157
-1.0779867049126253,-0.9929170071591266,-0.27420424855354086,0.29311759744658755,-1.2606251792158423,1.0753931993739922,-0.9780561104006157
-1.0779867049126253,-0.9311762873756596,-0.27420424855354086,0.4292415614005175,-1.1407953045056785,1.074108238648415,-0.9780561104006157
-1.0779867049126253,-0.9909979859032623,-0.27420424855354086,0.5349952385758814,-1.0993995296058034,1.074070221848399,-0.9780561104006157
-1.0779867049126253,-0.966804048075235,-0.27420424855354086,0.5876009138887546,-1.1604038294582504,1.081513858437507,-0.9780561104006157
-1.0779867049126253,-0.8737249492313242,-0.27420424855354086,0.8923884347736492,-1.3063784041051771,1.0889574950266157,-0.9780561104006157
-1.0779867049126253,-0.8236257318439347,-0.27420424855354086,1.0295970518268134,-1.42402955382061,1.0964011316157243,-0.9780561104006157
-1.0779867049126253,-0.9373008504073007,-0.27420424855354086,1.2519509371698856,-1.5046423786256289,1.1038447682048322,-0.9780561104006157
-1.0779867049126253,-0.9546032483715448,-0.27420424855354086,1.2107341193989742,-1.5721828534622668,1.1037921504735355,-0.9780561104006157
-1.0779867049126253,-0.961441419281215,-0.27420424855354086,1.320826408971276,-1.5373232535465828,1.1007410284730161,-0.9780561104006157
-1.0779867049126253,-0.926324037338845,-0.27420424855354086,0.9699411313689156,-1.5024636536308988,1.097689906472497,-0.9399126614481559
-1.0779867049126253,-1.004283966304035,-0.27420424855354086,0.9677718251704469,-1.5612892284886157,1.0946387870130376,-0.9399126614481559
-1.0779867049126253,-1.0246672459592638,-0.27420424855354086,1.2074801601012715,-1.6026850033884898,1.0944104778460133,-0.9399126614481559
-1.0779867049126253,-1.0450422169978972,-0.27420424855354086,1.2920831018415617,-1.6353658783094436,1.0979459208176894,-0.9399126614481559
-1.0779867049126253,-1.0342774620769715,-0.27420424855354086,1.0393589297199235,-1.5656466784780758,1.1014813637893655,-0.9399126614481559
-1.0779867049126253,-0.9371218113840372,-0.27420424855354086,1.4330880047420471,-1.5939701034095697,1.1050168042199808,-0.9399126614481559
-1.0779867049126253,-1.010548932394513,-0.27420424855354086,1.4200721675512327,-1.452352978752103,1.108552247191657,-0.9399126614481559
-1.0779867049126253,-0.979275155968503,-0.27420424855354086,1.390244207322284,-1.51335727860455,1.1074847224369762,-0.9399126614481559
-1.0779867049126253,-0.9658803739642378,-0.27420424855354086,1.2660514274599344,-1.6113999033674107,1.1064171976822956,-0.9399126614481559
-1.0779867049126253,-0.9582368056001128,-0.27420424855354086,1.1825331388188776,-1.7029063531460815,1.1053496729276149,-0.9399126614481559
-1.0779867049126253,-1.0052780393413894,3.6469165057620936,0.9238433746514496,-1.7290510530828445,1.1042821456318743,-0.9399126614481559
-1.0779867049126253,-1.0436566878862248,-0.27420424855354086,1.1131153404678695,-1.6920127281724306,1.1049325807832768,-0.9399126614481559
-1.0779867049126253,-1.0625769511588128,-0.27420424855354086,0.894015414422501,-1.6005062783937598,1.1068714807821203,-0.9399126614481559
-1.0779867049126253,-0.9857949794518234,-0.27420424855354086,0.45635788888138,-1.6462595032830947,1.1088103807809646,-0.8623104722000482
-1.0779867049126253,-0.9689677518090182,-0.27420424855354086,0.25407008587414565,-1.5808977534411877,1.110749283320869,-0.8623104722000482
-1.0779867049126253,-1.0592311448311198,-0.27420424855354086,0.3630777223472131,-1.391348678899656,1.1124912994428298,-0.8623104722000482
-1.0779867049126253,-1.038498939169242,-0.27420424855354086,0.5057096048965496,-1.380455053926005,1.1137411071431134,-0.8623104722000482
-1.0779867049126253,-0.9622698942323034,-0.27420424855354086,0.20417604330935932,-1.4000635788785771,1.114990914843396,-0.8623104722000482
-1.0779867049126253,-0.9459965623990655,-0.27420424855354086,-0.10711939617094257,-1.458889153736294,1.116240722543679,-0.8623104722000482
-1.0779867049126253,-0.940654803845003,-0.27420424855354086,0.050155303218060186,-1.3739188789418142,1.1174905302439617,-0.8623104722000482
-1.0779867049126253,-0.9424912772902012,-0.27420424855354086,-0.5805704739868015,-1.2802337041684142,1.114480789407019,-0.8623104722000482
-1.0779867049126253,-0.49700724815239294,3.6469165057620936,-0.02631274027797224,-1.358667803978703,1.1107611195787712,-0.8623104722000482
-1.0779867049126253,-0.8377963914877535,-0.27420424855354086,-0.5843667598341222,-1.417493378836419,1.1070414522915841,-0.8623104722000482
-1.0779867049126253,-0.7660928508188026,-0.27420424855354086,-0.7899085221390599,-1.1233655045478366,1.1033217850043964,-0.8623104722000482
-1.0779867049126253,-0.6456423515174009,-0.27420424855354086,-0.5946709642768498,-1.0667186546848495,1.1016791395783405,-0.8623104722000482
-1.0779867049126253,-0.3080857804477114,-0.27420424855354086,-0.5279647986739283,-1.0296803297744357,1.1015942605481324,-0.8623104722000482
-1.0779867049126253,-1.0502564571296573,3.6469165057620936,-0.7996704000321704,-0.9054930050748118,1.1015093815179247,-0.8623104722000482
-1.0779867049126253,-0.9942478932091732,-0.27420424855354086,-1.0220242853752428,-0.8335950802487139,1.1014245050287772,-0.9570114489096033
-1.0779867049126253,-1.0532787119298932,-0.27420424855354086,-1.3143382956189404,-0.8183440052856019,1.102732790144926,-0.9570114489096033
-1.0779867049126253,-1.060573426068074,-0.27420424855354086,-0.8647495859862405,-0.7464460804595041,1.1124000652213357,-0.9570114489096033
-1.0779867049126253,-1.0434541047917454,-0.27420424855354086,-0.909220363054855,-0.759518430427886,1.122067337756685,-0.9570114489096033
-1.0779867049126253,-0.8980070158198253,-0.27420424855354086,-1.5643508349924926,-0.805271655317221,1.1317346128330947,-0.9570114489096033
-1.0779867049126253,-0.8788653629080672,3.6469165057620936,-1.439073402030908,-0.7333737304911231,1.1414018879095038,-0.9570114489096033
-1.0779867049126253,-0.7788989951523161,-0.27420424855354086,-0.11742360061367019,-0.6832630556123271,1.1495016846583985,-0.9570114489096033
-1.0779867049126253,-0.9545434370991646,-0.27420424855354086,-0.08976494658319056,-0.6396885557177222,1.1569744926173477,-0.9570114489096033
-1.0779867049126253,-0.9026657630213335,-0.27420424855354086,0.00026126065327310865,-0.15383288189287797,1.164447303117357,-0.9570114489096033
-1.0779867049126253,-0.9461517343379408,-0.27420424855354086,-0.3207960567201389,0.21872909220599443,1.1719201110763056,-0.9570114489096033
-1.0779867049126253,-0.9507410157622562,-0.27420424855354086,0.17109412378270672,0.2819121170531713,1.1784914068184162,-0.9570114489096033
-1.0779867049126253,-0.9825716489519114,-0.27420424855354086,0.4406304189424802,0.2492312421322174,1.1847021007230627,-0.9570114489096033
-1.0779867049126253,-0.9404476088402319,-0.27420424855354086,-0.24649731942257577,0.36034621686346024,1.1909127920866498,-0.9806866930869925
-1.0779867049126253,-0.8674757390055777,-0.27420424855354086,0.5821776483925823,0.573861266347024,1.197123485991297,-0.9806866930869925
-1.0779867049126253,-0.9270638451741726,-0.27420424855354086,0.6092939758734449,0.8374869907093835,1.2028133261038634,-0.9806866930869925
-1.0779867049126253,-0.8892321297105266,-0.27420424855354086,0.6336986706062205,0.9769253903721192,1.2072010355478213,-0.9806866930869925
-1.0779867049126253,-0.9202340546618026,-0.27420424855354086,0.5523496881636331,0.9834615653563102,1.2115887424507195,-0.9806866930869925
-1.0779867049126253,-0.8968606420717928,-0.27420424855354086,0.08323722274471239,1.1926191648504139,1.2159764518946767,-0.9806866930869925
-1.0779867049126253,-0.9078522419654633,-0.27420424855354086,0.9216740684529803,1.177368089887302,1.2203641587975746,-0.9806866930869925
-1.0779867049126253,-0.945284264518901,-0.27420424855354086,0.532825932377412,1.194797889845144,1.2142172836171041,-0.9806866930869925
-1.0779867049126253,-0.8814584049831934,-0.27420424855354086,1.0713561961473415,0.9311721654827844,1.2080704058955734,-0.9806866930869925
-1.0779867049126253,-0.8219338067932824,-0.27420424855354086,1.3631278798414217,0.7416230909412527,1.2019235307151028,-0.9806866930869925
-1.0779867049126253,-0.888201699746127,-0.27420424855354086,1.363670206391039,0.6305081162100108,1.195776652993573,-0.9806866930869925
-1.0779867049126253,-0.8727781437881642,-0.27420424855354086,1.5448072739632008,0.6065421412679778,1.1945355636704607,-0.9806866930869925
-1.0779867049126253,-0.9085342842785009,-0.27420424855354086,1.414106575505443,0.512856966494577,1.1969738150108975,-0.9806866930869925
-1.0779867049126253,-0.9115524834689084,-0.27420424855354086,1.5442649474135832,0.36034621686346024,1.1994120663513343,-0.9649031969687333
-1.0779867049126253,-0.9134921775677914,-0.27420424855354086,1.538841681917411,0.2644823170953294,1.2018503151507114,-0.9649031969687333
-1.0779867049126253,-0.9550336275331092,-0.27420424855354086,1.6153097254134432,0.471461191594703,1.2040134865720953,-0.9649031969687333
-1.0779867049126253,-0.9934077718387107,-0.27420424855354086,1.5410109881158796,0.6370442911942008,1.2054889607369086,-0.9649031969687333
-1.0779867049126253,-1.0292980525213793,-0.27420424855354086,1.650560951138564,0.7045847660308386,1.2069644349017217,-0.9649031969687333
-1.0779867049126253,-0.8795820035208795,-0.27420424855354086,1.6733386662224885,0.7089422160202997,1.208439909066534,-0.9649031969687333
-1.0779867049126253,-0.9416631253522851,-0.27420424855354086,1.6793042582682782,0.6087208662627078,1.2099153832313472,-0.9649031969687333
-1.0779867049126253,-0.9048133340416846,-0.27420424855354086,1.3631278798414217,0.42570796670536715,1.2115067348184136,-0.9649031969687333
-1.0779867049126253,-0.9015040820379754,-0.27420424855354086,1.5339607429708557,0.3581674918687302,1.213117401003229,-0.9649031969687333
-1.0779867049126253,-0.8979512960476261,-0.27420424855354086,1.554569151856311,0.37995474181603217,1.2147280646469847,-0.9649031969687333
-1.0779867049126253,-0.9264095999391179,3.6469165057620936,0.8126664319799135,0.40827816674752515,1.2163387282907396,-0.9649031969687333
-1.0779867049126253,-0.977572786825284,-0.27420424855354086,0.9374015383918809,0.3647036668529202,1.2210147006735004,-0.9649031969687333
-1.0779867049126253,-0.9659627064327885,-0.27420424855354086,0.7459602663769916,0.2361588921638364,1.2297777547630149,-0.9649031969687333
-1.0779867049126253,-0.96269083423117,-0.27420424855354086,0.9645178658727434,-0.007858307245951207,1.2385408063114693,-0.9649031969687333
-1.0779867049126253,-0.8814531291013813,-0.27420424855354086,0.6483414874458868,-0.16036905687706798,1.2473038578599231,-1.1950791820266806
-1.0779867049126253,-0.9250981664601061,-0.27420424855354086,0.3581967834006577,-0.18433503181910094,1.2554181335692143,-1.1950791820266806
-1.0779867049126253,-0.8756420682985079,-0.27420424855354086,0.2600356779199353,-0.012215757235411217,1.259639741538227,-1.1950791820266806
-1.0779867049126253,-0.8909811024764192,-0.27420424855354086,0.17868669547734825,0.02918001766446274,1.26386134950724,-1.1950791820266806
-1.0779867049126253,-0.8024618908581564,-0.27420424855354086,-0.33652352665903906,-0.05796898212474712,1.268082960017312,-1.1950791820266806
-1.0779867049126253,-0.8083496134538916,-0.27420424855354086,-0.12935478470524964,-0.13422435694030502,1.272304567986325,-1.1950791820266806
-1.0779867049126253,-0.9019513835007263,-0.27420424855354086,-0.10115380412515285,-0.11025838199827304,1.278204007440469,-1.1950791820266806
-1.0779867049126253,-0.41323383578553824,3.6469165057620936,-0.3441160983536806,-0.26712658161884983,1.284774578980453,-1.1950791820266806
-1.0779867049126253,-0.7750773006961351,-0.27420424855354086,-0.7497763574673832,-0.4065649812815856,1.2913451505204374,-1.1950791820266806
-1.0779867049126253,-0.744189937749922,-0.27420424855354086,-1.248174456565636,-0.43706713120780954,1.297915722060422,-1.1950791820266806
-1.0779867049126253,-0.6091871387417824,-0.27420424855354086,-0.7242870096353726,-0.4348884062130795,1.3036693961435262,-1.1950791820266806
-1.0779867049126253,-0.25070225712435557,-0.27420424855354086,-0.8804770559251407,-0.5372884809654004,1.3083338702293767,-1.1950791820266806
-1.0779867049126253,-0.8887184490408945,3.6469165057620936,-0.9357943639861004,-0.5002501560549865,1.3129983443152269,-1.1950791820266806
-1.0779867049126253,-0.9429177085129951,-0.27420424855354086,-0.711813498994176,-0.43924585620253953,1.3176628209421375,-1.4495880569336117
-1.0779867049126253,-1.0229910049926383,-0.27420424855354086,-0.9884000392989735,-0.2126584567505939,1.3223272950279883,-1.4495880569336117
-1.0779867049126253,-1.0137215318812176,-0.27420424855354086,-0.4937982260480414,-0.1974073817874829,1.324731745187099,-1.4495880569336117
-1.0779867049126253,-1.0095561514098474,-0.27420424855354086,-0.6120254138646019,-0.149475431903417,1.3271361953462106,-1.4495880569336117
-1.0779867049126253,-0.888396279292007,-0.27420424855354086,-0.3381505063078909,0.0030353177276997833,1.3295406455053216,-1.4495880569336117
-1.0779867049126253,-0.7811411372514081,3.6469165057620936,-0.9021701179098306,0.10979284246948162,1.331945098205493,-1.4495880569336117
-1.0779867049126253,-0.6927989547966708,-0.27420424855354086,-0.91410130200141,0.3298440669372363,1.336101400930176,-1.4495880569336117
-1.0779867049126253,-0.8639712793748203,-0.27420424855354086,-0.37936732407880175,0.4278866917000981,1.3415715943495676,-1.4495880569336117
-1.0779867049126253,-0.7636227690912156,-0.27420424855354086,-0.18792605206391252,0.5912910663048658,1.3470417852278995,-1.4495880569336117
-1.0779867049126253,-0.8435547652532107,-0.27420424855354086,-0.3598435682925808,0.6762613410993458,1.352511978647292,-1.4495880569336117
-1.0779867049126253,-0.88766827938264,-0.27420424855354086,-0.039328577468786347,0.8178784657568116,1.356445735329236,-1.4495880569336117
-1.0779867049126253,-0.8869186196455613,-0.27420424855354086,-0.10169613067477,0.9333508904775143,1.3583309071535237,-1.4495880569336117
-1.0779867049126253,-0.8435019705447371,-0.27420424855354086,0.39073637637769315,1.0597169401718691,1.360216078977811,-1.4495880569336117
-1.0779867049126253,-0.6588449945197536,-0.27420424855354086,0.4427997251409488,1.15993828992946,1.3621012533431585,-1.5337667028976611
-1.0779867049126253,-0.8371233755983603,-0.27420424855354086,0.46232348092716974,1.15993828992946,1.363986425167446,-1.5337667028976611
-1.0779867049126253,-0.9012250345475726,-0.27420424855354086,0.3999559277211865,1.129436140003236,1.3653968380296984,-1.5337667028976611
-1.0779867049126253,-0.8875939504626883,-0.27420424855354086,0.6727461821786624,0.9921764653352312,1.3668072508919502,-1.5337667028976611
-1.0779867049126253,-0.8232172637425491,-0.27420424855354086,0.9932611730024576,0.8505593406777654,1.368217661213142,-1.5337667028976611
-1.0779867049126253,-0.811941914722303,-0.27420424855354086,0.5572306271101884,0.7176571159992207,1.3696280740753946,-1.5337667028976611
-1.0779867049126253,-0.849821256683668,-0.27420424855354086,0.48022025706453886,0.5912910663048658,1.3700342981057252,-1.5337667028976611
-1.0779867049126253,-0.893316649217797,-0.27420424855354086,1.031766358025282,0.4409590416684791,1.3700388466032876,-1.5337667028976611
-1.0779867049126253,-0.8279556695813497,-0.27420424855354086,1.0626789713534657,0.3102355419846643,1.37004339510085,-1.5337667028976611
-1.0779867049126253,-0.8299712179401639,-0.27420424855354086,0.9894648871551365,0.20347801724288248,1.3700479435984123,-1.5337667028976611
-1.0779867049126253,-0.8621277534753631,-0.27420424855354086,1.1684326485288288,0.07493324255379767,1.3703598993814998,-1.5337667028976611
-1.0779867049126253,-0.8664937789621799,-0.27420424855354086,1.105522768773228,-0.027466832198523184,1.3714403759194627,-1.5337667028976611
-1.0779867049126253,-0.8977227283379631,-0.27420424855354086,1.4379689436886027,-0.15819033188233797,1.3725208549984855,-1.5337667028976611
-1.0779867049126253,-0.8366738489337565,-0.27420424855354086,1.2736439991545758,-0.28673510657142276,1.3736013315364477,-1.7060698688553246
-1.0779867049126253,-0.9124970996005681,-0.27420424855354086,1.1781945264219396,-0.22355208172424587,1.3746818080744105,-1.7060698688553246
-1.0779867049126253,-0.9529564195487626,-0.27420424855354086,1.2324271813836647,-0.10372220701408205,1.3749350450409241,-1.7060698688553246
-1.0779867049126253,-0.9853305403457709,-0.27420424855354086,1.3962097993680738,0.10543539248002161,1.3751882820074375,-1.7060698688553246
-1.0779867049126253,-0.9172527507537274,-0.27420424855354086,1.6033785413218637,0.1272226424273236,1.375441518973951,-1.7060698688553246
-1.0779867049126253,-0.9085925343205491,-0.27420424855354086,1.518233273031955,0.2949844670215533,1.375694753399404,-1.7060698688553246
-1.0779867049126253,-0.9149810170590296,-0.27420424855354086,1.3940404931696053,0.46274629161578207,1.3777917098769465,-1.7060698688553246
-1.0779867049126253,-0.8472661327659193,-0.27420424855354086,0.9346899056437947,0.5695038163575639,1.3812714528114356,-1.7060698688553246
-1.0779867049126253,-0.8401035489603327,-0.27420424855354086,1.0870836660862413,0.6087208662627078,1.3847511957459238,-1.7060698688553246
-1.0779867049126253,-0.8599632242634732,3.6469165057620936,1.4786434349098965,0.8091635657778905,1.3882309386804128,-1.7060698688553246
-1.0779867049126253,-0.9360237460504203,-0.27420424855354086,0.6987778565602906,0.7808401408463975,1.3919510608173564,-1.7060698688553246
-1.0779867049126253,-0.9174872224263707,-0.27420424855354086,0.5019133190492292,0.7895550408253186,1.397113460710089,-1.7060698688553246
-1.0779867049126253,-0.9487043279858408,-0.27420424855354086,0.8750339851858968,0.6697251661151548,1.4022758631438816,-1.7060698688553246
-1.0779867049126253,-0.7864902712729016,-0.27420424855354086,0.3224032311259194,0.5629676413733729,1.4074382630366136,-1.9184894207802308
-1.0779867049126253,-0.8731484245545288,-0.27420424855354086,-0.031193679224527288,0.528108041457689,1.412600665470406,-1.9184894207802308
-1.0779867049126253,-0.9026778221797613,-0.27420424855354086,0.39832894807233465,0.512856966494577,1.4137415023497621,-1.9184894207802308
-1.0779867049126253,-0.8888205032581241,-0.27420424855354086,0.48022025706453886,0.3211291669583153,1.414212076185828,-1.9184894207802308
-1.0009876545617236,2.060141280269142,-0.27420424855354086,-0.34303144525444595,-0.8640972301749369,-1.1469412514636286,1.2454439052591588
-1.0009876545617236,2.0295981775837575,3.6469165057620936,-0.5805704739868015,-1.1560463794687905,-1.1455641595223451,1.2454439052591588
-1.0009876545617236,1.9172686601149485,-0.27420424855354086,-0.13260874400295325,-0.9664973049272587,-1.1448011401625668,1.2454439052591588
-1.0009876545617236,1.72586968137972,-0.27420424855354086,-0.42817671354435416,-1.1625825544529804,-1.1441404645389994,1.2454439052591588
-1.0009876545617236,1.690544835254936,-0.27420424855354086,-0.2573438504149205,-1.0492888547270085,-1.143479788915432,1.2454439052591588
-1.0009876545617236,1.6084564928814125,-0.27420424855354086,-0.4520390817275134,-0.7072290305543601,-1.1428191132918641,1.2454439052591588
-1.0009876545617236,1.6183782552036787,-0.27420424855354086,0.043105058073035794,-0.6636545306597552,-1.1427591569790254,1.2454439052591588
-1.0009876545617236,1.5226540194380411,-0.27420424855354086,-0.03336298542299663,-0.8248801802697929,-1.1427993235158784,1.2454439052591588
-1.0009876545617236,1.9625252999155127,-0.27420424855354086,0.16241689898883052,-0.5939353308283873,-1.1428394875116712,1.0869512984049712
-1.0009876545617236,1.7874116045008925,-0.27420424855354086,0.25081612657644275,-0.772590780396267,-1.142879654048524,1.0869512984049712
-1.0009876545617236,1.401899098167045,-0.27420424855354086,0.4921514411561183,-0.5438246559495914,-1.1438910772785233,1.0869512984049712
-1.0009876545617236,1.4077858158329115,-0.27420424855354086,0.3120990266831917,-0.6723694306386762,-1.1461975136678182,1.0869512984049712
-1.0009876545617236,1.3381096493939117,-0.27420424855354086,0.49323609425535336,-0.5525395559285123,-1.1485039475160528,1.0869512984049712
-1.0009876545617236,1.57272052276916,-0.27420424855354086,0.5637385457055957,-0.5046076060444474,-1.1508103839053478,1.0869512984049712
-1.0009876545617236,1.3692657413541938,-0.27420424855354086,0.7166746326976597,-0.4653905561393025,-1.1528750358859579,1.0869512984049712
-1.0009876545617236,1.4402517800418735,-0.27420424855354086,0.9574676207277185,-0.5198586810075584,-1.1534889890376387,1.0869512984049712
-1.0009876545617236,1.5425475213983781,-0.27420424855354086,0.8679837400408728,-0.6549396306808342,-1.1541029421893192,1.0869512984049712
-1.0009876545617236,1.5906192568847595,-0.27420424855354086,1.201514568055481,-0.9098504550642728,-1.154716895341,1.0869512984049712
-1.0009876545617236,1.4041965652444592,-0.27420424855354086,1.5730082545432975,-0.6571183556755642,-1.155330848492681,1.0869512984049712
-1.0009876545617236,1.4223472675795275,-0.27420424855354086,1.2378504468798368,-0.9229228050326538,-1.1552775675447002,1.0869512984049712
-1.0009876545617236,1.2976930210199722,-0.27420424855354086,1.6082594802684183,-0.5982927808178473,-1.1549573939732793,1.0869512984049712
-1.0009876545617236,1.4371657301401342,-0.27420424855354086,1.747637403520052,-0.8292376302592529,-1.154637220401858,0.8732164551368773
-1.0009876545617236,1.300602041758186,-0.27420424855354086,1.6467646652912435,-0.5634331809021633,-1.1543170468304371,0.8732164551368773
-1.0009876545617236,1.4051490234181323,-0.27420424855354086,1.6885238096117716,-0.844488705222365,-1.154367702863344,0.8732164551368773
-1.0009876545617236,1.4116515656967414,-0.27420424855354086,1.5063020889403755,-0.5372884809654004,-1.1549128034508087,0.8732164551368773
-1.0009876545617236,1.413424549108432,-0.27420424855354086,1.3213687355208936,-0.7442673554647741,-1.1554579014972133,0.8732164551368773
-1.0009876545617236,1.6226151651475087,-0.27420424855354086,1.3810246559787909,-0.5133225060233675,-1.156002999543618,0.8732164551368773
-1.0009876545617236,1.6473088222980596,-0.27420424855354086,1.5025058030930551,-0.6745481556334062,-1.1565480975900229,0.8732164551368773
-1.0009876545617236,1.683547059947861,-0.27420424855354086,1.5843971120852596,-0.6919779555912482,-1.1562267754594404,0.8732164551368773
-1.0009876545617236,1.2248232412928999,-0.27420424855354086,1.3191994293224243,-0.7333737304911231,-1.1559054558699184,0.8732164551368773
-1.0009876545617236,1.2943895653081856,-0.27420424855354086,1.2546625699179716,-0.5917566058336563,-1.1555841337393364,0.8732164551368773
-1.0009876545617236,1.21219846885556,3.6469165057620936,1.267678407108786,-0.8662759551696678,-1.1552628141498142,0.8732164551368773
-1.0009876545617236,1.205425151812791,-0.27420424855354086,1.3479427364521386,-0.7203013805227411,-1.1544779797891578,0.8732164551368773
-1.0009876545617236,1.0946692647929146,-0.27420424855354086,1.3604162470933356,-0.9142079050537328,-1.1533455157028007,0.8732164551368773
-1.0009876545617236,1.0782605904405371,-0.27420424855354086,1.3745167373833842,-0.779126955380458,-1.1522130490753835,0.7443179035044268
-1.0009876545617236,1.3049071792620486,-0.27420424855354086,0.8880498223767113,-0.9468887799746868,-1.1510805824479662,0.7443179035044268
-1.0009876545617236,1.1822659507914588,-0.27420424855354086,0.8034468806364202,-0.6070076807967683,-1.1498733070114806,0.7443179035044268
-1.0009876545617236,1.2475573390344799,-0.27420424855354086,0.4042945401181244,-0.7508035304489651,-1.148479001929143,0.7443179035044268
-1.0009876545617236,1.2494855482205744,-0.27420424855354086,0.4390034392936284,-0.4980714310602564,-1.1470846968468054,0.7443179035044268
-1.0009876545617236,1.412613301526526,-0.27420424855354086,0.5626538926063614,-0.7616971554226161,-1.145690394305528,0.7443179035044268
-1.0009876545617236,1.526905464974619,-0.27420424855354086,0.031173873981456362,-0.4980714310602564,-1.144296089223191,0.7443179035044268
-1.0009876545617236,1.6225093603884464,-0.27420424855354086,-0.09952682447630104,-0.6789056056228662,-1.1427450591776425,0.7443179035044268
-1.0009876545617236,3.0064312347830304,3.6469165057620936,-0.2893411168423385,-0.42835223122888855,-1.141167907034363,0.7443179035044268
-1.0009876545617236,2.1645066388004475,-0.27420424855354086,-0.5149489614831142,-0.6919779555912482,-1.1395907574321429,0.7443179035044268
-1.0009876545617236,2.4526766851567885,-0.27420424855354086,-0.008415964140603088,-0.5830417058547354,-1.1380136052888628,0.7443179035044268
-1.0009876545617236,3.0064312347830304,-0.27420424855354086,-0.08217237488854903,-0.5089650560339074,-1.1358261616614929,0.7443179035044268
-1.0009876545617236,3.0064312347830304,-0.27420424855354086,-0.19551862375855406,-0.26712658161884983,-1.1331810019621151,0.7443179035044268
-1.0009876545617236,1.1884532501592058,3.6469165057620936,-0.5962979439257017,-0.4588543811551115,-1.1305358397216771,0.7443179035044268
-1.0009876545617236,1.201035977048635,-0.27420424855354086,-0.9347097108868657,-0.15601160688760798,-1.1278906774812394,0.5739876745615453
-1.0009876545617236,1.1947438419613428,-0.27420424855354086,-0.5794858208875672,-0.10154348201935205,-1.125116823252511,0.5739876745615453
-1.0009876545617236,1.135080778791628,-0.27420424855354086,-0.2123307467966889,-0.049254082145826134,-1.1215708145529781,0.5739876745615453
-1.0009876545617236,1.2036544474384818,-0.27420424855354086,-0.41407622325430576,-0.27802020659250176,-1.1180248058534457,0.5739876745615453
-1.0009876545617236,1.6563697186261392,-0.27420424855354086,-0.8560723611923643,-0.023109382209063174,-1.114478799694973,0.5739876745615453
-1.0009876545617236,1.9208141424185716,3.6469165057620936,-0.4965098587961279,0.04878854261703472,-1.1109327909954403,0.5739876745615453
-1.0009876545617236,1.9056078307640694,-0.27420424855354086,0.05991718111117066,0.1555460673588175,-1.1074738745894543,0.5739876745615453
-1.0009876545617236,1.6562814283590794,-0.27420424855354086,-0.38370593647573964,0.08582686752744964,-1.1040497961173112,0.5739876745615453
-1.0009876545617236,1.6383478806015908,-0.27420424855354086,-0.2009418892547266,0.6871549660729968,-1.1006257176451681,0.5739876745615453
-1.0009876545617236,1.5943211134540654,-0.27420424855354086,0.19278718576739665,0.5912910663048658,-1.097201639173025,0.5739876745615453
-1.0009876545617236,1.5068655842117598,-0.27420424855354086,0.5127598500415743,1.16211701492419,-1.0943380296197744,0.5739876745615453
-1.0009876545617236,1.3831596863805202,-0.27420424855354086,0.10113399888208154,0.7786614158516676,-1.0916986050930215,0.5739876745615453
-1.0009876545617236,1.4045760518862307,-0.27420424855354086,0.37826286573649615,0.9006700155565603,-1.0890591805662684,0.4095762566630113
-1.0009876545617236,1.4817179679380754,-0.27420424855354086,0.6705768759801939,1.0008913653141522,-1.0864197560395152,0.4095762566630113
-1.0009876545617236,1.3220893266003642,-0.27420424855354086,0.020869669538728354,1.5913258388860492,-1.0842108938166406,0.4095762566630113
-1.0009876545617236,1.7223814621334523,-0.27420424855354086,0.8278515753691966,1.2165851397924459,-1.0830784271892238,0.4095762566630113
-1.0009876545617236,1.486968026641594,-0.27420424855354086,0.6895583052167973,1.726406788559323,-1.081945960561806,0.4095762566630113
-1.0009876545617236,1.4290475477550335,-0.27420424855354086,0.6993201831099082,1.817913238337993,-1.080813496475449,0.4095762566630113
-1.0009876545617236,1.1986771554136848,-0.27420424855354086,0.7253518574915363,1.8375217632905658,-1.0796810298480322,0.4095762566630113
-1.0009876545617236,1.2128764017232407,-0.27420424855354086,0.6483414874458868,1.3756320644077547,-1.0800195651196685,0.4095762566630113
-1.0009876545617236,1.2525215490258035,-0.27420424855354086,0.9737374172162366,1.2514447397081299,-1.0803581003913043,0.4095762566630113
-1.0009876545617236,1.340830676465922,-0.27420424855354086,1.1499935458418429,1.16429573991892,-1.0806966331218808,0.4095762566630113
-1.0009876545617236,1.247250548301623,-0.27420424855354086,1.2964217142384997,1.3560235394551816,-1.0810351683935164,0.4095762566630113
-1.0009876545617236,1.3869926145170224,-0.27420424855354086,1.4802704145587473,1.2558021896975908,-1.0808448353695468,0.4095762566630113
-1.0009876545617236,1.196555479282636,-0.27420424855354086,1.6283255626042568,0.9769253903721192,-1.080257850488608,0.4095762566630113
-1.0009876545617236,1.267540530985623,-0.27420424855354086,1.8815920612755126,1.0531807651876781,-1.0796708656076692,0.2537142324952009
-1.0009876545617236,1.1748332920835851,-0.27420424855354086,1.5133523340853996,0.9464232404458963,-1.0790838807267304,0.2537142324952009
-1.0009876545617236,1.3100681760559292,-0.27420424855354086,1.3745167373833842,0.9159210905196724,-1.078541651537168,0.2537142324952009
-1.0009876545617236,1.3087657331102098,-0.27420424855354086,1.5144369871846346,0.7372656409517926,-1.0781113103055173,0.2537142324952009
-1.0009876545617236,1.2576196838673448,-0.27420424855354086,1.4146489020550606,0.7307294659676017,-1.0776809690738665,0.2537142324952009
-1.0009876545617236,1.5096752066188261,-0.27420424855354086,1.5800584996883216,0.9682104903931983,-1.077250627842215,0.2537142324952009
-1.0009876545617236,1.5654804875829573,-0.27420424855354086,1.352823675398694,0.9486019654406262,-1.0768202891516243,0.2537142324952009
-1.0009876545617236,1.632688851331752,-0.27420424855354086,1.449900127780182,0.8374869907093835,-1.0758292757162733,0.2537142324952009
-1.0009876545617236,1.2263192409094548,-0.27420424855354086,1.6771349520698096,0.6631889911309637,-1.0747448147960879,0.2537142324952009
-1.0009876545617236,1.2804926413826054,-0.27420424855354086,1.678219605169044,0.9573168654195473,-1.0736603564169631,0.2537142324952009
-1.0009876545617236,1.1225615778260591,3.6469165057620936,1.5399263350166454,0.8984912905618304,-1.0725758980378393,0.2537142324952009
-1.0009876545617236,1.0872355652648196,-0.27420424855354086,0.9124545171094869,0.9268147154933234,-1.071000768578391,0.2537142324952009
-1.0009876545617236,1.1500728070967474,-0.27420424855354086,1.184702445017347,0.9377083404669753,-1.068771412705886,0.2537142324952009
-1.0009876545617236,1.0456261030815837,-0.27420424855354086,1.1716866078265324,1.129436140003236,-1.0665420542923203,0.2537142324952009
-1.0009876545617236,1.333682592362731,-0.27420424855354086,0.7779575328044095,1.0204998902667242,-1.064312698419815,0.0018359402746467807
-1.0009876545617236,1.183885987466127,-0.27420424855354086,0.5208947482858326,0.7394443659465226,-1.0623600157110398,0.0018359402746467807
-1.0009876545617236,1.2577762196396138,-0.27420424855354086,0.9352322321934115,1.0531807651876781,-1.0620673846899404,0.0018359402746467807
-1.0009876545617236,1.304190359197474,-0.27420424855354086,0.6575610387893801,1.0553594901824082,-1.061774753668842,0.0018359402746467807
-1.0009876545617236,1.5422252619236099,-0.27420424855354086,0.4286992348509,1.0226786152614542,-1.0614821226477433,0.0018359402746467807
-1.0009876545617236,1.8511196180642868,-0.27420424855354086,-0.29205274959042454,0.6936911410571877,-1.0611894890855849,0.0018359402746467807
-1.0009876545617236,1.478787736001556,-0.27420424855354086,-0.09193425278165951,0.6762613410993458,-1.0609322423262482,0.0018359402746467807
-1.0009876545617236,3.0064312347830304,3.6469165057620936,0.0008035872028902505,0.8745253156197974,-1.0606891467305566,0.0018359402746467807
-1.0009876545617236,1.835913485861547,-0.27420424855354086,-0.18304511311735747,0.7459805409307136,-1.060446051134865,0.0018359402746467807
-1.0009876545617236,2.4841178721318635,-0.27420424855354086,-0.980807467604332,0.6217932162310899,-1.0602029580802335,0.0018359402746467807
-1.0009876545617236,2.709725130181565,-0.27420424855354086,-0.5496578606586182,0.28409084204790136,-1.0591222147309611,0.0018359402746467807
-1.0009876545617236,3.0064312347830304,-0.27420424855354086,-0.6673427219255615,0.39738454177387417,-1.0569246068632285,0.0018359402746467807
-1.0009876545617236,1.589334543773157,3.6469165057620936,-0.6369724351469954,0.15118861736935654,-1.0547269989954953,0.0018359402746467807
-1.0009876545617236,1.145570811009623,-0.27420424855354086,-0.04420951641534139,0.1838694922903105,-1.0525293936688227,-0.21452948567982386
-1.0009876545617236,1.1961061320697948,-0.27420424855354086,-0.5241685128266076,0.25794614211113837,-1.0503317858010903,-0.21452948567982386
-1.0009876545617236,1.1315038744844232,-0.27420424855354086,-0.33381189391095295,0.6566528161467737,-1.04943667705568,-0.21452948567982386
-1.0009876545617236,1.05405798509239,-0.27420424855354086,-0.38370593647573964,0.6893336910677267,-1.0485415683102697,-0.21452948567982386
-1.0009876545617236,1.4757642609293362,-0.27420424855354086,-0.20690748130051634,0.40174199176333514,-1.04764645956486,-0.21452948567982386
-1.0009876545617236,2.105985911714113,3.6469165057620936,-0.26764805485764853,0.7917337658200485,-1.0467513508194497,-0.21452948567982386
-1.0009876545617236,2.0164645337840152,-0.27420424855354086,-0.35496262934602574,0.9202785405091334,-1.0449797872507547,-0.21452948567982386
-1.0009876545617236,1.784444136323692,-0.27420424855354086,-0.25192058491874797,1.2884830646185448,-1.042550884470391,-0.21452948567982386
-1.0009876545617236,1.6964325219603187,-0.27420424855354086,-0.16514833697998832,1.140329764976888,-1.040121981690028,-0.21452948567982386
-1.0009876545617236,1.5656338650042099,-0.27420424855354086,-0.1635213573311365,1.3168064895500378,-1.0376930789096641,-0.21452948567982386
-1.0009876545617236,1.5895575843685403,-0.27420424855354086,0.07835628379815696,1.9922112379164127,-1.0355378991222652,-0.21452948567982386
-1.0009876545617236,1.4220268564579106,-0.27420424855354086,-0.2237196043386512,2.024892112837368,-1.0337476790903846,-0.21452948567982386
-1.0009876545617236,1.3830907230682616,-0.27420424855354086,0.3934480091257792,2.0379644628057476,-1.031957461599564,-0.21452948567982386
-1.0009876545617236,2.0069076686752445,-0.27420424855354086,0.28877898504964966,2.011819762868986,-1.030167244108744,-0.3217257301496682
-1.0009876545617236,1.6682881868721764,-0.27420424855354086,0.5214370748354501,1.9508154630165377,-1.0283770266179233,-0.3217257301496682
-1.0009876545617236,1.3138333073166284,-0.27420424855354086,0.38422845778228587,1.6392577887701132,-1.028139861856483,-0.3217257301496682
-1.0009876545617236,1.1986630146148145,-0.27420424855354086,1.0545440731092066,1.5891471138913182,-1.0279026945539835,-0.3217257301496682
-1.0009876545617236,1.3931471998284988,-0.27420424855354086,0.8869651692774763,1.5237853640494103,-1.0276655297925432,-0.3217257301496682
-1.0009876545617236,1.3410718775796524,-0.27420424855354086,0.8332748408653687,1.802662163374882,-1.0274283650311027,-0.3217257301496682
-1.0009876545617236,1.3461098601904646,-0.27420424855354086,1.3300459603147694,2.0684666127319717,-1.0286229351671357,-0.3217257301496682
-1.0009876545617236,1.4103291318246998,-0.27420424855354086,1.3756013904826185,1.6741173886857972,-1.0303902018032174,-0.3217257301496682
-1.0009876545617236,1.2964353692341266,-0.27420424855354086,1.0518324403611206,2.0009261378953345,-1.0321574684392985,-0.3217257301496682
-1.0009876545617236,1.42747092046167,-0.27420424855354086,1.4211568206504677,1.6218279888122713,-1.0339247350753802,-0.3217257301496682
-1.0009876545617236,1.375558163564306,-0.27420424855354086,1.5138946606350172,1.711155713596212,-1.0354530327973575,-0.3217257301496682
-1.0009876545617236,1.2746547704864415,-0.27420424855354086,1.586566418283729,1.4279214642812805,-1.0363839069635437,-0.3217257301496682
-1.0009876545617236,1.1887830107176394,-0.27420424855354086,1.6646614414286127,1.1250786900137761,-1.0373147811297296,-0.3217257301496682
-1.0009876545617236,1.365575100520033,-0.27420424855354086,1.4211568206504677,0.6697251661151548,-1.0382456578369759,-0.4611466125276249
-1.0009876545617236,1.293026557392684,-0.27420424855354086,1.5800584996883216,0.7939124908147785,-1.0391765320031618,-0.4611466125276249
-1.0009876545617236,1.4803654400054933,-0.27420424855354086,1.2899137956430933,0.501963341520926,-1.0387117644894024,-0.4611466125276249
-1.0009876545617236,1.386398449731991,-0.27420424855354086,1.2644244478110824,0.8941338405723703,-1.0382469969756436,-0.4611466125276249
-1.0009876545617236,1.6050360705109483,-0.27420424855354086,1.3067259186812281,0.515035691489308,-1.037782226920824,-0.4611466125276249
-1.0009876545617236,1.4991538780134832,-0.27420424855354086,1.6332065015508122,0.9856402903510403,-1.037317459407065,-0.4611466125276249
-1.0009876545617236,1.4046912958079905,-0.27420424855354086,1.5274528243754484,1.4017767643445167,-1.036433007867675,-0.4611466125276249
-1.0009876545617236,1.2919718117144905,-0.27420424855354086,1.1841601184677293,1.5172491890652196,-1.0352337901327369,-0.4611466125276249
-1.0009876545617236,1.0861431347165393,-0.27420424855354086,1.42658008614664,1.149044664955809,-1.0340345749388589,-0.4611466125276249
-1.0009876545617236,1.1902211012504944,3.6469165057620936,1.2150727317959122,1.6675812137016062,-1.0328353572039202,-0.4611466125276249
-1.0009876545617236,1.067988807455872,-0.27420424855354086,0.9656025189719776,1.3233426645342288,-1.0316888740890435,-0.4611466125276249
-1.0009876545617236,1.124854522719063,-0.27420424855354086,1.1532475051395465,1.669759938696337,-1.0308587961534723,-0.4611466125276249
-1.0009876545617236,1.1661371135172383,-0.27420424855354086,1.1852447715669636,1.3233426645342288,-1.030028715676842,-0.4611466125276249
-1.0009876545617236,1.2811817899854305,-0.27420424855354086,1.0963032174297347,1.6850110136594483,-1.0291986352002118,-0.6104321799794941
-1.0009876545617236,1.2002808619779821,-0.27420424855354086,0.8332748408653687,2.417062611888811,-1.0283685572646413,-0.6104321799794941
-1.0009876545617236,1.2378683077027626,-0.27420424855354086,0.6532224263924414,2.375666836988936,-1.0273106021422622,-0.6104321799794941
-1.0009876545617236,1.2549417611086426,-0.27420424855354086,0.5333682589270295,2.053215537768861,-1.0262146657947078,-0.6104321799794941
-0.9239886042108217,0.8667150827601049,-0.27420424855354086,-0.7931624814367635,-1.7137999781197326,1.0887549903248117,-0.3309327695519857
-0.9239886042108217,0.9504749824092575,3.6469165057620936,-0.6863241511621654,-1.7660893779932585,1.0925643036709372,-0.3309327695519857
-0.9239886042108217,0.8223726599626643,-0.27420424855354086,-0.6705966812232651,-1.8401660278140874,1.093710199800933,-0.3309327695519857
-0.9239886042108217,0.5228783460356696,-0.27420424855354086,-0.4270920604451199,-1.7377659530617655,1.0944121905205146,-0.3309327695519857
-0.9239886042108217,0.6847761369627015,-0.27420424855354086,-0.3636398541399016,-1.5983275533990298,1.095114181240096,-0.3309327695519857
-0.9239886042108217,0.5147644525476887,-0.27420424855354086,0.1862792671719894,-1.5068211036203598,1.0958161745007373,-0.3309327695519857
-0.9239886042108217,0.5727701530761735,-0.27420424855354086,0.04581669082112189,-1.391348678899656,1.0914292197516269,-0.3309327695519857
-0.9239886042108217,0.3599713542877203,-0.27420424855354086,-0.13965898914797725,-1.3652039789628931,1.0861941074244006,-0.3309327695519857
-0.9239886042108217,0.7199264483034568,-0.27420424855354086,0.297998536393143,-1.393527403894387,1.0809589950971745,-0.3473739113418393
-0.9239886042108217,0.763170841657633,-0.27420424855354086,0.48293188981262497,-1.2824124291631442,1.0757238827699482,-0.3473739113418393
-0.9239886042108217,0.49926016124186,-0.27420424855354086,0.3874824170799895,-1.1996208793633953,1.0721823920752565,-0.3473739113418393
-0.9239886042108217,0.4284183479355546,-0.27420424855354086,0.4178527038585556,-1.2279443042948883,1.0708990627102584,-0.3473739113418393
-0.9239886042108217,0.34946018265212436,-0.27420424855354086,0.5675348315529161,-1.2606251792158423,1.0696157333452594,-0.3473739113418393
-0.9239886042108217,0.4796755675451749,-0.27420424855354086,0.8083278195829748,-1.1407953045056785,1.0683324039802604,-0.3473739113418393
-0.9239886042108217,0.3979646301729801,-0.27420424855354086,0.9205894153537459,-1.0993995296058034,1.0682926643415027,-0.3473739113418393
-0.9239886042108217,0.40666891995898397,-0.27420424855354086,0.8842535365293901,-1.1604038294582504,1.0757144579780717,-0.3473739113418393
-0.9239886042108217,0.39343596755397564,-0.27420424855354086,1.031766358025282,-1.3063784041051771,1.0831362541557015,-0.3473739113418393
-0.9239886042108217,0.6304014275025839,-0.27420424855354086,1.0301393783764303,-1.42402955382061,1.0905580503333305,-0.3473739113418393
-0.9239886042108217,0.5285601477341466,-0.27420424855354086,1.2009722415058641,-1.5046423786256289,1.0979798465109596,-0.3473739113418393
-0.9239886042108217,0.5230905836349617,-0.27420424855354086,1.2725593460553408,-1.5721828534622668,1.0979268120458077,-0.3473739113418393
-0.9239886042108217,0.3894028968669615,-0.27420424855354086,1.2926254283911793,-1.5373232535465828,1.0948838468481796,-0.3473739113418393
-0.9239886042108217,0.46221555709808776,-0.27420424855354086,1.2161573848951472,-1.5024636536308988,1.0918408791094911,-0.34540097432705685
-0.9239886042108217,0.4219399957545057,-0.27420424855354086,1.2118187724982095,-1.5612892284886157,1.088797913911863,-0.34540097432705685
-0.9239886042108217,0.44069821408572163,-0.27420424855354086,1.3143184903758696,-1.6026850033884898,1.0885711802020954,-0.34540097432705685
-0.9239886042108217,0.35775648885650063,-0.27420424855354086,1.2964217142384997,-1.6353658783094436,1.0920994218094737,-0.34540097432705685
-0.9239886042108217,0.36814470014455664,-0.27420424855354086,1.2253769362386406,-1.5656466784780758,1.095627663416853,-0.34540097432705685
-0.9239886042108217,0.5825106511733231,-0.27420424855354086,1.4032600445130987,-1.5939701034095697,1.099155905024232,-0.34540097432705685
-0.9239886042108217,0.6088975613175678,-0.27420424855354086,1.4677969039175511,-1.452352978752103,1.1026841466316104,-0.34540097432705685
-0.9239886042108217,0.6911820624124796,-0.27420424855354086,1.5328760898716214,-1.51335727860455,1.1016264227456998,-0.34540097432705685
-0.9239886042108217,0.4777613376513647,-0.27420424855354086,1.4661699242686994,-1.6113999033674107,1.100568698859789,-0.34540097432705685
-0.9239886042108217,0.46457378654222264,-0.27420424855354086,1.3164877965743382,-1.7029063531460815,1.099510974973878,-0.34540097432705685
-0.9239886042108217,0.33449672306756606,3.6469165057620936,1.1532475051395465,-1.7290510530828445,1.0984532485469067,-0.34540097432705685
-0.9239886042108217,0.30622921228976974,-0.27420424855354086,1.2134457521470612,-1.6920127281724306,1.099106435666387,-0.34540097432705685
-0.9239886042108217,0.22444755297804603,-0.27420424855354086,0.9054042719644629,-1.6005062783937598,1.1010428047693812,-0.34540097432705685
-0.9239886042108217,0.24667661962493725,-0.27420424855354086,0.7833807983005817,-1.6462595032830947,1.1029791738723744,-0.2020342179195352
-0.9239886042108217,0.4458363846154356,-0.27420424855354086,0.4362918065455415,-1.5808977534411877,1.1049155429753685,-0.2020342179195352
-0.9239886042108217,0.23324144302897415,-0.27420424855354086,0.5854316076902852,-1.391348678899656,1.106654985003458,-0.2020342179195352
-0.9239886042108217,0.22395967747183496,-0.27420424855354086,0.6472568343466517,-1.380455053926005,1.107902101721105,-0.2020342179195352
-0.9239886042108217,0.2691898122471049,-0.27420424855354086,0.7345714088350289,-1.4000635788785771,1.109149218438752,-0.2020342179195352
-0.9239886042108217,0.5163363961500557,-0.27420424855354086,0.20309139021012426,-1.458889153736294,1.110396335156399,-0.2020342179195352
-0.9239886042108217,0.42466610131139015,-0.27420424855354086,0.16675551138576883,-1.3739188789418142,1.111643451874046,-0.2020342179195352
-0.9239886042108217,0.4438153450326944,-0.27420424855354086,-0.11037335546864581,-1.2802337041684142,1.1086405820635876,-0.2020342179195352
-0.9239886042108217,1.278079302302263,3.6469165057620936,0.5008286659499949,-1.358667803978703,1.1049293790475627,-0.2020342179195352
-0.9239886042108217,0.6020488565894492,-0.27420424855354086,-0.2584285035141552,-1.417493378836419,1.101218176031537,-0.2020342179195352
-0.9239886042108217,0.9322289552980463,-0.27420424855354086,-0.3978064267657884,-1.1233655045478366,1.0975069730155111,-0.2020342179195352
-0.9239886042108217,1.4337153752157148,-0.27420424855354086,-0.3273039753155457,-1.0667186546848495,1.09587091909933,-0.2020342179195352
-0.9239886042108217,2.263310482149557,-0.27420424855354086,-0.07241049699543856,-1.0296803297744357,1.0957912263727672,-0.2020342179195352
-0.9239886042108217,0.2278568672844232,3.6469165057620936,-0.3056109133308558,-0.9054930050748118,1.0957115336462044,-0.2020342179195352
-0.9239886042108217,0.24024323805552505,-0.27420424855354086,-0.3381505063078909,-0.8335950802487139,1.0956318409196417,-0.21058361165025888
-0.9239886042108217,0.268137830126051,-0.27420424855354086,-0.8311253399099707,-0.8183440052856019,1.0969420750288805,-0.21058361165025888
-0.9239886042108217,0.2561619552612486,-0.27420424855354086,-0.4965098587961279,-0.7464460804595041,1.106591867611866,-0.21058361165025888
-0.9239886042108217,0.09939738199529073,-0.27420424855354086,-0.5219992066281386,-0.759518430427886,1.1162416601948524,-0.21058361165025888
-0.9239886042108217,0.6774606064200923,-0.27420424855354086,-0.7318795813300142,-0.805271655317221,1.1258914527778379,-0.21058361165025888
-0.9239886042108217,0.6715222784273834,3.6469165057620936,-0.8707151780320302,-0.7333737304911231,1.1355412453608242,-0.21058361165025888
-0.9239886042108217,0.9146978101723768,-0.27420424855354086,0.045274364271504754,-0.6832630556123271,1.1436285705867941,-0.21058361165025888
-0.9239886042108217,0.5006168345101518,-0.27420424855354086,0.43791878619439334,-0.6396885557177222,1.1510909119192296,-0.21058361165025888
-0.9239886042108217,0.6360268813476931,-0.27420424855354086,0.3164376390801297,-0.15383288189287797,1.1585532532516651,-0.21058361165025888
-0.9239886042108217,0.48367290938631186,-0.27420424855354086,0.14235081665299243,0.21872909220599443,1.1660155945841004,-0.21058361165025888
-0.9239886042108217,0.6223108447985279,-0.27420424855354086,0.5154714827896604,0.2819121170531713,1.1725754504736827,-0.21058361165025888
-0.9239886042108217,0.33153357967783753,-0.27420424855354086,0.7090820610030183,0.2492312421322174,1.1787743132025474,-0.21058361165025888
-0.9239886042108217,0.38338954009242826,-0.27420424855354086,0.4574425419806143,0.36034621686346024,1.184973175931413,-0.19545776120359395
-0.9239886042108217,0.5067212451088846,-0.27420424855354086,0.6998625096595249,0.573861266347024,1.1911720386602778,-0.19545776120359395
-0.9239886042108217,0.48070924558647254,-0.27420424855354086,0.866356760392021,0.8374869907093835,1.1968512546006054,-0.19545776120359395
-0.9239886042108217,0.6156798150581001,-0.27420424855354086,0.9569252941781018,0.9769253903721192,1.2012313510285317,-0.19545776120359395
-0.9239886042108217,0.5608956325667276,-0.27420424855354086,1.0469515014145652,0.9834615653563102,1.205611449997518,-0.19545776120359395
-0.9239886042108217,0.5139932585991319,-0.27420424855354086,0.5816353218429648,1.1926191648504139,1.2099915464254443,-0.19545776120359395
-0.9239886042108217,0.41799735081052286,-0.27420424855354086,1.0990148501778214,1.177368089887302,1.2143716453944304,-0.19545776120359395
-0.9239886042108217,0.3489219709265837,-0.27420424855354086,0.8842535365293901,1.194797889845144,1.208244143256091,-0.19545776120359395
-0.9239886042108217,0.30838301028627296,-0.27420424855354086,1.352823675398694,0.9311721654827844,1.2021166436588118,-0.19545776120359395
-0.9239886042108217,0.5358569255675938,-0.27420424855354086,1.3815669825284083,0.7416230909412527,1.1959891415204726,-0.19545776120359395
-0.9239886042108217,0.4837975206900646,-0.27420424855354086,1.362585553291805,0.6305081162100108,1.1898616419231933,-0.19545776120359395
-0.9239886042108217,0.5248560659629877,-0.27420424855354086,1.4770164552610445,0.6065421412679778,1.1886261124395592,-0.19545776120359395
-0.9239886042108217,0.3760566386192265,-0.27420424855354086,1.3810246559787909,0.512856966494577,1.1910595637174854,-0.19545776120359395
-0.9239886042108217,0.4530131271650692,-0.27420424855354086,1.397294452467309,0.36034621686346024,1.1934930149954108,-0.2000612809047527
-0.9239886042108217,0.5196900445197622,-0.27420424855354086,1.4374266171389851,0.2644823170953294,1.1959264662733369,-0.2000612809047527
-0.9239886042108217,0.397517077477762,-0.27420424855354086,1.498709517245734,0.471461191594703,1.1980876683731505,-0.2000612809047527
-0.9239886042108217,0.4406388155523946,-0.27420424855354086,1.4715931897648715,0.6370442911942008,1.1995682551508657,-0.2000612809047527
-0.9239886042108217,0.301316469063878,-0.27420424855354086,1.5616193970013348,0.7045847660308386,1.2010488393875212,-0.2000612809047527
-0.9239886042108217,0.6427418765677091,-0.27420424855354086,1.593074336879136,0.7089422160202997,1.2025294236241766,-0.2000612809047527
-0.9239886042108217,0.5547916526522243,-0.27420424855354086,1.6071748271691841,0.6087208662627078,1.2040100078608313,-0.2000612809047527
-0.9239886042108217,0.7880454041297756,-0.27420424855354086,1.5643310297494217,0.42570796670536715,1.2056028383448707,-0.2000612809047527
-0.9239886042108217,0.4659959058682313,-0.27420424855354086,1.5415533146654972,0.3581674918687302,1.2072143735722376,-0.2000612809047527
-0.9239886042108217,0.45358800088565104,-0.27420424855354086,1.6690000538255505,0.37995474181603217,1.2088259087996038,-0.2000612809047527
-0.9239886042108217,0.36681865929209245,3.6469165057620936,1.3148608169254863,0.40827816674752515,1.2104374465680299,-0.2000612809047527
-0.9239886042108217,0.4051783756760036,-0.27420424855354086,1.3257073479178316,0.3647036668529202,1.2151068020303146,-0.2000612809047527
-0.9239886042108217,0.342296934875017,-0.27420424855354086,1.1646363626815084,0.2361588921638364,1.2238532502921369,-0.2000612809047527
-0.9239886042108217,0.26107828752238665,-0.27420424855354086,1.2872021628950072,-0.007858307245951207,1.232599696012899,-0.2000612809047527
-0.9239886042108217,0.5405837926580775,-0.27420424855354086,0.8842535365293901,-0.16036905687706798,1.2413461442747205,-0.44339017939458314
-0.9239886042108217,0.4331243088957282,-0.27420424855354086,0.8077854930333581,-0.18433503181910094,1.249444909353219,-0.44339017939458314
-0.9239886042108217,0.5026054651046185,-0.27420424855354086,0.5556036474613366,-0.012215757235411217,1.2536575753317722,-0.44339017939458314
-0.9239886042108217,0.47672236578307875,-0.27420424855354086,0.6505107936443554,0.02918001766446274,1.2578702387692655,-0.44339017939458314
-0.9239886042108217,0.7415990529805794,-0.27420424855354086,0.025208281935666647,-0.05796898212474712,1.2620829047478195,-0.44339017939458314
-0.9239886042108217,0.5760840708257028,-0.27420424855354086,0.19170253266816234,-0.13422435694030502,1.2662955681853127,-0.44339017939458314
-0.9239886042108217,0.48463175604272307,-0.27420424855354086,0.2985408629427605,-0.11025838199827304,1.2721789735502849,-0.44339017939458314
-0.9239886042108217,1.442656254205157,3.6469165057620936,0.5078789110950189,-0.26712658161884983,1.2787306726369758,-0.44339017939458314
-0.9239886042108217,0.6357854290014957,-0.27420424855354086,-0.2047381751020474,-0.4065649812815856,1.2852823742647275,-0.44339017939458314
-0.9239886042108217,1.0796297535514863,-0.27420424855354086,-0.5442345951624457,-0.43706713120780954,1.2918340733514182,-0.44339017939458314
-0.9239886042108217,1.325934690743995,-0.27420424855354086,-0.05288674120921759,-0.4348884062130795,1.2975732252761047,-0.44339017939458314
-0.9239886042108217,2.096874607385999,-0.27420424855354086,-0.3457430780025324,-0.5372884809654004,1.3022289809847842,-0.44339017939458314
-0.9239886042108217,0.5510155927792004,3.6469165057620936,-0.6402263944446991,-0.5002501560549865,1.3068847392345238,-0.44339017939458314
-0.9239886042108217,0.4286318955327117,-0.27420424855354086,-0.33760817975827373,-0.43924585620253953,1.3115404949432032,-0.6827732038548486
-0.9239886042108217,0.39426874934735967,-0.27420424855354086,-0.41027993740698504,-0.2126584567505939,1.3161962506518827,-0.6827732038548486
-0.9239886042108217,0.2912036803406259,-0.27420424855354086,-0.22968519638444093,-0.1974073817874829,1.3185982969681476,-0.6827732038548486
-0.9239886042108217,0.21111895278372314,-0.27420424855354086,-0.12501617230831172,-0.149475431903417,1.321000343284413,-0.6827732038548486
-0.9239886042108217,0.5952468093195332,-0.27420424855354086,-0.023058780980268617,0.0030353177276997833,1.3234023870596188,-0.6827732038548486
-0.9239886042108217,0.9497637791848432,3.6469165057620936,-0.457462347223686,0.10979284246948162,1.3258044333758843,-0.6827732038548486
-0.9239886042108217,0.9413657597215859,-0.27420424855354086,-0.42817671354435416,0.3298440669372363,1.3299558216903518,-0.6827732038548486
-0.9239886042108217,0.6001653129469953,-0.27420424855354086,0.024123628836431977,0.4278866917000981,1.335419217774001,-0.6827732038548486
-0.9239886042108217,0.7058810818800875,-0.27420424855354086,0.10547261127901945,0.5912910663048658,1.3408826138576508,-0.6827732038548486
-0.9239886042108217,0.6610169210288869,-0.27420424855354086,0.04202040497380113,0.6762613410993458,1.3463460099412998,-0.6827732038548486
-0.9239886042108217,0.7121634009559815,-0.27420424855354086,0.19224485921777912,0.8178784657568116,1.350276171023216,-0.6827732038548486
-0.9239886042108217,0.45861480365167145,-0.27420424855354086,0.35223119135486797,0.9333508904775143,1.352162021310548,-0.6827732038548486
-0.9239886042108217,0.4577362437137204,-0.27420424855354086,0.518725442087364,1.0597169401718691,1.3540478690568198,-0.6827732038548486
-0.9239886042108217,0.9893100126760171,-0.27420424855354086,0.7334867557357946,1.15993828992946,1.355933719344151,-0.793915322354258
-0.9239886042108217,0.767556086428194,-0.27420424855354086,0.6548494060412933,1.15993828992946,1.357819569631483,-0.793915322354258
-0.9239886042108217,0.4851079492392073,-0.27420424855354086,0.6130902617207652,1.129436140003236,1.359227278805799,-0.793915322354258
-0.9239886042108217,0.3431280477670116,-0.27420424855354086,0.6906429583160323,0.9921764653352312,1.3606349879801145,-0.793915322354258
-0.9239886042108217,0.583616612384482,-0.27420424855354086,0.9981421119490123,0.8505593406777654,1.3620426971544302,-0.793915322354258
-0.9239886042108217,0.45781347975222164,-0.27420424855354086,0.784465451399816,0.7176571159992207,1.3634504063287456,-0.793915322354258
-0.9239886042108217,0.5516582095400573,-0.27420424855354086,0.6434605484993313,0.5912910663048658,1.3638583176229768,-0.793915322354258
-0.9239886042108217,0.45276873180996996,-0.27420424855354086,0.9639755393231259,0.4409590416684791,1.3638663067159011,-0.793915322354258
-0.9239886042108217,0.5680834652352726,-0.27420424855354086,1.1391470148494978,0.3102355419846643,1.3638742983498864,-0.793915322354258
-0.9239886042108217,0.6627410397256988,-0.27420424855354086,1.162467056483039,0.20347801724288248,1.3638822899838714,-0.793915322354258
-0.9239886042108217,0.6690790785737918,-0.27420424855354086,1.31811477622319,0.07493324255379767,1.3641956967122713,-0.793915322354258
-0.9239886042108217,0.5574688396587012,-0.27420424855354086,1.2253769362386406,-0.027466832198523184,1.3652726487998883,-0.793915322354258
-0.9239886042108217,0.45221733037989886,-0.27420424855354086,1.4748471490625752,-0.15819033188233797,1.3663496008875051,-0.793915322354258
-0.9239886042108217,0.7467000769954939,-0.27420424855354086,1.2351388141317508,-0.28673510657142276,1.3674265504340621,-1.010938393980323
-0.9239886042108217,0.49386971742468083,-0.27420424855354086,1.18199081226926,-0.22355208172424587,1.3685035025216792,-1.010938393980323
-0.9239886042108217,0.5373765410360694,-0.27420424855354086,1.179279179521174,-0.10372220701408205,1.36875443982881,-1.010938393980323
-0.9239886042108217,0.40801193694816323,-0.27420424855354086,1.3430617975055839,0.10543539248002161,1.3690053745948816,-1.010938393980323
-0.9239886042108217,0.6358188608648155,-0.27420424855354086,1.424953106497788,0.1272226424273236,1.3692563119020131,-1.010938393980323
-0.9239886042108217,0.6172143429680239,-0.27420424855354086,1.3853632683757287,0.2949844670215533,1.3695072492091445,-1.010938393980323
-0.9239886042108217,0.6752374682626296,-0.27420424855354086,1.4677969039175511,0.46274629161578207,1.3716000129375374,-1.010938393980323
-0.9239886042108217,0.6540774675445649,-0.27420424855354086,1.2204959972920852,0.5695038163575639,1.3750741502934662,-1.010938393980323
-0.9239886042108217,0.5883202763620984,-0.27420424855354086,1.4005484117650118,0.6087208662627078,1.378548285108335,-1.010938393980323
-0.9239886042108217,0.46577634663703643,3.6469165057620936,1.328961307215535,0.8091635657778905,1.3820224224642639,-1.010938393980323
-0.9239886042108217,0.39954186760233584,-0.27420424855354086,1.027427745628344,0.7808401408463975,1.385736954269008,-1.010938393980323
-0.9239886042108217,0.5044456532012968,-0.27420424855354086,0.7036587955068461,0.7895550408253186,1.3908938553077044,-1.010938393980323
-0.9239886042108217,0.327322726129896,-0.27420424855354086,0.9222163950025978,0.6697251661151548,1.3960507588874602,-1.010938393980323
-0.9239886042108217,0.6779060236393389,-0.27420424855354086,0.6890159786671806,0.5629676413733729,1.4012076624672165,-1.2082320954585637
-0.9239886042108217,0.4790211249131816,-0.27420424855354086,0.5029979721484634,0.528108041457689,1.406364563505913,-1.2082320954585637
-0.9239886042108217,0.33565368446957533,-0.27420424855354086,0.71070904065187,0.512856966494577,1.4075046279030012,-1.2082320954585637
-0.9239886042108217,0.2794068086087345,-0.27420424855354086,0.7372830415831158,0.3211291669583153,1.407975219526488,-1.2082320954585637
-0.8469895538599199,0.09872924719383287,-0.27420424855354086,-0.6071444749180468,-0.8640972301749369,-1.1469412514636286,2.2013318889212345
-0.8469895538599199,0.13070209590512424,3.6469165057620936,-0.6939167228568068,-0.8989568300906209,-1.1455641595223451,2.2013318889212345
-0.8469895538599199,0.09043010565161184,-0.27420424855354086,-0.31645744432320094,-0.9664973049272587,-1.1448011401625668,2.2013318889212345
-0.8469895538599199,0.006438641448365916,-0.27420424855354086,-0.565927657147136,-1.1625825544529804,-1.1441404645389994,2.2013318889212345
-0.8469895538599199,0.05740491591574205,-0.27420424855354086,-0.3739440585826292,-0.809629105306681,-1.143479788915432,2.2013318889212345
-0.8469895538599199,-0.10665713504553624,-0.27420424855354086,-0.5724355757425428,-0.9447100549799567,-1.1428191132918641,2.2013318889212345
-0.8469895538599199,-0.1308936926671139,-0.27420424855354086,-0.059394659804624446,-0.6636545306597552,-1.1427591569790254,2.2013318889212345
-0.8469895538599199,-0.11379647984790285,-0.27420424855354086,-0.0328206588733791,-0.6004715058125774,-1.1427993235158784,2.2013318889212345
-0.8469895538599199,-0.059590401208834395,-0.27420424855354086,-0.04475184296495853,-0.5939353308283873,-1.1428394875116712,2.2013318889212345
-0.8469895538599199,-0.0068018479306594225,-0.27420424855354086,-0.07674910939237646,-0.5852204308494663,-1.142879654048524,2.2013318889212345
-0.8469895538599199,-0.1561799174820115,-0.27420424855354086,0.23237702388945608,-0.5438246559495914,-1.1438910772785233,2.2013318889212345
-0.8469895538599199,-0.0918717274995487,-0.27420424855354086,0.2106839619047658,-0.6723694306386762,-1.1461975136678182,2.2013318889212345
-0.8469895538599199,-0.16295834890000663,-0.27420424855354086,0.3641623754464474,-0.5525395559285123,-1.1485039475160528,2.2013318889212345
-0.8469895538599199,-0.003210300359649587,-0.27420424855354086,0.5143868296904262,-0.5046076060444474,-1.1508103839053478,2.2013318889212345
-0.8469895538599199,-0.1417206814592111,-0.27420424855354086,0.421648989705876,-0.4653905561393025,-1.1528750358859579,2.2013318889212345
-0.8469895538599199,-0.1555033125573719,-0.27420424855354086,0.8424943922088621,-0.5198586810075584,-1.1534889890376387,2.2013318889212345
-0.8469895538599199,-0.16074940537694327,-0.27420424855354086,0.3891093967288413,-0.6549396306808342,-1.1541029421893192,2.2013318889212345
-0.8469895538599199,0.007766925447859457,-0.27420424855354086,1.1239618714602146,-0.9098504550642728,-1.154716895341,2.2013318889212345
-0.8469895538599199,-0.05202218463970673,-0.27420424855354086,1.6364604608485158,-0.8924206551064309,-1.155330848492681,2.2013318889212345
-0.8469895538599199,-0.1593855002026303,-0.27420424855354086,1.1060650953228455,-0.6876205056017871,-1.1552775675447002,2.2013318889212345
-0.8469895538599199,-0.156161667237784,-0.27420424855354086,1.4428498826351572,-0.5982927808178473,-1.1549573939732793,2.2013318889212345
-0.8469895538599199,-0.1670191807746511,-0.27420424855354086,1.6982856875048824,-0.5525395559285123,-1.154637220401858,2.2013318889212345
-0.8469895538599199,-0.18218470304357837,-0.27420424855354086,1.6109711130165052,-0.5634331809021633,-1.1543170468304371,2.2013318889212345
-0.8469895538599199,-0.23082244733348314,-0.27420424855354086,1.9802954933058525,-0.5765055308705453,-1.154367702863344,2.2013318889212345
-0.8469895538599199,-0.23799888481512071,-0.27420424855354086,2.090930109427771,-0.5372884809654004,-1.1549128034508087,2.2013318889212345
-0.8469895538599199,-0.23594491583399438,-0.27420424855354086,1.9331130834891515,-0.7442673554647741,-1.1554579014972133,2.2013318889212345
-0.8469895538599199,-0.13898946152710087,-0.27420424855354086,1.7508913628177556,-0.5133225060233675,-1.156002999543618,2.2013318889212345
-0.8469895538599199,-0.2095365253138006,-0.27420424855354086,1.4287493923451093,-0.4348884062130795,-1.1565480975900229,2.2013318889212345
-0.8469895538599199,-0.17331788379644464,-0.27420424855354086,1.743298791123114,-0.6919779555912482,-1.1562267754594404,2.2013318889212345
-0.8469895538599199,-0.0727008598408852,-0.27420424855354086,1.7639072000085694,-0.5002501560549865,-1.1559054558699184,2.2013318889212345
-0.8469895538599199,0.05514432617548405,-0.27420424855354086,1.2177843645439992,-0.5917566058336563,-1.1555841337393364,2.2013318889212345
-0.8469895538599199,-0.2546603349198976,3.6469165057620936,1.2454430185744783,-0.6854417806070572,-1.1552628141498142,2.2013318889212345
-0.8469895538599199,-0.34481047593480113,-0.27420424855354086,1.1814484857196432,-0.7203013805227411,-1.1544779797891578,2.2013318889212345
-0.8469895538599199,-0.3465390809256709,-0.27420424855354086,1.1445702803456699,-0.9142079050537328,-1.1533455157028007,2.2013318889212345
-0.8469895538599199,-0.3483032353106555,-0.27420424855354086,1.330588286864387,-0.779126955380458,-1.1522130490753835,2.2013318889212345
-0.8469895538599199,-0.22735378832930786,-0.27420424855354086,0.6049553634765061,-0.752982255443695,-1.1510805824479662,2.2013318889212345
-0.8469895538599199,-0.3276957486235882,-0.27420424855354086,0.777415206254792,-0.8335950802487139,-1.1498733070114806,2.2013318889212345
-0.8469895538599199,-0.3358363624789781,-0.27420424855354086,0.44388437824018306,-0.7508035304489651,-1.148479001929143,2.2013318889212345
-0.8469895538599199,-0.1610301756042644,-0.27420424855354086,0.02303897573719769,-0.7464460804595041,-1.1470846968468054,2.2013318889212345
-0.8469895538599199,-0.20697698688269897,-0.27420424855354086,0.26166265756878715,-0.5002501560549865,-1.145690394305528,2.2013318889212345
-0.8469895538599199,-0.18403492249377026,-0.27420424855354086,-0.15592878563649498,-0.4980714310602564,-1.144296089223191,2.2013318889212345
-0.8469895538599199,-0.27013864161054324,-0.27420424855354086,-0.1347780502014222,-0.43053095622361853,-1.1427450591776425,2.2013318889212345
-0.8469895538599199,0.9983766335153145,3.6469165057620936,-0.7053055803987691,-0.42835223122888855,-1.141167907034363,2.2013318889212345
-0.8469895538599199,0.043972772054562,-0.27420424855354086,-0.9401329763830383,-0.6919779555912482,-1.1395907574321429,2.2013318889212345
-0.8469895538599199,0.13800725413587145,-0.27420424855354086,-0.5778588412387153,-0.3390245064449487,-1.1380136052888628,2.2013318889212345
-0.8469895538599199,0.4496632831727241,-0.27420424855354086,-0.42817671354435416,-0.26712658161884983,-1.1358261616614929,2.2013318889212345
-0.8469895538599199,1.2978322396971773,-0.27420424855354086,-0.4688512047656479,-0.26712658161884983,-1.1331810019621151,2.2013318889212345
-0.8469895538599199,-0.27508574984891826,3.6469165057620936,-0.8148555434214534,-0.4588543811551115,-1.1305358397216771,2.2013318889212345
-0.8469895538599199,-0.24211448536762456,-0.27420424855354086,-1.2487167831152532,-0.15601160688760798,-1.1278906774812394,2.2013318889212345
-0.8469895538599199,-0.4181538647529797,-0.27420424855354086,-0.9498948542761487,-0.10154348201935205,-1.125116823252511,2.2013318889212345
-0.8469895538599199,-0.4359308946833757,-0.27420424855354086,-0.3869598957734433,-0.29545000655034376,-1.1215708145529781,2.2013318889212345
-0.8469895538599199,-0.3084958097794292,-0.27420424855354086,-0.5382690031166559,-0.03618173217744417,-1.1180248058534457,2.2013318889212345
-0.8469895538599199,0.0018644160269091618,-0.27420424855354086,-0.841971870902316,-0.023109382209063174,-1.114478799694973,2.2013318889212345
-0.8469895538599199,0.07427930348168417,3.6469165057620936,-0.5078987163380903,0.04878854261703472,-1.1109327909954403,2.2013318889212345
-0.8469895538599199,0.14976304935936866,-0.27420424855354086,-0.39672177366655376,0.1555460673588175,-1.1074738745894543,2.2013318889212345
-0.8469895538599199,0.002107662890729551,-0.27420424855354086,-0.662461782979006,0.3734185668318412,-1.1040497961173112,2.2013318889212345
-0.8469895538599199,0.07217368828336279,-0.27420424855354086,-0.48512100125416563,0.6871549660729968,-1.1006257176451681,2.2013318889212345
-0.8469895538599199,-0.08498225133103188,-0.27420424855354086,-0.15809809183496393,1.0008913653141522,-1.097201639173025,2.2013318889212345
-0.8469895538599199,-0.06375420250469652,-0.27420424855354086,0.19224485921777912,0.7263720159781416,-1.0943380296197744,2.2013318889212345
-0.8469895538599199,-0.1631609499396624,-0.27420424855354086,-0.3397774859567427,1.199155339834604,-1.0916986050930215,2.2013318889212345
-0.8469895538599199,-0.07100139781621573,-0.27420424855354086,0.1607899193399791,0.9006700155565603,-1.0890591805662684,2.2013318889212345
-0.8469895538599199,-0.0837450570460906,-0.27420424855354086,0.20634534950782787,1.4039554893392476,-1.0864197560395152,2.2013318889212345
-0.8469895538599199,-0.09704293509870505,-0.27420424855354086,-0.1646060104303708,1.109827615050664,-1.0842108938166406,2.2013318889212345
-0.8469895538599199,-0.05205850567639964,-0.27420424855354086,0.6212251599650243,1.6893684636489101,-1.0830784271892238,2.2013318889212345
-0.8469895538599199,-0.08983914916849041,-0.27420424855354086,0.41242943836238266,1.726406788559323,-1.081945960561806,2.2013318889212345
-0.8469895538599199,-0.04284363973625223,-0.27420424855354086,0.41947968350740744,1.817913238337993,-1.080813496475449,2.2013318889212345
-0.8469895538599199,-0.12201951589772501,-0.27420424855354086,0.5566883005605717,1.8375217632905658,-1.0796810298480322,2.2013318889212345
-0.8469895538599199,-0.21694682433208962,-0.27420424855354086,0.32131857802668506,1.7656238384644671,-1.0800195651196685,2.2013318889212345
-0.8469895538599199,-0.14481166628441416,-0.27420424855354086,0.8679837400408728,1.5869683888965873,-1.0803581003913043,2.2013318889212345
-0.8469895538599199,-0.13405143354789875,-0.27420424855354086,0.6044130369268894,1.4649597891916935,-1.0806966331218808,2.2013318889212345
-0.8469895538599199,-0.08630062959324529,-0.27420424855354086,0.9791606827124089,1.3560235394551816,-1.0810351683935164,2.2013318889212345
-0.8469895538599199,-0.1050228678461164,-0.27420424855354086,1.419529841001616,1.2558021896975908,-1.0808448353695468,2.2013318889212345
-0.8469895538599199,-0.08568187991677664,-0.27420424855354086,1.5339607429708557,1.175189364892572,-1.080257850488608,2.2013318889212345
-0.8469895538599199,-0.1490093480730017,-0.27420424855354086,1.5827701324364076,1.0531807651876781,-1.0796708656076692,2.2013318889212345
-0.8469895538599199,-0.18180588037332748,-0.27420424855354086,1.5854817651844946,0.7546954409096346,-1.0790838807267304,2.2013318889212345
-0.8469895538599199,-0.19565130164312317,-0.27420424855354086,1.487862986253389,0.7263720159781416,-1.078541651537168,2.2013318889212345
-0.8469895538599199,-0.22036191698521315,-0.27420424855354086,1.654357236985885,0.9486019654406262,-1.0781113103055173,2.2013318889212345
-0.8469895538599199,-0.27722093869766945,-0.27420424855354086,1.7693304655047422,0.9725679403826593,-1.0776809690738665,2.2013318889212345
-0.8469895538599199,-0.10106130868638552,-0.27420424855354086,1.623986950207319,0.9682104903931983,-1.077250627842215,2.2013318889212345
-0.8469895538599199,-0.15991940508587527,-0.27420424855354086,1.647306991840861,0.7459805409307136,-1.0768202891516243,2.2013318889212345
-0.8469895538599199,-0.14035277451059827,-0.27420424855354086,1.685269850314068,0.8374869907093835,-1.0758292757162733,2.2013318889212345
-0.8469895538599199,-0.04923393493753214,-0.27420424855354086,1.8409175700542189,0.8309508157251935,-1.0747448147960879,2.2013318889212345
-0.8469895538599199,0.012601517431261696,-0.27420424855354086,1.78939654784058,0.9573168654195473,-1.0736603564169631,2.2013318889212345
-0.8469895538599199,-0.21925173865764003,3.6469165057620936,1.4824397207572166,1.2078702398135248,-1.0725758980378393,2.2013318889212345
-0.8469895538599199,-0.2794763602271727,-0.27420424855354086,0.8511716170027379,1.2187638647871768,-1.071000768578391,2.2013318889212345
-0.8469895538599199,-0.3110553661557073,-0.27420424855354086,1.2085648132005058,0.9377083404669753,-1.068771412705886,2.2013318889212345
-0.8469895538599199,-0.32055067931000353,-0.27420424855354086,1.2253769362386406,1.129436140003236,-1.0665420542923203,2.2013318889212345
-0.8469895538599199,-0.1682980437588023,-0.27420424855354086,0.530114299629326,1.0204998902667242,-1.064312698419815,2.2013318889212345
-0.8469895538599199,-0.21072878487745766,-0.27420424855354086,0.360366089599127,0.9725679403826593,-1.0623600157110398,2.2013318889212345
-0.8469895538599199,-0.1909808900770644,-0.27420424855354086,0.6716615290794281,1.0531807651876781,-1.0620673846899404,2.2013318889212345
-0.8469895538599199,-0.09708849790115734,-0.27420424855354086,0.3657893550952992,0.8026273907936995,-1.061774753668842,2.2013318889212345
-0.8469895538599199,0.012410114181574675,-0.27420424855354086,-0.048548128812279295,1.0226786152614542,-1.0614821226477433,2.2013318889212345
-0.8469895538599199,0.08983769949385162,-0.27420424855354086,-0.6456496599408716,1.0139637152825332,-1.0611894890855849,2.2013318889212345
-0.8469895538599199,-0.13349035966783898,-0.27420424855354086,-0.35062401694908746,0.9899977403405013,-1.0609322423262482,2.2013318889212345
-0.8469895538599199,0.9814058982981845,3.6469165057620936,-0.40214503916272637,0.573861266347024,-1.0606891467305566,2.2013318889212345
-0.8469895538599199,0.04729250404119074,-0.27420424855354086,-0.44281953038402005,0.7459805409307136,-1.060446051134865,2.2013318889212345
-0.8469895538599199,0.25951816979115605,-0.27420424855354086,-1.003042856138639,0.6217932162310899,-1.0602029580802335,2.2013318889212345
-0.8469895538599199,0.44571324481613356,-0.27420424855354086,-0.9423022825815072,0.5259293164629589,-1.0591222147309611,2.2013318889212345
-0.8469895538599199,1.0275099452107612,-0.27420424855354086,-0.8278713806122675,0.39738454177387417,-1.0569246068632285,2.2013318889212345
-0.8469895538599199,0.11953075712631717,3.6469165057620936,-0.8690881983831784,0.15118861736935654,-1.0547269989954953,2.2013318889212345
-0.8469895538599199,-0.17802614173917597,-0.27420424855354086,-0.5550811261547908,0.523750591468229,-1.0525293936688227,2.2013318889212345
-0.8469895538599199,-0.32222602301781755,-0.27420424855354086,-0.6830701918644617,0.6501166411625827,-1.0503317858010903,2.2013318889212345
-0.8469895538599199,-0.33935508852483964,-0.27420424855354086,-0.7844852566428873,0.6566528161467737,-1.04943667705568,2.2013318889212345
-0.8469895538599199,-0.28142617540545045,-0.27420424855354086,-0.5550811261547908,0.6893336910677267,-1.0485415683102697,2.2013318889212345
-0.8469895538599199,0.024654395047274128,-0.27420424855354086,-0.5469462279105322,0.7481592659254436,-1.04764645956486,2.2013318889212345
-0.8469895538599199,0.2768969962609711,3.6469165057620936,-0.45529304102521667,0.7917337658200485,-1.0467513508194497,2.2013318889212345
-0.8469895538599199,0.34996616484115334,-0.27420424855354086,-0.48078238885722774,0.9202785405091334,-1.0449797872507547,2.2013318889212345
-0.8469895538599199,0.12024255254154685,-0.27420424855354086,-0.4086529577581332,1.2884830646185448,-1.042550884470391,2.2013318889212345
-0.8469895538599199,0.1841313996458277,-0.27420424855354086,-0.45529304102521667,1.78523236341704,-1.040121981690028,2.2013318889212345
-0.8469895538599199,0.12234904705350358,-0.27420424855354086,-0.33218491426210117,1.9421005630376178,-1.0376930789096641,2.2013318889212345
-0.8469895538599199,0.07800642685912428,-0.27420424855354086,0.20471836985897607,1.9922112379164127,-1.0355378991222652,2.2013318889212345
-0.8469895538599199,0.0007010302518088237,-0.27420424855354086,-0.23890474772793427,1.4802108641548064,-1.0337476790903846,2.2013318889212345
-0.8469895538599199,-0.0352568858000771,-0.27420424855354086,0.20037975746203818,2.0379644628057476,-1.031957461599564,2.2013318889212345
-0.8469895538599199,0.15026660894960578,-0.27420424855354086,0.1835676344239033,1.6610450387174172,-1.030167244108744,2.2013318889212345
-0.8469895538599199,0.0695949305685169,-0.27420424855354086,0.19604114506510026,1.9508154630165377,-1.0283770266179233,2.2013318889212345
-0.8469895538599199,-0.06916476286443132,-0.27420424855354086,0.3289111497213266,1.8810962631851718,-1.028139861856483,2.2013318889212345
-0.8469895538599199,-0.07317475605481152,-0.27420424855354086,0.9395708445903495,1.817913238337993,-1.0279026945539835,2.2013318889212345
-0.8469895538599199,0.050972323934083935,-0.27420424855354086,0.8332748408653687,1.769981288453929,-1.0276655297925432,2.2013318889212345
-0.8469895538599199,-0.005444564526375834,-0.27420424855354086,0.9005233330179074,1.802662163374882,-1.0274283650311027,2.2013318889212345
-0.8469895538599199,-0.044043149151106756,-0.27420424855354086,1.293167754940797,1.6370790637753843,-1.0286229351671357,2.2013318889212345
-0.8469895538599199,-0.09603362660673016,-0.27420424855354086,1.256831876116441,2.0357857378110187,-1.0303902018032174,2.2013318889212345
-0.8469895538599199,-0.1142820942619087,-0.27420424855354086,0.9460787631857567,2.0009261378953345,-1.0321574684392985,2.2013318889212345
-0.8469895538599199,0.07393816568151963,-0.27420424855354086,1.3105222045285485,1.6218279888122713,-1.0339247350753802,2.2013318889212345
-0.8469895538599199,-0.045713019580170204,-0.27420424855354086,1.3707204515360631,1.711155713596212,-1.0354530327973575,2.2013318889212345
-0.8469895538599199,-0.11420842931347755,-0.27420424855354086,1.678219605169044,1.4279214642812805,-1.0363839069635437,2.2013318889212345
-0.8469895538599199,-0.1828693832975222,-0.27420424855354086,1.6163943785126773,1.1250786900137761,-1.0373147811297296,2.2013318889212345
-0.8469895538599199,-0.05406960363150845,-0.27420424855354086,1.5437226208639658,0.8854189405934494,-1.0382456578369759,2.0089705299799507
-0.8469895538599199,-0.1520251964453227,-0.27420424855354086,1.8951502250159438,0.7939124908147785,-1.0391765320031618,2.0089705299799507
-0.8469895538599199,-0.18569467184343902,-0.27420424855354086,1.3484850630017562,0.8004486657989696,-1.0387117644894024,2.0089705299799507
-0.8469895538599199,-0.22980825775357308,-0.27420424855354086,1.7790923433978523,0.8941338405723703,-1.0382469969756436,2.0089705299799507
-0.8469895538599199,-0.15497811108459927,-0.27420424855354086,1.4911169455510926,0.8745253156197974,-1.037782226920824,2.0089705299799507
-0.8469895538599199,-0.1082799711676963,-0.27420424855354086,1.9114200215044612,0.9856402903510403,-1.037317459407065,2.0089705299799507
-0.8469895538599199,-0.07182753989439387,-0.27420424855354086,1.8550180603442676,1.4017767643445167,-1.036433007867675,2.0089705299799507
-0.8469895538599199,0.005513065148688133,-0.27420424855354086,1.3370962054597935,1.5172491890652196,-1.0352337901327369,2.0089705299799507
-0.8469895538599199,0.03035295754035126,-0.27420424855354086,1.5789738465890872,1.6000407388649693,-1.0340345749388589,2.0089705299799507
-0.8469895538599199,-0.1612969485941245,3.6469165057620936,1.5106407013373135,1.6675812137016062,-1.0328353572039202,2.0089705299799507
-0.8469895538599199,-0.28557387987823263,-0.27420424855354086,1.2459853451240959,1.6871897386541792,-1.0316888740890435,2.0089705299799507
-0.8469895538599199,-0.21945846708782896,-0.27420424855354086,1.2096494662997401,1.669759938696337,-1.0308587961534723,2.0089705299799507
-0.8469895538599199,-0.29540191454504044,-0.27420424855354086,1.1147423201167213,1.3233426645342288,-1.030028715676842,2.0089705299799507
-0.8469895538599199,-0.11700846899643626,-0.27420424855354086,1.135893055551794,1.3233426645342288,-1.0291986352002118,1.5308621267310134
-0.8469895538599199,-0.19759747395062585,-0.27420424855354086,0.6006167510795682,2.417062611888811,-1.0283685572646413,1.5308621267310134
-0.8469895538599199,-0.15088984103549624,-0.27420424855354086,0.43358017379745545,2.375666836988936,-1.0273106021422622,1.5308621267310134
-0.8469895538599199,-0.12621132961368478,-0.27420424855354086,0.28660967885118105,2.053215537768861,-1.0262146657947078,1.5308621267310134
-0.7699905035090181,1.6548885596703284,-0.27420424855354086,-1.580078304931393,-1.5089998286150899,-1.1469412514636286,0.29251532711925565
-0.7699905035090181,1.7692225353790407,3.6469165057620936,-1.4916790773437814,-1.498106203641439,-1.1455641595223451,0.29251532711925565
-0.7699905035090181,1.6603692138884238,-0.27420424855354086,-1.3539281337409996,-1.5351445285518528,-1.1448011401625668,0.29251532711925565
-0.7699905035090181,1.386841085448922,-0.27420424855354086,-1.6641389201220667,-1.5068211036203598,-1.1441404645389994,0.29251532711925565
-0.7699905035090181,1.606005720163451,-0.27420424855354086,-1.0854764916804611,-1.476318953694136,-1.143479788915432,0.29251532711925565
-0.7699905035090181,1.4278218024925282,-0.27420424855354086,-1.249801436214488,-1.363025253968163,-1.1428191132918641,0.29251532711925565
-0.7699905035090181,1.4980017079735275,-0.27420424855354086,-0.9856884065508871,-1.2562677292263813,-1.1427591569790254,0.29251532711925565
-0.7699905035090181,1.502131054531025,-0.27420424855354086,-1.0404633880622296,-1.1756549044213624,-1.1427993235158784,0.29251532711925565
-0.7699905035090181,1.9693986074802445,-0.27420424855354086,-1.0041275092378736,-1.1255442295425664,-1.1428394875116712,0.15506738175608029
-0.7699905035090181,1.531247731048105,-0.27420424855354086,-1.1765873520161592,-1.0492888547270085,-1.142879654048524,0.15506738175608029
-0.7699905035090181,1.390089377688972,-0.27420424855354086,-0.5572504323532598,-0.9664973049272587,-1.1438910772785233,0.15506738175608029
-0.7699905035090181,1.551004365149323,-0.27420424855354086,-0.2714443407049693,-0.9207440800379237,-1.1461975136678182,0.15506738175608029
-0.7699905035090181,1.32936815925758,-0.27420424855354086,-0.6689697015744134,-0.9098504550642728,-1.1485039475160528,0.15506738175608029
-0.7699905035090181,1.723543089281282,-0.27420424855354086,-0.8810193824747579,-0.8945993801011608,-1.1508103839053478,0.15506738175608029
-0.7699905035090181,1.516805650613782,-0.27420424855354086,-0.5702662695440739,-0.8640972301749369,-1.1528750358859579,0.15506738175608029
-0.7699905035090181,1.4510978804466574,-0.27420424855354086,-0.16026739803343287,-0.8902419301116998,-1.1534889890376387,0.15506738175608029
-0.7699905035090181,1.4936302092079603,-0.27420424855354086,-0.4097376108573679,-0.9817483798903707,-1.1541029421893192,0.15506738175608029
-0.7699905035090181,1.7544568136913792,-0.27420424855354086,-0.04420951641534139,-1.0623612046953896,-1.154716895341,0.15506738175608029
-0.7699905035090181,1.781689946566005,-0.27420424855354086,0.2481044938283559,-1.1277229545372964,-1.155330848492681,0.15506738175608029
-0.7699905035090181,1.719876620599505,-0.27420424855354086,-0.12230453956022562,-1.1756549044213624,-1.1552775675447002,0.15506738175608029
-0.7699905035090181,1.6604869521896801,-0.27420424855354086,0.6054976900261237,-1.1734761794266324,-1.1549573939732793,0.15506738175608029
-0.7699905035090181,1.746577966121681,-0.27420424855354086,0.9845839482085811,-1.1865485293950133,-1.154637220401858,0.052474656987395236
-0.7699905035090181,1.481938998673721,-0.27420424855354086,0.5783813625452612,-1.2126932293317763,-1.1543170468304371,0.052474656987395236
-0.7699905035090181,1.5920993211848204,-0.27420424855354086,0.928724313598005,-1.2366592042738094,-1.154367702863344,0.052474656987395236
-0.7699905035090181,1.547451991898027,-0.27420424855354086,1.1716866078265324,-1.2235868543054274,-1.1549128034508087,0.052474656987395236
-0.7699905035090181,1.386907321094393,-0.27420424855354086,0.9910918668039883,-1.2235868543054274,-1.1554579014972133,0.052474656987395236
-0.7699905035090181,1.6582997941105622,-0.27420424855354086,1.1158269732159556,-1.2126932293317763,-1.156002999543618,0.052474656987395236
-0.7699905035090181,1.4940495700313186,-0.27420424855354086,0.7736189204074716,-1.1364378545162175,-1.1565480975900229,0.052474656987395236
-0.7699905035090181,1.7090418974364516,-0.27420424855354086,0.8500869639035037,-1.1081144295847245,-1.1562267754594404,0.052474656987395236
-0.7699905035090181,1.549115635350938,-0.27420424855354086,0.7942273292929268,-1.0993995296058034,-1.1559054558699184,0.052474656987395236
-0.7699905035090181,1.5555297976366063,-0.27420424855354086,0.2735938416603666,-1.0688973796795807,-1.1555841337393364,0.052474656987395236
-0.7699905035090181,1.3048201810476774,3.6469165057620936,0.2752208213092184,-1.0645399296901197,-1.1552628141498142,0.052474656987395236
-0.7699905035090181,1.33736519375794,-0.27420424855354086,0.33487674176711635,-1.0536463047164686,-1.1544779797891578,0.052474656987395236
-0.7699905035090181,1.1855047679784587,-0.27420424855354086,0.40971780561429655,-1.0601824797006596,-1.1533455157028007,0.052474656987395236
-0.7699905035090181,1.2930491144792073,-0.27420424855354086,0.43791878619439334,-1.1015782546005335,-1.1522130490753835,-0.050118067781289806
-0.7699905035090181,1.4838773827747394,-0.27420424855354086,0.12825032636294403,-1.1277229545372964,-1.1510805824479662,-0.050118067781289806
-0.7699905035090181,1.4471023151779674,-0.27420424855354086,-0.35496262934602574,-1.1190080545583756,-1.1498733070114806,-0.050118067781289806
-0.7699905035090181,1.3493343571268317,-0.27420424855354086,-0.2047381751020474,-1.1102931545794545,-1.148479001929143,-0.050118067781289806
-0.7699905035090181,1.5125376237343664,-0.27420424855354086,-0.8430565240015506,-1.1277229545372964,-1.1470846968468054,-0.050118067781289806
-0.7699905035090181,1.4534488062040656,-0.27420424855354086,-0.5805704739868015,-1.1495102044845995,-1.145690394305528,-0.050118067781289806
-0.7699905035090181,1.605977366785005,-0.27420424855354086,-0.9824344472531837,-1.1495102044845995,-1.144296089223191,-0.050118067781289806
-0.7699905035090181,1.5798299529627486,-0.27420424855354086,-1.0122624074821325,-1.1255442295425664,-1.1427450591776425,-0.050118067781289806
-0.7699905035090181,3.0064312347830304,3.6469165057620936,-1.7595883928547027,-1.1516889294793293,-1.141167907034363,-0.050118067781289806
-0.7699905035090181,1.863338578286323,-0.27420424855354086,-1.8908314178620773,-1.1909059793844743,-1.1395907574321429,-0.050118067781289806
-0.7699905035090181,2.5418249828730297,-0.27420424855354086,-1.2953568663823367,-1.1800123544108223,-1.1380136052888628,-0.050118067781289806
-0.7699905035090181,3.0064312347830304,-0.27420424855354086,-1.380502134672245,-1.1255442295425664,-1.1358261616614929,-0.050118067781289806
-0.7699905035090181,3.0064312347830304,-0.27420424855354086,-1.3973142577103799,-1.1168293295636456,-1.1331810019621151,-0.050118067781289806
-0.7699905035090181,1.131017667879602,3.6469165057620936,-1.8371410894499693,-1.0688973796795807,-1.1305358397216771,-0.050118067781289806
-0.7699905035090181,1.2552923021811522,-0.27420424855354086,-2.3713327408229605,-1.0187867048007846,-1.1278906774812394,-0.2638529110493842
-0.7699905035090181,1.143622915965202,-0.27420424855354086,-2.1728412236630468,-0.9926420048640217,-1.125116823252511,-0.2638529110493842
-0.7699905035090181,1.301291136525483,-0.27420424855354086,-1.4027375232065524,-0.9251015300273838,-1.1215708145529781,-0.2638529110493842
-0.7699905035090181,1.056313909086828,-0.27420424855354086,-1.5741127128856032,-0.8684546801643979,-1.1180248058534457,-0.2638529110493842
-0.7699905035090181,1.4412800386399491,-0.27420424855354086,-2.023701422518303,-0.837952530238174,-1.114478799694973,-0.2638529110493842
-0.7699905035090181,1.6140065231508198,3.6469165057620936,-1.6180411634046006,-0.7072290305543601,-1.1109327909954403,-0.2638529110493842
-0.7699905035090181,1.719957876357482,-0.27420424855354086,-1.074629960688116,-0.6462247307019132,-1.1074738745894543,-0.2638529110493842
-0.7699905035090181,1.4121144076821088,-0.27420424855354086,-1.491136750794164,-0.5198586810075584,-1.1040497961173112,-0.2638529110493842
-0.7699905035090181,1.525216985397803,-0.27420424855354086,-1.4336501365347356,-0.2801989315872318,-1.1006257176451681,-0.2638529110493842
-0.7699905035090181,1.4488995604679233,-0.27420424855354086,-1.0513099190545743,-0.027466832198523184,-1.097201639173025,-0.2638529110493842
-0.7699905035090181,1.4489196590653026,-0.27420424855354086,-0.8663765656350924,0.10543539248002161,-1.0943380296197744,-0.2638529110493842
-0.7699905035090181,1.368348778739107,-0.27420424855354086,-0.9916539985966768,0.16643969233246853,-1.0916986050930215,-0.2638529110493842
-0.7699905035090181,1.4700857431981098,-0.27420424855354086,-0.9856884065508871,0.27973339205844133,-1.0890591805662684,-0.44602076208096
-0.7699905035090181,1.511765927320875,-0.27420424855354086,-0.9715879162608386,0.41045689174225614,-1.0864197560395152,-0.44602076208096
-0.7699905035090181,1.6257698374031582,-0.27420424855354086,-1.0274475508714154,0.5607889163786429,-1.0842108938166406,-0.44602076208096
-0.7699905035090181,1.9367997592412864,-0.27420424855354086,-0.7112711724445588,0.6457591911731217,-1.0830784271892238,-0.44602076208096
-0.7699905035090181,1.5263339649471683,-0.27420424855354086,-0.911931995802941,0.7067634910255687,-1.081945960561806,-0.44602076208096
-0.7699905035090181,1.6892712840429491,-0.27420424855354086,-0.7004246414522137,0.8396657157041144,-1.080813496475449,-0.44602076208096
-0.7699905035090181,1.6398200490241097,-0.27420424855354086,-0.44824279588019267,0.8963125655671004,-1.0796810298480322,-0.44602076208096
-0.7699905035090181,1.4641367557707199,-0.27420424855354086,-0.46342793926947573,0.9660317653984682,-1.0800195651196685,-0.44602076208096
-0.7699905035090181,1.473910380663193,-0.27420424855354086,-0.3278463018651633,0.9137423655249424,-1.0803581003913043,-0.44602076208096
-0.7699905035090181,1.5981339609383647,-0.27420424855354086,-0.4287190400939717,0.8570955156619554,-1.0806966331218808,-0.44602076208096
-0.7699905035090181,1.7097944284017277,-0.27420424855354086,0.039308772225715036,0.8135210157673515,-1.0810351683935164,-0.44602076208096
-0.7699905035090181,1.8688183173004311,-0.27420424855354086,0.14560477595069604,0.7525167159149045,-1.0808448353695468,-0.44602076208096
-0.7699905035090181,1.7301552048059619,-0.27420424855354086,0.3099297204847224,0.6740826161046157,-1.080257850488608,-0.44602076208096
-0.7699905035090181,1.799912878235406,-0.27420424855354086,0.7389100212319676,0.5542527413944519,-1.0796708656076692,-0.6538367943047069
-0.7699905035090181,1.752651816085291,-0.27420424855354086,0.9021503126667593,0.4453164916579401,-1.0790838807267304,-0.6538367943047069
-0.7699905035090181,1.636212619972135,-0.27420424855354086,0.80941247268221,0.4235292417106371,-1.078541651537168,-0.6538367943047069
-0.7699905035090181,1.690543525257071,-0.27420424855354086,0.9672294986208294,0.4453164916579401,-1.0781113103055173,-0.6538367943047069
-0.7699905035090181,1.4997797160345632,-0.27420424855354086,0.9195047622545117,0.4692824665999721,-1.0776809690738665,-0.6538367943047069
-0.7699905035090181,1.8505112048093275,-0.27420424855354086,0.8077854930333581,0.515035691489308,-1.077250627842215,-0.6538367943047069
-0.7699905035090181,1.660488979994594,-0.27420424855354086,0.8289362284684308,0.53900166643134,-1.0768202891516243,-0.6538367943047069
-0.7699905035090181,1.8758303769677864,-0.27420424855354086,0.8685260665904904,0.477997366578893,-1.0758292757162733,-0.6538367943047069
-0.7699905035090181,1.7769588444139308,-0.27420424855354086,1.131554443154856,0.4605675666210511,-1.0747448147960879,-0.6538367943047069
-0.7699905035090181,1.6304979965463304,-0.27420424855354086,0.8858805161782419,0.48235481656835405,-1.0736603564169631,-0.6538367943047069
-0.7699905035090181,1.485666947529268,3.6469165057620936,0.5165561358888947,0.5673250913628339,-1.0725758980378393,-0.6538367943047069
-0.7699905035090181,1.5759356882138869,-0.27420424855354086,0.372839600240324,0.6152570412468988,-1.071000768578391,-0.6538367943047069
-0.7699905035090181,1.4399240652335301,-0.27420424855354086,0.1591629396911273,0.6305081162100108,-1.068771412705886,-0.6538367943047069
-0.7699905035090181,1.4188056973243228,-0.27420424855354086,0.41297176491200016,0.5760399913417549,-1.0665420542923203,-0.6538367943047069
-0.7699905035090181,1.834361910034203,-0.27420424855354086,-0.0024503720948133717,0.5084995165051169,-1.064312698419815,-0.9727949450278626
-0.7699905035090181,1.587483857748383,-0.27420424855354086,-0.48403634815493096,0.45403139163686107,-1.0623600157110398,-0.9727949450278626
-0.7699905035090181,1.666236622544665,-0.27420424855354086,-0.3256769956666943,0.480176091573624,-1.0620673846899404,-0.9727949450278626
-0.7699905035090181,1.6217138148357435,-0.27420424855354086,-0.7188637441392004,0.45403139163686107,-1.061774753668842,-0.9727949450278626
-0.7699905035090181,1.7788843618235908,-0.27420424855354086,-0.9303710984899277,0.3908483667896832,-1.0614821226477433,-0.9727949450278626
-0.7699905035090181,1.9139658683746823,-0.27420424855354086,-1.4569701781682773,0.33638024192142724,-1.0611894890855849,-0.9727949450278626
-0.7699905035090181,1.7430047226304275,-0.27420424855354086,-1.0854764916804611,0.28409084204790136,-1.0609322423262482,-0.9727949450278626
-0.7699905035090181,3.0064312347830304,3.6469165057620936,-1.180925964413097,0.1882269422797705,-1.0606891467305566,-0.9727949450278626
-0.7699905035090181,1.8057987524779893,-0.27420424855354086,-1.449377606473636,0.06621834257487669,-1.060446051134865,-0.9727949450278626
-0.7699905035090181,2.544177075066893,-0.27420424855354086,-1.9439794197245674,-0.03836045717217418,-1.0602029580802335,-0.9727949450278626
-0.7699905035090181,3.0064312347830304,-0.27420424855354086,-1.7796544751905408,-0.16690523186125897,-1.0591222147309611,-0.9727949450278626
-0.7699905035090181,3.0064312347830304,-0.27420424855354086,-1.9472333790222707,-0.3760628313553626,-1.0569246068632285,-0.9727949450278626
-0.7699905035090181,1.6581839759431627,3.6469165057620936,-1.580078304931393,-0.5220374060022884,-1.0547269989954953,-0.9727949450278626
-0.7699905035090181,1.4728028941120548,-0.27420424855354086,-1.4569701781682773,-0.6070076807967683,-1.0525293936688227,-1.162196898446974
-0.7699905035090181,1.3457687403354763,-0.27420424855354086,-1.9011356223048048,-0.6592970806702942,-1.0503317858010903,-1.162196898446974
-0.7699905035090181,1.375635920012918,-0.27420424855354086,-1.5160837720765574,-0.6789056056228662,-1.04943667705568,-1.162196898446974
-0.7699905035090181,1.236339863207581,-0.27420424855354086,-1.4287691975881802,-0.6549396306808342,-1.0485415683102697,-1.162196898446974
-0.7699905035090181,1.5841131614612565,-0.27420424855354086,-1.5876708766260343,-0.6135438557809593,-1.04764645956486,-1.162196898446974
-0.7699905035090181,1.8380442781421213,3.6469165057620936,-1.4607664640155982,-0.5285735809864794,-1.0467513508194497,-1.162196898446974
-0.7699905035090181,2.0985947601988637,-0.27420424855354086,-1.306745723924299,-0.5220374060022884,-1.0449797872507547,-1.162196898446974
-0.7699905035090181,1.5876793883886033,-0.27420424855354086,-1.3712825833287516,-0.4653905561393025,-1.042550884470391,-1.162196898446974
-0.7699905035090181,1.659414745855013,-0.27420424855354086,-1.5350652013131612,-0.2540542316504688,-1.040121981690028,-1.162196898446974
-0.7699905035090181,1.6893883763178608,-0.27420424855354086,-1.2161771901382181,0.04660981762230471,-1.0376930789096641,-1.162196898446974
-0.7699905035090181,1.759620358700285,-0.27420424855354086,-0.44281953038402005,0.37123984183711123,-1.0355378991222652,-1.162196898446974
-0.7699905035090181,1.5421950243016593,-0.27420424855354086,-0.6960860290552758,0.6806187910888057,-1.0337476790903846,-1.162196898446974
-0.7699905035090181,1.622160452326974,-0.27420424855354086,-0.4048566719108124,0.8178784657568116,-1.031957461599564,-1.162196898446974
-0.7699905035090181,2.2011293697961882,-0.27420424855354086,-0.6407687209943161,0.9464232404458963,-1.030167244108744,-1.2536096467985591
-0.7699905035090181,1.8171440517951867,-0.27420424855354086,-0.4862056543533999,1.0335722402351062,-1.0283770266179233,-1.2536096467985591
-0.7699905035090181,1.634195241205345,-0.27420424855354086,-0.5653853305975184,1.0597169401718691,-1.028139861856483,-1.2536096467985591
-0.7699905035090181,1.6600946706372552,-0.27420424855354086,0.22424212564519702,1.0531807651876781,-1.0279026945539835,-1.2536096467985591
-0.7699905035090181,1.7065239738690314,-0.27420424855354086,-0.33923515940712556,1.0292147902456452,-1.0276655297925432,-1.2536096467985591
-0.7699905035090181,1.8586446226490483,-0.27420424855354086,-0.22751589018597196,0.9812828403615802,-1.0274283650311027,-1.2536096467985591
-0.7699905035090181,1.9504097577440984,-0.27420424855354086,0.24430820798103553,0.9791041153668493,-1.0286229351671357,-1.2536096467985591
-0.7699905035090181,1.7915031764624219,-0.27420424855354086,0.09354142718744002,0.9638530404037383,-1.0303902018032174,-1.2536096467985591
-0.7699905035090181,1.7772941500318198,-0.27420424855354086,0.024123628836431977,0.9355296154722443,-1.0321574684392985,-1.2536096467985591
-0.7699905035090181,2.041099922947342,-0.27420424855354086,0.41947968350740744,0.9093849155354814,-1.0339247350753802,-1.2536096467985591
-0.7699905035090181,1.9868897169177404,-0.27420424855354086,0.2876943319504153,0.8658104156408765,-1.0354530327973575,-1.2536096467985591
-0.7699905035090181,1.8830659079147551,-0.27420424855354086,0.6629843042855523,0.8244146407410025,-1.0363839069635437,-1.2536096467985591
-0.7699905035090181,1.7813000876123717,-0.27420424855354086,1.157043790986867,0.7024060410361087,-1.0373147811297296,-1.2536096467985591
-0.7699905035090181,2.045662394278368,-0.27420424855354086,1.0068193367428888,0.5912910663048658,-1.0382456578369759,-1.3851387811173863
-0.7699905035090181,1.718648596299618,-0.27420424855354086,1.2481546513225652,0.515035691489308,-1.0391765320031618,-1.3851387811173863
-0.7699905035090181,1.8089816166054988,-0.27420424855354086,0.8148357381783821,0.4300654166948281,-1.0387117644894024,-1.3851387811173863
-0.7699905035090181,1.5601559743432538,-0.27420424855354086,1.0713561961473415,0.38866964179495317,-1.0382469969756436,-1.3851387811173863
-0.7699905035090181,1.7929366730301615,-0.27420424855354086,1.1565014644372493,0.33420151692669725,-1.037782226920824,-1.3851387811173863
-0.7699905035090181,1.7873228656044267,-0.27420424855354086,1.140231667948732,0.3276653419425063,-1.037317459407065,-1.3851387811173863
-0.7699905035090181,1.8855713775298706,-0.27420424855354086,1.0160388880863822,0.40609944175279516,-1.036433007867675,-1.3851387811173863
-0.7699905035090181,1.8204107737312265,-0.27420424855354086,0.9059465985140804,0.486712266557814,-1.0352337901327369,-1.3851387811173863
-0.7699905035090181,1.8462467490199816,-0.27420424855354086,1.0041077039948028,0.5782187163364849,-1.0340345749388589,-1.3851387811173863
-0.7699905035090181,2.0112362964147947,3.6469165057620936,0.5415031571712886,0.7198358409939507,-1.0328353572039202,-1.3851387811173863
-0.7699905035090181,1.5700015952827688,-0.27420424855354086,0.4276145817516657,0.8505593406777654,-1.0316888740890435,-1.3851387811173863
-0.7699905035090181,1.6031331101878112,-0.27420424855354086,0.39561731532424776,1.0074275402983432,-1.0308587961534723,-1.3851387811173863
-0.7699905035090181,1.5839038668708665,-0.27420424855354086,0.22424212564519702,1.0074275402983432,-1.030028715676842,-1.3851387811173863
-0.7699905035090181,1.788935813934483,-0.27420424855354086,0.06100183421040495,0.9943551903299612,-1.0291986352002118,-1.4798397578269415
-0.7699905035090181,1.7120599351202732,-0.27420424855354086,-0.30181462748353505,0.9551381404248173,-1.0283685572646413,-1.4798397578269415
-0.7699905035090181,1.7460314278343685,-0.27420424855354086,-0.46668189856717895,0.9202785405091334,-1.0273106021422622,-1.4798397578269415
-0.7699905035090181,1.776860361286771,-0.27420424855354086,-0.7427261123223593,0.8636316906461464,-1.0262146657947078,-1.4798397578269415
-0.6929914531581163,2.832539709054553,-0.27420424855354086,-1.8089401088698722,-1.2519102792369212,0.2615461301279016,0.7370838011168919
-0.6929914531581163,1.1829273920421828,3.6469165057620936,-1.7861623937859477,-1.2758762541789532,0.26436993905695205,0.7370838011168919
-0.6929914531581163,2.0807924993506863,-0.27420424855354086,-1.5941787952214415,-1.3368805540314002,0.26570309606926845,0.7370838011168919
-0.6929914531581163,1.885252760925877,-0.27420424855354086,-1.397856584259997,-1.3172720290788282,0.2667878110954622,0.7370838011168919
-0.6929914531581163,2.139990136429655,-0.27420424855354086,-1.276375437145733,-1.2671613542000322,0.26787252612165596,0.7370838011168919
-0.6929914531581163,1.9937195612656398,-0.27420424855354086,-0.8061783186275776,-1.1778336294160925,0.26895724114784975,0.7370838011168919
-0.6929914531581163,1.8325435971073512,-0.27420424855354086,-0.6440226802920198,-1.1211867795531065,0.2668009382118904,0.7370838011168919
-0.6929914531581163,1.8041488909204244,-0.27420424855354086,-0.3419467921552116,-1.0993995296058034,0.2641044668861027,0.7370838011168919
-0.6929914531581163,2.6031295810385373,-0.27420424855354086,-0.7009669680018309,-1.1081144295847245,0.2614079955603142,0.675922753658636
-0.6929914531581163,2.1780994637696054,-0.27420424855354086,0.2594933513703186,-1.0667186546848495,0.2587115242345264,0.675922753658636
-0.6929914531581163,1.9322637032096743,-0.27420424855354086,-0.34628540455214957,-1.0013569048429427,0.2570049279491687,0.675922753658636
-0.6929914531581163,1.9616153718095086,-0.27420424855354086,-0.3902138550711469,-0.9948207298587517,0.25661816589807224,0.675922753658636
-0.6929914531581163,1.8614996104616288,-0.27420424855354086,-0.40756830465889893,-0.9534249549588777,0.25623140384697574,0.675922753658636
-0.6929914531581163,2.37789251402932,-0.27420424855354086,0.5469264226674608,-0.855382330196016,0.2558446417958793,0.675922753658636
-0.6929914531581163,1.9465884760269707,-0.27420424855354086,-0.34737005765138423,-0.820522730280332,0.25621217564526955,0.675922753658636
-0.6929914531581163,1.9078555538129698,-0.27420424855354086,0.1060149378286366,-0.8728121301538578,0.26110547981546267,0.675922753658636
-0.6929914531581163,2.121340450524289,-0.27420424855354086,0.46666209332410763,-1.0013569048429427,0.2659987865267165,0.675922753658636
-0.6929914531581163,2.3662011419884954,-0.27420424855354086,0.8278515753691966,-1.1146506045689155,0.27089209323796953,0.675922753658636
-0.6929914531581163,2.1615697312583695,-0.27420424855354086,0.49052446150726653,-1.1974421543686644,0.2757853999492226,0.675922753658636
-0.6929914531581163,2.1599107894416307,-0.27420424855354086,0.6483414874458868,-1.2606251792158423,0.27606143022474944,0.675922753658636
-0.6929914531581163,2.1554860832285367,-0.27420424855354086,1.0117002756894435,-1.1996208793633953,0.27449054941777273,0.675922753658636
-0.6929914531581163,2.3144956159862544,-0.27420424855354086,0.8647297807431692,-1.1843698044002833,0.2729196686107968,0.5733300288899515
-0.6929914531581163,2.137593342801799,-0.27420424855354086,1.1814484857196432,-1.2323017542843484,0.2713487903448808,0.5733300288899515
-0.6929914531581163,1.9475146983529934,-0.27420424855354086,0.9314359463460912,-1.2540890042316513,0.2714372395645161,0.5733300288899515
-0.6929914531581163,1.7929495217763431,-0.27420424855354086,1.127758157307535,-1.2802337041684142,0.2737381288196328,0.5733300288899515
-0.6929914531581163,1.8121291287358317,-0.27420424855354086,1.0366472969718374,-1.2584464542211113,0.27603901553368954,0.5733300288899515
-0.6929914531581163,2.1081710958238458,-0.27420424855354086,0.8951000675217353,-1.2519102792369212,0.27833990478880694,0.5733300288899515
-0.6929914531581163,1.8087940715687014,-0.27420424855354086,0.9639755393231259,-1.2061570543475855,0.2806407940439236,0.5733300288899515
-0.6929914531581163,1.8162476005165327,-0.27420424855354086,0.8321901877661345,-1.2628039042105723,0.28048543108892177,0.5733300288899515
-0.6929914531581163,1.7501981541939566,-0.27420424855354086,0.580008342194113,-1.3150933040840982,0.2803300655928593,0.5733300288899515
-0.6929914531581163,2.0413256014836323,-0.27420424855354086,0.9601792534758055,-1.402242303873308,0.28017470263785743,0.5733300288899515
-0.6929914531581163,2.0578425211390385,3.6469165057620936,0.5534343412628681,-1.437101903788992,0.2800193371417949,0.5733300288899515
-0.6929914531581163,1.6303383383133971,-0.27420424855354086,0.31914927182821573,-1.42185082882588,0.28063760247245007,0.5733300288899515
-0.6929914531581163,1.4981744123495813,-0.27420424855354086,0.42978388795013506,-1.4065997538627681,0.28183608584102204,0.5733300288899515
-0.6929914531581163,1.4547695711747177,-0.27420424855354086,0.5377068713239674,-1.41967210383115,0.283034571750654,0.5608347611296629
-0.6929914531581163,1.8782031240594925,-0.27420424855354086,-0.2264312370867373,-1.2954847791315263,0.28423305511922603,0.5608347611296629
-0.6929914531581163,1.591976540289043,-0.27420424855354086,-0.11145800856788048,-1.0688973796795807,0.2854176236427423,0.5608347611296629
-0.6929914531581163,1.599977325331236,-0.27420424855354086,-0.40756830465889893,-0.9621398549377987,0.2865674075946773,0.5608347611296629
-0.6929914531581163,1.686378413963344,-0.27420424855354086,0.0344278332791596,-0.9534249549588777,0.28771718900555165,0.5608347611296629
-0.6929914531581163,1.8544334281427586,-0.27420424855354086,-0.8143132168718362,-0.9621398549377987,0.28886697295748665,0.5608347611296629
-0.6929914531581163,1.879146789096812,-0.27420424855354086,-0.7877392159405909,-0.9316377050115747,0.2900167543683617,0.5608347611296629
-0.6929914531581163,1.657117440284185,-0.27420424855354086,-0.5773165146890978,-0.781305680375188,0.28766184217571783,0.5608347611296629
-0.6929914531581163,3.0064312347830304,3.6469165057620936,-0.7871968893909738,-0.6963354055807082,0.2847228114179169,0.5608347611296629
-0.6929914531581163,2.1775760927048085,-0.27420424855354086,-1.0702913482911782,-0.6810843306175971,0.2817837832011759,0.5608347611296629
-0.6929914531581163,2.791354291385671,-0.27420424855354086,-1.6337686333435006,-0.5438246559495914,0.27884475244337575,0.5608347611296629
-0.6929914531581163,3.0064312347830304,-0.27420424855354086,-1.6353956129923524,-0.4762841811129535,0.2779751559412753,0.5608347611296629
-0.6929914531581163,3.0064312347830304,-0.27420424855354086,-1.6310570005954144,-0.47410545611822347,0.2786576338604207,0.5608347611296629
-0.6929914531581163,1.0384644524251607,3.6469165057620936,-1.6809510431602013,-0.3913139063184746,0.2793401092385061,0.5608347611296629
-0.6929914531581163,1.4709963891111633,-0.27420424855354086,-1.4287691975881802,-0.36081175639225066,0.2800225846165908,0.44574676860068857
-0.6929914531581163,1.1737341859297468,-0.27420424855354086,-1.9461487259230366,-0.3346670564554877,0.28155414251866434,0.44574676860068857
-0.6929914531581163,1.252859797652595,-0.27420424855354086,-1.6332263067938835,-0.2823776565819618,0.2881801752361873,0.44574676860068857
-0.6929914531581163,1.0205227216673103,-0.27420424855354086,-1.985738564045096,-0.2649478566241198,0.2948062104947701,0.44574676860068857
-0.6929914531581163,1.7063397845801895,-0.27420424855354086,-1.7319297388242227,-0.27802020659250176,0.301432245753353,0.44574676860068857
-0.6929914531581163,1.6785483772729959,3.6469165057620936,-1.6467844705343146,-0.2605904066346598,0.30805828101193583,0.44574676860068857
-0.6929914531581163,1.747864563476788,-0.27420424855354086,-1.0827648589323746,-0.24751805666627785,0.3140430467228637,0.44574676860068857
-0.6929914531581163,1.490669291020084,-0.27420424855354086,-1.3495895213440616,-0.18433503181910094,0.3197713051229412,0.44574676860068857
-0.6929914531581163,1.7876740347581048,-0.27420424855354086,-1.1939418016039112,0.16208224234300753,0.3254995635230188,0.44574676860068857
-0.6929914531581163,1.5900780124244354,-0.27420424855354086,-0.8490221160473403,0.486712266557814,0.33122782192309635,0.44574676860068857
-0.6929914531581163,1.5925665597383647,-0.27420424855354086,-0.7595382353604941,0.5934697912995959,0.33621592288103136,0.44574676860068857
-0.6929914531581163,1.4973850040471497,-0.27420424855354086,-1.0252782446729465,0.5803974413312148,0.3409079623867447,0.44574676860068857
-0.6929914531581163,1.4788284715516018,-0.27420424855354086,-1.2687828654510913,0.6087208662627078,0.34559999935139885,0.4273326897960536
-0.6929914531581163,1.7815426525594953,-0.27420424855354086,-0.6483612926889577,0.7873763158305885,0.3502920388571122,0.4273326897960536
-0.6929914531581163,1.6687787182644698,-0.27420424855354086,-0.37828267097956747,1.0074275402983432,0.3546198834663947,0.4273326897960536
-0.6929914531581163,2.1739363802807934,-0.27420424855354086,-0.41353389670468865,1.16211701492419,0.3580372332114179,0.4273326897960536
-0.6929914531581163,1.5892040285064235,-0.27420424855354086,0.29908318949237805,1.3146277645553077,0.36145458549750104,0.4273326897960536
-0.6929914531581163,1.8852676554221492,-0.27420424855354086,-0.1331510705525704,1.4976406641126485,0.36487193524252426,0.4273326897960536
-0.6929914531581163,1.7214826959270648,-0.27420424855354086,-0.01546620928562709,1.5412151640072524,0.3682892875286074,0.4273326897960536
-0.6929914531581163,1.6418734078692443,-0.27420424855354086,0.0875758351416503,1.5325002640283323,0.3656006502910791,0.4273326897960536
-0.6929914531581163,1.8585191320316603,-0.27420424855354086,0.48998213495764975,1.3647384394341027,0.3629120130535501,0.4273326897960536
-0.6929914531581163,1.8570929032602945,-0.27420424855354086,0.8522562701019722,1.2274787647660979,0.36022337581602176,0.4273326897960536
-0.6929914531581163,1.9513885773816562,-0.27420424855354086,0.7166746326976597,1.138151039982157,0.3575347385784928,0.4273326897960536
-0.6929914531581163,1.8610118964620042,-0.27420424855354086,0.46937372607219374,1.0531807651876781,0.35812530635415973,0.4273326897960536
-0.6929914531581163,1.8384730781281775,-0.27420424855354086,0.7692803080105329,0.9703892153879283,0.36117527979551756,0.4273326897960536
-0.6929914531581163,1.8477052791085646,-0.27420424855354086,0.7253518574915363,0.8483806156830355,0.36422525323687616,0.49572783964184325
-0.6929914531581163,1.8274862157610323,-0.27420424855354086,0.9124545171094869,0.7677677908780156,0.367275224137174,0.49572783964184325
-0.6929914531581163,1.6303471493949269,-0.27420424855354086,0.9656025189719776,0.8745253156197974,0.37001867458191773,0.49572783964184325
-0.6929914531581163,1.5020860121386832,-0.27420424855354086,1.1749405671242361,0.9856402903510403,0.3719958149940666,0.49572783964184325
-0.6929914531581163,1.4822568256899606,-0.27420424855354086,1.1196232590632766,1.0248573402561851,0.37397295540621467,0.49572783964184325
-0.6929914531581163,1.8321871879622134,-0.27420424855354086,0.9520443552315464,1.0531807651876781,0.37595009327730283,0.49572783964184325
-0.6929914531581163,1.585895261022473,-0.27420424855354086,0.8858805161782419,0.9878190153457702,0.3779272336894509,0.49572783964184325
-0.6929914531581163,1.5286504539113879,-0.27420424855354086,0.6678652432321077,0.8462018906883044,0.37940347779547134,0.49572783964184325
-0.6929914531581163,2.2044597432723227,-0.27420424855354086,0.6445452015985657,0.7525167159149045,0.3807962353722135,0.49572783964184325
-0.6929914531581163,1.2666822490968137,-0.27420424855354086,0.5404185040720536,0.7503379909201736,0.3821889954900156,0.49572783964184325
-0.6929914531581163,2.077537603285782,3.6469165057620936,0.5865162607895202,0.8265933657357325,0.38358175560781843,0.49572783964184325
-0.6929914531581163,1.47080220435916,-0.27420424855354086,0.46123882782793546,0.8353082657146534,0.3868511445058835,0.49572783964184325
-0.6929914531581163,1.483216228646835,-0.27420424855354086,0.16729783793538597,0.7677677908780156,0.392622707652026,0.49572783964184325
-0.6929914531581163,1.3727343285776643,-0.27420424855354086,0.5420454837209054,0.6239719412258198,0.3983942682571078,0.49572783964184325
-0.6929914531581163,1.8551140707320501,-0.27420424855354086,-0.26276711591109314,0.488890991552545,0.4041658314032503,0.4286479811392412
-0.6929914531581163,1.5178775339352768,-0.27420424855354086,0.17109412378270672,0.39738454177387417,0.40945001414188714,0.4286479811392412
-0.6929914531581163,1.729870791707866,-0.27420424855354086,-0.05776768015577264,0.4605675666210511,0.41180993730502985,0.4286479811392412
-0.6929914531581163,1.815723260412219,-0.27420424855354086,-0.481867041956462,0.4583888416263211,0.41416986046817256,0.4286479811392412
-0.6929914531581163,2.026059729789217,-0.27420424855354086,-0.9081357099556203,0.41917179172117713,0.41652978363131526,0.4286479811392412
-0.6929914531581163,1.8600272625873473,-0.27420424855354086,-0.7058479069483863,0.3734185668318412,0.41888970679445797,0.4286479811392412
-0.6929914531581163,1.6587291683422576,-0.27420424855354086,-0.5057294101396209,0.3734185668318412,0.42232346416448663,0.4286479811392412
-0.6929914531581163,2.9435877973790094,3.6469165057620936,-0.6483612926889577,0.2906270170320923,0.42618675470905754,0.4286479811392412
-0.6929914531581163,1.970472500661477,-0.27420424855354086,-0.5680969633456049,0.20347801724288248,0.4300500452536277,0.4286479811392412
-0.6929914531581163,2.5581783143019083,-0.27420424855354086,-0.7644191743070492,0.12286519243786359,0.43391333579819863,0.4286479811392412
-0.6929914531581163,2.7803069358294485,-0.27420424855354086,-1.1245240032529031,0.1185077424484026,0.4375588854446623,0.4286479811392412
-0.6929914531581163,3.0064312347830304,-0.27420424855354086,-0.9976195906424664,0.06621834257487669,0.4409141088115293,0.4286479811392412
-0.6929914531581163,1.5596505663998643,3.6469165057620936,-1.2405818848709946,0.06621834257487669,0.44426933217839637,0.4286479811392412
-0.6929914531581163,1.4609450446713281,-0.27420424855354086,-1.344166255847889,0.13811626740097555,0.44762455554526337,0.3635410596514216
-0.6929914531581163,1.168624063710483,-0.27420424855354086,-1.0567331845507468,0.33638024192142724,0.45097978145319034,0.3635410596514216
-0.6929914531581163,1.3352720325119236,-0.27420424855354086,-1.5627238553436409,0.37995474181603217,0.45340337087690447,0.3635410596514216
-0.6929914531581163,0.9875823587794877,-0.27420424855354086,-1.232989313176353,0.45403139163686107,0.4558269628416785,0.3635410596514216
-0.6929914531581163,1.4937226268655535,-0.27420424855354086,-0.9601990587188763,0.5629676413733729,0.45825055480645255,0.3635410596514216
-0.6929914531581163,1.8523495804432064,3.6469165057620936,-1.2834256822907573,0.6130783162521688,0.4606741442301666,0.3635410596514216
-0.6929914531581163,1.7505910099920206,-0.27420424855354086,-1.2915605805350159,0.7329081909623316,0.4641014905055859,0.3635410596514216
-0.6929914531581163,1.4894692611951188,-0.27420424855354086,-0.9656223242150489,0.8287720907304625,0.4682816537845203,0.3635410596514216
-0.6929914531581163,1.5809265467919147,-0.27420424855354086,-1.0366671022149088,0.9965339153246913,0.472461814522394,0.3635410596514216
-0.6929914531581163,1.7511084053131327,-0.27420424855354086,-0.8213634620168603,1.066253115156059,0.47664197526026847,0.3635410596514216
-0.6929914531581163,1.6079080344602437,-0.27420424855354086,-0.5480308810097664,1.0967552650822832,0.47984114704484876,0.3635410596514216
-0.6929914531581163,1.5225019340694774,-0.27420424855354086,-0.0659025784000313,1.179546814882032,0.48173232847625064,0.3635410596514216
-0.6929914531581163,1.5432919590891736,-0.27420424855354086,-0.5762318615898636,1.2950192396027347,0.48362351244871243,0.3635410596514216
-0.6929914531581163,2.388490468537172,-0.27420424855354086,-0.5930439846279985,1.3887044143761356,0.48551469388011503,0.4575843906893835
-0.6929914531581163,1.557426800161234,-0.27420424855354086,-0.4791554092083759,1.4932832141231864,0.48740587785257683,0.4575843906893835
-0.6929914531581163,1.4906290220446203,-0.27420424855354086,0.13367359185911662,1.4562448892127735,0.4887832620157704,0.4575843906893835
-0.6929914531581163,1.3261498354618366,-0.27420424855354086,-0.4048566719108124,1.4061342143339766,0.4901606461789647,0.4575843906893835
-0.6929914531581163,1.6228272771305672,-0.27420424855354086,-0.2958490354377453,1.2906617896132748,0.4915380303421583,0.4575843906893835
-0.6929914531581163,1.6913361457460483,-0.27420424855354086,0.031173873981456362,1.155580839939999,0.49291541704641184,0.4575843906893835
-0.6929914531581163,1.5921031255621814,-0.27420424855354086,0.3055911080877845,1.066253115156059,0.4934244218752891,0.4575843906893835
-0.6929914531581163,1.7691079554288016,-0.27420424855354086,0.3549428241029541,0.9573168654195473,0.49358607649507596,0.4575843906893835
-0.6929914531581163,1.8025144801595947,-0.27420424855354086,0.7492142256746952,0.8353082657146534,0.49374772857380217,0.4575843906893835
-0.6929914531581163,1.8924743484709134,-0.27420424855354086,0.19712579816433454,0.7198358409939507,0.49390938319358907,0.4575843906893835
-0.6929914531581163,1.5445493237521992,-0.27420424855354086,0.6109209555222966,0.5695038163575639,0.49427631735279814,0.4575843906893835
-0.6929914531581163,1.1039866335796973,-0.27420424855354086,0.7351137353846464,0.44749521665267006,0.4951564516310943,0.4575843906893835
-0.6929914531581163,0.981252646493166,-0.27420424855354086,0.7893463903463714,0.3211291669583153,0.4960365884504504,0.4575843906893835
-0.6929914531581163,1.466299867313687,-0.27420424855354086,1.2107341193989742,0.2535886921216784,0.4969167227287458,0.5345289342658969
-0.6929914531581163,0.8961697746166852,-0.27420424855354086,1.0469515014145652,0.3581674918687302,0.49779685700704196,0.5345289342658969
-0.6929914531581163,0.9120114352356696,-0.27420424855354086,0.9883802340559023,0.45403139163686107,0.49775934079586365,0.5345289342658969
-0.6929914531581163,0.7796917810325155,-0.27420424855354086,0.8967270471705872,0.6283293912152799,0.49772182458468534,0.5345289342658969
-0.6929914531581163,1.097988601985666,-0.27420424855354086,0.8631028010943174,0.6435804661783918,0.497684308373507,0.5345289342658969
-0.6929914531581163,1.0830646217888173,-0.27420424855354086,0.9753643968650885,0.7917337658200485,0.49764678962126874,0.5345289342658969
-0.6929914531581163,1.1043534688722256,-0.27420424855354086,0.8159203912776164,0.9769253903721192,0.49932079935202384,0.5345289342658969
-0.6929914531581163,1.0350994985944286,-0.27420424855354086,0.6483414874458868,1.0357509652298362,0.5022784560802891,0.5345289342658969
-0.6929914531581163,1.0198476420826506,-0.27420424855354086,0.7822961452013474,1.107648890055934,0.5052361102674944,0.5345289342658969
-0.6929914531581163,1.5423576075983185,3.6469165057620936,0.8153780647279997,1.203512789824065,0.5081937669957589,0.5345289342658969
-0.6929914531581163,0.9147822781168995,-0.27420424855354086,0.39073637637769315,1.2841256146290838,0.5112982919151432,0.5345289342658969
-0.6929914531581163,0.933729225866544,-0.27420424855354086,0.2524431062252938,1.4802108641548064,0.5152840412276022,0.5345289342658969
-0.6929914531581163,0.8568516243154157,-0.27420424855354086,0.22858073804213494,1.3908831393708656,0.5192697930811216,0.5345289342658969
-0.6929914531581163,1.1530905217673963,-0.27420424855354086,0.22912306459175247,1.3647384394341027,0.5232555423935805,0.5233489578487969
-0.6929914531581163,1.0669419217648684,-0.27420424855354086,-0.33598120010942195,1.3974193143550566,0.5272412942470994,0.5233489578487969
-0.6929914531581163,0.9784526606457359,-0.27420424855354086,-0.22751589018597196,1.3298788395184187,0.5273324878116329,0.5233489578487969
-0.6929914531581163,1.1831764351979261,-0.27420424855354086,-0.09844217137706637,1.140329764976888,0.5267745904455515,0.5233489578487969
-0.6159924028072145,-0.7050781390301412,-0.27420424855354086,-2.2146003679835755,-0.8815270301327789,-1.0177070339833851,0.3148752799534556
-0.6159924028072145,-0.6506600022435428,3.6469165057620936,-2.096915506716632,-0.9120291800590028,-1.016215185227348,0.3148752799534556
-0.6159924028072145,-0.6894365671261397,-0.27420424855354086,-1.7964665982286756,-0.9795696548956406,-1.014934818738415,0.3148752799534556
-0.6159924028072145,-0.8616304926419831,-0.27420424855354086,-1.6701045121678564,-0.9773909299009097,-1.013689699293999,0.3148752799534556
-0.6159924028072145,-0.7890561981867419,-0.27420424855354086,-1.5659778146413446,-0.9577824049483378,-1.0124445798495831,0.3148752799534556
-0.6159924028072145,-0.7911231953658127,-0.27420424855354086,-1.0453443270087845,-0.9163866300484628,-1.0111994604051682,0.3148752799534556
-0.6159924028072145,-0.8098990896956165,-0.27420424855354086,-0.8663765656350924,-0.8684546801643979,-1.010175659671467,0.3148752799534556
-0.6159924028072145,-0.8127688463882355,-0.27420424855354086,-1.146217065237593,-0.8619185051802069,-1.0091887449660422,0.3148752799534556
-0.6159924028072145,-0.5860149992483873,-0.27420424855354086,-0.8349216257572916,-0.8749908551485889,-1.0082018302606168,0.2063637441404237
-0.6159924028072145,-0.7365121120443711,-0.27420424855354086,-0.15701343873572926,-0.79873548033303,-1.0072149130141315,0.2063637441404237
-0.6159924028072145,-0.724663127520703,-0.27420424855354086,-0.5984672501241707,-0.759518430427886,-1.0061961130866894,0.2063637441404237
-0.6159924028072145,-0.7212733734564187,-0.27420424855354086,-0.766046153955901,-0.735552455485853,-1.00513479614181,0.2063637441404237
-0.6159924028072145,-0.8510286440308885,-0.27420424855354086,-0.627752883803502,-0.6897992305965182,-1.0040734817379913,0.2063637441404237
-0.6159924028072145,-0.6885211298510326,-0.27420424855354086,0.13530057150796804,-0.5743268058758143,-1.0030121647931118,0.2063637441404237
-0.6159924028072145,-0.8086886337232607,-0.27420424855354086,-0.7340488875284831,-0.5372884809654004,-1.0018450813040798,0.2063637441404237
-0.6159924028072145,-0.7688271932115771,-0.27420424855354086,-0.08542633418625227,-0.5721480808810844,-1.00004338584483,0.2063637441404237
-0.6159924028072145,-0.5388152916558088,-0.27420424855354086,0.5393338509728193,-0.6810843306175971,-0.9982416929266402,0.2063637441404237
-0.6159924028072145,-0.631377192575546,-0.27420424855354086,0.5057096048965496,-0.768233330406807,-0.9964400000084505,0.2063637441404237
-0.6159924028072145,-0.7639116684833696,-0.27420424855354086,0.02032734298911121,-0.8423099802276349,-0.9946383070902606,0.2063637441404237
-0.6159924028072145,-0.704706512375559,-0.27420424855354086,0.2801017602557738,-0.9076717300695418,-0.9936830870273462,0.2063637441404237
-0.6159924028072145,-0.6690593170501248,-0.27420424855354086,0.6575610387893801,-0.8728121301538578,-0.9930664555983298,0.2063637441404237
-0.6159924028072145,-0.6024054054113608,-0.27420424855354086,0.29637155674429116,-0.8728121301538578,-0.9924498241693136,0.14980621638332778
-0.6159924028072145,-0.6344186846047022,-0.27420424855354086,0.9037772923156111,-0.9120291800590028,-0.9918331952813572,0.14980621638332778
-0.6159924028072145,-0.7390281693134636,-0.27420424855354086,0.6597303449878487,-0.9272802550221148,-0.9913086976091076,0.14980621638332778
-0.6159924028072145,-0.8012086715308402,-0.27420424855354086,0.6797964273236872,-0.9468887799746868,-0.9909070474869399,0.14980621638332778
-0.6159924028072145,-0.7641148617138409,-0.27420424855354086,0.6168865475680864,-0.9294589800168448,-0.9905053948237124,0.14980621638332778
-0.6159924028072145,-0.7274579272122023,-0.27420424855354086,0.6526800998428247,-0.9076717300695418,-0.9901037447015447,0.14980621638332778
-0.6159924028072145,-0.7583490407002477,-0.27420424855354086,0.6239367927131104,-0.9490675049694167,-0.989702092038317,0.14980621638332778
-0.6159924028072145,-0.7320533279416127,-0.27420424855354086,0.5659078519040642,-0.9708547549167197,-0.9888987892529219,0.14980621638332778
-0.6159924028072145,-0.7092616800198579,-0.27420424855354086,0.23888494248486256,-1.0318590547691666,-0.9880954864675265,0.14980621638332778
-0.6159924028072145,-0.7292596767413924,-0.27420424855354086,0.6781694476748353,-1.0863271796374225,-0.9872921836821312,0.14980621638332778
-0.6159924028072145,-0.723305485212895,3.6469165057620936,0.0919144475385882,-1.1364378545162175,-0.986488880896736,0.14980621638332778
-0.6159924028072145,-0.8287411658353631,-0.27420424855354086,-0.1477938873922363,-1.1168293295636456,-0.9862191448270541,0.14980621638332778
-0.6159924028072145,-0.8909542206024241,-0.27420424855354086,0.10113399888208154,-1.1364378545162175,-0.9863495876057466,0.14980621638332778
-0.6159924028072145,-0.8579288514147919,-0.27420424855354086,-0.05288674120921759,-1.1299016795320274,-0.98648002784338,0.1287615548923154
-0.6159924028072145,-0.8136799229855182,-0.27420424855354086,-0.45963165342215495,-0.9926420048640217,-0.9866104680810134,0.1287615548923154
-0.6159924028072145,-0.8398664752371359,-0.27420424855354086,-0.5805704739868015,-0.783484405369918,-0.9863134664365584,0.1287615548923154
-0.6159924028072145,-0.7979026317136766,-0.27420424855354086,-0.7356758671773349,-0.6745481556334062,-0.9849478499226443,0.1287615548923154
-0.6159924028072145,-0.8016607643556452,-0.27420424855354086,-0.3023569540331522,-0.6614758056650242,-0.9835822359497902,0.1287615548923154
-0.6159924028072145,-0.7753062273093226,-0.27420424855354086,-1.1050002474666822,-0.6745481556334062,-0.982216621976936,0.1287615548923154
-0.6159924028072145,-0.7633689166282424,-0.27420424855354086,-1.1407937997414204,-0.6396885557177222,-0.980851005463022,0.1287615548923154
-0.6159924028072145,-0.7838962781034351,-0.27420424855354086,-0.8983738320625099,-0.4806416311024145,-0.9824041674579863,0.1287615548923154
-0.6159924028072145,0.13457034014845012,3.6469165057620936,-1.0822225323827575,-0.3760628313553626,-0.9844437925377637,0.1287615548923154
-0.6159924028072145,-0.52201489205147,-0.27420424855354086,-1.3376583372524822,-0.3455606814291387,-0.9864834150764805,0.1287615548923154
-0.6159924028072145,-0.3548392632881128,-0.27420424855354086,-1.9900771764420337,-0.22573080671897586,-0.988523040156258,0.1287615548923154
-0.6159924028072145,-0.10983178028233141,-0.27420424855354086,-1.9179477453429397,-0.12550945696138405,-0.9884200865656255,0.1287615548923154
-0.6159924028072145,0.5801477200930157,-0.27420424855354086,-1.9304212559841363,-0.10807965700354207,-0.9867101996074508,0.1287615548923154
-0.6159924028072145,-0.8995469093374426,3.6469165057620936,-1.8506992531904007,-0.049254082145826134,-0.9850003101082154,0.1287615548923154
-0.6159924028072145,-0.960764006823645,-0.27420424855354086,-1.6343109598931178,-0.016573207224872193,-0.9832904231500407,-0.06590156389954908
-0.6159924028072145,-1.0149881742003553,-0.27420424855354086,-2.2308701644720927,0.01828639269081175,-0.9815436501635902,-0.06590156389954908
-0.6159924028072145,-1.0008351187744196,-0.27420424855354086,-2.105592731510508,0.07057579256433767,-0.979575558466425,-0.06590156389954908
-0.6159924028072145,-1.011945749022035,-0.27420424855354086,-2.2265315520751545,0.09454176750637062,-0.9776074667692591,-0.06590156389954908
-0.6159924028072145,-0.8765830415593926,-0.27420424855354086,-2.167960284716492,0.09018431751690964,-0.9756393725310339,-0.06590156389954908
-0.6159924028072145,-0.8293630020821435,3.6469165057620936,-2.116439262502853,0.12504391743259358,-0.973671280833868,-0.06590156389954908
-0.6159924028072145,-0.7088985593788097,-0.27420424855354086,-1.4971023428399537,0.13375881741151457,-0.9708946161926797,-0.06590156389954908
-0.6159924028072145,-0.89270994075458,-0.27420424855354086,-2.158198406823381,0.20347801724288248,-0.9677945228820933,-0.06590156389954908
-0.6159924028072145,-0.8463927230935471,-0.27420424855354086,-1.7628423521524064,0.5368229414366099,-0.9646944295715076,-0.06590156389954908
-0.6159924028072145,-0.9116040758505745,-0.27420424855354086,-1.4314808303362663,0.8570955156619554,-0.9615943362609212,-0.06590156389954908
-0.6159924028072145,-0.8855499948898992,-0.27420424855354086,-1.1082542067643857,0.9529594154300863,-0.9587208318196782,-0.06590156389954908
-0.6159924028072145,-0.9289139928436595,-0.27420424855354086,-1.5204223844734952,0.9377083404669753,-0.9559379619097478,-0.06590156389954908
-0.6159924028072145,-0.9016969567921135,-0.27420424855354086,-1.6446151643358458,0.9856402903510403,-0.9531550894587576,-0.14021552478968619
-0.6159924028072145,-0.8212760801940386,-0.27420424855354086,-1.069749021741561,1.168653189908381,-0.950372219548828,-0.14021552478968619
-0.6159924028072145,-0.7848104951065585,-0.27420424855354086,-0.6526999050858956,1.3560235394551816,-0.9478135626170557,-0.14021552478968619
-0.6159924028072145,-0.6993431837196661,-0.27420424855354086,-1.0464289801080193,1.5303215390336014,-0.945815443212799,-0.14021552478968619
-0.6159924028072145,-0.8690217338831139,-0.27420424855354086,-0.2822908716973141,1.6523301387384952,-0.9438173238085421,-0.14021552478968619
-0.6159924028072145,-0.7438393069515311,-0.27420424855354086,-0.5854514129333569,1.8157345133432639,-0.9418192018632254,-0.14021552478968619
-0.6159924028072145,-0.7439106569722284,-0.27420424855354086,-0.1949762972089369,1.8571302882431389,-0.9398210824589693,-0.14021552478968619
-0.6159924028072145,-0.8094841433856113,-0.27420424855354086,-0.18846837861353005,1.8375217632905658,-0.9376005237364979,-0.14021552478968619
-0.6159924028072145,-0.7336633691531196,-0.27420424855354086,0.28227106645424316,1.6893684636489101,-0.9353799650140264,-0.14021552478968619
-0.6159924028072145,-0.6274226320345455,-0.27420424855354086,0.4954054004538219,1.5477513389914435,-0.933159406291555,-0.14021552478968619
-0.6159924028072145,-0.7220231049742022,-0.27420424855354086,0.49865935975152553,1.4518874392233134,-0.9309388475690835,-0.14021552478968619
-0.6159924028072145,-0.7269597511748345,-0.27420424855354086,0.17543273617964464,1.3734533394130237,-0.9273512544211671,-0.14021552478968619
-0.6159924028072145,-0.697052141015343,-0.27420424855354086,0.5040826252476978,1.3189852145447678,-0.9227383816425773,-0.14021552478968619
-0.6159924028072145,-0.6646176526454912,-0.27420424855354086,0.36687400819453425,1.2144064147977158,-0.9181255114050481,-0.04288396539375423
-0.6159924028072145,-0.7355920449137964,-0.27420424855354086,0.6944392441633527,1.149044664955809,-0.9135126411675181,-0.04288396539375423
-0.6159924028072145,-0.7553387732777345,-0.27420424855354086,0.6873889990183287,1.2122276898029858,-0.9095636152554893,-0.04288396539375423
-0.6159924028072145,-0.7851979673517532,-0.27420424855354086,1.0469515014145652,1.3364150145026097,-0.9072742014277418,-0.04288396539375423
-0.6159924028072145,-0.8389696471097811,-0.27420424855354086,0.7595184301174228,1.4061342143339766,-0.9049847875999942,-0.04288396539375423
-0.6159924028072145,-0.7843262445259465,-0.27420424855354086,0.7031164689572286,1.4409938142496606,-0.9026953737722466,-0.04288396539375423
-0.6159924028072145,-0.8150570716998903,-0.27420424855354086,0.5404185040720536,1.3865256893814055,-0.900405962485559,-0.04288396539375423
-0.6159924028072145,-0.7995298105684848,-0.27420424855354086,0.5284873199804742,1.271053264660703,-0.8994149490502074,-0.04288396539375423
-0.6159924028072145,-0.788898747210485,-0.27420424855354086,0.46232348092716974,1.1926191648504139,-0.8986403348332359,-0.04288396539375423
-0.6159924028072145,-0.7103948640633602,-0.27420424855354086,0.37772053918687865,1.133793589992697,-0.8978657206162639,-0.04288396539375423
-0.6159924028072145,-0.7849860886559855,3.6469165057620936,0.3755512329884101,1.2449085647239397,-0.8970911089403517,-0.04288396539375423
-0.6159924028072145,-0.8972173203945739,-0.27420424855354086,0.07781395724853982,1.260159639687051,-0.896076732998527,-0.04288396539375423
-0.6159924028072145,-0.8962868271166085,-0.27420424855354086,-0.0903072731328077,1.177368089887302,-0.8947426764509392,-0.04288396539375423
-0.6159924028072145,-0.9398461403684745,-0.27420424855354086,0.2280384114925182,1.088040365103362,-0.8934086199033507,-0.04288396539375423
-0.6159924028072145,-0.8361740398853515,-0.27420424855354086,-0.5111526756357935,0.9072061905407514,-0.8920745633557622,-0.0034252250981063135
-0.6159924028072145,-0.9111273442988036,-0.27420424855354086,0.0344278332791596,0.8396657157041144,-0.8909794477706174,-0.0034252250981063135
-0.6159924028072145,-0.7926569695783348,-0.27420424855354086,-0.48783263400225174,0.8679891406356074,-0.8913179830422538,-0.0034252250981063135
-0.6159924028072145,-0.8168402479716806,-0.27420424855354086,-0.820278808917626,0.8679891406356074,-0.8916565183138903,-0.0034252250981063135
-0.6159924028072145,-0.7714764754690134,-0.27420424855354086,-0.9368790170853346,0.8265933657357325,-0.8919950535855259,-0.0034252250981063135
-0.6159924028072145,-0.7646069902268189,-0.27420424855354086,-0.7340488875284831,0.7851975908358576,-0.8923335863161024,-0.0034252250981063135
-0.6159924028072145,-0.8024593067527789,-0.27420424855354086,-0.7665884805055182,0.7808401408463975,-0.892210085713577,-0.0034252250981063135
-0.6159924028072145,0.038490395099548366,3.6469165057620936,-1.0610717969476848,0.7198358409939507,-0.8919017712695985,-0.0034252250981063135
-0.6159924028072145,-0.6209041006039139,-0.27420424855354086,-0.8132285637726016,0.6697251661151548,-0.8915934568256206,-0.0034252250981063135
-0.6159924028072145,-0.5032969965312466,-0.27420424855354086,-1.200449720199318,0.5847548913206749,-0.8912851398405821,-0.0034252250981063135
-0.6159924028072145,-0.3133474137898995,-0.27420424855354086,-1.365316991282962,0.5498952914049919,-0.8905114022893412,-0.0034252250981063135
-0.6159924028072145,0.24703805341941992,-0.27420424855354086,-1.395687278061528,0.497605891531466,-0.8891170972070039,-0.0034252250981063135
-0.6159924028072145,-0.7924023275276071,3.6469165057620936,-1.584959243877948,0.4518526666421301,-0.8877227921246668,-0.0034252250981063135
-0.6159924028072145,-0.9491949670491914,-0.27420424855354086,-1.6500384298320183,0.49324844154200503,-0.8863284895833895,0.047213491614642146
-0.6159924028072145,-1.0602831987328787,-0.27420424855354086,-1.3235578469624338,0.6697251661151548,-0.8849341845010522,0.047213491614642146
-0.6159924028072145,-0.9911253069286262,-0.27420424855354086,-2.129997426243284,0.7546954409096346,-0.8823062354016683,0.047213491614642146
-0.6159924028072145,-1.038996253838151,-0.27420424855354086,-1.6158718572061315,0.8244146407410025,-0.8796782888433442,0.047213491614642146
-0.6159924028072145,-0.9352982405205493,-0.27420424855354086,-1.3756211957256899,0.9529594154300863,-0.8770503397439603,0.047213491614642146
-0.6159924028072145,-0.7479746830882423,3.6469165057620936,-1.5594698960459374,1.0183211652719941,-0.874422393185637,0.047213491614642146
-0.6159924028072145,-0.8012994741225726,-0.27420424855354086,-1.6489537767327835,1.122899965019046,-0.8720939461338367,0.047213491614642146
-0.6159924028072145,-0.86835300689084,-0.27420424855354086,-1.4905944242445468,1.2165851397924459,-0.8699901237119294,0.047213491614642146
-0.6159924028072145,-0.9039641683024011,-0.27420424855354086,-1.4873404649468431,1.3603809894446426,-0.8678862987489622,0.047213491614642146
-0.6159924028072145,-0.8970947010053826,-0.27420424855354086,-1.285052661939609,1.4431725392443915,-0.8657824763270547,0.047213491614642146
-0.6159924028072145,-0.8513514418609441,-0.27420424855354086,-0.7183214175895829,1.4431725392443915,-0.8638081387041872,0.047213491614642146
-0.6159924028072145,-0.8605561508313444,-0.27420424855354086,-0.09464588552974561,1.5150704640704904,-0.8620064457859973,0.047213491614642146
-0.6159924028072145,-0.8747949841996673,-0.27420424855354086,-0.9770111817570112,1.6109343638386202,-0.8602047528678075,0.047213491614642146
-0.6159924028072145,-0.6910307986373865,-0.27420424855354086,-1.1201853908559651,1.7089769886014812,-0.8584030574085577,0.1833461456346288
-0.6159924028072145,-0.8729324902489329,-0.27420424855354086,-0.9298287719403102,1.804840888369613,-0.856601364490368,0.1833461456346288
-0.6159924028072145,-0.9156501926807092,-0.27420424855354086,-0.33598120010942195,1.767802563459198,-0.8552020865534331,0.1833461456346288
-0.6159924028072145,-0.9288900539785665,-0.27420424855354086,-1.0355824491156742,1.752551488496087,-0.8538028111575583,0.1833461456346288
-0.6159924028072145,-0.8383283582919655,-0.27420424855354086,-0.5219992066281386,1.6675812137016062,-0.8524035332206236,0.1833461456346288
-0.6159924028072145,-0.8353286964686055,-0.27420424855354086,-0.348997037300236,1.5172491890652196,-0.8510042552836887,0.1833461456346288
-0.6159924028072145,-0.798521291664264,-0.27420424855354086,-0.09898449792668351,1.4606023392022336,-0.850538888079748,0.1833461456346288
-0.6159924028072145,-0.6303221597745327,-0.27420424855354086,0.3961596418738653,1.3516660894657218,-0.850447082119733,0.1833461456346288
-0.6159924028072145,-0.6838152227263875,-0.27420424855354086,0.37663588608764437,1.2122276898029858,-0.8503552736186579,0.1833461456346288
-0.6159924028072145,-0.7781720181179943,-0.27420424855354086,-0.07132584389620387,1.116363790034855,-0.8502634676586436,0.1833461456346288
-0.6159924028072145,-0.7326864158138903,-0.27420424855354086,0.3815168250341998,0.9311721654827844,-0.8499556461803229,0.1833461456346288
-0.6159924028072145,-0.6423361322484749,-0.27420424855354086,0.7383676946823501,0.7917337658200485,-0.8491077782830575,0.1833461456346288
-0.6159924028072145,-0.755365834603492,-0.27420424855354086,0.4471383375378867,0.6719038911098848,-0.8482599103857928,0.1833461456346288
-0.6159924028072145,-0.6585959872543627,-0.27420424855354086,0.757891450468571,0.6261506662205498,-0.847412045029588,0.2116249095131762
-0.6159924028072145,-0.8141613741186381,-0.27420424855354086,0.6483414874458868,0.7198358409939507,-0.8465641771323226,0.2116249095131762
-0.6159924028072145,-0.8123063453612163,-0.27420424855354086,0.7942273292929268,0.8135210157673515,-0.8473215782082407,0.2116249095131762
-0.6159924028072145,-0.8503113394465556,-0.27420424855354086,0.7177592857968949,1.0052488153036123,-0.8480789767430988,0.2116249095131762
-0.6159924028072145,-0.8152306912799319,-0.27420424855354086,0.676000141476366,1.0030700903088823,-0.8488363778190161,0.2116249095131762
-0.6159924028072145,-0.8157439053749819,-0.27420424855354086,0.7226402247434495,1.098933990077013,-0.8495937763538742,0.2116249095131762
-0.6159924028072145,-0.8349729333498124,-0.27420424855354086,0.5219794013850677,1.3168064895500378,-0.8485281700995623,0.2116249095131762
-0.6159924028072145,-0.7874674399542457,-0.27420424855354086,0.34246931346175785,1.3908831393708656,-0.8460953108886375,0.2116249095131762
-0.6159924028072145,-0.7803350399350808,-0.27420424855354086,0.5832623014918167,1.4540661642180426,-0.8436624516777127,0.2116249095131762
-0.6159924028072145,-0.8214752537050344,3.6469165057620936,0.5935665059345443,1.5630024139545544,-0.841229589925728,0.2116249095131762
-0.6159924028072145,-0.9286977893604202,-0.27420424855354086,0.25895102482070104,1.5891471138913182,-0.8388317312764924,0.2116249095131762
-0.6159924028072145,-0.9185553910963856,-0.27420424855354086,-0.017635515484096042,1.839700488285297,-0.8366438785384472,0.2116249095131762
-0.6159924028072145,-0.8813365034010516,-0.27420424855354086,-0.19172233791123328,1.741657863522436,-0.8344560258004028,0.2116249095131762
-0.6159924028072145,-0.8461699337306305,-0.27420424855354086,-0.059394659804624446,1.726406788559323,-0.8322681730623577,0.07943812952275506
-0.6159924028072145,-0.885109189580944,-0.27420424855354086,-0.6261259041546506,1.802662163374882,-0.8300803203243132,0.07943812952275506
-0.6159924028072145,-0.8781946619464078,-0.27420424855354086,-0.4216687949489473,1.7307642385487831,-0.8320645604583549,0.07943812952275506
-0.6159924028072145,-0.873132632799445,-0.27420424855354086,-0.26656340175841386,1.5521087889809033,-0.8347441489809002,0.07943812952275506
-0.5389933524563126,-1.0186039477592777,-0.27420424855354086,-2.216769674182044,-1.6963701781618905,0.45239264135630997,-0.5472981955064569
-0.5389933524563126,-1.0282315706979301,3.6469165057620936,-2.158198406823381,-1.7137999781197326,0.4544909242672192,-0.5472981955064569
-0.5389933524563126,-1.0321356873485434,-0.27420424855354086,-2.144097916533333,-1.7617319280037984,0.4562652779198941,-0.5472981955064569
-0.5389933524563126,-1.079917464677373,-0.27420424855354086,-2.3073382079681246,-1.6832978281935096,0.4579856391277624,-0.5472981955064569
-0.5389933524563126,-1.0782311923572339,-0.27420424855354086,-1.77585818934322,-1.6092211783726806,0.4597060028766907,-0.5472981955064569
-0.5389933524563126,-1.076056434394892,-0.27420424855354086,-1.7368106777707781,-1.469782778709945,0.46142636662561975,-0.5472981955064569
-0.5389933524563126,-0.9703349230054055,-0.27420424855354086,-1.4759516074048808,-1.452352978752103,0.4613515197006496,-0.5472981955064569
-0.5389933524563126,-1.0082533495606032,-0.27420424855354086,-1.6695621856182392,-1.397884853883847,0.46097746803212664,-0.5472981955064569
-0.5389933524563126,-0.995105834139634,-0.27420424855354086,-1.3273541328097547,-1.380455053926005,0.4606034189046636,-0.6768543928105017
-0.5389933524563126,-1.1142971563152106,-0.27420424855354086,-1.43473478963397,-1.325986929057749,0.46022936723613994,-0.6768543928105017
-0.5389933524563126,-1.0923530411217024,-0.27420424855354086,-0.8121439106733673,-1.2933060541367951,0.45953777453444966,-0.6768543928105017
-0.5389933524563126,-1.2109374036015947,-0.27420424855354086,-0.85498770809313,-1.2693400791947633,0.45842278785939633,-0.6768543928105017
-0.5389933524563126,-1.1870344468061642,-0.27420424855354086,-1.2427511910694635,-1.2911273291420653,0.457307803725403,-0.6768543928105017
-0.5389933524563126,-1.1517429428188182,-0.27420424855354086,-1.2601056406572155,-1.2802337041684142,0.45619281959140884,-0.6768543928105017
-0.5389933524563126,-1.1543383895475594,-0.27420424855354086,-1.052394572153809,-1.2431953792580002,0.4551551345053727,-0.6768543928105017
-0.5389933524563126,-1.0941689135045867,-0.27420424855354086,-0.7226600299865208,-1.2693400791947633,0.4545812462481414,-0.6768543928105017
-0.5389933524563126,-1.0149777659981407,-0.27420424855354086,-0.4655972454679447,-1.354310353989242,0.45400736053196994,-0.6768543928105017
-0.5389933524563126,-0.9488214202607526,-0.27420424855354086,-0.3744863851322467,-1.434923178794261,0.45343347481579854,-0.6768543928105017
-0.5389933524563126,-0.914202483533394,-0.27420424855354086,0.10655726437825412,-1.469782778709945,0.4528595865585665,-0.6768543928105017
-0.5389933524563126,-0.9060149250969821,-0.27420424855354086,-0.44824279588019267,-1.491570028657248,0.4533284756717925,-0.6768543928105017
-0.5389933524563126,-0.8945208423236481,-0.27420424855354086,0.09245677408820535,-1.402242303873308,0.45421447217571786,-0.6768543928105017
-0.5389933524563126,-0.7795165604471535,-0.27420424855354086,0.20471836985897607,-1.3739188789418142,0.4551004686796432,-0.6597556053490538
-0.5389933524563126,-0.7730349242988543,-0.27420424855354086,0.06100183421040495,-1.4109572038522291,0.4559864677246285,-0.6597556053490538
-0.5389933524563126,-0.8226885809055874,-0.27420424855354086,0.3804321719349655,-1.437101903788992,0.45825863283648066,-0.6597556053490538
-0.5389933524563126,-0.819529350575175,-0.27420424855354086,0.5425878102705229,-1.454531703746834,0.4623790227589025,-0.6597556053490538
-0.5389933524563126,-0.8656673138708295,-0.27420424855354086,0.5447571164689915,-1.456710428741564,0.46649941268132433,-0.6597556053490538
-0.5389933524563126,-0.8220555468688384,-0.27420424855354086,0.36633168164491675,-1.456710428741564,0.4706198026037462,-0.6597556053490538
-0.5389933524563126,-0.8995400901704746,-0.27420424855354086,0.17597506272926178,-1.384812503915466,0.47474019252616806,-0.6597556053490538
-0.5389933524563126,-0.9394519745725455,-0.27420424855354086,0.15862061314151016,-1.3652039789628931,0.4755957293427867,-0.6597556053490538
-0.5389933524563126,-0.8326897326875022,-0.27420424855354086,0.2708822089122805,-1.367382703957624,0.4764512661594054,-0.6597556053490538
-0.5389933524563126,-0.9025370781625762,-0.27420424855354086,-0.143455274995298,-1.2758762541789532,0.4773068029760241,-0.6597556053490538
-0.5389933524563126,-0.9107368034284734,3.6469165057620936,-0.18575674586544355,-1.2606251792158423,0.47816234233370275,-0.6597556053490538
-0.5389933524563126,-0.9384962862671508,-0.27420424855354086,-0.22317727778903407,-1.2170506793212372,0.4800173009535122,-0.6597556053490538
-0.5389933524563126,-0.9577320795734203,-0.27420424855354086,-0.13423572365180506,-1.2323017542843484,0.48262182910204093,-0.6597556053490538
-0.5389933524563126,-1.0427074777894498,-0.27420424855354086,-0.06915653769773493,-1.3063784041051771,0.4852263572505689,-0.5821534161009461
-0.5389933524563126,-1.080541902974707,-0.27420424855354086,-0.3457430780025324,-1.3368805540314002,0.48783088539909764,-0.5821534161009461
-0.5389933524563126,-1.0638976084584075,-0.27420424855354086,-0.8495644425969574,-1.2998422291209861,0.4900158641981797,-0.5821534161009461
-0.5389933524563126,-0.9041000491768274,-0.27420424855354086,-0.8034666858794911,-1.2998422291209861,0.4911519645415265,-0.5821534161009461
-0.5389933524563126,-0.9869967320137069,-0.27420424855354086,-1.3506741744432964,-1.3303443790472091,0.49228806234381334,-0.5821534161009461
-0.5389933524563126,-1.0733444158013494,-0.27420424855354086,-1.123981676703286,-1.3717401539470842,0.4934241626871601,-0.5821534161009461
-0.5389933524563126,-1.0612713678072527,-0.27420424855354086,-1.4439543409774633,-1.354310353989242,0.4945602630305069,-0.5821534161009461
-0.5389933524563126,-1.052295334217573,-0.27420424855354086,-1.8116517416179583,-1.3085571290999072,0.49430793068138534,-0.5821534161009461
-0.5389933524563126,-0.7055889843619284,3.6469165057620936,-2.0177358304725135,-1.3434167290155912,0.49382419669511,-0.5821534161009461
-0.5389933524563126,-0.9560626936641152,-0.27420424855354086,-2.005804646380934,-1.408778478857498,0.493340460167774,-0.5821534161009461
-0.5389933524563126,-0.8522623210612883,-0.27420424855354086,-1.5535043040001475,-1.3739188789418142,0.4928567236404387,-0.5821534161009461
-0.5389933524563126,-0.7113058868251143,-0.27420424855354086,-1.8794425603201146,-1.2649826292053024,0.4942855795168283,-0.5821534161009461
-0.5389933524563126,-0.07231642033047382,-0.27420424855354086,-1.5296419358169886,-1.2584464542211113,0.49714887906074723,-0.5821534161009461
-0.5389933524563126,-0.8429061727486689,3.6469165057620936,-2.2238199193270685,-1.1538676544740594,0.500012178604667,-0.5821534161009461
-0.5389933524563126,-0.8460850171567024,-0.27420424855354086,-2.618091320898809,-1.0383952297533565,0.5028754781485859,-0.8267976059339647
-0.5389933524563126,-1.031244009486767,-0.27420424855354086,-2.3431317602428634,-0.9752122049061797,0.5056735003998363,-0.8267976059339647
-0.5389933524563126,-1.044662443233306,-0.27420424855354086,-1.738979983969247,-0.8401312552329049,0.5080798461897756,-0.8267976059339647
-0.5389933524563126,-1.0706760219312264,-0.27420424855354086,-2.161994692670702,-0.763875880417346,0.5104861945207743,-0.8267976059339647
-0.5389933524563126,-1.0152771812635664,-0.27420424855354086,-2.5503005021966527,-0.7573397054331551,0.5128925403107129,-0.8267976059339647
-0.5389933524563126,-1.0376301593523376,3.6469165057620936,-2.4754594383494726,-0.7006928555701691,0.5152988886417121,-0.8267976059339647
-0.5389933524563126,-0.9938925607746095,-0.27420424855354086,-1.8159903540148965,-0.6701907056439452,0.5168373734735925,-0.8267976059339647
-0.5389933524563126,-1.0225656325352421,-0.27420424855354086,-1.8718499886254734,-0.5612544559074334,0.5180287139222498,-0.8267976059339647
-0.5389933524563126,-1.0052890397344194,-0.27420424855354086,-1.567062467740579,-0.27584148159777083,0.5192200569119672,-0.8267976059339647
-0.5389933524563126,-1.054323731322569,-0.27420424855354086,-1.6977631661983361,0.02918001766446274,0.5204113973606245,-0.8267976059339647
-0.5389933524563126,-0.9827778569719898,-0.27420424855354086,-1.3105420097716198,0.10325666748529161,0.5220710678892878,-0.8267976059339647
-0.5389933524563126,-1.0403707646116171,-0.27420424855354086,-1.52150703757273,0.12068646744313358,0.5239180704499542,-0.8267976059339647
-0.5389933524563126,-1.0502829083194227,-0.27420424855354086,-1.3512165009929136,0.22308654219545443,0.5257650730106199,-1.0076501656223518
-0.5389933524563126,-1.0870339293800444,-0.27420424855354086,-1.2270237211305632,0.3777760168213022,0.5276120781123462,-1.0076501656223518
-0.5389933524563126,-1.1075295817288358,-0.27420424855354086,-1.4141263807485143,0.5498952914049919,0.5296636868315111,-1.0076501656223518
-0.5389933524563126,-1.2138641541739255,-0.27420424855354086,-1.0805955527339057,0.6043634162732479,0.5322268134879824,-1.0076501656223518
-0.5389933524563126,-1.1968156804533596,-0.27420424855354086,-1.241666537970229,0.6631889911309637,0.5347899401444538,-1.0076501656223518
-0.5389933524563126,-1.1147974139930215,-0.27420424855354086,-1.1944841281535283,0.8200571907515415,0.5373530668009252,-1.0076501656223518
-0.5389933524563126,-1.1388408456279937,-0.27420424855354086,-0.9423022825815072,0.8897763905829094,0.5399161934573965,-1.0076501656223518
-0.5389933524563126,-1.0939954195407788,-0.27420424855354086,-0.9065087303067685,1.0226786152614542,0.5400495482909541,-1.0076501656223518
-0.5389933524563126,-1.0772678414615884,-0.27420424855354086,-0.8403448912534641,0.9507806904353563,0.5401829056655709,-1.0076501656223518
-0.5389933524563126,-0.9222903744610151,-0.27420424855354086,-0.3571319355444947,0.8810614906039884,0.5403162604991278,-1.0076501656223518
-0.5389933524563126,-0.796904287724379,-0.27420424855354086,-0.2649364221095621,0.8200571907515415,0.5404496178737453,-1.0076501656223518
-0.5389933524563126,-0.8317283916515946,-0.27420424855354086,-0.126100825407546,0.7372656409517926,0.5418831493007015,-1.0076501656223518
-0.5389933524563126,-0.8540543443049607,-0.27420424855354086,-0.3419467921552116,0.6588315411415038,0.5442918099963832,-1.0076501656223518
-0.5389933524563126,-0.7829330707691993,-0.27420424855354086,0.15862061314151016,0.519393141478768,0.5467004732331249,-1.008307811293946
-0.5389933524563126,-0.7364602684302377,-0.27420424855354086,0.2350886566375422,0.3952058167791442,0.5491091339288058,-1.008307811293946
-0.5389933524563126,-0.8222254517973999,-0.27420424855354086,0.243765881431418,0.3777760168213022,0.5522779273400026,-1.008307811293946
-0.5389933524563126,-0.8313479718606591,-0.27420424855354086,0.25461241242376315,0.40609944175279516,0.5573470449168078,-1.008307811293946
-0.5389933524563126,-0.8302286773835601,-0.27420424855354086,0.33487674176711635,0.41045689174225614,0.5624161624936121,-1.008307811293946
-0.5389933524563126,-0.8112079031788985,-0.27420424855354086,0.17868669547734825,0.42570796670536715,0.5674852800704173,-1.008307811293946
-0.5389933524563126,-0.8634227312277702,-0.27420424855354086,0.3484349055075476,0.39956326676860415,0.5725544001882816,-1.008307811293946
-0.5389933524563126,-0.8800292870384543,-0.27420424855354086,0.4427997251409488,0.30587809199520427,0.5761007468488064,-1.008307811293946
-0.5389933524563126,-0.8752171265253414,-0.27420424855354086,0.37121262059147214,0.27537594206898036,0.5793933000506584,-1.008307811293946
-0.5389933524563126,-0.8330579497586004,-0.27420424855354086,0.1504857148972511,0.33202279193196726,0.5826858507114497,-1.008307811293946
-0.5389933524563126,-0.8441530394835988,3.6469165057620936,-0.1993149096058748,0.4518526666421301,0.5859784039133009,-1.008307811293946
-0.5389933524563126,-0.9079328337519198,-0.27420424855354086,-0.37882499752918464,0.517214416484038,0.5886004069320726,-1.008307811293946
-0.5389933524563126,-0.9693486202293595,-0.27420424855354086,-0.5572504323532598,0.48453354156308404,0.5903283430400714,-1.008307811293946
-0.5389933524563126,-1.0676552745257941,-0.27420424855354086,-0.16569066352960546,0.3908483667896832,0.5920562766070103,-1.008307811293946
-0.5389933524563126,-1.0087024634861537,-0.27420424855354086,-0.6375147616966129,0.3036993670004743,0.5937842127150084,-1.0780182524829245
-0.5389933524563126,-0.9812209873176573,-0.27420424855354086,-1.1223546970544342,0.28844829203736233,0.5958203336729209,-1.0780182524829245
-0.5389933524563126,-0.8702065641438109,-0.27420424855354086,-0.7416414592231246,0.4126356167369861,0.5997055688124346,-1.0780182524829245
-0.5389933524563126,-0.9674442063469479,-0.27420424855354086,-1.0138893871309842,0.41699306672644615,0.6035908064930083,-1.0780182524829245
-0.5389933524563126,-0.9582172633031967,-0.27420424855354086,-1.4770362605041154,0.3668823918476512,0.6074760416325214,-1.0780182524829245
-0.5389933524563126,-0.9544104453981114,-0.27420424855354086,-1.6869166352059912,0.3189504419635853,0.6113612767720352,-1.0780182524829245
-0.5389933524563126,-1.0133202777406771,-0.27420424855354086,-1.569231773939048,0.2623035921005994,0.6134138739635752,-1.0780182524829245
-0.5389933524563126,-0.5968687981337746,3.6469165057620936,-1.5876708766260343,0.14247371739043557,0.6147334134348653,-1.0780182524829245
-0.5389933524563126,-0.9233445997290982,-0.27420424855354086,-1.7807391282897755,0.042252367632844706,0.6160529529061562,-1.0780182524829245
-0.5389933524563126,-0.8438366660266343,-0.27420424855354086,-2.506914378227273,-0.060147707119477124,0.6173724949185063,-1.0780182524829245
-0.5389933524563126,-0.6559811058997624,-0.27420424855354086,-2.0697991792357695,-0.2017648317769429,0.6201653994747347,-1.0780182524829245
-0.5389933524563126,-0.16928987364912776,-0.27420424855354086,-2.1625370192203195,-0.4043862562868556,0.6249227925049191,-1.0780182524829245
-0.5389933524563126,-0.6804239433221233,3.6469165057620936,-1.9933311357397374,-0.5220374060022884,0.6296801855351043,-1.0780182524829245
-0.5389933524563126,-0.8622498345092673,-0.27420424855354086,-1.853410885938487,-0.5743268058758143,0.6344375785652894,-1.1240534494945142
-0.5389933524563126,-0.9627750868335776,-0.27420424855354086,-2.2297855113728584,-0.6135438557809593,0.6391949715954746,-1.1240534494945142
-0.5389933524563126,-1.0240225834483168,-0.27420424855354086,-1.7010171254960396,-0.6614758056650242,0.6403794486408272,-1.1240534494945142
-0.5389933524563126,-1.0606496930670586,-0.27420424855354086,-1.7623000256027888,-0.6985141305754391,0.6415639231451192,-1.1240534494945142
-0.5389933524563126,-1.0213032611680481,-0.27420424855354086,-1.9054742347017428,-0.7137652055385502,0.6427484001904719,-1.1240534494945142
-0.5389933524563126,-1.0251401731336738,3.6469165057620936,-2.005262319831317,-0.5568970059179724,0.6439328772358245,-1.1240534494945142
-0.5389933524563126,-0.9887069431989391,-0.27420424855354086,-1.5985174076183795,-0.5351097559706703,0.6445367728716664,-1.1240534494945142
-0.5389933524563126,-0.9857445355614359,-0.27420424855354086,-1.8685960293277697,-0.5002501560549865,0.6447052349914357,-1.1240534494945142
-0.5389933524563126,-1.0423278475862683,-0.27420424855354086,-2.020989789770217,-0.36516920638171163,0.644873697111205,-1.1240534494945142
-0.5389933524563126,-0.9853293559641398,-0.27420424855354086,-1.7628423521524064,-0.15819033188233797,0.6450421592309743,-1.1240534494945142
-0.5389933524563126,-0.9406475719389815,-0.27420424855354086,-1.2281083742297976,0.27755466706371135,0.6471400813113511,-1.1240534494945142
-0.5389933524563126,-0.9897219223666033,-0.27420424855354086,-1.1912301688558247,0.6653677161256948,0.6518106158255179,-1.1240534494945142
-0.5389933524563126,-1.0048110879106649,-0.27420424855354086,-0.6711390077728823,0.8527380656724954,0.6564811477986241,-1.1240534494945142
-0.5389933524563126,-0.9732874069604522,-0.27420424855354086,-0.6364301085973783,1.079325465124441,0.6611516823127909,-1.1194499297933553
-0.5389933524563126,-1.066432490217367,-0.27420424855354086,-0.8045513389787258,1.1817255398767619,0.6658222142858977,-1.1194499297933553
-0.5389933524563126,-1.0925166114030542,-0.27420424855354086,-0.9249478329937552,1.2579809146923209,0.6643435078926491,-1.1194499297933553
-0.5389933524563126,-1.1603065065328126,-0.27420424855354086,-0.05288674120921759,1.238372389739749,0.6628648014994011,-1.1194499297933553
-0.5389933524563126,-1.1091367876024982,-0.27420424855354086,-0.5057294101396209,1.1860829898662228,0.6613860925650925,-1.1194499297933553
-0.5389933524563126,-1.014215096008294,-0.27420424855354086,-0.3847905895749743,1.114185065040125,0.6599073861718445,-1.1194499297933553
-0.5389933524563126,-0.9897172925111356,-0.27420424855354086,-0.21287307334630606,1.0422871402140272,0.6600891431180081,-1.1194499297933553
-0.5389933524563126,-0.945682306472896,-0.27420424855354086,-0.17924882727003671,0.9703892153879283,0.6609350848917245,-1.1194499297933553
-0.5389933524563126,-0.9200802106659682,-0.27420424855354086,-0.09193425278165951,0.8832402155987185,0.6617810241243807,-1.1194499297933553
-0.5389933524563126,-0.7921186142913842,-0.27420424855354086,0.2584086982710843,0.8331295407199235,0.662626965898097,-1.1194499297933553
-0.5389933524563126,-0.8523661339057885,-0.27420424855354086,0.25461241242376315,0.7939124908147785,0.6635698440321515,-1.1194499297933553
-0.5389933524563126,-0.8313704033309487,-0.27420424855354086,0.5284873199804742,0.8200571907515415,0.66475505798493,-1.1194499297933553
-0.5389933524563126,-0.8521570905478656,-0.27420424855354086,0.9026926392163768,0.7285507409728716,0.6659402719377085,-1.1194499297933553
-0.5389933524563126,-0.7236673855819592,-0.27420424855354086,0.532825932377412,0.6261506662205498,0.6671254858904878,-1.190475662325522
-0.5389933524563126,-0.8542337422317489,-0.27420424855354086,0.5219794013850677,0.5542527413944519,0.6683107023843262,-1.190475662325522
-0.5389933524563126,-0.8608869522099992,-0.27420424855354086,0.4211066631562592,0.49324844154200503,0.6695856970722279,-1.190475662325522
-0.5389933524563126,-0.9074720375166425,-0.27420424855354086,0.4520192764844421,0.4605675666210511,0.6708606943011896,-1.190475662325522
-0.5389933524563126,-0.8273237840358796,-0.27420424855354086,0.42978388795013506,0.3690611168423812,0.6721356889890906,-1.190475662325522
-0.5389933524563126,-0.8810944768092148,-0.27420424855354086,0.5192677686369808,0.3276653419425063,0.6734106862180522,-1.190475662325522
-0.5389933524563126,-0.9387707039020857,-0.27420424855354086,0.07618697759968801,0.40609944175279516,0.6739326352070312,-1.190475662325522
-0.5389933524563126,-0.8862711038515932,-0.27420424855354086,0.04202040497380113,0.4344228666842881,0.6738897980160233,-1.190475662325522
-0.5389933524563126,-0.8850415721569029,-0.27420424855354086,0.1911602061185448,0.4300654166948281,0.6738469608250148,-1.190475662325522
-0.5389933524563126,-0.9114187021801012,3.6469165057620936,-0.031193679224527288,0.517214416484038,0.6738041261750669,-1.190475662325522
-0.5389933524563126,-0.930464671412192,-0.27420424855354086,-0.21558470609439254,0.6544740911520428,0.6746088799057738,-1.190475662325522
-0.5389933524563126,-0.960222439350149,-0.27420424855354086,-0.22697356363635482,0.8854189405934494,0.6804991740846515,-1.190475662325522
-0.5389933524563126,-1.0326040026126617,-0.27420424855354086,-0.5024754508419176,0.9377083404669753,0.6863894682635293,-1.190475662325522
-0.5389933524563126,-1.0296000698373586,-0.27420424855354086,-0.553454146505939,0.9159210905196724,0.6922797624424071,-1.3312118360466667
-0.5389933524563126,-0.992748735241602,-0.27420424855354086,-0.943929262230359,0.8745253156197974,0.6981700566212848,-1.3312118360466667
-0.5389933524563126,-0.8395296263340909,-0.27420424855354086,-1.0887304509781643,0.8527380656724954,0.7005652471574256,-1.3312118360466667
-0.5389933524563126,-1.0215454492664708,-0.27420424855354086,-1.0670373889934746,0.7132996660097597,0.7023779225373273,-1.3312118360466667
-0.46199430210541087,-0.45938430686902626,-0.27420424855354086,-2.036717259709117,-1.5089998286150899,-1.1469412514636286,-0.8702022202591775
-0.46199430210541087,-0.36442580971837096,3.6469165057620936,-2.294322370777311,-1.498106203641439,-1.1455641595223451,-0.8702022202591775
-0.46199430210541087,-0.4384279659560149,-0.27420424855354086,-1.9309635825337534,-1.5351445285518528,-1.1448011401625668,-0.8702022202591775
-0.46199430210541087,-0.5302434731607475,-0.27420424855354086,-2.441835192273203,-1.5068211036203598,-1.1441404645389994,-0.8702022202591775
-0.46199430210541087,-0.46967760611999304,-0.27420424855354086,-1.5773666721833068,-1.476318953694136,-1.143479788915432,-0.8702022202591775
-0.46199430210541087,-0.5043804006558824,-0.27420424855354086,-1.6787817369617324,-1.363025253968163,-1.1428191132918641,-0.8702022202591775
-0.46199430210541087,-0.5257841507027021,-0.27420424855354086,-1.4482929533744011,-1.2562677292263813,-1.1427591569790254,-0.8702022202591775
-0.46199430210541087,-0.45209565820041187,-0.27420424855354086,-1.3598937257867894,-1.1756549044213624,-1.1427993235158784,-0.8702022202591775
-0.46199430210541087,-0.3526371568771938,-0.27420424855354086,-1.286679641588461,-1.1255442295425664,-1.1428394875116712,-0.8129870468304878
-0.46199430210541087,-0.49313559432558274,-0.27420424855354086,-1.4434120144278462,-1.0492888547270085,-1.142879654048524,-0.8129870468304878
-0.46199430210541087,-0.5155477914959185,-0.27420424855354086,-0.837633258505378,-0.9664973049272587,-1.1438910772785233,-0.8129870468304878
-0.46199430210541087,-0.12066047386617075,-0.27420424855354086,-0.45637769412445134,-0.9207440800379237,-1.1461975136678182,-0.8129870468304878
-0.46199430210541087,-0.4257142931156231,-0.27420424855354086,-0.9135589754517929,-0.9098504550642728,-1.1485039475160528,-0.8129870468304878
-0.46199430210541087,-0.361022076361802,-0.27420424855354086,-1.106627227115534,-0.8945993801011608,-1.1508103839053478,-0.8129870468304878
-0.46199430210541087,-0.41502370560806295,-0.27420424855354086,-0.7259139892842245,-0.8640972301749369,-1.1528750358859579,-0.8129870468304878
-0.46199430210541087,-0.3919275280456565,-0.27420424855354086,-0.36472450723913624,-0.8902419301116998,-1.1534889890376387,-0.8129870468304878
-0.46199430210541087,-0.3090367491717573,-0.27420424855354086,-0.6765622732690548,-0.9817483798903707,-1.1541029421893192,-0.8129870468304878
-0.46199430210541087,-0.30170569605170744,-0.27420424855354086,-0.3728594054833949,-1.0623612046953896,-1.154716895341,-0.8129870468304878
-0.46199430210541087,-0.35850336320662746,-0.27420424855354086,-0.19118001136161614,-1.1277229545372964,-1.155330848492681,-0.8129870468304878
-0.46199430210541087,-0.29974357048253475,-0.27420424855354086,-0.3104918522774113,-1.1756549044213624,-1.1552775675447002,-0.8129870468304878
-0.46199430210541087,-0.27103277796146324,-0.27420424855354086,0.10709959092787126,-1.1734761794266324,-1.1549573939732793,-0.8129870468304878
-0.46199430210541087,-0.1546046001865129,-0.27420424855354086,0.45093462338520784,-1.1865485293950133,-1.154637220401858,-0.7722130151916512
-0.46199430210541087,-0.37346298252347215,-0.27420424855354086,0.0946260802866743,-1.2126932293317763,-1.1543170468304371,-0.7722130151916512
-0.46199430210541087,-0.3022646165106195,-0.27420424855354086,0.2708822089122805,-1.2366592042738094,-1.154367702863344,-0.7722130151916512
-0.46199430210541087,-0.271913114471861,-0.27420424855354086,0.4878128287591804,-1.2235868543054274,-1.1549128034508087,-0.7722130151916512
-0.46199430210541087,-0.3795620634048644,-0.27420424855354086,0.5040826252476978,-1.2235868543054274,-1.1554579014972133,-0.7722130151916512
-0.46199430210541087,-0.4481413847822309,-0.27420424855354086,0.5349952385758814,-1.2126932293317763,-1.156002999543618,-0.7722130151916512
-0.46199430210541087,-0.5114986060406481,-0.27420424855354086,0.24430820798103553,-1.1364378545162175,-1.1565480975900229,-0.7722130151916512
-0.46199430210541087,-0.46854768809856506,-0.27420424855354086,0.34572327275946146,-1.1081144295847245,-1.1562267754594404,-0.7722130151916512
-0.46199430210541087,-0.435072415397628,-0.27420424855354086,0.236715636286394,-1.0993995296058034,-1.1559054558699184,-0.7722130151916512
-0.46199430210541087,-0.37802498727991546,-0.27420424855354086,-0.1521324997891742,-1.0688973796795807,-1.1555841337393364,-0.7722130151916512
-0.46199430210541087,0.27969183184282254,3.6469165057620936,-0.2378200946286996,-1.0645399296901197,-1.1552628141498142,-0.7722130151916512
-0.46199430210541087,-0.3118242990120588,-0.27420424855354086,-0.11579662096481838,-1.0536463047164686,-1.1544779797891578,-0.7722130151916512
-0.46199430210541087,-0.3448218172861795,-0.27420424855354086,-0.12338919265945991,-1.0601824797006596,-1.1533455157028007,-0.7722130151916512
-0.46199430210541087,-0.38729629079931144,-0.27420424855354086,-0.032278332323761955,-1.1015782546005335,-1.1522130490753835,-0.6485756289319539
-0.46199430210541087,-0.38993281403644703,-0.27420424855354086,-0.14128596879682906,-1.1277229545372964,-1.1510805824479662,-0.6485756289319539
-0.46199430210541087,-0.3709840358788271,-0.27420424855354086,-0.7221177034369036,-1.1190080545583756,-1.1498733070114806,-0.6485756289319539
-0.46199430210541087,-0.41262323321907884,-0.27420424855354086,-0.6895781104598686,-1.1102931545794545,-1.148479001929143,-0.6485756289319539
-0.46199430210541087,-0.3285545868128604,-0.27420424855354086,-1.1277779625506068,-1.1277229545372964,-1.1470846968468054,-0.6485756289319539
-0.46199430210541087,-0.4066282343598306,-0.27420424855354086,-0.9829767738028009,-1.1495102044845995,-1.145690394305528,-0.6485756289319539
-0.46199430210541087,-0.3401853759387274,-0.27420424855354086,-1.3203038876647302,-1.1495102044845995,-1.144296089223191,-0.6485756289319539
-0.46199430210541087,-0.4715573274399099,-0.27420424855354086,-1.3208462142143473,-1.1255442295425664,-1.1427450591776425,-0.6485756289319539
-0.46199430210541087,-0.07102783106080496,3.6469165057620936,-2.257986491952955,-1.1516889294793293,-1.141167907034363,-0.6485756289319539
-0.46199430210541087,-0.21257031886235328,-0.27420424855354086,-2.0714261588846212,-1.1909059793844743,-1.1395907574321429,-0.6485756289319539
-0.46199430210541087,-0.1481440137299334,-0.27420424855354086,-1.5741127128856032,-1.1800123544108223,-1.1380136052888628,-0.6485756289319539
-0.46199430210541087,0.007793879102559066,-0.27420424855354086,-1.927167296686433,-1.1255442295425664,-1.1358261616614929,-0.6485756289319539
-0.46199430210541087,0.4741071973056587,-0.27420424855354086,-1.8485299469919316,-1.1168293295636456,-1.1331810019621151,-0.6485756289319539
-0.46199430210541087,-0.7342567981859252,3.6469165057620936,-2.1625370192203195,-1.0688973796795807,-1.1305358397216771,-0.6485756289319539
-0.46199430210541087,0.06826689780149084,-0.27420424855354086,-2.9516221489134176,-1.0187867048007846,-1.1278906774812394,-0.6610708966922425
-0.46199430210541087,-0.5141631416978815,-0.27420424855354086,-2.3913988231587986,-0.9926420048640217,-1.125116823252511,-0.6610708966922425
-0.46199430210541087,-0.5190190884409998,-0.27420424855354086,-1.8463606407934623,-0.9251015300273838,-1.1215708145529781,-0.6610708966922425
-0.46199430210541087,-0.5539559778008314,-0.27420424855354086,-2.0882382819227563,-0.8684546801643979,-1.1180248058534457,-0.6610708966922425
-0.46199430210541087,-0.4099147857156065,-0.27420424855354086,-2.6777472413567067,-0.837952530238174,-1.114478799694973,-0.6610708966922425
-0.46199430210541087,-0.4160010537411693,3.6469165057620936,-2.5204725419677043,-0.7072290305543601,-1.1109327909954403,-0.6610708966922425
-0.46199430210541087,-0.3303102351843112,-0.27420424855354086,-1.8333448036026487,-0.6462247307019132,-1.1074738745894543,-0.6610708966922425
-0.46199430210541087,-0.49846798549765226,-0.27420424855354086,-1.9689264410069611,-0.5198586810075584,-1.1040497961173112,-0.6610708966922425
-0.46199430210541087,-0.41074873394544564,-0.27420424855354086,-1.9770613392512197,-0.2801989315872318,-1.1006257176451681,-0.6610708966922425
-0.46199430210541087,-0.4763131759900077,-0.27420424855354086,-1.5318112420154577,-0.027466832198523184,-1.097201639173025,-0.6610708966922425
-0.46199430210541087,-0.47840477600569187,-0.27420424855354086,-1.4200919727943044,0.10543539248002161,-1.0943380296197744,-0.6610708966922425
-0.46199430210541087,-0.47332458634038255,-0.27420424855354086,-1.2991531522296575,0.16643969233246853,-1.0916986050930215,-0.6610708966922425
-0.46199430210541087,-0.4471399362774455,-0.27420424855354086,-1.1543519634818518,0.27973339205844133,-1.0890591805662684,-0.7215742984789028
-0.46199430210541087,-0.41843395306360404,-0.27420424855354086,-1.1662831475734314,0.41045689174225614,-1.0864197560395152,-0.7215742984789028
-0.46199430210541087,-0.3943376908298056,-0.27420424855354086,-1.121812370504817,0.5607889163786429,-1.0842108938166406,-0.7215742984789028
-0.46199430210541087,0.0282473064516778,-0.27420424855354086,-0.9992465702913182,0.6457591911731217,-1.0830784271892238,-0.7215742984789028
-0.46199430210541087,-0.4271850438692196,-0.27420424855354086,-1.1131351457109409,0.7067634910255687,-1.081945960561806,-0.7215742984789028
-0.46199430210541087,-0.29232142764793284,-0.27420424855354086,-0.8137708903222192,0.8396657157041144,-1.080813496475449,-0.7215742984789028
-0.46199430210541087,-0.31297056508903404,-0.27420424855354086,-0.6185333324600091,0.8963125655671004,-1.0796810298480322,-0.7215742984789028
-0.46199430210541087,-0.35995487673130366,-0.27420424855354086,-0.47373214371220335,0.9660317653984682,-1.0800195651196685,-0.7215742984789028
-0.46199430210541087,-0.2745119887292626,-0.27420424855354086,-0.5219992066281386,0.9137423655249424,-1.0803581003913043,-0.7215742984789028
-0.46199430210541087,-0.26919332561701037,-0.27420424855354086,-0.5995519032234053,0.8570955156619554,-1.0806966331218808,-0.7215742984789028
-0.46199430210541087,-0.2940115402357857,-0.27420424855354086,-0.33055793461324934,0.8135210157673515,-1.0810351683935164,-0.7215742984789028
-0.46199430210541087,-0.2697923535448002,-0.27420424855354086,-0.21992331849133043,0.7525167159149045,-1.0808448353695468,-0.7215742984789028
-0.46199430210541087,-0.22307511996038693,-0.27420424855354086,0.017615710241025116,0.6740826161046157,-1.080257850488608,-0.7215742984789028
-0.46199430210541087,-0.18748201139611503,-0.27420424855354086,0.3647047019960649,0.5542527413944519,-1.0796708656076692,-0.7406460229551327
-0.46199430210541087,-0.2332244809527994,-0.27420424855354086,0.5387915244232018,0.4453164916579401,-1.0790838807267304,-0.7406460229551327
-0.46199430210541087,-0.25536247583031485,-0.27420424855354086,0.39399033567539676,0.4235292417106371,-1.078541651537168,-0.7406460229551327
-0.46199430210541087,-0.2619724379338469,-0.27420424855354086,0.4964900535530562,0.4453164916579401,-1.0781113103055173,-0.7406460229551327
-0.46199430210541087,-0.32863799599198523,-0.27420424855354086,0.42978388795013506,0.4692824665999721,-1.0776809690738665,-0.7406460229551327
-0.46199430210541087,-0.3209392462109481,-0.27420424855354086,0.2735938416603666,0.515035691489308,-1.077250627842215,-0.7406460229551327
-0.46199430210541087,-0.43823812393665984,-0.27420424855354086,0.22369979909558027,0.53900166643134,-1.0768202891516243,-0.7406460229551327
-0.46199430210541087,-0.44415419991084115,-0.27420424855354086,0.3755512329884101,0.477997366578893,-1.0758292757162733,-0.7406460229551327
-0.46199430210541087,-0.3726108199397581,-0.27420424855354086,0.6168865475680864,0.4605675666210511,-1.0747448147960879,-0.7406460229551327
-0.46199430210541087,-0.3546848809369918,-0.27420424855354086,0.46883139952257696,0.48235481656835405,-1.0736603564169631,-0.7406460229551327
-0.46199430210541087,0.2097269992989596,3.6469165057620936,0.06913673245466362,0.5673250913628339,-1.0725758980378393,-0.7406460229551327
-0.46199430210541087,0.010924540712410566,-0.27420424855354086,0.04418971117227008,0.6152570412468988,-1.071000768578391,-0.7406460229551327
-0.46199430210541087,-0.2682694541090743,-0.27420424855354086,-0.2009418892547266,0.6305081162100108,-1.068771412705886,-0.7406460229551327
-0.46199430210541087,-0.3173392105715807,-0.27420424855354086,0.039851098775332175,0.5760399913417549,-1.0665420542923203,-0.7406460229551327
-0.46199430210541087,-0.22794378983345331,-0.27420424855354086,-0.3397774859567427,0.5084995165051169,-1.064312698419815,-0.8248246689191822
-0.46199430210541087,-0.2888932709065126,-0.27420424855354086,-0.7036786007499174,0.45403139163686107,-1.0623600157110398,-0.8248246689191822
-0.46199430210541087,-0.3008490830642879,-0.27420424855354086,-0.7264563158338415,0.480176091573624,-1.0620673846899404,-0.8248246689191822
-0.46199430210541087,-0.19474246819286925,-0.27420424855354086,-1.0182279995279222,0.45403139163686107,-1.061774753668842,-0.8248246689191822
-0.46199430210541087,-0.21062538477201068,-0.27420424855354086,-1.2552247017106601,0.3908483667896832,-1.0614821226477433,-0.8248246689191822
-0.46199430210541087,-0.23377184471821835,-0.27420424855354086,-1.792670312381355,0.33638024192142724,-1.0611894890855849,-0.8248246689191822
-0.46199430210541087,-0.3002316074953317,-0.27420424855354086,-1.504152587984978,0.28409084204790136,-1.0609322423262482,-0.8248246689191822
-0.46199430210541087,0.3242174031088838,3.6469165057620936,-1.5106605065803849,0.1882269422797705,-1.0606891467305566,-0.8248246689191822
-0.46199430210541087,-0.179023839702129,-0.27420424855354086,-1.8544955390377214,0.06621834257487669,-1.060446051134865,-0.8248246689191822
-0.46199430210541087,-0.12293574276058615,-0.27420424855354086,-2.337708494746691,-0.03836045717217418,-1.0602029580802335,-0.8248246689191822
-0.46199430210541087,0.04078012780600661,-0.27420424855354086,-2.147351875831036,-0.16690523186125897,-1.0591222147309611,-0.8248246689191822
-0.46199430210541087,0.43809142600560164,-0.27420424855354086,-2.2726293087926206,-0.3760628313553626,-1.0569246068632285,-0.8248246689191822
-0.46199430210541087,-0.480611153368554,3.6469165057620936,-1.8403950487476726,-0.5220374060022884,-1.0547269989954953,-0.8248246689191822
-0.46199430210541087,0.27469578710886344,-0.27420424855354086,-1.791043332732503,-0.6070076807967683,-1.0525293936688227,-0.9655608426403276
-0.46199430210541087,-0.3076741001597804,-0.27420424855354086,-2.190195673250799,-0.6592970806702942,-1.0503317858010903,-0.9655608426403276
-0.46199430210541087,-0.42306931770048223,-0.27420424855354086,-1.8116517416179583,-0.6789056056228662,-1.04943667705568,-0.9655608426403276
-0.46199430210541087,-0.49440196746707676,-0.27420424855354086,-1.6635965935724495,-0.6549396306808342,-1.0485415683102697,-0.9655608426403276
-0.46199430210541087,-0.3233296693012425,-0.27420424855354086,-1.8658843965796832,-0.6135438557809593,-1.04764645956486,-0.9655608426403276
-0.46199430210541087,-0.29585049011530407,3.6469165057620936,-2.0085162791290205,-0.5285735809864794,-1.0467513508194497,-0.9655608426403276
-0.46199430210541087,-0.21165360747973383,-0.27420424855354086,-1.621837449251921,-0.5220374060022884,-1.0449797872507547,-0.9655608426403276
-0.46199430210541087,-0.3609937588737083,-0.27420424855354086,-1.6625119404732147,-0.4653905561393025,-1.042550884470391,-0.9655608426403276
-0.46199430210541087,-0.33889599708130447,-0.27420424855354086,-1.864799743480449,-0.2540542316504688,-1.040121981690028,-0.9655608426403276
-0.46199430210541087,-0.33163446357397613,-0.27420424855354086,-1.5535043040001475,0.04660981762230471,-1.0376930789096641,-0.9655608426403276
-0.46199430210541087,-0.3443549376361598,-0.27420424855354086,-0.9206092205968173,0.37123984183711123,-1.0355378991222652,-0.9655608426403276
-0.46199430210541087,-0.34682092786356566,-0.27420424855354086,-1.0833071854819922,0.6806187910888057,-1.0337476790903846,-0.9655608426403276
-0.46199430210541087,-0.3096623000700176,-0.27420424855354086,-0.8338369726580572,0.8178784657568116,-1.031957461599564,-0.9655608426403276
-0.46199430210541087,-0.10427331578009517,-0.27420424855354086,-0.9081357099556203,0.9464232404458963,-1.030167244108744,-1.076045315468142
-0.46199430210541087,-0.30143212184005547,-0.27420424855354086,-0.7443530919712111,1.0335722402351062,-1.0283770266179233,-1.076045315468142
-0.46199430210541087,0.13450046163220405,-0.27420424855354086,-0.7036786007499174,1.0597169401718691,-1.028139861856483,-1.076045315468142
-0.46199430210541087,-0.21374960406359486,-0.27420424855354086,-0.08434168108701799,1.0531807651876781,-1.0279026945539835,-1.076045315468142
-0.46199430210541087,-0.2062045726621584,-0.27420424855354086,-0.6402263944446991,1.0292147902456452,-1.0276655297925432,-1.076045315468142
-0.46199430210541087,-0.18111872368506368,-0.27420424855354086,-0.5805704739868015,0.9812828403615802,-1.0274283650311027,-1.076045315468142
-0.46199430210541087,-0.13676537227529806,-0.27420424855354086,-0.053971394308451874,0.9791041153668493,-1.0286229351671357,-1.076045315468142
-0.46199430210541087,-0.1079359800845112,-0.27420424855354086,-0.26981736105611753,0.9638530404037383,-1.0303902018032174,-1.076045315468142
-0.46199430210541087,-0.19042512796916894,-0.27420424855354086,-0.35442030279640824,0.9355296154722443,-1.0321574684392985,-1.076045315468142
-0.46199430210541087,-0.10235745287524785,-0.27420424855354086,-0.008415964140603088,0.9093849155354814,-1.0339247350753802,-1.076045315468142
-0.46199430210541087,-0.1451038855341709,-0.27420424855354086,-0.21666935919362681,0.8658104156408765,-1.0354530327973575,-1.076045315468142
-0.46199430210541087,-0.11452369016951591,-0.27420424855354086,0.12120008121791964,0.8244146407410025,-1.0363839069635437,-1.076045315468142
-0.46199430210541087,-0.11252877876336792,-0.27420424855354086,0.5680771581025336,0.7024060410361087,-1.0373147811297296,-1.076045315468142
-0.46199430210541087,0.0031463296910196658,-0.27420424855354086,0.4471383375378867,0.5912910663048658,-1.0382456578369759,-1.2726813712747889
-0.46199430210541087,-0.1512476499043799,-0.27420424855354086,0.6656959370336384,0.515035691489308,-1.0391765320031618,-1.2726813712747889
-0.46199430210541087,-0.1800448843393597,-0.27420424855354086,0.538249197873585,0.4300654166948281,-1.0387117644894024,-1.2726813712747889
-0.46199430210541087,-0.24681073798745698,-0.27420424855354086,0.7340290822854122,0.38866964179495317,-1.0382469969756436,-1.2726813712747889
-0.46199430210541087,-0.3000718595365173,-0.27420424855354086,0.6656959370336384,0.33420151692669725,-1.037782226920824,-1.2726813712747889
-0.46199430210541087,-0.3516450219188726,-0.27420424855354086,0.6846773662702426,0.3276653419425063,-1.037317459407065,-1.2726813712747889
-0.46199430210541087,-0.35908485869723894,-0.27420424855354086,0.5593999333086578,0.40609944175279516,-1.036433007867675,-1.2726813712747889
-0.46199430210541087,-0.2166511057729676,-0.27420424855354086,0.4460536844386524,0.486712266557814,-1.0352337901327369,-1.2726813712747889
-0.46199430210541087,-0.3214071128456608,-0.27420424855354086,0.4015829073700375,0.5782187163364849,-1.0340345749388589,-1.2726813712747889
-0.46199430210541087,0.3779327170683681,3.6469165057620936,0.0718483652027501,0.7198358409939507,-1.0328353572039202,-1.2726813712747889
-0.46199430210541087,0.04667719983855845,-0.27420424855354086,-0.05559837395730368,0.8505593406777654,-1.0316888740890435,-1.2726813712747889
-0.46199430210541087,-0.191521578236925,-0.27420424855354086,-0.12121988646099095,1.0074275402983432,-1.0308587961534723,-1.2726813712747889
-0.46199430210541087,-0.12976691505152624,-0.27420424855354086,-0.15701343873572926,1.0074275402983432,-1.030028715676842,-1.2726813712747889
-0.46199430210541087,-0.1658494065168124,-0.27420424855354086,-0.4260074073458852,0.9943551903299612,-1.0291986352002118,-1.5416584509567905
-0.46199430210541087,-0.22458545777275063,-0.27420424855354086,-0.859326320490068,0.9551381404248173,-1.0283685572646413,-1.5416584509567905
-0.46199430210541087,-0.1573296290328233,-0.27420424855354086,-0.6781892529179067,0.9202785405091334,-1.0273106021422622,-1.5416584509567905
-0.46199430210541087,-0.18225826032095202,-0.27420424855354086,-1.123981676703286,0.8636316906461464,-1.0262146657947078,-1.5416584509567905
-0.38499525175450905,0.287622200013482,-0.27420424855354086,-2.133251385540988,-1.2431953792580002,-1.0177070339833851,0.8751893921516598
-0.38499525175450905,0.256349500298046,3.6469165057620936,-1.857749498335425,-1.2802337041684142,-1.016215185227348,0.8751893921516598
-0.38499525175450905,0.18956243545164272,-0.27420424855354086,-1.6137025510076624,-1.33252310404194,-1.014934818738415,0.8751893921516598
-0.38499525175450905,0.041504018270016436,-0.27420424855354086,-1.3691132771302827,-1.3194507540735583,-1.013689699293999,0.8751893921516598
-0.38499525175450905,0.24173817890668203,-0.27420424855354086,-1.2742061309472639,-1.2911273291420653,-1.0124445798495831,0.8751893921516598
-0.38499525175450905,0.16827389343623061,-0.27420424855354086,-0.9911116720470596,-1.2061570543475855,-1.0111994604051682,0.8751893921516598
-0.38499525175450905,0.07622797016868288,-0.27420424855354086,-0.8267867275130328,-1.1429740295004085,-1.010175659671467,0.8751893921516598
-0.38499525175450905,0.0855533963395939,-0.27420424855354086,-0.7112711724445588,-1.1495102044845995,-1.0091887449660422,0.8751893921516598
-0.38499525175450905,0.37519527016010557,-0.27420424855354086,-0.8153978699710706,-1.1604038294582504,-1.0082018302606168,0.919251652148467
-0.38499525175450905,0.2322434758883778,-0.27420424855354086,-0.04095555711763815,-1.1102931545794545,-1.0072149130141315,0.919251652148467
-0.38499525175450905,0.162490701492045,-0.27420424855354086,-0.5643006774982842,-1.0318590547691666,-1.0061961130866894,0.919251652148467
-0.38499525175450905,0.15684861246856893,-0.27420424855354086,-0.5621313712998152,-1.0100718048218638,-1.00513479614181,0.919251652148467
-0.38499525175450905,0.02766597246765197,-0.27420424855354086,-0.5176605942312007,-0.9229228050326538,-1.0040734817379913,0.919251652148467
-0.38499525175450905,0.31803563085541603,-0.27420424855354086,0.2697975558130462,-0.8227014552750629,-1.0030121647931118,0.919251652148467
-0.38499525175450905,0.08539619659580415,-0.27420424855354086,-0.5838244332845051,-0.8183440052856019,-1.0018450813040798,0.919251652148467
-0.38499525175450905,0.1015555945051473,-0.27420424855354086,-0.021431801331416808,-0.8662759551696678,-1.00004338584483,0.919251652148467
-0.38499525175450905,0.3790982562646162,-0.27420424855354086,0.45852719507984935,-0.9861058298798308,-0.9982416929266402,0.919251652148467
-0.38499525175450905,0.40606800778768953,-0.27420424855354086,0.5214370748354501,-1.0928633546216124,-0.9964400000084505,0.919251652148467
-0.38499525175450905,0.2305822370890819,-0.27420424855354086,0.18519461407275511,-1.1516889294793293,-0.9946383070902606,0.919251652148467
-0.38499525175450905,0.24799641555607282,-0.27420424855354086,0.2871520054007978,-1.2061570543475855,-0.9936830870273462,0.919251652148467
-0.38499525175450905,0.3157524660834584,-0.27420424855354086,0.7253518574915363,-1.1952634293739344,-0.9930664555983298,0.919251652148467
-0.38499525175450905,0.3820512426845977,-0.27420424855354086,0.5724157704994715,-1.1843698044002833,-0.9924498241693136,0.9672597861748392
-0.38499525175450905,0.22675917879950686,-0.27420424855354086,1.0350203173229857,-1.2039783293528554,-0.9918331952813572,0.9672597861748392
-0.38499525175450905,0.12648727647323554,-0.27420424855354086,0.8804572506820698,-1.2257655793001583,-0.9913086976091076,0.9672597861748392
-0.38499525175450905,-0.02175132822293337,-0.27420424855354086,0.8159203912776164,-1.2519102792369212,-0.9909070474869399,0.9672597861748392
-0.38499525175450905,0.06016730661896692,-0.27420424855354086,0.8202590036745551,-1.2344804792790793,-0.9905053948237124,0.9672597861748392
-0.38499525175450905,0.21729568244266975,-0.27420424855354086,0.7052857751556979,-1.2344804792790793,-0.9901037447015447,0.9672597861748392
-0.38499525175450905,0.07123079488862138,-0.27420424855354086,0.7334867557357946,-1.1952634293739344,-0.989702092038317,0.9672597861748392
-0.38499525175450905,0.17376574544429463,-0.27420424855354086,0.6017014041788034,-1.2257655793001583,-0.9888987892529219,0.9672597861748392
-0.38499525175450905,0.3037643526084663,-0.27420424855354086,0.34626559930907824,-1.2824124291631442,-0.9880954864675265,0.9672597861748392
-0.38499525175450905,0.2554146822326088,-0.27420424855354086,0.8001929213387166,-1.358667803978703,-0.9872921836821312,0.9672597861748392
-0.38499525175450905,-0.06070511966599441,3.6469165057620936,0.3484349055075476,-1.397884853883847,-0.986488880896736,0.9672597861748392
-0.38499525175450905,-0.08439797433810445,-0.27420424855354086,0.014904077492938638,-1.4000635788785771,-0.9862191448270541,0.9672597861748392
-0.38499525175450905,-0.1689830829162707,-0.27420424855354086,0.22532677874443133,-1.395706128889117,-0.9863495876057466,0.9672597861748392
-0.38499525175450905,-0.17236650233334547,-0.27420424855354086,0.3847707843319034,-1.397884853883847,-0.98648002784338,0.9600256837873031
-0.38499525175450905,0.11198416449454834,-0.27420424855354086,-0.32188070981937356,-1.2693400791947633,-0.9866104680810134,0.9600256837873031
-0.38499525175450905,-0.027655524490449345,-0.27420424855354086,-0.4688512047656479,-1.0471101297322776,-0.9863134664365584,0.9600256837873031
-0.38499525175450905,0.012725303256907839,-0.27420424855354086,-0.7345912140781006,-0.9577824049483378,-0.9849478499226443,0.9600256837873031
-0.38499525175450905,-0.011579446034350016,-0.27420424855354086,-0.2611401362622413,-0.9163866300484628,-0.9835822359497902,0.9600256837873031
-0.38499525175450905,0.07985912274363595,-0.27420424855354086,-1.0095507747340462,-0.9163866300484628,-0.982216621976936,0.9600256837873031
-0.38499525175450905,0.06512825058821674,-0.27420424855354086,-0.9488102011769141,-0.8662759551696678,-0.980851005463022,0.9600256837873031
-0.38499525175450905,0.001243871832817349,-0.27420424855354086,-0.8354639523069091,-0.7159439305332811,-0.9824041674579863,0.9600256837873031
-0.38499525175450905,1.0923769659262554,3.6469165057620936,-1.076799266886585,-0.6287949307440712,-0.9844437925377637,0.9600256837873031
-0.38499525175450905,0.2978843823288629,-0.27420424855354086,-1.2785447433442019,-0.6396885557177222,-0.9864834150764805,0.9600256837873031
-0.38499525175450905,0.6660168419209119,-0.27420424855354086,-1.899508642655953,-0.49371398107079545,-0.988523040156258,0.9600256837873031
-0.38499525175450905,0.9751435522034365,-0.27420424855354086,-1.8040591699233173,-0.47846290610768444,-0.9884200865656255,0.9600256837873031
-0.38499525175450905,1.7630739617016016,-0.27420424855354086,-1.7628423521524064,-0.4544969311656515,-0.9867101996074508,0.9600256837873031
-0.38499525175450905,-0.28195857289389203,3.6469165057620936,-1.8745616213735594,-0.3956713563079346,-0.9850003101082154,0.9600256837873031
-0.38499525175450905,-0.19931513238399406,-0.27420424855354086,-1.6576310015266595,-0.36081175639225066,-0.9832904231500407,0.8284965494684763
-0.38499525175450905,-0.48066861382284787,-0.27420424855354086,-2.0594949747930418,-0.3128798065081857,-0.9815436501635902,0.8284965494684763
-0.38499525175450905,-0.27614157223768576,-0.27420424855354086,-2.0670875464876834,-0.27584148159777083,-0.979575558466425,0.8284965494684763
-0.38499525175450905,-0.3508073231472013,-0.27420424855354086,-2.4852213162425825,-0.2518755066557388,-0.9776074667692591,0.8284965494684763
-0.38499525175450905,0.01940236237437019,-0.27420424855354086,-2.1625370192203195,-0.25841168163992884,-0.9756393725310339,0.8284965494684763
-0.38499525175450905,0.13822157337560678,3.6469165057620936,-1.9721804003046648,-0.22573080671897586,-0.973671280833868,0.8284965494684763
-0.38499525175450905,0.08977855219299205,-0.27420424855354086,-1.5768243456336895,-0.2083010067611339,-0.9708946161926797,0.8284965494684763
-0.38499525175450905,-0.07006857166534006,-0.27420424855354086,-1.8718499886254734,-0.16908395685598898,-0.9677945228820933,0.8284965494684763
-0.38499525175450905,0.032806296418514076,-0.27420424855354086,-1.7449455760150372,0.17079714232192852,-0.9646944295715076,0.8284965494684763
-0.38499525175450905,-0.07593495744653597,-0.27420424855354086,-1.2074999653443423,0.5259293164629589,-0.9615943362609212,0.8284965494684763
-0.38499525175450905,-0.17790781124710434,-0.27420424855354086,-1.0599871438484505,0.6000059662837869,-0.9587208318196782,0.8284965494684763
-0.38499525175450905,-0.18035964273046332,-0.27420424855354086,-1.302407111527361,0.5782187163364849,-0.9559379619097478,0.8284965494684763
-0.38499525175450905,-0.19191656951096064,-0.27420424855354086,-1.3886370329165036,0.6087208662627078,-0.9531550894587576,0.7259038246997906
-0.38499525175450905,-0.04753303729876404,-0.27420424855354086,-0.9406753029326553,0.7873763158305885,-0.950372219548828,0.7259038246997906
-0.38499525175450905,-0.10205690706371959,-0.27420424855354086,-0.583282106734888,1.011784990287803,-0.9478135626170557,0.7259038246997906
-0.38499525175450905,0.10916201635447229,-0.27420424855354086,-0.7958741141848495,1.2209425897819068,-0.945815443212799,0.7259038246997906
-0.38499525175450905,-0.12725791023669292,-0.27420424855354086,-0.10006915102591818,1.3712746144182937,-0.9438173238085421,0.7259038246997906
-0.38499525175450905,0.03660484159735638,-0.27420424855354086,-0.3522509965979393,1.5673598639440163,-0.9418192018632254,0.7259038246997906
-0.38499525175450905,-0.09305693460894662,-0.27420424855354086,-0.11850825371290487,1.6043981888544292,-0.9398210824589693,0.7259038246997906
-0.38499525175450905,-0.09047740525152267,-0.27420424855354086,-0.16894462282730907,1.6174705388228112,-0.9376005237364979,0.7259038246997906
-0.38499525175450905,0.036222196604567734,-0.27420424855354086,0.21339559465285188,1.4714959641758845,-0.9353799650140264,0.7259038246997906
-0.38499525175450905,0.23868839620610688,-0.27420424855354086,0.5550613209117199,1.3385937394973397,-0.933159406291555,0.7259038246997906
-0.38499525175450905,-0.0017048256900448044,-0.27420424855354086,0.4785932774156871,1.231836214755558,-0.9309388475690835,0.7259038246997906
-0.38499525175450905,0.001489756637543955,-0.27420424855354086,0.1390968573552888,1.120721240024316,-0.9273512544211671,0.7259038246997906
-0.38499525175450905,0.020546205852553987,-0.27420424855354086,0.3657893550952992,1.07278929014025,-0.9227383816425773,0.7259038246997906
-0.38499525175450905,0.07540929328381715,-0.27420424855354086,0.49269376770573586,0.9943551903299612,-0.9181255114050481,0.6700039426142897
-0.38499525175450905,0.006771434741582881,-0.27420424855354086,0.6754578149267493,0.9268147154933234,-0.9135126411675181,0.6700039426142897
-0.38499525175450905,-0.12581917367749368,-0.27420424855354086,0.742706307079288,1.0204998902667242,-0.9095636152554893,0.6700039426142897
-0.38499525175450905,-0.09648539641836287,-0.27420424855354086,0.9769913765139403,1.140329764976888,-0.9072742014277418,0.6700039426142897
-0.38499525175450905,-0.16308680047147298,-0.27420424855354086,0.7150476530488079,1.175189364892572,-0.9049847875999942,0.6700039426142897
-0.38499525175450905,-0.07576961059273718,-0.27420424855354086,0.7546374911708674,1.1860829898662228,-0.9026953737722466,0.6700039426142897
-0.38499525175450905,-0.20916608304085,-0.27420424855354086,0.6998625096595249,1.135972314987427,-0.900405962485559,0.6700039426142897
-0.38499525175450905,-0.2016130301456378,-0.27420424855354086,0.46503511367525585,1.0052488153036123,-0.8994149490502074,0.6700039426142897
-0.38499525175450905,0.18461502214527167,-0.27420424855354086,0.5236063810339188,0.9529594154300863,-0.8986403348332359,0.6700039426142897
-0.38499525175450905,-0.9046276014676866,-0.27420424855354086,0.4102601321639141,0.9268147154933234,-0.8978657206162639,0.6700039426142897
-0.38499525175450905,-0.1677508056096171,3.6469165057620936,0.4037522135685068,0.9812828403615802,-0.8970911089403517,0.6700039426142897
-0.38499525175450905,-0.3576722144242806,-0.27420424855354086,0.3017948222404641,0.9812828403615802,-0.896076732998527,0.6700039426142897
-0.38499525175450905,-0.34446851265653,-0.27420424855354086,-0.012212249987923854,0.8701678656303374,-0.8947426764509392,0.6700039426142897
-0.38499525175450905,-0.35474228755575693,-0.27420424855354086,0.4525616030340596,0.7089422160202997,-0.8934086199033507,0.6700039426142897
-0.38499525175450905,-0.045379975054486384,-0.27420424855354086,-0.32621932221631145,0.5978272412890568,-0.8920745633557622,0.39445040621634636
-0.38499525175450905,-0.16418987250925862,-0.27420424855354086,-0.021974127881034335,0.488890991552545,-0.8909794477706174,0.39445040621634636
-0.38499525175450905,0.0057126693439131515,-0.27420424855354086,-0.262224789361476,0.5651463663681029,-0.8913179830422538,0.39445040621634636
-0.38499525175450905,0.1105663520108351,-0.27420424855354086,-0.8164825230703052,0.53464421644188,-0.8916565183138903,0.39445040621634636
-0.38499525175450905,0.09976771659718425,-0.27420424855354086,-1.213465557390132,0.495427166536735,-0.8919950535855259,0.39445040621634636
-0.38499525175450905,0.06263299177837651,-0.27420424855354086,-0.8121439106733673,0.4605675666210511,-0.8923335863161024,0.39445040621634636
-0.38499525175450905,0.02146774448757985,-0.27420424855354086,-0.6933743963071893,0.46274629161578207,-0.892210085713577,0.39445040621634636
-0.38499525175450905,1.0392801145204198,3.6469165057620936,-1.0138893871309842,0.3864909168002232,-0.8919017712695985,0.39445040621634636
-0.38499525175450905,0.2566490232345293,-0.27420424855354086,-0.7817736238948012,0.3102355419846643,-0.8915934568256206,0.39445040621634636
-0.38499525175450905,0.580422388960418,-0.27420424855354086,-0.9927386516959115,0.24269506714802738,-0.8912851398405821,0.39445040621634636
-0.38499525175450905,0.846823913672678,-0.27420424855354086,-1.3636900116341102,0.1882269422797705,-0.8905114022893412,0.39445040621634636
-0.38499525175450905,1.5026647799625077,-0.27420424855354086,-1.3495895213440616,0.1185077424484026,-0.8891170972070039,0.39445040621634636
-0.38499525175450905,-0.061851152455678626,3.6469165057620936,-1.5350652013131612,0.09454176750637062,-0.8877227921246668,0.39445040621634636
-0.38499525175450905,-0.12156627458164139,-0.27420424855354086,-1.5941787952214415,0.1751545923113895,-0.8863284895833895,0.1340227202650679
-0.38499525175450905,-0.2779689295333585,-0.27420424855354086,-1.378332828473776,0.3581674918687302,-0.8849341845010522,0.1340227202650679
-0.38499525175450905,-0.1929222171869844,-0.27420424855354086,-1.977603665800837,0.39956326676860415,-0.8823062354016683,0.1340227202650679
-0.38499525175450905,-0.3937979178739328,-0.27420424855354086,-1.639191898839673,0.45621011663159106,-0.8796782888433442,0.1340227202650679
-0.38499525175450905,0.008511076015834928,-0.27420424855354086,-1.249801436214488,0.5978272412890568,-0.8770503397439603,0.1340227202650679
-0.38499525175450905,0.20921615396717233,3.6469165057620936,-1.5095758534811505,0.6457591911731217,-0.874422393185637,0.1340227202650679
-0.38499525175450905,0.12733285317727253,-0.27420424855354086,-1.5074065472826816,0.7503379909201736,-0.8720939461338367,0.1340227202650679
-0.38499525175450905,-0.012863297777493676,-0.27420424855354086,-1.3192192345654956,0.8549167906672255,-0.8699901237119294,0.1340227202650679
-0.38499525175450905,0.0038576585316675233,-0.27420424855354086,-1.4683590357102392,1.0204998902667242,-0.8678862987489622,0.1340227202650679
-0.38499525175450905,0.07153889561934311,-0.27420424855354086,-1.2237697618328598,1.127257415008506,-0.8657824763270547,0.1340227202650679
-0.38499525175450905,-0.041293266235715526,-0.27420424855354086,-0.8040090124291083,1.107648890055934,-0.8638081387041872,0.1340227202650679
-0.38499525175450905,-0.024925704282085025,-0.27420424855354086,-0.14128596879682906,1.155580839939999,-0.8620064457859973,0.1340227202650679
-0.38499525175450905,-0.06443757276077548,-0.27420424855354086,-0.8305830133603536,1.225300039771367,-0.8602047528678075,0.1340227202650679
-0.38499525175450905,0.2795608679466837,-0.27420424855354086,-0.9146436285510275,1.3037341395816557,-0.8584030574085577,0.28462357906012575
-0.38499525175450905,-0.0835988935856836,-0.27420424855354086,-0.7004246414522137,1.4518874392233134,-0.856601364490368,0.28462357906012575
-0.38499525175450905,-0.034482407884269824,-0.27420424855354086,0.011650118195235402,1.4976406641126485,-0.8552020865534331,0.28462357906012575
-0.38499525175450905,-0.15045772119183737,-0.27420424855354086,-0.5550811261547908,1.4475299892338516,-0.8538028111575583,0.28462357906012575
-0.38499525175450905,0.008970203349722384,-0.27420424855354086,-0.5968402704753192,1.3778107894024847,-0.8524035332206236,0.28462357906012575
-0.38499525175450905,0.027642536067493704,-0.27420424855354086,-0.1749102148730988,1.2819468896343538,-0.8510042552836887,0.28462357906012575
-0.38499525175450905,0.004334425973790861,-0.27420424855354086,0.08920281479050211,1.177368089887302,-0.850538888079748,0.28462357906012575
-0.38499525175450905,0.077913219613777,-0.27420424855354086,0.26112033101917037,1.07061056514552,-0.850447082119733,0.28462357906012575
-0.38499525175450905,0.1315102928070705,-0.27420424855354086,0.5832623014918167,0.9573168654195473,-0.8503552736186579,0.28462357906012575
-0.38499525175450905,0.1174524724313966,-0.27420424855354086,-0.08488400763663513,0.8440231656935745,-0.8502634676586436,0.28462357906012575
-0.38499525175450905,0.022245937054867198,-0.27420424855354086,0.32077625147706756,0.7067634910255687,-0.8499556461803229,0.28462357906012575
-0.38499525175450905,0.06339792286042842,-0.27420424855354086,0.5561459740109541,0.5891123413101359,-0.8491077782830575,0.28462357906012575
-0.38499525175450905,0.09327378800316635,-0.27420424855354086,0.5154714827896604,0.47581864158416304,-0.8482599103857928,0.28462357906012575
-0.38499525175450905,0.20317185970881566,-0.27420424855354086,0.8359864736134549,0.3908483667896832,-0.847412045029588,0.4365397291983711
-0.38499525175450905,-0.03632875117639563,-0.27420424855354086,0.7822961452013474,0.4409590416684791,-0.8465641771323226,0.4365397291983711
-0.38499525175450905,-0.02061121734140548,-0.27420424855354086,0.9092005578117841,0.5477165664102609,-0.8473215782082407,0.4365397291983711
-0.38499525175450905,-0.21628057377413576,-0.27420424855354086,0.6673229166824902,0.7459805409307136,-0.8480789767430988,0.4365397291983711
-0.38499525175450905,0.012628668482900455,-0.27420424855354086,0.6510531201939729,0.7394443659465226,-0.8488363778190161,0.4365397291983711
-0.38499525175450905,-0.13947914949611115,-0.27420424855354086,0.8153780647279997,0.9006700155565603,-0.8495937763538742,0.4365397291983711
-0.38499525175450905,0.005572015052609182,-0.27420424855354086,0.6825080600717732,1.0488233151982171,-0.8485281700995623,0.4365397291983711
-0.38499525175450905,0.18090835626873553,-0.27420424855354086,0.4259876021028139,1.122899965019046,-0.8460953108886375,0.4365397291983711
-0.38499525175450905,0.12932731595401453,-0.27420424855354086,0.5111328703927225,1.144687214966348,-0.8436624516777127,0.4365397291983711
-0.38499525175450905,0.06907461018367922,3.6469165057620936,0.606582343125358,1.225300039771367,-0.841229589925728,0.4365397291983711
-0.38499525175450905,-0.15173206199157815,-0.27420424855354086,0.2052606964085936,1.3712746144182937,-0.8388317312764924,0.4365397291983711
-0.38499525175450905,-0.13215288773811504,-0.27420424855354086,-0.023601107529886145,1.5194279140599505,-0.8366438785384472,0.4365397291983711
-0.38499525175450905,-0.07568022566992726,-0.27420424855354086,-0.13152409090371858,1.4366363642602005,-0.8344560258004028,0.4365397291983711
-0.38499525175450905,0.0846573936903457,-0.27420424855354086,-0.05342906775883473,1.4562448892127735,-0.8322681730623577,0.24450719309288346
-0.38499525175450905,0.05213034410149101,-0.27420424855354086,-0.5257954924754593,1.4606023392022336,-0.8300803203243132,0.24450719309288346
-0.38499525175450905,0.006599394337049499,-0.27420424855354086,-0.4721051640633515,1.3974193143550566,-0.8320645604583549,0.24450719309288346
-0.38499525175450905,0.1480244309601615,-0.27420424855354086,-0.24812429907142722,1.2165851397924459,-0.8347441489809002,0.24450719309288346
-0.30799620140360723,0.8301581208352529,-0.27420424855354086,-2.153317467876826,-0.8815270301327789,-1.0177070339833851,0.3148752799534556
-0.30799620140360723,0.8820426140800519,3.6469165057620936,-2.0307516676633277,-0.9120291800590028,-1.016215185227348,0.3148752799534556
-0.30799620140360723,0.8451224956237995,-0.27420424855354086,-1.740606963618099,-0.9795696548956406,-1.014934818738415,0.3148752799534556
-0.30799620140360723,0.5890339739660088,-0.27420424855354086,-1.645157490885463,-0.9773909299009097,-1.013689699293999,0.3148752799534556
-0.30799620140360723,0.8089960923122742,-0.27420424855354086,-1.5046949145345951,-0.9577824049483378,-1.0124445798495831,0.3148752799534556
-0.30799620140360723,0.758829688185073,-0.27420424855354086,-1.1717064130696038,-0.9163866300484628,-1.0111994604051682,0.3148752799534556
-0.30799620140360723,0.5166615986337266,-0.27420424855354086,-0.9178975878487308,-0.8684546801643979,-1.010175659671467,0.3148752799534556
-0.30799620140360723,0.6854953796260675,-0.27420424855354086,-1.1711640865199866,-0.8619185051802069,-1.0091887449660422,0.3148752799534556
-0.30799620140360723,1.0730157537833023,-0.27420424855354086,-0.8354639523069091,-0.8749908551485889,-1.0082018302606168,0.2063637441404237
-0.30799620140360723,0.7978140043729044,-0.27420424855354086,-0.2714443407049693,-0.79873548033303,-1.0072149130141315,0.2063637441404237
-0.30799620140360723,0.7453088413177799,-0.27420424855354086,-0.5962979439257017,-0.759518430427886,-1.0061961130866894,0.2063637441404237
-0.30799620140360723,0.7389179539256846,-0.27420424855354086,-0.7481493778185319,-0.735552455485853,-1.00513479614181,0.2063637441404237
-0.30799620140360723,0.6460915769986447,-0.27420424855354086,-0.5843667598341222,-0.6897992305965182,-1.0040734817379913,0.2063637441404237
-0.30799620140360723,0.9352856289462945,-0.27420424855354086,0.10167632543169869,-0.5743268058758143,-1.0030121647931118,0.2063637441404237
-0.30799620140360723,0.7039717330742122,-0.27420424855354086,-0.7665884805055182,-0.5372884809654004,-1.0018450813040798,0.2063637441404237
-0.30799620140360723,0.597012596715555,-0.27420424855354086,-0.17002927592654335,-0.5721480808810844,-1.00004338584483,0.2063637441404237
-0.30799620140360723,1.0836255700526438,-0.27420424855354086,0.44388437824018306,-0.6810843306175971,-0.9982416929266402,0.2063637441404237
-0.30799620140360723,0.8505731275620594,-0.27420424855354086,0.44551135788903484,-0.768233330406807,-0.9964400000084505,0.2063637441404237
-0.30799620140360723,0.6561738409771267,-0.27420424855354086,0.05286693596614628,-0.8423099802276349,-0.9946383070902606,0.2063637441404237
-0.30799620140360723,0.7398530052784126,-0.27420424855354086,0.3028794753396984,-0.9076717300695418,-0.9936830870273462,0.2063637441404237
-0.30799620140360723,0.7274581464389531,-0.27420424855354086,0.6309870378581344,-0.8728121301538578,-0.9930664555983298,0.2063637441404237
-0.30799620140360723,0.9044179698035838,-0.27420424855354086,0.3028794753396984,-0.8728121301538578,-0.9924498241693136,0.14980621638332778
-0.30799620140360723,0.95560220638147,-0.27420424855354086,0.9520443552315464,-0.9120291800590028,-0.9918331952813572,0.14980621638332778
-0.30799620140360723,0.6588173089974642,-0.27420424855354086,0.7557221442701016,-0.9272802550221148,-0.9913086976091076,0.14980621638332778
-0.30799620140360723,0.5868332672788357,-0.27420424855354086,0.7600607566670403,-0.9468887799746868,-0.9909070474869399,0.14980621638332778
-0.30799620140360723,0.5766982803725847,-0.27420424855354086,0.6597303449878487,-0.9294589800168448,-0.9905053948237124,0.14980621638332778
-0.30799620140360723,0.802206211871843,-0.27420424855354086,0.7340290822854122,-0.9076717300695418,-0.9901037447015447,0.14980621638332778
-0.30799620140360723,0.6693512351165217,-0.27420424855354086,0.6532224263924414,-0.9490675049694167,-0.989702092038317,0.14980621638332778
-0.30799620140360723,0.6717847984104768,-0.27420424855354086,0.6266484254611965,-0.9708547549167197,-0.9888987892529219,0.14980621638332778
-0.30799620140360723,0.9203344079719259,-0.27420424855354086,0.31101437358395745,-1.0318590547691666,-0.9880954864675265,0.14980621638332778
-0.30799620140360723,1.0381112554665686,-0.27420424855354086,0.7606030832166571,-1.0863271796374225,-0.9872921836821312,0.14980621638332778
-0.30799620140360723,0.9805678047326359,3.6469165057620936,0.14614710250031318,-1.1364378545162175,-0.986488880896736,0.14980621638332778
-0.30799620140360723,0.6132945063430318,-0.27420424855354086,-0.10766172272055971,-1.1168293295636456,-0.9862191448270541,0.14980621638332778
-0.30799620140360723,0.49046743762738676,-0.27420424855354086,0.14994338834763396,-1.1364378545162175,-0.9863495876057466,0.14980621638332778
-0.30799620140360723,0.6001352906671598,-0.27420424855354086,-0.04095555711763815,-1.1299016795320274,-0.98648002784338,0.1287615548923154
-0.30799620140360723,0.6889718447819035,-0.27420424855354086,-0.37557103823148097,-0.9926420048640217,-0.9866104680810134,0.1287615548923154
-0.30799620140360723,0.5819412686766678,-0.27420424855354086,-0.5068140632388556,-0.783484405369918,-0.9863134664365584,0.1287615548923154
-0.30799620140360723,0.5601146943874772,-0.27420424855354086,-0.662461782979006,-0.6745481556334062,-0.9849478499226443,0.1287615548923154
-0.30799620140360723,0.645213896374329,-0.27420424855354086,-0.24703964597219294,-0.6614758056650242,-0.9835822359497902,0.1287615548923154
-0.30799620140360723,0.7004900099817405,-0.27420424855354086,-1.0241935915737117,-0.6745481556334062,-0.982216621976936,0.1287615548923154
-0.30799620140360723,0.7989311633740319,-0.27420424855354086,-1.104457920917065,-0.6396885557177222,-0.980851005463022,0.1287615548923154
-0.30799620140360723,0.5967917454316719,-0.27420424855354086,-0.891865913467103,-0.4806416311024145,-0.9824041674579863,0.1287615548923154
-0.30799620140360723,1.7018103503186068,3.6469165057620936,-0.978638161405863,-0.3760628313553626,-0.9844437925377637,0.1287615548923154
-0.30799620140360723,1.0245955229745016,-0.27420424855354086,-1.3029494380769782,-0.3455606814291387,-0.9864834150764805,0.1287615548923154
-0.30799620140360723,1.3531412288674454,-0.27420424855354086,-1.9277096232360498,-0.22573080671897586,-0.988523040156258,0.1287615548923154
-0.30799620140360723,1.555735915930803,-0.27420424855354086,-1.8349717832515005,-0.12550945696138405,-0.9884200865656255,0.1287615548923154
-0.30799620140360723,2.930765269099596,-0.27420424855354086,-1.877273254121646,-0.10807965700354207,-0.9867101996074508,0.1287615548923154
-0.30799620140360723,0.41295030588571346,3.6469165057620936,-1.736268351221161,-0.049254082145826134,-0.9850003101082154,0.1287615548923154
-0.30799620140360723,0.32148203784106394,-0.27420424855354086,-1.5903825093741206,-0.016573207224872193,-0.9832904231500407,-0.06590156389954908
-0.30799620140360723,0.24436899557777608,-0.27420424855354086,-2.114269956304384,0.01828639269081175,-0.9815436501635902,-0.06590156389954908
-0.30799620140360723,0.3013688151429461,-0.27420424855354086,-2.0535293827472523,0.07057579256433767,-0.979575558466425,-0.06590156389954908
-0.30799620140360723,0.4291701431486048,-0.27420424855354086,-2.1695872643653438,0.09454176750637062,-0.9776074667692591,-0.06590156389954908
-0.30799620140360723,0.5841745099683492,-0.27420424855354086,-2.1500635085791227,0.09018431751690964,-0.9756393725310339,-0.06590156389954908
-0.30799620140360723,0.6923641829515657,3.6469165057620936,-2.1083043642585944,0.12504391743259358,-0.973671280833868,-0.06590156389954908
-0.30799620140360723,0.7397736337639398,-0.27420424855354086,-1.4059914825042557,0.13375881741151457,-0.9708946161926797,-0.06590156389954908
-0.30799620140360723,0.45155312557203525,-0.27420424855354086,-2.0296670145640934,0.20347801724288248,-0.9677945228820933,-0.06590156389954908
-0.30799620140360723,0.6972422740421534,-0.27420424855354086,-1.7021017785952741,0.5368229414366099,-0.9646944295715076,-0.06590156389954908
-0.30799620140360723,0.5498782633999885,-0.27420424855354086,-1.3598937257867894,0.8570955156619554,-0.9615943362609212,-0.06590156389954908
-0.30799620140360723,0.38213023735036966,-0.27420424855354086,-1.1033732678178303,0.9529594154300863,-0.9587208318196782,-0.06590156389954908
-0.30799620140360723,0.39754975564367984,-0.27420424855354086,-1.4862558118476088,0.9377083404669753,-0.9559379619097478,-0.06590156389954908
-0.30799620140360723,0.4682273346971128,-0.27420424855354086,-1.6261760616488592,0.9856402903510403,-0.9531550894587576,-0.14021552478968619
-0.30799620140360723,0.6727335957681985,-0.27420424855354086,-1.052394572153809,1.168653189908381,-0.950372219548828,-0.14021552478968619
-0.30799620140360723,0.6228121432965603,-0.27420424855354086,-0.6505305988874267,1.3560235394551816,-0.9478135626170557,-0.14021552478968619
-0.30799620140360723,0.8420946239834031,-0.27420424855354086,-1.030701510169119,1.5303215390336014,-0.945815443212799,-0.14021552478968619
-0.30799620140360723,0.4525925640149032,-0.27420424855354086,-0.348997037300236,1.6523301387384952,-0.9438173238085421,-0.14021552478968619
-0.30799620140360723,0.7302336012304743,-0.27420424855354086,-0.5550811261547908,1.8157345133432639,-0.9418192018632254,-0.14021552478968619
-0.30799620140360723,0.6892990571253124,-0.27420424855354086,-0.35062401694908746,1.8571302882431389,-0.9398210824589693,-0.14021552478968619
-0.30799620140360723,0.556668484798768,-0.27420424855354086,-0.4265497338955027,1.8375217632905658,-0.9376005237364979,-0.14021552478968619
-0.30799620140360723,0.6164596765267769,-0.27420424855354086,0.13746987770643737,1.6893684636489101,-0.9353799650140264,-0.14021552478968619
-0.30799620140360723,0.7399092813510753,-0.27420424855354086,0.2898636381488847,1.5477513389914435,-0.933159406291555,-0.14021552478968619
-0.30799620140360723,0.7580839404964127,-0.27420424855354086,0.4118871118127659,1.4518874392233134,-0.9309388475690835,-0.14021552478968619
-0.30799620140360723,0.6710498178275559,-0.27420424855354086,0.18194065477505147,1.3734533394130237,-0.9273512544211671,-0.14021552478968619
-0.30799620140360723,0.7101919797855207,-0.27420424855354086,0.41947968350740744,1.3189852145447678,-0.9227383816425773,-0.14021552478968619
-0.30799620140360723,0.7495748762826339,-0.27420424855354086,0.37826286573649615,1.2144064147977158,-0.9181255114050481,-0.04288396539375423
-0.30799620140360723,0.754523832874161,-0.27420424855354086,0.6797964273236872,1.149044664955809,-0.9135126411675181,-0.04288396539375423
-0.30799620140360723,0.6218922197273951,-0.27420424855354086,0.7069127548045496,1.2122276898029858,-0.9095636152554893,-0.04288396539375423
-0.30799620140360723,0.5959417721594578,-0.27420424855354086,1.0144119084375305,1.3364150145026097,-0.9072742014277418,-0.04288396539375423
-0.30799620140360723,0.45535271157109913,-0.27420424855354086,0.7698226345601504,1.4061342143339766,-0.9049847875999942,-0.04288396539375423
-0.30799620140360723,0.6530955433915195,-0.27420424855354086,0.7145053264991912,1.4409938142496606,-0.9026953737722466,-0.04288396539375423
-0.30799620140360723,0.5669603125452837,-0.27420424855354086,0.5561459740109541,1.3865256893814055,-0.900405962485559,-0.04288396539375423
-0.30799620140360723,0.6222731599284413,-0.27420424855354086,0.5680771581025336,1.271053264660703,-0.8994149490502074,-0.04288396539375423
-0.30799620140360723,0.9021040469995654,-0.27420424855354086,0.4704583791714288,1.1926191648504139,-0.8986403348332359,-0.04288396539375423
-0.30799620140360723,1.01376212775449,-0.27420424855354086,0.46666209332410763,1.133793589992697,-0.8978657206162639,-0.04288396539375423
-0.30799620140360723,0.9361703620248691,3.6469165057620936,0.41297176491200016,1.2449085647239397,-0.8970911089403517,-0.04288396539375423
-0.30799620140360723,0.5753300863011523,-0.27420424855354086,0.11360750952327812,1.260159639687051,-0.896076732998527,-0.04288396539375423
-0.30799620140360723,0.458223867987464,-0.27420424855354086,0.03551248637839427,1.177368089887302,-0.8947426764509392,-0.04288396539375423
-0.30799620140360723,0.5127439333750582,-0.27420424855354086,0.23454633008792466,1.088040365103362,-0.8934086199033507,-0.04288396539375423
-0.30799620140360723,0.7477569222593069,-0.27420424855354086,-0.41027993740698504,0.9072061905407514,-0.8920745633557622,-0.0034252250981063135
-0.30799620140360723,0.4914758668057263,-0.27420424855354086,0.06479812005772571,0.8396657157041144,-0.8909794477706174,-0.0034252250981063135
-0.30799620140360723,0.5918927123204214,-0.27420424855354086,-0.46722422511679645,0.8679891406356074,-0.8913179830422538,-0.0034252250981063135
-0.30799620140360723,0.6309221426812991,-0.27420424855354086,-0.7687577867039871,0.8679891406356074,-0.8916565183138903,-0.0034252250981063135
-0.30799620140360723,0.7810824963001187,-0.27420424855354086,-0.8511914222458092,0.8265933657357325,-0.8919950535855259,-0.0034252250981063135
-0.30799620140360723,0.8201837612014519,-0.27420424855354086,-0.6749352936202031,0.7851975908358576,-0.8923335863161024,-0.0034252250981063135
-0.30799620140360723,0.6582404613074967,-0.27420424855354086,-0.6754776201698202,0.7808401408463975,-0.892210085713577,-0.0034252250981063135
-0.30799620140360723,1.668215096169385,3.6469165057620936,-0.9715879162608386,0.7198358409939507,-0.8919017712695985,-0.0034252250981063135
-0.30799620140360723,0.7890120031023191,-0.27420424855354086,-0.8132285637726016,0.6697251661151548,-0.8915934568256206,-0.0034252250981063135
-0.30799620140360723,1.2000654301373208,-0.27420424855354086,-1.110965839512472,0.5847548913206749,-0.8912851398405821,-0.0034252250981063135
-0.30799620140360723,1.4484447758666834,-0.27420424855354086,-1.2796293964434364,0.5498952914049919,-0.8905114022893412,-0.0034252250981063135
-0.30799620140360723,2.5753665271097903,-0.27420424855354086,-1.3327773983059268,0.497605891531466,-0.8891170972070039,-0.0034252250981063135
-0.30799620140360723,0.6462754971098432,3.6469165057620936,-1.573570386335986,0.4518526666421301,-0.8877227921246668,-0.0034252250981063135
-0.30799620140360723,0.3975595537099023,-0.27420424855354086,-1.5632661818932583,0.49324844154200503,-0.8863284895833895,0.047213491614642146
-0.30799620140360723,0.24615305116320155,-0.27420424855354086,-1.2790870698938195,0.6697251661151548,-0.8849341845010522,0.047213491614642146
-0.30799620140360723,0.3446828896164298,-0.27420424855354086,-2.0188204835717483,0.7546954409096346,-0.8823062354016683,0.047213491614642146
-0.30799620140360723,0.420983141012656,-0.27420424855354086,-1.532353568565075,0.8244146407410025,-0.8796782888433442,0.047213491614642146
-0.30799620140360723,0.538862114505233,-0.27420424855354086,-1.3257271531609027,0.9529594154300863,-0.8770503397439603,0.047213491614642146
-0.30799620140360723,0.8155498501238483,3.6469165057620936,-1.52150703757273,1.0183211652719941,-0.874422393185637,0.047213491614642146
-0.30799620140360723,0.681362282526738,-0.27420424855354086,-1.6115332448091935,1.122899965019046,-0.8720939461338367,0.047213491614642146
-0.30799620140360723,0.5517080612396289,-0.27420424855354086,-1.4510045861224876,1.2165851397924459,-0.8699901237119294,0.047213491614642146
-0.30799620140360723,0.47365903447444857,-0.27420424855354086,-1.4011105435577005,1.3603809894446426,-0.8678862987489622,0.047213491614642146
-0.30799620140360723,0.5630967340477777,-0.27420424855354086,-1.2210581290847737,1.4431725392443915,-0.8657824763270547,0.047213491614642146
-0.30799620140360723,0.48060749643723893,-0.27420424855354086,-0.6760199467194373,1.4431725392443915,-0.8638081387041872,0.047213491614642146
-0.30799620140360723,0.5333760946794444,-0.27420424855354086,-0.21395772644554073,1.5150704640704904,-0.8620064457859973,0.047213491614642146
-0.30799620140360723,0.5062516019017251,-0.27420424855354086,-0.9325404046883967,1.6109343638386202,-0.8602047528678075,0.047213491614642146
-0.30799620140360723,1.0528586730744738,-0.27420424855354086,-1.1082542067643857,1.7089769886014812,-0.8584030574085577,0.1833461456346288
-0.30799620140360723,0.5743698937565234,-0.27420424855354086,-0.8810193824747579,1.804840888369613,-0.856601364490368,0.1833461456346288
-0.30799620140360723,0.3769528566105893,-0.27420424855354086,-0.2963913619873625,1.767802563459198,-0.8552020865534331,0.1833461456346288
-0.30799620140360723,0.4322419086900638,-0.27420424855354086,-0.987857712749356,1.752551488496087,-0.8538028111575583,0.1833461456346288
-0.30799620140360723,0.6459872616892097,-0.27420424855354086,-0.5371843500174217,1.6675812137016062,-0.8524035332206236,0.1833461456346288
-0.30799620140360723,0.7139380712142378,-0.27420424855354086,-0.2893411168423385,1.5172491890652196,-0.8510042552836887,0.1833461456346288
-0.30799620140360723,0.5776693656391865,-0.27420424855354086,-0.10061147757553532,1.4606023392022336,-0.850538888079748,0.1833461456346288
-0.30799620140360723,0.7905048623130333,-0.27420424855354086,0.3863977639807552,1.3516660894657218,-0.850447082119733,0.1833461456346288
-0.30799620140360723,0.7280431053485774,-0.27420424855354086,0.407548499415828,1.2122276898029858,-0.8503552736186579,0.1833461456346288
-0.30799620140360723,0.6192752746775285,-0.27420424855354086,-0.025770413728355097,1.116363790034855,-0.8502634676586436,0.1833461456346288
-0.30799620140360723,0.7092542546015338,-0.27420424855354086,0.40809082596544477,0.9311721654827844,-0.8499556461803229,0.1833461456346288
-0.30799620140360723,0.7596572479321737,-0.27420424855354086,0.8224283098730236,0.7917337658200485,-0.8491077782830575,0.1833461456346288
-0.30799620140360723,0.6004876442024686,-0.27420424855354086,0.5019133190492292,0.6719038911098848,-0.8482599103857928,0.1833461456346288
-0.30799620140360723,0.918956720902267,-0.27420424855354086,0.8354441470638374,0.6261506662205498,-0.847412045029588,0.2116249095131762
-0.30799620140360723,0.49656479577186063,-0.27420424855354086,0.6781694476748353,0.7198358409939507,-0.8465641771323226,0.2116249095131762
-0.30799620140360723,0.4892639264382322,-0.27420424855354086,0.8408674125600103,0.8135210157673515,-0.8473215782082407,0.2116249095131762
-0.30799620140360723,0.365877398908388,-0.27420424855354086,0.7465025929266091,1.0052488153036123,-0.8480789767430988,0.2116249095131762
-0.30799620140360723,0.5331414256098626,-0.27420424855354086,0.6911852848656491,1.0030700903088823,-0.8488363778190161,0.2116249095131762
-0.30799620140360723,0.6529866879524979,-0.27420424855354086,0.7475872460258434,1.098933990077013,-0.8495937763538742,0.2116249095131762
-0.30799620140360723,0.5923200946375551,-0.27420424855354086,0.49703238010267375,1.3168064895500378,-0.8485281700995623,0.2116249095131762
-0.30799620140360723,0.8965843440779897,-0.27420424855354086,0.32511486387400546,1.3908831393708656,-0.8460953108886375,0.2116249095131762
-0.30799620140360723,0.8931146442535931,-0.27420424855354086,0.606582343125358,1.4540661642180426,-0.8436624516777127,0.2116249095131762
-0.30799620140360723,0.8112020031005543,3.6469165057620936,0.6255637723619623,1.5630024139545544,-0.841229589925728,0.2116249095131762
-0.30799620140360723,0.5843383494273442,-0.27420424855354086,0.23942726903448008,1.5891471138913182,-0.8388317312764924,0.2116249095131762
-0.30799620140360723,0.5267682142163552,-0.27420424855354086,-0.0024503720948133717,1.839700488285297,-0.8366438785384472,0.2116249095131762
-0.30799620140360723,0.5262778263854718,-0.27420424855354086,-0.20907678749898528,1.741657863522436,-0.8344560258004028,0.2116249095131762
-0.30799620140360723,0.6513863550813326,-0.27420424855354086,-0.04366718986572425,1.726406788559323,-0.8322681730623577,0.07943812952275506
-0.30799620140360723,0.5523171384661085,-0.27420424855354086,-0.6711390077728823,1.802662163374882,-0.8300803203243132,0.07943812952275506
-0.30799620140360723,0.49541809901065587,-0.27420424855354086,-0.3918408347199987,1.7307642385487831,-0.8320645604583549,0.07943812952275506
-0.30799620140360723,0.49724062905392197,-0.27420424855354086,-0.2264312370867373,1.5521087889809033,-0.8347441489809002,0.07943812952275506
-0.23099715105270544,2.4340231410385327,-0.27420424855354086,-1.88432349926667,-1.2519102792369212,0.830133830029697,0.20767903548361122
-0.23099715105270544,1.9095079456403832,3.6469165057620936,-2.090407588121225,-1.2758762541789532,0.8336545628045077,0.20767903548361122
-0.23099715105270544,2.0036157876021274,-0.27420424855354086,-1.9108975001979154,-1.3368805540314002,0.8348324254704442,0.20767903548361122
-0.23099715105270544,1.5310191453932656,-0.27420424855354086,-1.5372345075116303,-1.3172720290788282,0.835619811055432,0.20767903548361122
-0.23099715105270544,1.9276430177269541,-0.27420424855354086,-1.5681471208398134,-1.2671613542000322,0.8364071966404191,0.20767903548361122
-0.23099715105270544,1.733406440054914,-0.27420424855354086,-0.9135589754517929,-1.1778336294160925,0.837194579684347,0.20767903548361122
-0.23099715105270544,1.627303055315217,-0.27420424855354086,-0.7237446830857555,-1.1211867795531065,0.83346343951085,0.20767903548361122
-0.23099715105270544,1.5248262650757105,-0.27420424855354086,-0.5518271668570872,-1.0993995296058034,0.8289792104404091,0.20767903548361122
-0.23099715105270544,2.4412007629018015,-0.27420424855354086,-0.5241685128266076,-1.1081144295847245,0.8244949813699682,-0.010001681814047534
-0.23099715105270544,1.7277024222282624,-0.27420424855354086,0.24051192213371436,-1.0667186546848495,0.8200107522995281,-0.010001681814047534
-0.23099715105270544,1.6882020924978893,-0.27420424855354086,-0.2839178513461659,-1.0013569048429427,0.8170106547856287,-0.010001681814047534
-0.23099715105270544,1.4963283741254516,-0.27420424855354086,-0.5431499420632113,-0.9948207298587517,0.8159894027351989,-0.010001681814047534
-0.23099715105270544,1.5684514550695232,-0.27420424855354086,-0.3207960567201389,-0.9534249549588777,0.8149681481437091,-0.010001681814047534
-0.23099715105270544,1.959923985114143,-0.27420424855354086,0.32945347627094335,-0.855382330196016,0.8139468935522186,-0.010001681814047534
-0.23099715105270544,1.773310733647439,-0.27420424855354086,-0.2578861769645381,-0.820522730280332,0.8140285403539914,-0.010001681814047534
-0.23099715105270544,1.5230208906209215,-0.27420424855354086,-0.01546620928562709,-0.8728121301538578,0.8207275878921588,-0.010001681814047534
-0.23099715105270544,1.8321230519023615,-0.27420424855354086,0.5588576067590403,-1.0013569048429427,0.8274266379713863,-0.010001681814047534
-0.23099715105270544,2.079110408256609,-0.27420424855354086,0.6429182219497138,-1.1146506045689155,0.8341256880506136,-0.010001681814047534
-0.23099715105270544,1.894042595366977,-0.27420424855354086,0.36090841614874375,-1.1974421543686644,0.840824738129841,-0.010001681814047534
-0.23099715105270544,1.8786345799316309,-0.27420424855354086,0.6483414874458868,-1.2606251792158423,0.8408785120434796,-0.010001681814047534
-0.23099715105270544,1.6655037415473632,-0.27420424855354086,0.7866347575982854,-1.1996208793633953,0.838274177015518,-0.010001681814047534
-0.23099715105270544,1.9715423920684103,-0.27420424855354086,0.5116751969423393,-1.1843698044002833,0.8356698445286169,-0.22636710776851815
-0.23099715105270544,1.906238244805089,-0.27420424855354086,0.9449941100865223,-1.2323017542843484,0.8330655095006552,-0.22636710776851815
-0.23099715105270544,1.7708711587194457,-0.27420424855354086,0.7850077779494335,-1.2540890042316513,0.8329282871736402,-0.22636710776851815
-0.23099715105270544,1.5352218159408455,-0.27420424855354086,0.9265550073995357,-1.2802337041684142,0.8360805535300072,-0.22636710776851815
-0.23099715105270544,1.6345675497766237,-0.27420424855354086,0.8332748408653687,-1.2584464542211113,0.8392328198863749,-0.22636710776851815
-0.23099715105270544,1.5525236217142737,-0.27420424855354086,0.7540951646212499,-1.2519102792369212,0.8423850862427419,-0.22636710776851815
-0.23099715105270544,1.8411629344290736,-0.27420424855354086,0.8305632081172827,-1.2061570543475855,0.8455373525991088,-0.22636710776851815
-0.23099715105270544,1.6695211102051746,-0.27420424855354086,0.7958543089417787,-1.2628039042105723,0.8447324972259979,-0.22636710776851815
-0.23099715105270544,1.6174711444903433,-0.27420424855354086,0.5339105854766472,-1.3150933040840982,0.8439276443939476,-0.22636710776851815
-0.23099715105270544,1.931855988805691,-0.27420424855354086,0.8045315337356544,-1.402242303873308,0.8431227915618974,-0.22636710776851815
-0.23099715105270544,1.740548530469244,3.6469165057620936,0.23617330973677647,-1.437101903788992,0.8423179387298464,-0.22636710776851815
-0.23099715105270544,1.6210426114091498,-0.27420424855354086,0.25027380002682525,-1.42185082882588,0.8429441880713061,-0.22636710776851815
-0.23099715105270544,1.336302677818438,-0.27420424855354086,0.4720853588202806,-1.4065997538627681,0.8446437684897533,-0.22636710776851815
-0.23099715105270544,1.594769850530915,-0.27420424855354086,0.022496649187580167,-1.41967210383115,0.8463433489082006,-0.2546458716470661
-0.23099715105270544,1.822081505528749,-0.27420424855354086,-0.4970521853457451,-1.2954847791315263,0.8480429293266472,-0.2546458716470661
-0.23099715105270544,1.6251998088801582,-0.27420424855354086,-0.08108772178931437,-1.0688973796795807,0.8496128394486689,-0.2546458716470661
-0.23099715105270544,1.523412759434293,-0.27420424855354086,-0.5502001872082354,-0.9621398549377987,0.850858578911747,-0.2546458716470661
-0.23099715105270544,1.519573801718577,-0.27420424855354086,-0.16840229627769154,-0.9534249549588777,0.852104320915885,-0.2546458716470661
-0.23099715105270544,2.044471354986695,-0.27420424855354086,-0.9699609366119868,-0.9621398549377987,0.8533500603789623,-0.2546458716470661
-0.23099715105270544,2.0506600002426585,-0.27420424855354086,-0.9916539985966768,-0.9316377050115747,0.8545957998420403,-0.2546458716470661
-0.23099715105270544,1.9022419617293498,-0.27420424855354086,-0.8018397062306393,-0.781305680375188,0.851785887970626,-0.2546458716470661
-0.23099715105270544,3.0064312347830304,3.6469165057620936,-0.7595382353604941,-0.6963354055807082,0.8483000337866187,-0.2546458716470661
-0.23099715105270544,2.460323052968405,-0.27420424855354086,-1.3664016443821965,-0.6810843306175971,0.844814179602612,-0.2546458716470661
-0.23099715105270544,3.0064312347830304,-0.27420424855354086,-1.9738073799535165,-0.5438246559495914,0.8413283254186052,-0.2546458716470661
-0.23099715105270544,3.0064312347830304,-0.27420424855354086,-1.9846539109458612,-0.4762841811129535,0.83991502845315,-0.2546458716470661
-0.23099715105270544,3.0064312347830304,-0.27420424855354086,-1.9249979904879637,-0.47410545611822347,0.8400561513074043,-0.2546458716470661
-0.23099715105270544,1.3543378311637506,3.6469165057620936,-1.7254218202288159,-0.3913139063184746,0.8401972716205987,-0.2546458716470661
-0.23099715105270544,1.4320281697464117,-0.27420424855354086,-1.5855015704275655,-0.36081175639225066,0.8403383919337923,-0.3473739113418393
-0.23099715105270544,1.50616697850106,-0.27420424855354086,-2.1842300812050093,-0.3346670564554877,0.8417060895759205,-0.3473739113418393
-0.23099715105270544,1.3221583078577985,-0.27420424855354086,-1.8024321902744653,-0.2823776565819618,0.8504332461095344,-0.3473739113418393
-0.23099715105270544,1.2857314305154501,-0.27420424855354086,-2.0312939942129447,-0.2649478566241198,0.8591604026431483,-0.3473739113418393
-0.23099715105270544,2.34384432363201,-0.27420424855354086,-1.7400646370684818,-0.27802020659250176,0.8678875591767621,-0.3473739113418393
-0.23099715105270544,2.0930516388223057,3.6469165057620936,-1.9136091329460019,-0.2605904066346598,0.876614715710376,-0.3473739113418393
-0.23099715105270544,2.1778032965810783,-0.27420424855354086,-0.9607413852684935,-0.24751805666627785,0.8840621537253798,-0.3473739113418393
-0.23099715105270544,1.6035438034910499,-0.27420424855354086,-1.489509771145312,-0.18433503181910094,0.8909977028083036,-0.3473739113418393
-0.23099715105270544,1.9710898865045519,-0.27420424855354086,-1.265528906153388,0.16208224234300753,0.8979332518912274,-0.3473739113418393
-0.23099715105270544,1.6974405922351337,-0.27420424855354086,-1.146217065237593,0.486712266557814,0.9048687984330912,-0.3473739113418393
-0.23099715105270544,1.5910900665283738,-0.27420424855354086,-0.8604109735893026,0.5934697912995959,0.9109698049378653,-0.3473739113418393
-0.23099715105270544,1.3991530734645437,-0.27420424855354086,-0.8587839939404508,0.5803974413312148,0.9167369923785315,-0.3473739113418393
-0.23099715105270544,1.5844942272785365,-0.27420424855354086,-1.5312689154658405,0.6087208662627078,0.9225041798191976,-0.384202068951111
-0.23099715105270544,1.762265064937782,-0.27420424855354086,-0.7362181937269521,0.7873763158305885,0.9282713672598646,-0.384202068951111
-0.23099715105270544,1.8167285671298943,-0.27420424855354086,-0.3072378929797076,1.0074275402983432,0.9335572016875597,-0.384202068951111
-0.23099715105270544,2.276942445548077,-0.27420424855354086,-0.43956557108631644,1.16211701492419,0.9376396535828281,-0.384202068951111
-0.23099715105270544,1.5015787199517898,-0.27420424855354086,0.12499636706524041,1.3146277645553077,0.9417221080191569,-0.384202068951111
-0.23099715105270544,1.876723077704608,-0.27420424855354086,-0.39346781436885053,1.4976406641126485,0.9458045624554858,-0.384202068951111
-0.23099715105270544,1.7796577809740004,-0.27420424855354086,0.08649118204241563,1.5412151640072524,0.9498870143507541,-0.384202068951111
-0.23099715105270544,1.630116194976825,-0.27420424855354086,-0.08976494658319056,1.5325002640283323,0.9447641762225734,-0.384202068951111
-0.23099715105270544,1.6139962405648391,-0.27420424855354086,0.45852719507984935,1.3647384394341027,0.9396413355533321,-0.384202068951111
-0.23099715105270544,2.0407567932326165,-0.27420424855354086,0.696608550361822,1.2274787647660979,0.9345184974251506,-0.384202068951111
-0.23099715105270544,1.9560831072645706,-0.27420424855354086,0.7036587955068461,1.138151039982157,0.9293956592969699,-0.384202068951111
-0.23099715105270544,1.830698779155205,-0.27420424855354086,0.3115567001335742,1.0531807651876781,0.928710874095262,-0.384202068951111
-0.23099715105270544,1.6254688609074002,-0.27420424855354086,0.6364103033543074,0.9703892153879283,0.9313546285884096,-0.384202068951111
-0.23099715105270544,1.8091181614514456,-0.27420424855354086,0.4878128287591804,0.8483806156830355,0.9339983830815571,-0.3927514626818347
-0.23099715105270544,1.935851266951561,-0.27420424855354086,0.7606030832166571,0.7677677908780156,0.9366421401157654,-0.3927514626818347
-0.23099715105270544,1.7852696323755257,-0.27420424855354086,0.7709072876593848,0.8745253156197974,0.9389862426387834,-0.3927514626818347
-0.23099715105270544,1.6256097664311715,-0.27420424855354086,0.9883802340559023,0.9856402903510403,0.9405812177775391,-0.3927514626818347
-0.23099715105270544,1.4596816324839124,-0.27420424855354086,0.9113698640102527,1.0248573402561851,0.9421761929162948,-0.3927514626818347
-0.23099715105270544,2.0535103223094184,-0.27420424855354086,0.9292666401476218,1.0531807651876781,0.9437711680550506,-0.3927514626818347
-0.23099715105270544,1.8074689818105774,-0.27420424855354086,0.6971508769114388,0.9878190153457702,0.9453661431938063,-0.3927514626818347
-0.23099715105270544,1.6957988957327539,-0.27420424855354086,0.5740427501483233,0.8462018906883044,0.9469017007244627,-0.3927514626818347
-0.23099715105270544,1.5945150110832487,-0.27420424855354086,0.5143868296904262,0.7525167159149045,0.9484273557439458,-0.3927514626818347
-0.23099715105270544,1.9681134457392357,-0.27420424855354086,0.5507227085147812,0.7503379909201736,0.9499530107634282,-0.3927514626818347
-0.23099715105270544,1.8044114109035179,3.6469165057620936,0.43791878619439334,0.8265933657357325,0.9514786657829114,-0.3927514626818347
-0.23099715105270544,1.6760440023136303,-0.27420424855354086,0.18194065477505147,0.8353082657146534,0.955717992563936,-0.3927514626818347
-0.23099715105270544,1.5129407262280585,-0.27420424855354086,0.08052558999662592,0.7677677908780156,0.9635755449722696,-0.3927514626818347
-0.23099715105270544,1.6164638638032824,-0.27420424855354086,0.1504857148972511,0.6239719412258198,0.9714330973806032,-0.3927514626818347
-0.23099715105270544,1.957735409366103,-0.27420424855354086,-0.447158142780958,0.488890991552545,0.9792906523299968,-0.519019431627909
-0.23099715105270544,1.7318503061528068,-0.27420424855354086,0.10167632543169869,0.39738454177387417,0.9865504787963877,-0.519019431627909
-0.23099715105270544,1.9007758228860443,-0.27420424855354086,-0.37828267097956747,0.4605675666210511,0.9902239623164276,-0.519019431627909
-0.23099715105270544,1.8311119668379396,-0.27420424855354086,-0.6131100669638365,0.4583888416263211,0.9938974432954076,-0.519019431627909
-0.23099715105270544,2.2235461968219923,-0.27420424855354086,-0.9103050161540893,0.41917179172117713,0.9975709268154476,-0.519019431627909
-0.23099715105270544,2.1981883169184013,-0.27420424855354086,-0.7264563158338415,0.3734185668318412,1.0012444103354876,-0.519019431627909
-0.23099715105270544,2.0186611310258313,-0.27420424855354086,-0.6163640262615402,0.3734185668318412,1.006420564986491,-0.519019431627909
-0.23099715105270544,3.0064312347830304,3.6469165057620936,-0.7747233787497768,0.2906270170320923,1.0121977921555751,-0.519019431627909
-0.23099715105270544,2.24987218309293,-0.27420424855354086,-0.7779773380474805,0.20347801724288248,1.0179750167835993,-0.519019431627909
-0.23099715105270544,2.6937406439049516,-0.27420424855354086,-1.0317861632683534,0.12286519243786359,1.0237522439526834,-0.519019431627909
-0.23099715105270544,3.0064312347830304,-0.27420424855354086,-1.2747484574968815,0.1185077424484026,1.0288780271695097,-0.519019431627909
-0.23099715105270544,3.0064312347830304,-0.27420424855354086,-1.1104235129628548,0.06621834257487669,1.0331352226850918,-0.519019431627909
-0.23099715105270544,1.7913158108773868,3.6469165057620936,-1.3186769080158784,0.06621834257487669,1.037392418200674,-0.519019431627909
-0.23099715105270544,1.6503689055297919,-0.27420424855354086,-1.4775785870537326,0.13811626740097555,1.0416496137162559,-0.5985945578907992
-0.23099715105270544,1.5549161802805396,-0.27420424855354086,-1.2405818848709946,0.33638024192142724,1.0459068066907782,-0.5985945578907992
-0.23099715105270544,1.5212964309657615,-0.27420424855354086,-1.7905010061828859,0.37995474181603217,1.0483205927046624,-0.5985945578907992
-0.23099715105270544,1.2848518118121017,-0.27420424855354086,-1.2731214778480298,0.45403139163686107,1.0507343787185468,-0.5985945578907992
-0.23099715105270544,2.0789378653871413,-0.27420424855354086,-1.1245240032529031,0.5629676413733729,1.0531481647324303,-0.5985945578907992
-0.23099715105270544,2.54453457886778,3.6469165057620936,-1.4748669543056465,0.6130783162521688,1.0555619507463145,-0.5985945578907992
-0.23099715105270544,2.2682629918859782,-0.27420424855354086,-1.6028560200153175,0.7329081909623316,1.059490348332528,-0.5985945578907992
-0.23099715105270544,1.795968187541333,-0.27420424855354086,-1.1321165749475446,0.8287720907304625,1.0645547065037828,-0.5985945578907992
-0.23099715105270544,1.9807769618120596,-0.27420424855354086,-1.121812370504817,0.9965339153246913,1.0696190672160983,-0.5985945578907992
-0.23099715105270544,1.9636261108610926,-0.27420424855354086,-1.058902490749216,1.066253115156059,1.074683425387353,-0.5985945578907992
-0.23099715105270544,1.8303406652183254,-0.27420424855354086,-0.3761133647810985,1.0967552650822832,1.078383196174031,-0.5985945578907992
-0.23099715105270544,1.7001398876987277,-0.27420424855354086,0.2952869036450569,1.179546814882032,1.0802635120324853,-0.5985945578907992
-0.23099715105270544,1.8478013755272853,-0.27420424855354086,-0.4959675322465104,1.2950192396027347,1.0821438304319995,-0.5985945578907992
-0.23099715105270544,2.7280807843743746,-0.27420424855354086,-0.575147208490629,1.3887044143761356,1.0840241488315139,-0.48153362834704294
-0.23099715105270544,1.7951759259558802,-0.27420424855354086,-0.8126862372229845,1.4932832141231864,1.0859044672310283,-0.48153362834704294
-0.23099715105270544,1.5063156183957873,-0.27420424855354086,-0.030109026125293006,1.4562448892127735,1.087297013899783,-0.48153362834704294
-0.23099715105270544,1.5100411984880713,-0.27420424855354086,-0.7063902334980035,1.4061342143339766,1.088689560568538,-0.48153362834704294
-0.23099715105270544,2.0071350699484527,-0.27420424855354086,0.11252285642404383,1.2906617896132748,1.0900821072372928,-0.48153362834704294
-0.23099715105270544,2.015365122562181,-0.27420424855354086,0.13692755115681984,1.155580839939999,1.0914746539060471,-0.48153362834704294
-0.23099715105270544,1.7840969330539613,-0.27420424855354086,0.017615710241025116,1.066253115156059,1.0918976692614573,-0.48153362834704294
-0.23099715105270544,1.9200616832340005,-0.27420424855354086,0.5084212376446364,0.9573168654195473,1.0919328731079525,-0.48153362834704294
-0.23099715105270544,1.970555084362495,-0.27420424855354086,0.7052857751556979,0.8353082657146534,1.0919680744133884,-0.48153362834704294
-0.23099715105270544,2.129972026456201,-0.27420424855354086,0.07293301830198438,0.7198358409939507,1.0920032782598843,-0.48153362834704294
-0.23099715105270544,2.010094947316107,-0.27420424855354086,0.5881432404383721,0.5695038163575639,1.0923237338889753,-0.48153362834704294
-0.23099715105270544,1.8224393682331612,-0.27420424855354086,0.859306515246997,0.44749521665267006,1.0933573278682658,-0.48153362834704294
-0.23099715105270544,1.8141198409707415,-0.27420424855354086,0.731317449537326,0.3211291669583153,1.094390921847556,-0.48153362834704294
-0.23099715105270544,2.3562484421824053,-0.27420424855354086,1.005192357094037,0.2535886921216784,1.0954245158268465,-0.3888055886522697
-0.23099715105270544,1.95539774509393,-0.27420424855354086,0.9547559879796325,0.3581674918687302,1.0964581072650763,-0.3888055886522697
-0.23099715105270544,1.6601819559744464,-0.27420424855354086,0.8338171674149863,0.45403139163686107,1.0965879071555664,-0.3888055886522697
-0.23099715105270544,1.5550031426045587,-0.27420424855354086,0.7557221442701016,0.6283293912152799,1.0967177070460568,-0.3888055886522697
-0.23099715105270544,1.8833220035247575,-0.27420424855354086,0.7627723894151265,0.6435804661783918,1.096847509477607,-0.3888055886522697
-0.23099715105270544,1.9725627906792966,-0.27420424855354086,0.7991082682394823,0.7917337658200485,1.0969773093680972,-0.3888055886522697
-0.23099715105270544,1.7945750496749382,-0.27420424855354086,0.48293188981262497,0.9769253903721192,1.0989369367941009,-0.3888055886522697
-0.23099715105270544,1.723297186531379,-0.27420424855354086,0.41242943836238266,1.0357509652298362,1.1022689374127996,-0.3888055886522697
-0.23099715105270544,1.8258361568065287,-0.27420424855354086,0.6505107936443554,1.107648890055934,1.1056009405725582,-0.3888055886522697
-0.23099715105270544,1.8582227136106655,3.6469165057620936,0.8511716170027379,1.203512789824065,1.1089329411912567,-0.3888055886522697
-0.23099715105270544,1.799758980404043,-0.27420424855354086,0.22641143184366638,1.2841256146290838,1.112475646512672,-0.3888055886522697
-0.23099715105270544,1.76501220224121,-0.27420424855354086,0.014904077492938638,1.4802108641548064,1.1172825749682633,-0.3888055886522697
-0.23099715105270544,1.7286971592371374,-0.27420424855354086,-0.10928870236941152,1.3908831393708656,1.1220895059649154,-0.3888055886522697
-0.23099715105270544,2.1559023754267597,-0.27420424855354086,0.005684526149445684,1.3647384394341027,1.1268964369615677,-0.380256194921546
-0.23099715105270544,2.0061309835027608,-0.27420424855354086,-0.7302526016811623,1.3974193143550566,1.1317033679582198,-0.380256194921546
-0.23099715105270544,1.7125696678511342,-0.27420424855354086,-0.23890474772793427,1.3298788395184187,1.1325015937055543,-0.380256194921546
-0.23099715105270544,1.7705093660214388,-0.27420424855354086,-0.03390531197261377,1.140329764976888,1.132631703605375,-0.380256194921546
-0.15399810070180361,-0.44223255865924727,-0.27420424855354086,-1.1722487396192212,-1.7137999781197326,0.9954402530115626,0.29777649249200816
-0.15399810070180361,-0.422981763185648,3.6469165057620936,-1.241666537970229,-1.7660893779932585,0.9991346545382691,0.29777649249200816
-0.15399810070180361,-0.31896827366989333,-0.27420424855354086,-1.1342858811460135,-1.8401660278140874,1.0003331963512225,0.29777649249200816
-0.15399810070180361,-0.5301578926152987,-0.27420424855354086,-0.8327523195588226,-1.7377659530617655,1.0011157615452186,0.29777649249200816
-0.15399810070180361,-0.5340213454965711,-0.27420424855354086,-0.6537845581851303,-1.5983275533990298,1.001898329280274,0.29777649249200816
-0.15399810070180361,-0.5970653157586878,-0.27420424855354086,-0.19334931756008508,-1.5068211036203598,1.00268089447427,0.29777649249200816
-0.15399810070180361,-0.5705834217966491,-0.27420424855354086,-0.3245923425674596,-1.391348678899656,0.9985079808397742,0.29777649249200816
-0.15399810070180361,-0.6433914342271315,-0.27420424855354086,-0.48837496055186924,-1.3652039789628931,0.9935091540671971,0.29777649249200816
-0.15399810070180361,-0.5228598047839864,-0.27420424855354086,0.18736392027122445,-1.393527403894387,0.9885103272946193,0.21622842921433494
-0.15399810070180361,-0.5273150895773797,-0.27420424855354086,0.2752208213092184,-1.2824124291631442,0.9835115005220422,0.21622842921433494
-0.15399810070180361,-0.5904011592229361,-0.27420424855354086,0.39073637637769315,-1.1996208793633953,0.9801161614395238,0.21622842921433494
-0.15399810070180361,-0.5854589141273199,-0.27420424855354086,0.19224485921777912,-1.2279443042948883,0.9788588067907721,0.21622842921433494
-0.15399810070180361,-0.6540954447265132,-0.27420424855354086,0.33975768071367174,-1.2606251792158423,0.9776014521420195,0.21622842921433494
-0.15399810070180361,-0.5384625971621511,-0.27420424855354086,0.5534343412628681,-1.1407953045056785,0.9763440974932671,0.21622842921433494
-0.15399810070180361,-0.5768823939960859,-0.27420424855354086,0.6732885087282799,-1.0993995296058034,0.9762769296518914,0.21622842921433494
-0.15399810070180361,-0.5234024669132327,-0.27420424855354086,0.7361983884838808,-1.1604038294582504,0.9833508801137122,0.21622842921433494
-0.15399810070180361,-0.5200780512356078,-0.27420424855354086,1.0995571767274384,-1.3063784041051771,0.990424830575533,0.21622842921433494
-0.15399810070180361,-0.42891975022000817,-0.27420424855354086,1.1939219963608403,-1.42402955382061,0.9974987835784144,0.21622842921433494
-0.15399810070180361,-0.46787321864989695,-0.27420424855354086,1.2389350999790718,-1.5046423786256289,1.004572734040235,0.21622842921433494
-0.15399810070180361,-0.4664398656435672,-0.27420424855354086,1.3837362887268776,-1.5721828534622668,1.004513082654607,0.21622842921433494
-0.15399810070180361,-0.49381620102452195,-0.27420424855354086,1.4287493923451093,-1.5373232535465828,1.0015999884971518,0.21622842921433494
-0.15399810070180361,-0.5985764611039819,-0.27420424855354086,1.1727712609257674,-1.5024636536308988,0.9986868968807561,0.14980621638332778
-0.15399810070180361,-0.5928220352772957,-0.27420424855354086,1.1391470148494978,-1.5612892284886157,0.9957738027233011,0.14980621638332778
-0.15399810070180361,-0.5202859461022518,-0.27420424855354086,1.352823675398694,-1.6026850033884898,0.9955721365713269,0.14980621638332778
-0.15399810070180361,-0.5010396189775342,-0.27420424855354086,1.4374266171389851,-1.6353658783094436,0.9989857077599958,0.14980621638332778
-0.15399810070180361,-0.590670767550641,-0.27420424855354086,1.2432737123760098,-1.5656466784780758,1.002399278948664,0.14980621638332778
-0.15399810070180361,-0.5486738151770344,-0.27420424855354086,1.6071748271691841,-1.5939701034095697,1.005812850137332,0.14980621638332778
-0.15399810070180361,-0.4512135810079195,-0.27420424855354086,1.5719236014440632,-1.452352978752103,1.009226418784941,0.14980621638332778
-0.15399810070180361,-0.35200528927689995,-0.27420424855354086,1.5681273155967421,-1.51335727860455,1.0083247820561574,0.14980621638332778
-0.15399810070180361,-0.3394269948460001,-0.27420424855354086,1.384820941826112,-1.6113999033674107,1.0074231453273748,0.14980621638332778
-0.15399810070180361,-0.569322234811086,-0.27420424855354086,1.1879564043150497,-1.7029063531460815,1.0065215060575312,0.14980621638332778
-0.15399810070180361,-0.6657183200296617,3.6469165057620936,1.0106156225902092,-1.7290510530828445,1.0056198693287486,0.14980621638332778
-0.15399810070180361,-0.6472616165494909,-0.27420424855354086,1.2129034255974436,-1.6920127281724306,1.0063169100632734,0.14980621638332778
-0.15399810070180361,-0.6699672891319194,-0.27420424855354086,1.09142227848318,-1.6005062783937598,1.0082129550836887,0.14980621638332778
-0.15399810070180361,-0.6601506855423711,-0.27420424855354086,0.5214370748354501,-1.6462595032830947,1.0101090026451642,0.19189553936535253
-0.15399810070180361,-0.6540114613017488,-0.27420424855354086,0.27630547440845343,-1.5808977534411877,1.0120050502066396,0.19189553936535253
-0.15399810070180361,-0.6309832062313793,-0.27420424855354086,0.43086854104936934,-1.391348678899656,1.0137034439500243,0.19189553936535253
-0.15399810070180361,-0.6000162923189314,-0.27420424855354086,0.545299443018609,-1.380455053926005,1.014907708230303,0.19189553936535253
-0.15399810070180361,-0.5621731457780256,-0.27420424855354086,0.37121262059147214,-1.4000635788785771,1.016111975051641,0.19189553936535253
-0.15399810070180361,-0.5834702835328529,-0.27420424855354086,-0.1060347430717079,-1.458889153736294,1.01731623933192,0.19189553936535253
-0.15399810070180361,-0.5549237791001824,-0.27420424855354086,0.015446404042556166,-1.3739188789418142,1.018520503612198,0.19189553936535253
-0.15399810070180361,-0.5181496087622219,-0.27420424855354086,-0.48566332780378274,-1.2802337041684142,1.015627072177724,0.19189553936535253
-0.15399810070180361,0.35997914249420504,3.6469165057620936,0.12445404051562327,-1.358667803978703,1.012050690186928,0.19189553936535253
-0.15399810070180361,-0.38729008176833535,-0.27420424855354086,-0.5550811261547908,-1.417493378836419,1.0084743081961316,0.19189553936535253
-0.15399810070180361,-0.1814931677323141,-0.27420424855354086,-0.7763503583986286,-1.1233655045478366,1.0048979262053355,0.19189553936535253
-0.15399810070180361,0.1839876049486834,-0.27420424855354086,-0.6526999050858956,-1.0667186546848495,1.0033668485636187,0.19189553936535253
-0.15399810070180361,0.9730387086476935,-0.27420424855354086,-0.5084410428877073,-1.0296803297744357,1.0033697479131827,0.19189553936535253
-0.15399810070180361,-0.6677866451517737,3.6469165057620936,-0.7307949282307798,-0.9054930050748118,1.0033726472627458,0.19189553936535253
-0.15399810070180361,-0.7462988907510223,-0.27420424855354086,-0.8907812603678683,-0.8335950802487139,1.0033755466123089,0.10311337370014428
-0.15399810070180361,-0.7074707873222881,-0.27420424855354086,-1.4385310754812908,-0.8183440052856019,1.0047167994420745,0.10311337370014428
-0.15399810070180361,-0.6838682148317997,-0.27420424855354086,-0.9732148959096905,-0.7464460804595041,1.0140881731530482,0.10311337370014428
-0.15399810070180361,-0.709105305754175,-0.27420424855354086,-0.9016277913602134,-0.759518430427886,1.0234595443229628,0.10311337370014428
-0.15399810070180361,-0.8053992111392875,-0.27420424855354086,-1.319761561115113,-0.805271655317221,1.0328309180339366,0.10311337370014428
-0.15399810070180361,-0.490119925405024,3.6469165057620936,-1.41304172764928,-0.7333737304911231,1.0422022917449112,0.10311337370014428
-0.15399810070180361,-0.2877101633827337,-0.27420424855354086,-0.043124863316107105,-0.6832630556123271,1.0500909899267756,0.10311337370014428
-0.15399810070180361,-0.49657060612432363,-0.27420424855354086,0.03280085363030817,-0.6396885557177222,1.0573866148477236,0.10311337370014428
-0.15399810070180361,-0.4463889485973257,-0.27420424855354086,-0.062106292552710544,-0.15383288189287797,1.0646822397686724,0.10311337370014428
-0.15399810070180361,-0.5052452145888398,-0.27420424855354086,-0.3240500160178425,0.21872909220599443,1.0719778672306812,0.10311337370014428
-0.15399810070180361,-0.4512497943735551,-0.27420424855354086,0.14072383700414062,0.2819121170531713,1.078355513865403,0.10311337370014428
-0.15399810070180361,-0.5227751035521729,-0.27420424855354086,0.5241487075835363,0.2492312421322174,1.0843659722349073,0.10311337370014428
-0.15399810070180361,-0.5616352929560094,-0.27420424855354086,-0.23348148223176168,0.36034621686346024,1.0903764306044117,0.039321743555512795
-0.15399810070180361,-0.5387973285344008,-0.27420424855354086,0.43141086759898684,0.573861266347024,1.096386886432856,0.039321743555512795
-0.15399810070180361,-0.496433863881438,-0.27420424855354086,0.5610269129575096,0.8374869907093835,1.1018968931817483,0.039321743555512795
-0.15399810070180361,-0.4373727716484155,-0.27420424855354086,0.5490957288659302,0.9769253903721192,1.10615577596123,0.039321743555512795
-0.15399810070180361,-0.46976607583881536,-0.27420424855354086,0.5165561358888947,0.9834615653563102,1.1104146587407124,0.039321743555512795
-0.15399810070180361,-0.5852476276223679,-0.27420424855354086,0.06534044660734285,1.1926191648504139,1.114673541520195,0.039321743555512795
-0.15399810070180361,-0.5218322998833126,-0.27420424855354086,0.7795845124532613,1.177368089887302,1.1189324242996765,0.039321743555512795
-0.15399810070180361,-0.5387010167735653,-0.27420424855354086,0.4173103773089381,1.194797889845144,1.1131135059576855,0.039321743555512795
-0.15399810070180361,-0.5395027175217159,-0.27420424855354086,0.8782879444836005,0.9311721654827844,1.1072945901567535,0.039321743555512795
-0.15399810070180361,-0.4865846000711482,-0.27420424855354086,1.255747223017206,0.7416230909412527,1.1014756718147622,0.039321743555512795
-0.15399810070180361,-0.4497623366608868,-0.27420424855354086,1.3040142859331412,0.6305081162100108,1.0956567534727704,0.039321743555512795
-0.15399810070180361,-0.39803978068640256,-0.27420424855354086,1.4574926994748236,0.6065421412679778,1.0945097951796567,0.039321743555512795
-0.15399810070180361,-0.4912137377318741,-0.27420424855354086,1.3587892674444837,0.512856966494577,1.096866806287935,0.039321743555512795
-0.15399810070180361,-0.46727462140633663,-0.27420424855354086,1.4591196791236747,0.36034621686346024,1.099223817396214,-0.01263226450042379
-0.15399810070180361,-0.5579690396163471,-0.27420424855354086,1.5453496005128176,0.2644823170953294,1.1015808310455533,-0.01263226450042379
-0.15399810070180361,-0.5683561562486532,-0.27420424855354086,1.6478493183904779,0.471461191594703,1.103710689169149,-0.01263226450042379
-0.15399810070180361,-0.46754101754749594,-0.27420424855354086,1.6055478475203322,0.6370442911942008,1.105272668642628,-0.01263226450042379
-0.15399810070180361,-0.5273407152890387,-0.27420424855354086,1.6755079724209578,0.7045847660308386,1.106834650657167,-0.01263226450042379
-0.15399810070180361,-0.4691126201915147,-0.27420424855354086,1.819766834619146,0.7089422160202997,1.1083966301306458,-0.01263226450042379
-0.15399810070180361,-0.4811027255810687,-0.27420424855354086,1.7167247901918683,0.6087208662627078,1.109958609604124,-0.01263226450042379
-0.15399810070180361,-0.3400300783836183,-0.27420424855354086,1.5968706227264564,0.42570796670536715,1.1115749677635427,-0.01263226450042379
-0.15399810070180361,-0.40179552661993234,-0.27420424855354086,1.7031666264514371,0.3581674918687302,1.1132003898843046,-0.01263226450042379
-0.15399810070180361,-0.6091874438097783,-0.27420424855354086,1.696116381306413,0.37995474181603217,1.114825809464006,-0.01263226450042379
-0.15399810070180361,-0.7017273977789842,3.6469165057620936,0.9872955809566679,0.40827816674752515,1.116451231584768,-0.01263226450042379
-0.15399810070180361,-0.7025597129977862,-0.27420424855354086,1.0822027271396866,0.3647036668529202,1.1210151864155529,-0.01263226450042379
-0.15399810070180361,-0.6516179336959663,-0.27420424855354086,0.8142934116287653,0.2361588921638364,1.1294971890948011,-0.01263226450042379
-0.15399810070180361,-0.7053508339281578,-0.27420424855354086,0.9894648871551365,-0.007858307245951207,1.1379791892329902,-0.01263226450042379
-0.15399810070180361,-0.6847462184692875,-0.27420424855354086,0.5951934855833961,-0.16036905687706798,1.1464611919122387,-0.2829246355256141
-0.15399810070180361,-0.6705211131607819,-0.27420424855354086,0.4948630739042052,-0.18433503181910094,1.1543129405393253,-0.2829246355256141
-0.15399810070180361,-0.567055292478442,-0.27420424855354086,0.243765881431418,-0.012215757235411217,1.1583831623123775,-0.2829246355256141
-0.15399810070180361,-0.5495121958654025,-0.27420424855354086,0.2600356779199353,0.02918001766446274,1.1624533866264897,-0.2829246355256141
-0.15399810070180361,-0.4982852318229088,-0.27420424855354086,-0.2524629114683655,-0.05796898212474712,1.1665236083995427,-0.2829246355256141
-0.15399810070180361,-0.5162097711019291,-0.27420424855354086,-0.04692114916342787,-0.13422435694030502,1.170593832713655,-0.2829246355256141
-0.15399810070180361,-0.5527385770452737,-0.27420424855354086,0.06696742625619466,-0.11025838199827304,1.1762218513752767,-0.2829246355256141
-0.15399810070180361,0.3126663085106616,3.6469165057620936,-0.22968519638444093,-0.26712658161884983,1.1824729887923262,-0.2829246355256141
-0.15399810070180361,-0.45194023502906927,-0.27420424855354086,-0.6478189661393405,-0.4065649812815856,1.1887241236683157,-0.2829246355256141
-0.15399810070180361,-0.26430030413979744,-0.27420424855354086,-1.0426326942606985,-0.43706713120780954,1.1949752610853657,-0.2829246355256141
-0.15399810070180361,-0.03130483758374888,-0.27420424855354086,-0.5480308810097664,-0.4348884062130795,1.2004831562133222,-0.2829246355256141
-0.15399810070180361,0.6092799191875361,-0.27420424855354086,-0.766046153955901,-0.5372884809654004,1.2050000607754687,-0.2829246355256141
-0.15399810070180361,-0.43188091964035125,3.6469165057620936,-0.8408872178030816,-0.5002501560549865,1.209516967878675,-0.2829246355256141
-0.15399810070180361,-0.7265057202709966,-0.27420424855354086,-0.6814432122156099,-0.43924585620253953,1.2140338724408215,-0.535460573417762
-0.15399810070180361,-0.7426574735352648,-0.27420424855354086,-0.8495644425969574,-0.2126584567505939,1.2185507795440278,-0.535460573417762
-0.15399810070180361,-0.7067725943506419,-0.27420424855354086,-0.4585470003229203,-0.1974073817874829,1.2209145219204867,-0.535460573417762
-0.15399810070180361,-0.7784088226635477,-0.27420424855354086,-0.5355573703685699,-0.149475431903417,1.2232782642969457,-0.535460573417762
-0.15399810070180361,-0.6537495693998234,-0.27420424855354086,-0.262224789361476,0.0030353177276997833,1.2256420041323448,-0.535460573417762
-0.15399810070180361,-0.49237333707478936,3.6469165057620936,-0.7671308070551353,0.10979284246948162,1.2280057465088037,-0.535460573417762
-0.15399810070180361,-0.37750495401789735,-0.27420424855354086,-0.8479374629481056,0.3298440669372363,1.2320788625492993,-0.535460573417762
-0.15399810070180361,-0.5346409027059701,-0.27420424855354086,-0.3175420974224353,0.4278866917000981,1.2374340120141478,-0.535460573417762
-0.15399810070180361,-0.5036202788810605,-0.27420424855354086,-0.07403747664429036,0.5912910663048658,1.2427891589379358,-0.535460573417762
-0.15399810070180361,-0.5203110872941524,-0.27420424855354086,-0.19009535826238186,0.6762613410993458,1.2481443058617239,-0.535460573417762
-0.15399810070180361,-0.4983212119012534,-0.27420424855354086,0.147774082149165,0.8178784657568116,1.2520172270240377,-0.535460573417762
-0.15399810070180361,-0.5657562232258541,-0.27420424855354086,0.12445404051562327,0.9333508904775143,1.2539138488650943,-0.535460573417762
-0.15399810070180361,-0.5746592020030947,-0.27420424855354086,0.39073637637769315,1.0597169401718691,1.25581047070615,-0.535460573417762
-0.15399810070180361,-0.5079788391745652,-0.27420424855354086,0.4531039295836764,1.15993828992946,1.2577070925472058,-0.6446297549023888
-0.15399810070180361,-0.49476677495469057,-0.27420424855354086,0.4536462561332939,1.15993828992946,1.2596037143882624,-0.6446297549023888
-0.15399810070180361,-0.5566060855363743,-0.27420424855354086,0.34192698691214035,1.129436140003236,1.260968380545702,-0.6446297549023888
-0.15399810070180361,-0.6643297761283827,-0.27420424855354086,0.463408134026404,0.9921764653352312,1.2623330467031422,-0.6446297549023888
-0.15399810070180361,-0.6233865286127481,-0.27420424855354086,0.9146238233079562,0.8505593406777654,1.2636977128605824,-0.6446297549023888
-0.15399810070180361,-0.7089846244440169,-0.27420424855354086,0.7307751229877085,0.7176571159992207,1.2650623790180227,-0.6446297549023888
-0.15399810070180361,-0.61816656396977,-0.27420424855354086,0.6374949564535416,0.5912910663048658,1.265497149317412,-0.6446297549023888
-0.15399810070180361,-0.5780822802596415,-0.27420424855354086,1.020919827032937,0.4409590416684791,1.2655599617817923,-0.6446297549023888
-0.15399810070180361,-0.6273443192854704,-0.27420424855354086,1.0073616632925055,0.3102355419846643,1.2656227742461728,-0.6446297549023888
-0.15399810070180361,-0.6049920051682198,-0.27420424855354086,1.0198351739337026,0.20347801724288248,1.2656855867105539,-0.6446297549023888
-0.15399810070180361,-0.5706210348860307,-0.27420424855354086,1.130469790055622,0.07493324255379767,1.266022109462598,-0.6446297549023888
-0.15399810070180361,-0.5547916667127647,-0.27420424855354086,1.1451126068952875,-0.027466832198523184,1.2670429066632718,-0.6446297549023888
-0.15399810070180361,-0.5898361015137528,-0.27420424855354086,1.485151353505303,-0.15819033188233797,1.268063703863945,-0.6446297549023888
-0.15399810070180361,-0.6316982497235072,-0.27420424855354086,1.3338422461620907,-0.28673510657142276,1.269084501064619,-0.859022243842077
-0.15399810070180361,-0.6763480554446204,-0.27420424855354086,1.184702445017347,-0.22355208172424587,1.270105295724233,-0.859022243842077
-0.15399810070180361,-0.634952176748894,-0.27420424855354086,1.2790672646507482,-0.10372220701408205,1.2703196061912179,-0.859022243842077
-0.15399810070180361,-0.6590187935515575,-0.27420424855354086,1.4873206597037723,0.10543539248002161,1.2705339141171428,-0.859022243842077
-0.15399810070180361,-0.6303124155438389,-0.27420424855354086,1.6760502989705746,0.1272226424273236,1.2707482220430668,-0.859022243842077
-0.15399810070180361,-0.6186728871171471,-0.27420424855354086,1.5675849890471245,0.2949844670215533,1.2709625325100518,-0.859022243842077
-0.15399810070180361,-0.5259110410438363,-0.27420424855354086,1.3495697161009903,0.46274629161578207,1.2729885730825843,-0.859022243842077
-0.15399810070180361,-0.4361137380840004,-0.27420424855354086,0.9249280277506838,0.5695038163575639,1.276373415045868,-0.859022243842077
-0.15399810070180361,-0.5045494980515136,-0.27420424855354086,1.2427313858263922,0.6087208662627078,1.2797582544680919,-0.859022243842077
-0.15399810070180361,-0.7217584495151373,3.6469165057620936,1.504132782741907,0.8091635657778905,1.283143096431375,-0.859022243842077
-0.15399810070180361,-0.7474786604720222,-0.27420424855354086,0.8370711267126891,0.7808401408463975,1.2867685793263033,-0.859022243842077
-0.15399810070180361,-0.6781082977811865,-0.27420424855354086,0.5897702200872239,0.7895550408253186,1.2918379103521556,-0.859022243842077
-0.15399810070180361,-0.7140952132378627,-0.27420424855354086,1.0691868899488721,0.6697251661151548,1.2969072413780078,-0.859022243842077
-0.15399810070180361,-0.7057125548454598,-0.27420424855354086,0.5214370748354501,0.5629676413733729,1.3019765724038603,-1.118792284121761
-0.15399810070180361,-0.7034253882992028,-0.27420424855354086,0.04690134392035656,0.528108041457689,1.3070459034297126,-1.118792284121761
-0.15399810070180361,-0.724376919904984,-0.27420424855354086,0.4259876021028139,0.512856966494577,1.3081736614727817,-1.118792284121761
-0.15399810070180361,-0.6636599006448299,-0.27420424855354086,0.5333682589270295,0.3211291669583153,1.3086444919559173,-1.118792284121761
-0.07699905035090181,-0.021555474569540718,-0.27420424855354086,-1.9689264410069611,-1.2431953792580002,-0.9205227271660813,0.27081301995664836
-0.07699905035090181,-0.04030122100327551,3.6469165057620936,-1.7639270052516405,-1.2802337041684142,-0.9190273946166602,0.27081301995664836
-0.07699905035090181,-0.10150080399747582,-0.27420424855354086,-1.5567582632978512,-1.33252310404194,-0.9176432664799855,0.27081301995664836
-0.07699905035090181,-0.2606855175655677,-0.27420424855354086,-1.338742990351717,-1.3194507540735583,-0.9162776753766723,0.27081301995664836
-0.07699905035090181,-0.06429393957021699,-0.27420424855354086,-1.2931875601838678,-1.2911273291420653,-0.9149120817322991,0.27081301995664836
-0.07699905035090181,-0.13968856970273485,-0.27420424855354086,-0.9347097108868657,-1.2061570543475855,-0.9135464880879259,0.27081301995664836
-0.07699905035090181,-0.14155895953101116,-0.27420424855354086,-0.7937048079863807,-1.1429740295004085,-0.9124989767225191,0.27081301995664836
-0.07699905035090181,-0.05913671126334498,-0.27420424855354086,-0.6564961909332164,-1.1495102044845995,-0.9115044794937834,0.27081301995664836
-0.07699905035090181,0.2374358049599589,-0.27420424855354086,-0.8517337487954264,-1.1604038294582504,-0.9105099848061077,0.313559988610268
-0.07699905035090181,-0.021279657210859775,-0.27420424855354086,-0.19551862375855406,-1.1102931545794545,-0.9095154875773728,0.313559988610268
-0.07699905035090181,-0.07906743151918667,-0.27420424855354086,-0.516575941131966,-1.0318590547691666,-0.9084580482901918,0.313559988610268
-0.07699905035090181,-0.13536898633200556,-0.27420424855354086,-0.5219992066281386,-1.0100718048218638,-0.907316687952457,0.313559988610268
-0.07699905035090181,-0.12085386903041948,-0.27420424855354086,-0.5263378190250765,-0.9229228050326538,-0.9061753301557828,0.313559988610268
-0.07699905035090181,0.014255757611827412,-0.27420424855354086,0.17055179723308958,-0.8227014552750629,-0.9050339698180487,0.313559988610268
-0.07699905035090181,-0.12820731773040664,-0.27420424855354086,-0.5247108393762246,-0.8183440052856019,-0.9038042491977822,0.313559988610268
-0.07699905035090181,-0.11673575615324336,-0.27420424855354086,-0.036616944720699866,-0.8662759551696678,-0.9020443592591434,0.313559988610268
-0.07699905035090181,0.1053582491293463,-0.27420424855354086,0.2697975558130462,-0.9861058298798308,-0.9002844718615651,0.313559988610268
-0.07699905035090181,0.09064092558198167,-0.27420424855354086,0.4785932774156871,-1.0928633546216124,-0.8985245819229263,0.313559988610268
-0.07699905035090181,0.02901241698549176,-0.27420424855354086,0.23563098318715972,-1.1516889294793293,-0.8967646919842882,0.313559988610268
-0.07699905035090181,0.014115731401691511,-0.27420424855354086,0.35060421170601613,-1.2061570543475855,-0.8958267104730286,0.313559988610268
-0.07699905035090181,0.0897099298390821,-0.27420424855354086,0.7432486336289055,-1.1952634293739344,-0.8952174913162965,0.313559988610268
-0.07699905035090181,0.13500244204693299,-0.27420424855354086,0.6624419777359348,-1.1843698044002833,-0.8946082721595644,0.369459870695769
-0.07699905035090181,0.08546397552643127,-0.27420424855354086,1.0062770101932714,-1.2039783293528554,-0.8939990530028322,0.369459870695769
-0.07699905035090181,-0.10163471090251666,-0.27420424855354086,0.8479176577050344,-1.2257655793001583,-0.8934471754081058,0.369459870695769
-0.07699905035090181,-0.1272421005364329,-0.27420424855354086,0.8809995772316865,-1.2519102792369212,-0.8929717506883268,0.369459870695769
-0.07699905035090181,-0.13325294498629367,-0.27420424855354086,0.8506292904531204,-1.2344804792790793,-0.8924963259685478,0.369459870695769
-0.07699905035090181,-0.062275286695914506,-0.27420424855354086,0.7432486336289055,-1.2344804792790793,-0.8920209012487681,0.369459870695769
-0.07699905035090181,-0.09319251041537689,-0.27420424855354086,0.7638570425143607,-1.1952634293739344,-0.8915454790700491,0.369459870695769
-0.07699905035090181,-0.05021738443055733,-0.27420424855354086,0.6803387538733039,-1.2257655793001583,-0.8907298800948751,0.369459870695769
-0.07699905035090181,0.06530562071009045,-0.27420424855354086,0.45147694993482457,-1.2824124291631442,-0.889914281119701,0.369459870695769
-0.07699905035090181,0.05295022331316412,-0.27420424855354086,0.823512962972258,-1.358667803978703,-0.8890986821445269,0.369459870695769
-0.07699905035090181,-0.2168761023925605,3.6469165057620936,0.4303262144997518,-1.397884853883847,-0.8882830857104136,0.369459870695769
-0.07699905035090181,-0.22744299380035574,-0.27420424855354086,0.09896469268361259,-1.4000635788785771,-0.8879629477138331,0.369459870695769
-0.07699905035090181,-0.25527007611789787,-0.27420424855354086,0.24268122833218372,-1.395706128889117,-0.8880144041806688,0.369459870695769
-0.07699905035090181,-0.24951340714418255,-0.27420424855354086,0.46883139952257696,-1.397884853883847,-0.8880658606475044,0.4608726190473535
-0.07699905035090181,-0.05379532955798341,-0.27420424855354086,-0.23565078843023063,-1.2693400791947633,-0.88811731711434,0.4608726190473535
-0.07699905035090181,-0.16263311052598356,-0.27420424855354086,-0.29476438233851104,-1.0471101297322776,-0.8878006654522044,0.4608726190473535
-0.07699905035090181,-0.15079457009488229,-0.27420424855354086,-0.5653853305975184,-0.9577824049483378,-0.8865637409265811,0.4608726190473535
-0.07699905035090181,-0.03456770130689908,-0.27420424855354086,-0.1591827449341986,-0.9163866300484628,-0.8853268189420177,0.4608726190473535
-0.07699905035090181,-0.06844480239401593,-0.27420424855354086,-0.8853579948716958,-0.9163866300484628,-0.8840898969574543,0.4608726190473535
-0.07699905035090181,-0.0023877473167177683,-0.27420424855354086,-0.8810193824747579,-0.8662759551696678,-0.882852974972891,0.4608726190473535
-0.07699905035090181,-0.1061148138746385,-0.27420424855354086,-0.6532422316355131,-0.7159439305332811,-0.884462274067378,0.4608726190473535
-0.07699905035090181,0.9322035269833261,3.6469165057620936,-0.8707151780320302,-0.6287949307440712,-0.8865459433417062,0.4608726190473535
-0.07699905035090181,0.33285674930210485,-0.27420424855354086,-1.1521826572833826,-0.6396885557177222,-0.8886296126160343,0.4608726190473535
-0.07699905035090181,0.5781462407523673,-0.27420424855354086,-1.7481995353127404,-0.49371398107079545,-0.8907132818903633,0.4608726190473535
-0.07699905035090181,0.8661306980961202,-0.27420424855354086,-1.6381072457404386,-0.47846290610768444,-0.8906190161841806,0.4608726190473535
-0.07699905035090181,1.6463188587060626,-0.27420424855354086,-1.676070104213646,-0.4544969311656515,-0.8888913011484095,0.4608726190473535
-0.07699905035090181,-0.48589604365913824,3.6469165057620936,-1.7449455760150372,-0.3956713563079346,-0.8871635835715785,0.4608726190473535
-0.07699905035090181,-0.3069962390728047,-0.27420424855354086,-1.524218670320816,-0.36081175639225066,-0.8854358685358082,0.38590101248562264
-0.07699905035090181,-0.42618662809921726,-0.27420424855354086,-1.9472333790222707,-0.3128798065081857,-0.8836515335990976,0.38590101248562264
-0.07699905035090181,-0.3410089518567043,-0.27420424855354086,-1.8365987629003522,-0.27584148159777083,-0.8815274945031091,0.38590101248562264
-0.07699905035090181,-0.4408413229815333,-0.27420424855354086,-2.17229889711343,-0.2518755066557388,-0.8794034554071205,0.38590101248562264
-0.07699905035090181,-0.17760024887166942,-0.27420424855354086,-1.8588341514346594,-0.25841168163992884,-0.8772794163111319,0.38590101248562264
-0.07699905035090181,-0.06428480547551513,3.6469165057620936,-1.7232525140303467,-0.22573080671897586,-0.8751553772151441,0.38590101248562264
-0.07699905035090181,-0.12393720921054802,-0.27420424855354086,-1.3734518895272205,-0.2083010067611339,-0.8722750068295356,0.38590101248562264
-0.07699905035090181,-0.2400773669069796,-0.27420424855354086,-1.6505807563816355,-0.16908395685598898,-0.8690921003705955,0.38590101248562264
-0.07699905035090181,-0.08555554587610553,-0.27420424855354086,-1.47215532155756,0.17079714232192852,-0.8659091964527152,0.38590101248562264
-0.07699905035090181,-0.18024491921881425,-0.27420424855354086,-1.0437173473599328,0.5259293164629589,-0.862726292534835,0.38590101248562264
-0.07699905035090181,-0.21283355665249598,-0.27420424855354086,-0.9374213436349518,0.6000059662837869,-0.8598566428817496,0.38590101248562264
-0.07699905035090181,-0.2000902024906169,-0.27420424855354086,-1.1874338830085038,0.5782187163364849,-0.8571122979838536,0.38590101248562264
-0.07699905035090181,-0.16768125010654308,-0.27420424855354086,-1.3354890310540133,0.6087208662627078,-0.8543679530859577,0.25042600413723093
-0.07699905035090181,-0.13635198719562494,-0.27420424855354086,-0.8810193824747579,0.7873763158305885,-0.8516236081880617,0.25042600413723093
-0.07699905035090181,-0.06544996782306217,-0.27420424855354086,-0.6391417413454644,1.011784990287803,-0.8490621611723101,0.25042600413723093
-0.07699905035090181,0.19336408514597306,-0.27420424855354086,-0.6998823149025966,1.2209425897819068,-0.8469579499682097,0.25042600413723093
-0.07699905035090181,-0.21335992456172373,-0.27420424855354086,-0.18792605206391252,1.3712746144182937,-0.8448537413051684,0.25042600413723093
-0.07699905035090181,-0.023244671953405516,-0.27420424855354086,-0.3815366302772707,1.5673598639440163,-0.8427495326421272,0.25042600413723093
-0.07699905035090181,-0.07800854050528362,-0.27420424855354086,-0.16026739803343287,1.6043981888544292,-0.8406453214380258,0.25042600413723093
-0.07699905035090181,-0.13408884924034198,-0.27420424855354086,-0.11416964131596657,1.6174705388228112,-0.838328448914939,0.25042600413723093
-0.07699905035090181,-0.042100960672727665,-0.27420424855354086,0.10438795817978516,1.4714959641758845,-0.836011576391852,0.25042600413723093
-0.07699905035090181,0.143813900425392,-0.27420424855354086,0.5111328703927225,1.3385937394973397,-0.8336947038687651,0.25042600413723093
-0.07699905035090181,0.028423851095444933,-0.27420424855354086,0.4807625836141564,1.231836214755558,-0.8313778313456774,0.25042600413723093
-0.07699905035090181,-0.0046201810754683496,-0.27420424855354086,0.1792290220269654,1.120721240024316,-0.8277645684087261,0.25042600413723093
-0.07699905035090181,-0.058223158231742345,-0.27420424855354086,0.42652992865243144,1.07278929014025,-0.8231790120261103,0.25042600413723093
-0.07699905035090181,0.05825445850372618,-0.27420424855354086,0.5496380554155469,0.9943551903299612,-0.8185934581845552,0.09982514534217309
-0.07699905035090181,-0.05020803499374048,-0.27420424855354086,0.7351137353846464,0.9268147154933234,-0.8140079043430001,0.09982514534217309
-0.07699905035090181,-0.14908071603887516,-0.27420424855354086,0.7882617372471371,1.0204998902667242,-0.8100330714246904,0.09982514534217309
-0.07699905035090181,-0.14418127018857116,-0.27420424855354086,0.928724313598005,1.140329764976888,-0.8075850471671451,0.09982514534217309
-0.07699905035090181,-0.17957832770251209,-0.27420424855354086,0.7947696558425437,1.175189364892572,-0.8051370229095998,0.09982514534217309
-0.07699905035090181,-0.11089447567359578,-0.27420424855354086,0.7953119823921612,1.1860829898662228,-0.8026889986520538,0.09982514534217309
-0.07699905035090181,-0.09555809738176671,-0.27420424855354086,0.7606030832166571,1.135972314987427,-0.8002409743945085,0.09982514534217309
-0.07699905035090181,-0.12924889164924608,-0.27420424855354086,0.5767543828964095,1.0052488153036123,-0.7991500159836721,0.09982514534217309
-0.07699905035090181,0.2454650510516551,-0.27420424855354086,0.6266484254611965,0.9529594154300863,-0.7982852347904436,0.09982514534217309
-0.07699905035090181,-0.23735449148181714,-0.27420424855354086,0.4606965012783179,0.9268147154933234,-0.7974204561382751,0.09982514534217309
-0.07699905035090181,-0.07284786672457505,3.6469165057620936,0.4596118481790836,0.9812828403615802,-0.7965556749450472,0.09982514534217309
-0.07699905035090181,-0.1931054733266624,-0.27420424855354086,0.40212523391965505,0.9812828403615802,-0.7954761640099185,0.09982514534217309
-0.07699905035090181,-0.2605540332593181,-0.27420424855354086,0.0919144475385882,0.8701678656303374,-0.7941103442111977,0.09982514534217309
-0.07699905035090181,-0.16458428953765472,-0.27420424855354086,0.49432074735458764,0.7089422160202997,-0.7927445244124762,0.09982514534217309
-0.07699905035090181,-0.09258373825689316,-0.27420424855354086,-0.22914286983482376,0.5978272412890568,-0.7913787046137547,-0.10864853255316761
-0.07699905035090181,-0.1806933871180204,-0.27420424855354086,0.10655726437825412,0.488890991552545,-0.7902690389185308,-0.10864853255316761
-0.07699905035090181,-0.11388367545921277,-0.27420424855354086,-0.07403747664429036,0.5651463663681029,-0.7906963080085324,-0.10864853255316761
-0.07699905035090181,0.0974826137461935,-0.27420424855354086,-0.6158216997119227,0.53464421644188,-0.7911235745574741,-0.10864853255316761
-0.07699905035090181,0.11044604754937823,-0.27420424855354086,-0.9683339569631351,0.495427166536735,-0.7915508411064149,-0.10864853255316761
-0.07699905035090181,0.01204313532763668,-0.27420424855354086,-0.6977130087041277,0.4605675666210511,-0.7919781076553566,-0.10864853255316761
-0.07699905035090181,-0.06720428825147204,-0.27420424855354086,-0.5447769217120632,0.46274629161578207,-0.7919368306752442,-0.10864853255316761
-0.07699905035090181,0.8807999824067125,3.6469165057620936,-0.7801466442459494,0.3864909168002232,-0.7917081352670866,-0.10864853255316761
-0.07699905035090181,0.21999336284040263,-0.27420424855354086,-0.6266682307042678,0.3102355419846643,-0.7914794398589282,-0.10864853255316761
-0.07699905035090181,0.47364178916008975,-0.27420424855354086,-0.8305830133603536,0.24269506714802738,-0.7912507444507706,-0.10864853255316761
-0.07699905035090181,0.7323859097773506,-0.27420424855354086,-1.1689947803215177,0.1882269422797705,-0.7904809607890307,-0.10864853255316761
-0.07699905035090181,1.46821413309785,-0.27420424855354086,-1.1299472687490757,0.1185077424484026,-0.7889897269695358,-0.10864853255316761
-0.07699905035090181,-0.11192061674087601,3.6469165057620936,-1.3224731938631993,0.09454176750637062,-0.7874984931500408,-0.10864853255316761
-0.07699905035090181,-0.2685872811253139,-0.27420424855354086,-1.41304172764928,0.1751545923113895,-0.7860072618716059,-0.24215060388677745
-0.07699905035090181,-0.34022555518831016,-0.27420424855354086,-1.1749603723673072,0.3581674918687302,-0.7845160280521108,-0.24215060388677745
-0.07699905035090181,-0.26559180052801584,-0.27420424855354086,-1.7086096971906812,0.39956326676860415,-0.7818786516197905,-0.24215060388677745
-0.07699905035090181,-0.46400840193523113,-0.27420424855354086,-1.3550127868402342,0.45621011663159106,-0.7792412777285301,-0.24215060388677745
-0.07699905035090181,-0.15530019110760554,-0.27420424855354086,-1.089272777527782,0.5978272412890568,-0.7766039038372705,-0.24215060388677745
-0.07699905035090181,-0.018988058206073372,3.6469165057620936,-1.3550127868402342,0.6457591911731217,-0.7739665299460102,-0.24215060388677745
-0.07699905035090181,-0.07228282696056794,-0.27420424855354086,-1.324100173512051,0.7503379909201736,-0.7715765866989565,-0.24215060388677745
-0.07699905035090181,-0.23700242506932778,-0.27420424855354086,-1.1749603723673072,0.8549167906672255,-0.7693722170703226,-0.24215060388677745
-0.07699905035090181,-0.12590796640948804,-0.27420424855354086,-1.2579363344587466,1.0204998902667242,-0.7671678474416888,-0.24215060388677745
-0.07699905035090181,-0.096728463830421,-0.27420424855354086,-1.0274475508714154,1.127257415008506,-0.764963477813055,-0.24215060388677745
-0.07699905035090181,-0.14041958440170882,-0.27420424855354086,-0.7920778283375288,1.107648890055934,-0.7629180692805115,-0.24215060388677745
-0.07699905035090181,-0.09377219344318911,-0.27420424855354086,-0.3245923425674596,1.155580839939999,-0.7610846131111887,-0.24215060388677745
-0.07699905035090181,-0.14223219076251897,-0.27420424855354086,-0.7736387256505426,1.225300039771367,-0.7592511569418658,-0.24215060388677745
-0.07699905035090181,0.27359294835836884,-0.27420424855354086,-0.7747233787497768,1.3037341395816557,-0.757417700772543,-0.13166613105896247
-0.07699905035090181,-0.19005911815474752,-0.27420424855354086,-0.5843667598341222,1.4518874392233134,-0.7555842420621602,-0.13166613105896247
-0.07699905035090181,-0.08019044064776572,-0.27420424855354086,-0.10061147757553532,1.4976406641126485,-0.7541070399764854,-0.13166613105896247
-0.07699905035090181,-0.2198091696669249,-0.27420424855354086,-0.5013907977426829,1.4475299892338516,-0.7526298378908115,-0.13166613105896247
-0.07699905035090181,-0.07168363752619188,-0.27420424855354086,-0.5377266765670388,1.3778107894024847,-0.7511526332640768,-0.13166613105896247
-0.07699905035090181,-0.08463050793171457,-0.27420424855354086,-0.21395772644554073,1.2819468896343538,-0.749675431178402,-0.13166613105896247
-0.07699905035090181,-0.10483069295385133,-0.27420424855354086,0.06696742625619466,1.177368089887302,-0.7491396410351091,-0.13166613105896247
-0.07699905035090181,0.004070255034484267,-0.27420424855354086,0.09354142718744002,1.07061056514552,-0.7489804156687692,-0.13166613105896247
-0.07699905035090181,0.10377363623256003,-0.27420424855354086,0.5067942579957846,0.9573168654195473,-0.7488211877613692,-0.13166613105896247
-0.07699905035090181,0.028900977441093236,-0.27420424855354086,0.05666322181346704,0.8440231656935745,-0.7486619623950299,-0.13166613105896247
-0.07699905035090181,0.029053188425890105,-0.27420424855354086,0.3196915983778333,0.7067634910255687,-0.7483203194069024,-0.13166613105896247
-0.07699905035090181,0.12098652365776026,-0.27420424855354086,0.5393338509728193,0.5891123413101359,-0.7475226399874881,-0.13166613105896247
-0.07699905035090181,0.015886076872476156,-0.27420424855354086,0.5599422598582745,0.47581864158416304,-0.7467249580270133,-0.13166613105896247
-0.07699905035090181,0.09467322462641795,-0.27420424855354086,0.908115904712549,0.3908483667896832,-0.7459272760665385,-0.0777391859882434
-0.07699905035090181,-0.13219823519845253,-0.27420424855354086,0.8213436567737894,0.4409590416684791,-0.7451295966471237,-0.0777391859882434
-0.07699905035090181,-0.09521683396536865,-0.27420424855354086,0.8625604745446999,0.5477165664102609,-0.7456648582499174,-0.0777391859882434
-0.07699905035090181,-0.21408237941163538,-0.27420424855354086,0.6971508769114388,0.7459805409307136,-0.746200119852711,-0.0777391859882434
-0.07699905035090181,-0.0677814230642593,-0.27420424855354086,0.6684075697817246,0.7394443659465226,-0.7467353814555053,-0.0777391859882434
-0.07699905035090181,-0.12779913675184054,-0.27420424855354086,0.8717800258881931,0.9006700155565603,-0.7472706430582989,-0.0777391859882434
-0.07699905035090181,-0.11441119185971936,-0.27420424855354086,0.7730765938578541,1.0488233151982171,-0.7461227166212904,-0.0777391859882434
-0.07699905035090181,0.028492509339707383,-0.27420424855354086,0.5290296465300917,1.122899965019046,-0.7437123991544298,-0.0777391859882434
-0.07699905035090181,-0.040840276152099175,-0.27420424855354086,0.6109209555222966,1.144687214966348,-0.7413020791465091,-0.0777391859882434
-0.07699905035090181,-0.08685540471644772,3.6469165057620936,0.6852196928198594,1.225300039771367,-0.7388917616796484,-0.0777391859882434
-0.07699905035090181,-0.22786773817658343,-0.27420424855354086,0.3120990266831917,1.3712746144182937,-0.7365138300236436,-0.0777391859882434
-0.07699905035090181,-0.22147342325582764,-0.27420424855354086,0.14723175559954785,1.5194279140599505,-0.7343302106917095,-0.0777391859882434
-0.07699905035090181,-0.12301366071578422,-0.27420424855354086,0.08161024309586058,1.4366363642602005,-0.732146593900836,-0.0777391859882434
-0.07699905035090181,-0.0630626851386085,-0.27420424855354086,0.07727163069892268,1.4562448892127735,-0.7299629771099625,-0.21584477702301197
-0.07699905035090181,-0.07355616283043985,-0.27420424855354086,-0.3517086700483221,1.4606023392022336,-0.7277793577780284,-0.21584477702301197
-0.07699905035090181,-0.120234957847365,-0.27420424855354086,-0.29205274959042454,1.3974193143550566,-0.7296661914556154,-0.21584477702301197
-0.07699905035090181,0.08863745432677134,-0.27420424855354086,-0.16731764317845726,1.2165851397924459,-0.7322314322740824,-0.21584477702301197
0.0,0.5736935759547037,-0.27420424855354086,-2.4629859277082757,-1.2431953792580002,-1.0177070339833851,-1.3016177808249307
0.0,0.6027118231801529,3.6469165057620936,-2.273171635342238,-1.2802337041684142,-1.016215185227348,-1.3016177808249307
0.0,0.4927006430287152,-0.27420424855354086,-1.8420220283965245,-1.33252310404194,-1.014934818738415,-1.3016177808249307
0.0,0.27578224191345835,-0.27420424855354086,-1.5177107517254091,-1.3194507540735583,-1.013689699293999,-1.3016177808249307
0.0,0.47760496338568154,-0.27420424855354086,-1.4922214038933985,-1.2911273291420653,-1.0124445798495831,-1.3016177808249307
0.0,0.6515063365296174,-0.27420424855354086,-1.3338620514051616,-1.2061570543475855,-1.0111994604051682,-1.3016177808249307
0.0,0.3301537391870308,-0.27420424855354086,-0.9574874259707903,-1.1429740295004085,-1.010175659671467,-1.3016177808249307
0.0,0.4767541287450088,-0.27420424855354086,-1.1971957609016144,-1.1495102044845995,-1.0091887449660422,-1.3016177808249307
0.0,0.9180723467272173,-0.27420424855354086,-1.09361138992472,-1.1604038294582504,-1.0082018302606168,-1.6021618527434514
0.0,0.393727002422101,-0.27420424855354086,-0.20853446094936814,-1.1102931545794545,-1.0072149130141315,-1.6021618527434514
0.0,0.43749352862391444,-0.27420424855354086,-0.8902389338182511,-1.0318590547691666,-1.0061961130866894,-1.6021618527434514
0.0,0.48450874185965515,-0.27420424855354086,-0.7736387256505426,-1.0100718048218638,-1.00513479614181,-1.6021618527434514
0.0,0.3847182009406222,-0.27420424855354086,-0.8240750947649468,-0.9229228050326538,-1.0040734817379913,-1.6021618527434514
0.0,0.5751842817442699,-0.27420424855354086,0.02032734298911121,-0.8227014552750629,-1.0030121647931118,-1.6021618527434514
0.0,0.46303197289074866,-0.27420424855354086,-0.8316676664595883,-0.8183440052856019,-1.0018450813040798,-1.6021618527434514
0.0,0.5067629138080945,-0.27420424855354086,-0.1477938873922363,-0.8662759551696678,-1.00004338584483,-1.6021618527434514
0.0,0.9441483746384238,-0.27420424855354086,0.4661197667744909,-0.9861058298798308,-0.9982416929266402,-1.6021618527434514
0.0,0.8423578617735457,-0.27420424855354086,0.23183469733983855,-1.0928633546216124,-0.9964400000084505,-1.6021618527434514
0.0,0.7077628489500949,-0.27420424855354086,-0.12555849885792886,-1.1516889294793293,-0.9946383070902606,-1.6021618527434514
0.0,0.8302868954198915,-0.27420424855354086,-0.020347148232182522,-1.2061570543475855,-0.9936830870273462,-1.6021618527434514
0.0,0.6642867474804148,-0.27420424855354086,0.49703238010267375,-1.1952634293739344,-0.9930664555983298,-1.6021618527434514
0.0,0.9045875517189733,-0.27420424855354086,0.22207281944672846,-1.1843698044002833,-0.9924498241693136,-1.6738452309472123
0.0,0.6684695886082589,-0.27420424855354086,0.8945577409721178,-1.2039783293528554,-0.9918331952813572,-1.6738452309472123
0.0,0.6605527690456545,-0.27420424855354086,0.7199285919953634,-1.2257655793001583,-0.9913086976091076,-1.6738452309472123
0.0,0.5179071733159678,-0.27420424855354086,0.5170984624385122,-1.2519102792369212,-0.9909070474869399,-1.6738452309472123
0.0,0.4930335439929892,-0.27420424855354086,0.49052446150726653,-1.2344804792790793,-0.9905053948237124,-1.6738452309472123
0.0,0.6675315763014524,-0.27420424855354086,0.5078789110950189,-1.2344804792790793,-0.9901037447015447,-1.6738452309472123
0.0,0.540718219973229,-0.27420424855354086,0.36687400819453425,-1.1952634293739344,-0.989702092038317,-1.6738452309472123
0.0,0.7086044597701847,-0.27420424855354086,0.43303784724783867,-1.2257655793001583,-0.9888987892529219,-1.6738452309472123
0.0,0.9683111955308655,-0.27420424855354086,0.14018151045452346,-1.2824124291631442,-0.9880954864675265,-1.6738452309472123
0.0,0.6461878708143037,-0.27420424855354086,0.6640689573847866,-1.358667803978703,-0.9872921836821312,-1.6738452309472123
0.0,0.408815575775347,3.6469165057620936,0.1380122042560545,-1.397884853883847,-0.986488880896736,-1.6738452309472123
0.0,0.20476049232507823,-0.27420424855354086,-0.29096809649119026,-1.4000635788785771,-0.9862191448270541,-1.6738452309472123
0.0,0.09695138269420683,-0.27420424855354086,-0.15809809183496393,-1.395706128889117,-0.9863495876057466,-1.6738452309472123
0.0,0.15231905259075246,-0.27420424855354086,0.07618697759968801,-1.397884853883847,-0.98648002784338,-1.6994934121393834
0.0,0.24194128241127216,-0.27420424855354086,-0.5377266765670388,-1.2693400791947633,-0.9866104680810134,-1.6994934121393834
0.0,0.13419490911650708,-0.27420424855354086,-0.8197364823680089,-1.0471101297322776,-0.9863134664365584,-1.6994934121393834
0.0,0.18389265702124127,-0.27420424855354086,-0.9477255480776797,-0.9577824049483378,-0.9849478499226443,-1.6994934121393834
0.0,0.1217436844785037,-0.27420424855354086,-0.6499882723378095,-0.9163866300484628,-0.9835822359497902,-1.6994934121393834
0.0,0.2836966209320955,-0.27420424855354086,-1.3051187442754473,-0.9163866300484628,-0.982216621976936,-1.6994934121393834
0.0,0.6153841144441543,-0.27420424855354086,-1.3598937257867894,-0.8662759551696678,-0.980851005463022,-1.6994934121393834
0.0,0.48445713153281283,-0.27420424855354086,-1.030701510169119,-0.7159439305332811,-0.9824041674579863,-1.6994934121393834
0.0,1.844146499429354,3.6469165057620936,-1.3946026249622934,-0.6287949307440712,-0.9844437925377637,-1.6994934121393834
0.0,1.026457245282658,-0.27420424855354086,-1.429853850687415,-0.6396885557177222,-0.9864834150764805,-1.6994934121393834
0.0,1.48467041600277,-0.27420424855354086,-2.198872898044675,-0.49371398107079545,-0.988523040156258,-1.6994934121393834
0.0,2.1418362105441378,-0.27420424855354086,-2.039971219006821,-0.47846290610768444,-0.9884200865656255,-1.6994934121393834
0.0,3.0064312347830304,-0.27420424855354086,-2.044852157953376,-0.4544969311656515,-0.9867101996074508,-1.6994934121393834
0.0,0.22385643887297443,3.6469165057620936,-2.2569018388537208,-0.3956713563079346,-0.9850003101082154,-1.6994934121393834
0.0,0.1381872980890041,-0.27420424855354086,-1.7818237813890097,-0.36081175639225066,-0.9832904231500407,-1.8132661133251688
0.0,-0.050736610159644896,-0.27420424855354086,-2.302999595571187,-0.3128798065081857,-0.9815436501635902,-1.8132661133251688
0.0,0.1178582487563477,-0.27420424855354086,-2.4450891515709063,-0.27584148159777083,-0.979575558466425,-1.8132661133251688
0.0,0.06931932855195094,-0.27420424855354086,-2.698355650242162,-0.2518755066557388,-0.9776074667692591,-1.8132661133251688
0.0,0.2053095249918866,-0.27420424855354086,-2.5036604189295693,-0.25841168163992884,-0.9756393725310339,-1.8132661133251688
0.0,0.3674403699226392,3.6469165057620936,-2.1229471810982603,-0.22573080671897586,-0.973671280833868,-1.8132661133251688
0.0,0.5831147755311631,-0.27420424855354086,-1.847445293892697,-0.2083010067611339,-0.9708946161926797,-1.8132661133251688
0.0,0.29051083503149655,-0.27420424855354086,-2.368078781525257,-0.16908395685598898,-0.9677945228820933,-1.8132661133251688
0.0,0.45967656589377154,-0.27420424855354086,-2.169044937815726,0.17079714232192852,-0.9646944295715076,-1.8132661133251688
0.0,-0.0053578354896479585,-0.27420424855354086,-1.6977631661983361,0.5259293164629589,-0.9615943362609212,-1.8132661133251688
0.0,0.2847063242179479,-0.27420424855354086,-1.2682405389014741,0.6000059662837869,-0.9587208318196782,-1.8132661133251688
0.0,0.18590414977022754,-0.27420424855354086,-1.7113213299387675,0.5782187163364849,-0.9559379619097478,-1.8132661133251688
0.0,0.247043580533699,-0.27420424855354086,-1.6934245538013981,0.6087208662627078,-0.9531550894587576,-2.032262121966016
0.0,0.3658532626463565,-0.27420424855354086,-1.2975261725808056,0.7873763158305885,-0.950372219548828,-2.032262121966016
0.0,0.39237359517588355,-0.27420424855354086,-0.8219057885664778,1.011784990287803,-0.9478135626170557,-2.032262121966016
0.0,0.7218842311399812,-0.27420424855354086,-1.141336126291038,1.2209425897819068,-0.945815443212799,-2.032262121966016
0.0,0.2301974566203218,-0.27420424855354086,-0.35062401694908746,1.3712746144182937,-0.9438173238085421,-2.032262121966016
0.0,0.5650790838305634,-0.27420424855354086,-0.5746048819410118,1.5673598639440163,-0.9418192018632254,-2.032262121966016
0.0,0.3766434997175314,-0.27420424855354086,-0.30072997438430077,1.6043981888544292,-0.9398210824589693,-2.032262121966016
0.0,0.5250549164608111,-0.27420424855354086,-0.21666935919362681,1.6174705388228112,-0.9376005237364979,-2.032262121966016
0.0,0.568711277225738,-0.27420424855354086,0.14126616355375812,1.4714959641758845,-0.9353799650140264,-2.032262121966016
0.0,0.9280038353350005,-0.27420424855354086,0.3549428241029541,1.3385937394973397,-0.933159406291555,-2.032262121966016
0.0,0.7213940048156842,-0.27420424855354086,0.24756216727873914,1.231836214755558,-0.9309388475690835,-2.032262121966016
0.0,0.7635521945977326,-0.27420424855354086,0.021411996088345882,1.120721240024316,-0.9273512544211671,-2.032262121966016
0.0,0.6980798471975912,-0.27420424855354086,0.17000947068347205,1.07278929014025,-0.9227383816425773,-2.032262121966016
0.0,0.803007553716469,-0.27420424855354086,0.2703398823626637,0.9943551903299612,-0.9181255114050481,-2.1618183192700613
0.0,0.6001922666016953,-0.27420424855354086,0.5019133190492292,0.9268147154933234,-0.9135126411675181,-2.1618183192700613
0.0,0.5661547715294196,-0.27420424855354086,0.4954054004538219,1.0204998902667242,-0.9095636152554893,-2.1618183192700613
0.0,0.5690680632195765,-0.27420424855354086,0.8717800258881931,1.140329764976888,-0.9072742014277418,-2.1618183192700613
0.0,0.4930227768872502,-0.27420424855354086,0.4818472367133907,1.175189364892572,-0.9049847875999942,-2.1618183192700613
0.0,0.6663321386673026,-0.27420424855354086,0.4807625836141564,1.1860829898662228,-0.9026953737722466,-2.1618183192700613
0.0,0.6028194404020143,-0.27420424855354086,0.49865935975152553,1.135972314987427,-0.900405962485559,-2.1618183192700613
0.0,0.7328582268157685,-0.27420424855354086,0.3484349055075476,1.0052488153036123,-0.8994149490502074,-2.1618183192700613
0.0,1.0627798611511006,-0.27420424855354086,0.34572327275946146,0.9529594154300863,-0.8986403348332359,-2.1618183192700613
0.0,0.7523810711610401,-0.27420424855354086,0.2529854327749113,0.9268147154933234,-0.8978657206162639,-2.1618183192700613
0.0,0.6787954583540861,3.6469165057620936,0.2914906177977365,0.9812828403615802,-0.8970911089403517,-2.1618183192700613
0.0,0.3737979331224725,-0.27420424855354086,-0.007873637590985562,0.9812828403615802,-0.896076732998527,-2.1618183192700613
0.0,0.43795847019490136,-0.27420424855354086,-0.19118001136161614,0.8701678656303374,-0.8947426764509392,-2.1618183192700613
0.0,0.4137594718271767,-0.27420424855354086,0.22207281944672846,0.7089422160202997,-0.8934086199033507,-2.1618183192700613
0.0,0.7509567625235312,-0.27420424855354086,-0.6326338227500575,0.5978272412890568,-0.8920745633557622,-2.269672209411499
0.0,0.3817820470959462,-0.27420424855354086,-0.21016144059821995,0.488890991552545,-0.8909794477706174,-2.269672209411499
0.0,0.710635028241505,-0.27420424855354086,-0.46342793926947573,0.5651463663681029,-0.8913179830422538,-2.269672209411499
0.0,0.6499074213273741,-0.27420424855354086,-0.9813497941539491,0.53464421644188,-0.8916565183138903,-2.269672209411499
0.0,0.6880308176854903,-0.27420424855354086,-1.1651984944741969,0.495427166536735,-0.8919950535855259,-2.269672209411499
0.0,0.7032922030858472,-0.27420424855354086,-0.9016277913602134,0.4605675666210511,-0.8923335863161024,-2.269672209411499
0.0,0.5394369164451103,-0.27420424855354086,-0.8235327682153296,0.46274629161578207,-0.892210085713577,-2.269672209411499
0.0,1.8161062284181793,3.6469165057620936,-1.3794174815730107,0.3864909168002232,-0.8919017712695985,-2.269672209411499
0.0,0.9113590024634145,-0.27420424855354086,-0.9254901595433723,0.3102355419846643,-0.8915934568256206,-2.269672209411499
0.0,1.4286951224390196,-0.27420424855354086,-1.3159652752677924,0.24269506714802738,-0.8912851398405821,-2.269672209411499
0.0,2.0252781994191515,-0.27420424855354086,-1.5008986286872743,0.1882269422797705,-0.8905114022893412,-2.269672209411499
0.0,2.7688044906039906,-0.27420424855354086,-1.7823661079386273,0.1185077424484026,-0.8891170972070039,-2.269672209411499
0.0,0.302300367186309,3.6469165057620936,-2.0806457102281146,0.09454176750637062,-0.8877227921246668,-2.269672209411499
0.0,0.18956087422131077,-0.27420424855354086,-1.9727227268542817,0.1751545923113895,-0.8863284895833895,-2.3522067411965635
0.0,-0.024365725057775366,-0.27420424855354086,-1.7449455760150372,0.3581674918687302,-0.8849341845010522,-2.3522067411965635
0.0,0.18297424084687972,-0.27420424855354086,-2.4586473153113375,0.39956326676860415,-0.8823062354016683,-2.3522067411965635
0.0,-0.01355370254265533,-0.27420424855354086,-1.8957123568086323,0.45621011663159106,-0.8796782888433442,-2.3522067411965635
0.0,0.38912939443601413,-0.27420424855354086,-1.6787817369617324,0.5978272412890568,-0.8770503397439603,-2.3522067411965635
0.0,0.5624284736300861,3.6469165057620936,-1.847445293892697,0.6457591911731217,-0.874422393185637,-2.3522067411965635
0.0,0.5751742503907562,-0.27420424855354086,-1.8252099053583897,0.7503379909201736,-0.8720939461338367,-2.3522067411965635
0.0,0.4090047538231813,-0.27420424855354086,-1.6023136934657,0.8549167906672255,-0.8699901237119294,-2.3522067411965635
0.0,0.49855823567355734,-0.27420424855354086,-1.8848658258162876,1.0204998902667242,-0.8678862987489622,-2.3522067411965635
0.0,0.4444942648850675,-0.27420424855354086,-1.4943907100918674,1.127257415008506,-0.8657824763270547,-2.3522067411965635
0.0,0.3828335805875943,-0.27420424855354086,-1.0561908580011297,1.107648890055934,-0.8638081387041872,-2.3522067411965635
0.0,0.4362918837330884,-0.27420424855354086,-0.15430180598764318,1.155580839939999,-0.8620064457859973,-2.3522067411965635
0.0,0.3892950104674564,-0.27420424855354086,-1.2991531522296575,1.225300039771367,-0.8602047528678075,-2.3522067411965635
0.0,1.0041698388678375,-0.27420424855354086,-1.2601056406572155,1.3037341395816557,-0.8584030574085577,-2.3522067411965635
0.0,0.3350782903388827,-0.27420424855354086,-1.02256661192486,1.4518874392233134,-0.856601364490368,-2.3522067411965635
0.0,0.4358348380396433,-0.27420424855354086,-0.22317727778903407,1.4976406641126485,-0.8552020865534331,-2.3522067411965635
0.0,0.417637262904258,-0.27420424855354086,-0.8701728514824131,1.4475299892338516,-0.8538028111575583,-2.3522067411965635
0.0,0.4887377020904142,-0.27420424855354086,-0.8018397062306393,1.3778107894024847,-0.8524035332206236,-2.3522067411965635
0.0,0.49687522937549256,-0.27420424855354086,-0.42112646839933016,1.2819468896343538,-0.8510042552836887,-2.3522067411965635
0.0,0.5166833481873193,-0.27420424855354086,-0.12176221301060809,1.177368089887302,-0.850538888079748,-2.3522067411965635
0.0,0.9114452290352074,-0.27420424855354086,0.3126413532328093,1.07061056514552,-0.850447082119733,-2.3522067411965635
0.0,0.7736436823967979,-0.27420424855354086,0.3012524956908466,0.9573168654195473,-0.8503552736186579,-2.3522067411965635
0.0,0.9385673889400168,-0.27420424855354086,-0.20853446094936814,0.8440231656935745,-0.8502634676586436,-2.3522067411965635
0.0,0.8948155060020082,-0.27420424855354086,0.22044583979787666,0.7067634910255687,-0.8499556461803229,-2.3522067411965635
0.0,0.8560088650040473,-0.27420424855354086,0.6049553634765061,0.5891123413101359,-0.8491077782830575,-2.3522067411965635
0.0,0.7299253210479901,-0.27420424855354086,0.19332951231701417,0.47581864158416304,-0.8482599103857928,-2.3522067411965635
0.0,0.8978706363651004,-0.27420424855354086,0.5528920147132506,0.3908483667896832,-0.847412045029588,-2.3522067411965635
0.0,0.6099429216685919,-0.27420424855354086,0.46232348092716974,0.4409590416684791,-0.8465641771323226,-2.3522067411965635
0.0,0.6035142417353526,-0.27420424855354086,0.5675348315529161,0.5477165664102609,-0.8473215782082407,-2.3522067411965635
0.0,0.4987020842062308,-0.27420424855354086,0.46883139952257696,0.7459805409307136,-0.8480789767430988,-2.3522067411965635
0.0,0.6673758839524664,-0.27420424855354086,0.5881432404383721,0.7394443659465226,-0.8488363778190161,-2.3522067411965635
0.0,0.7021634156105215,-0.27420424855354086,0.5669925050032993,0.9006700155565603,-0.8495937763538742,-2.3522067411965635
0.0,0.8346341502523701,-0.27420424855354086,0.5046249517973153,1.0488233151982171,-0.8485281700995623,-2.3522067411965635
0.0,1.1793421611732062,-0.27420424855354086,0.21502257430170368,1.122899965019046,-0.8460953108886375,-2.3522067411965635
0.0,0.9554721756344953,-0.27420424855354086,0.41622572420970383,1.144687214966348,-0.8436624516777127,-2.3522067411965635
0.0,0.6857444766173397,3.6469165057620936,0.32945347627094335,1.225300039771367,-0.841229589925728,-2.3522067411965635
0.0,0.4199394136726684,-0.27420424855354086,0.03822411912648036,1.3712746144182937,-0.8388317312764924,-2.3522067411965635
0.0,0.5268673792602115,-0.27420424855354086,-0.2096191140486028,1.5194279140599505,-0.8366438785384472,-2.3522067411965635
0.0,0.49170831067345544,-0.27420424855354086,-0.3771980178803328,1.4366363642602005,-0.8344560258004028,-2.3522067411965635
0.0,0.7529569318663152,-0.27420424855354086,-0.21775401229286148,1.4562448892127735,-0.8322681730623577,-2.3522067411965635
0.0,0.660195911271111,-0.27420424855354086,-0.6814432122156099,1.4606023392022336,-0.8300803203243132,-2.3522067411965635
0.0,0.5708837023151699,-0.27420424855354086,-0.6928320697575722,1.3974193143550566,-0.8320645604583549,-2.3522067411965635
0.0,0.5427076581006264,-0.27420424855354086,-0.5480308810097664,1.2165851397924459,-0.8347441489809002,-2.3522067411965635
0.07699905035090181,0.6167692667071255,-0.27420424855354086,-2.0735954650830903,-0.8815270301327789,-1.0177070339833851,0.2990917838351969
0.07699905035090181,0.6623167619240531,3.6469165057620936,-1.8832388461674356,-0.9120291800590028,-1.016215185227348,0.2990917838351969
0.07699905035090181,0.6107340527079422,-0.27420424855354086,-1.606109979313021,-0.9795696548956406,-1.014934818738415,0.2990917838351969
0.07699905035090181,0.20402502722239862,-0.27420424855354086,-1.447208300275167,-0.9773909299009097,-1.013689699293999,0.2990917838351969
0.07699905035090181,0.6592306761319612,-0.27420424855354086,-1.2980684991304232,-0.9577824049483378,-1.0124445798495831,0.2990917838351969
0.07699905035090181,0.47431064176859716,-0.27420424855354086,-0.9954502844439975,-0.9163866300484628,-1.0111994604051682,0.2990917838351969
0.07699905035090181,0.31849470435377514,-0.27420424855354086,-0.790450848688677,-0.8684546801643979,-1.010175659671467,0.2990917838351969
0.07699905035090181,0.38273891978297214,-0.27420424855354086,-0.6396840678950819,-0.8619185051802069,-1.0091887449660422,0.2990917838351969
0.07699905035090181,0.7775502037010261,-0.27420424855354086,-0.837633258505378,-0.8749908551485889,-1.0082018302606168,0.22346253160187107
0.07699905035090181,0.6003566085256248,-0.27420424855354086,0.07564465105007086,-0.79873548033303,-1.0072149130141315,0.22346253160187107
0.07699905035090181,0.40060362984443587,-0.27420424855354086,-0.5198299004296696,-0.759518430427886,-1.0061961130866894,0.22346253160187107
0.07699905035090181,0.39315690211839666,-0.27420424855354086,-0.5203722269792868,-0.735552455485853,-1.00513479614181,0.22346253160187107
0.07699905035090181,0.38554847040933354,-0.27420424855354086,-0.49813683844497975,-0.6897992305965182,-1.0040734817379913,0.22346253160187107
0.07699905035090181,0.6544171697306308,-0.27420424855354086,0.32457253732438873,-0.5743268058758143,-1.0030121647931118,0.22346253160187107
0.07699905035090181,0.5415031060912507,-0.27420424855354086,-0.5073563897884726,-0.5372884809654004,-1.0018450813040798,0.22346253160187107
0.07699905035090181,0.4279092432858617,-0.27420424855354086,-0.012212249987923854,-0.5721480808810844,-1.00004338584483,0.22346253160187107
0.07699905035090181,0.7695590193281173,-0.27420424855354086,0.48401654291186,-0.6810843306175971,-0.9982416929266402,0.22346253160187107
0.07699905035090181,0.9360916185915643,-0.27420424855354086,0.6141749148199995,-0.768233330406807,-0.9964400000084505,0.22346253160187107
0.07699905035090181,0.592960647703145,-0.27420424855354086,0.22641143184366638,-0.8423099802276349,-0.9946383070902606,0.22346253160187107
0.07699905035090181,0.5547553136703551,-0.27420424855354086,0.35277351790448547,-0.9076717300695418,-0.9936830870273462,0.22346253160187107
0.07699905035090181,0.6353391504137901,-0.27420424855354086,0.7719919407586198,-0.8728121301538578,-0.9930664555983298,0.22346253160187107
0.07699905035090181,0.9302038601054766,-0.27420424855354086,0.5669925050032993,-0.8728121301538578,-0.9924498241693136,0.16164383847202268
0.07699905035090181,1.1134503273334735,-0.27420424855354086,0.997057458849778,-0.9120291800590028,-0.9918331952813572,0.16164383847202268
0.07699905035090181,0.670553508088516,-0.27420424855354086,0.8620181479950831,-0.9272802550221148,-0.9913086976091076,0.16164383847202268
0.07699905035090181,0.5180972127322616,-0.27420424855354086,0.7920580230944575,-0.9468887799746868,-0.9909070474869399,0.16164383847202268
0.07699905035090181,0.6146014894183378,-0.27420424855354086,0.8267669222699615,-0.9294589800168448,-0.9905053948237124,0.16164383847202268
0.07699905035090181,0.7138412749336442,-0.27420424855354086,0.7524681849723989,-0.9076717300695418,-0.9901037447015447,0.16164383847202268
0.07699905035090181,0.6087264540621985,-0.27420424855354086,0.7324021026365604,-0.9490675049694167,-0.989702092038317,0.16164383847202268
0.07699905035090181,0.5926902677328624,-0.27420424855354086,0.6239367927131104,-0.9708547549167197,-0.9888987892529219,0.16164383847202268
0.07699905035090181,0.5473819458247513,-0.27420424855354086,0.34355396656099213,-1.0318590547691666,-0.9880954864675265,0.16164383847202268
0.07699905035090181,0.5766725110995162,-0.27420424855354086,0.6971508769114388,-1.0863271796374225,-0.9872921836821312,0.16164383847202268
0.07699905035090181,0.770690355018468,3.6469165057620936,0.34951955860678185,-1.1364378545162175,-0.986488880896736,0.16164383847202268
0.07699905035090181,0.40962779239676916,-0.27420424855354086,-0.019262495132947855,-1.1168293295636456,-0.9862191448270541,0.16164383847202268
0.07699905035090181,0.22320937170841212,-0.27420424855354086,0.19712579816433454,-1.1364378545162175,-0.9863495876057466,0.16164383847202268
0.07699905035090181,0.305505824290694,-0.27420424855354086,0.3370460479655849,-1.1299016795320274,-0.98648002784338,0.26555185458389585
0.07699905035090181,0.5687108465415085,-0.27420424855354086,-0.3169997708728181,-0.9926420048640217,-0.9866104680810134,0.26555185458389585
0.07699905035090181,0.45899726919269723,-0.27420424855354086,-0.42492275424665094,-0.783484405369918,-0.9863134664365584,0.26555185458389585
0.07699905035090181,0.3406821920273377,-0.27420424855354086,-0.6494459457881924,-0.6745481556334062,-0.9849478499226443,0.26555185458389585
0.07699905035090181,0.3587181887959328,-0.27420424855354086,-0.18304511311735747,-0.6614758056650242,-0.9835822359497902,0.26555185458389585
0.07699905035090181,0.4312742509521226,-0.27420424855354086,-1.0014158764897871,-0.6745481556334062,-0.982216621976936,0.26555185458389585
0.07699905035090181,0.4806575814241015,-0.27420424855354086,-1.0252782446729465,-0.6396885557177222,-0.980851005463022,0.26555185458389585
0.07699905035090181,0.41654590906655187,-0.27420424855354086,-0.8153978699710706,-0.4806416311024145,-0.9824041674579863,0.26555185458389585
0.07699905035090181,1.3176197036111617,3.6469165057620936,-1.0166010198790703,-0.3760628313553626,-0.9844437925377637,0.26555185458389585
0.07699905035090181,0.660873251947976,-0.27420424855354086,-1.2790870698938195,-0.3455606814291387,-0.9864834150764805,0.26555185458389585
0.07699905035090181,0.9833661037335004,-0.27420424855354086,-1.8197866398622173,-0.22573080671897586,-0.988523040156258,0.26555185458389585
0.07699905035090181,1.109902960786346,-0.27420424855354086,-1.7720619034958995,-0.12550945696138405,-0.9884200865656255,0.26555185458389585
0.07699905035090181,2.406423962459132,-0.27420424855354086,-1.785620067236331,-0.10807965700354207,-0.9867101996074508,0.26555185458389585
0.07699905035090181,0.2935307390136461,3.6469165057620936,-1.8854081523659048,-0.049254082145826134,-0.9850003101082154,0.26555185458389585
0.07699905035090181,0.2397699699227668,-0.27420424855354086,-1.6240067554503903,-0.016573207224872193,-0.9832904231500407,0.25042600413723093
0.07699905035090181,0.2202070181086172,-0.27420424855354086,-2.074680118182325,0.01828639269081175,-0.9815436501635902,0.25042600413723093
0.07699905035090181,0.11151342663163862,-0.27420424855354086,-2.005262319831317,0.07057579256433767,-0.979575558466425,0.25042600413723093
0.07699905035090181,0.14695685448096238,-0.27420424855354086,-2.3187270655100876,0.09454176750637062,-0.9776074667692591,0.25042600413723093
0.07699905035090181,0.3232874122958529,-0.27420424855354086,-1.9976697481366754,0.09018431751690964,-0.9756393725310339,0.25042600413723093
0.07699905035090181,0.531556579425785,3.6469165057620936,-1.852326232839252,0.12504391743259358,-0.973671280833868,0.25042600413723093
0.07699905035090181,0.5654900104210931,-0.27420424855354086,-1.4439543409774633,0.13375881741151457,-0.9708946161926797,0.25042600413723093
0.07699905035090181,0.3411236433626372,-0.27420424855354086,-1.8751039479231766,0.20347801724288248,-0.9677945228820933,0.25042600413723093
0.07699905035090181,0.5418820723229113,-0.27420424855354086,-1.5892978562748863,0.5368229414366099,-0.9646944295715076,0.25042600413723093
0.07699905035090181,0.37359969276064114,-0.27420424855354086,-1.1473017183368277,0.8570955156619554,-0.9615943362609212,0.25042600413723093
0.07699905035090181,0.2213861238580965,-0.27420424855354086,-0.9368790170853346,0.9529594154300863,-0.9587208318196782,0.25042600413723093
0.07699905035090181,0.2039718736104006,-0.27420424855354086,-1.2899336008861642,0.9377083404669753,-0.9559379619097478,0.25042600413723093
0.07699905035090181,0.2131421816779646,-0.27420424855354086,-1.3523011540921481,0.9856402903510403,-0.9531550894587576,0.22412017727346487
0.07699905035090181,0.41030048527299035,-0.27420424855354086,-0.8658342390854747,1.168653189908381,-0.950372219548828,0.22412017727346487
0.07699905035090181,0.35988589935850485,-0.27420424855354086,-0.4504121020786616,1.3560235394551816,-0.9478135626170557,0.22412017727346487
0.07699905035090181,0.5876249905090013,-0.27420424855354086,-0.7953317876352325,1.5303215390336014,-0.945815443212799,0.22412017727346487
0.07699905035090181,0.27408017783823535,-0.27420424855354086,-0.0100429437894549,1.6523301387384952,-0.9438173238085421,0.22412017727346487
0.07699905035090181,0.5286669215327251,-0.27420424855354086,-0.26656340175841386,1.8157345133432639,-0.9418192018632254,0.22412017727346487
0.07699905035090181,0.47899433276506737,-0.27420424855354086,-0.11796592716328734,1.8571302882431389,-0.9398210824589693,0.22412017727346487
0.07699905035090181,0.33961691253069587,-0.27420424855354086,-0.04475184296495853,1.8375217632905658,-0.9376005237364979,0.22412017727346487
0.07699905035090181,0.47756510714927103,-0.27420424855354086,0.2752208213092184,1.6893684636489101,-0.9353799650140264,0.22412017727346487
0.07699905035090181,0.9148601601817453,-0.27420424855354086,0.6754578149267493,1.5477513389914435,-0.933159406291555,0.22412017727346487
0.07699905035090181,0.5900601688688175,-0.27420424855354086,0.5073365845454014,1.4518874392233134,-0.9309388475690835,0.22412017727346487
0.07699905035090181,0.49408455707452653,-0.27420424855354086,0.19929510436280387,1.3734533394130237,-0.9273512544211671,0.22412017727346487
0.07699905035090181,0.4662541728445576,-0.27420424855354086,0.44551135788903484,1.3189852145447678,-0.9227383816425773,0.22412017727346487
0.07699905035090181,0.7188252425639994,-0.27420424855354086,0.5208947482858326,1.2144064147977158,-0.9181255114050481,0.3201364453262093
0.07699905035090181,0.9372960270395305,-0.27420424855354086,0.6450875281481832,1.149044664955809,-0.9135126411675181,0.3201364453262093
0.07699905035090181,0.5597275092651023,-0.27420424855354086,0.7465025929266091,1.2122276898029858,-0.9095636152554893,0.3201364453262093
0.07699905035090181,0.5610434110929957,-0.27420424855354086,1.0100732960405925,1.3364150145026097,-0.9072742014277418,0.3201364453262093
0.07699905035090181,0.47724090959546955,-0.27420424855354086,0.7687379814609162,1.4061342143339766,-0.9049847875999942,0.3201364453262093
0.07699905035090181,0.6686149983712644,-0.27420424855354086,0.757891450468571,1.4409938142496606,-0.9026953737722466,0.3201364453262093
0.07699905035090181,0.6420582909695156,-0.27420424855354086,0.6429182219497138,1.3865256893814055,-0.900405962485559,0.3201364453262093
0.07699905035090181,0.5509360418129652,-0.27420424855354086,0.5024556455988467,1.271053264660703,-0.8994149490502074,0.3201364453262093
0.07699905035090181,0.6412580796709924,-0.27420424855354086,0.5029979721484634,1.1926191648504139,-0.8986403348332359,0.3201364453262093
0.07699905035090181,0.27110894117402634,-0.27420424855354086,0.40537919321735866,1.133793589992697,-0.8978657206162639,0.3201364453262093
0.07699905035090181,0.8657219069815623,3.6469165057620936,0.4151410711104688,1.2449085647239397,-0.8970911089403517,0.3201364453262093
0.07699905035090181,0.32751158116455825,-0.27420424855354086,0.2654589434161083,1.260159639687051,-0.896076732998527,0.3201364453262093
0.07699905035090181,0.3361979796098587,-0.27420424855354086,-0.0029926986444305135,1.177368089887302,-0.8947426764509392,0.3201364453262093
0.07699905035090181,0.3610809763148306,-0.27420424855354086,0.39778662152271715,1.088040365103362,-0.8934086199033507,0.3201364453262093
0.07699905035090181,0.6476147994475424,-0.27420424855354086,-0.36852079308645697,0.9072061905407514,-0.8920745633557622,0.3832704297992464
0.07699905035090181,0.5173339684967754,-0.27420424855354086,-0.02468576062912043,0.8396657157041144,-0.8909794477706174,0.3832704297992464
0.07699905035090181,0.4280538455159364,-0.27420424855354086,-0.22046564504094757,0.8679891406356074,-0.8913179830422538,0.3832704297992464
0.07699905035090181,0.4703673507982702,-0.27420424855354086,-0.6868664777117824,0.8679891406356074,-0.8916565183138903,0.3832704297992464
0.07699905035090181,0.6116275250873415,-0.27420424855354086,-1.1277779625506068,0.8265933657357325,-0.8919950535855259,0.3832704297992464
0.07699905035090181,0.6820052940814719,-0.27420424855354086,-0.7530303167650869,0.7851975908358576,-0.8923335863161024,0.3832704297992464
0.07699905035090181,0.4531273123214312,-0.27420424855354086,-0.6776469263682892,0.7808401408463975,-0.892210085713577,0.3832704297992464
0.07699905035090181,1.285245098294395,3.6469165057620936,-1.0214819588256256,0.7198358409939507,-0.8919017712695985,0.3832704297992464
0.07699905035090181,0.5215189092102385,-0.27420424855354086,-0.7297102751315452,0.6697251661151548,-0.8915934568256206,0.3832704297992464
0.07699905035090181,0.8695986931287749,-0.27420424855354086,-0.995992610993615,0.5847548913206749,-0.8912851398405821,0.3832704297992464
0.07699905035090181,1.0407577921120417,-0.27420424855354086,-1.3376583372524822,0.5498952914049919,-0.8905114022893412,0.3832704297992464
0.07699905035090181,2.015808583757219,-0.27420424855354086,-1.287221968138078,0.497605891531466,-0.8891170972070039,0.3832704297992464
0.07699905035090181,0.5723505230751715,3.6469165057620936,-1.4759516074048808,0.4518526666421301,-0.8877227921246668,0.3832704297992464
0.07699905035090181,0.3706624083698623,-0.27420424855354086,-1.5079488738322988,0.49324844154200503,-0.8863284895833895,0.5180877924760443
0.07699905035090181,0.19841080705761044,-0.27420424855354086,-1.3105420097716198,0.6697251661151548,-0.8849341845010522,0.5180877924760443
0.07699905035090181,0.1919499155330353,-0.27420424855354086,-1.8946277037093977,0.7546954409096346,-0.8823062354016683,0.5180877924760443
0.07699905035090181,0.022002923478337412,-0.27420424855354086,-1.55892756949632,0.8244146407410025,-0.8796782888433442,0.5180877924760443
0.07699905035090181,0.36727988621159935,-0.27420424855354086,-1.19611110780238,0.9529594154300863,-0.8770503397439603,0.5180877924760443
0.07699905035090181,0.643211914568746,3.6469165057620936,-1.4558855250690428,1.0183211652719941,-0.874422393185637,0.5180877924760443
0.07699905035090181,0.5048711333297502,-0.27420424855354086,-1.4504622595728702,1.122899965019046,-0.8720939461338367,0.5180877924760443
0.07699905035090181,0.46335150469872977,-0.27420424855354086,-1.2644442530541535,1.2165851397924459,-0.8699901237119294,0.5180877924760443
0.07699905035090181,0.3032109772090096,-0.27420424855354086,-1.3723672364279862,1.3603809894446426,-0.8678862987489622,0.5180877924760443
0.07699905035090181,0.503912179002281,-0.27420424855354086,-1.0393787349629948,1.4431725392443915,-0.8657824763270547,0.5180877924760443
0.07699905035090181,0.34862076114353513,-0.27420424855354086,-0.6499882723378095,1.4431725392443915,-0.8638081387041872,0.5180877924760443
0.07699905035090181,0.3170817909031731,-0.27420424855354086,-0.06264861910232807,1.5150704640704904,-0.8620064457859973,0.5180877924760443
0.07699905035090181,0.3321237785789213,-0.27420424855354086,-0.7259139892842245,1.6109343638386202,-0.8602047528678075,0.5180877924760443
0.07699905035090181,0.8608392039806828,-0.27420424855354086,-0.8360062788565262,1.7089769886014812,-0.8584030574085577,0.7311649900725443
0.07699905035090181,0.4320384642271254,-0.27420424855354086,-0.6516152519866614,1.804840888369613,-0.856601364490368,0.7311649900725443
0.07699905035090181,0.2936282710464651,-0.27420424855354086,0.020869669538728354,1.767802563459198,-0.8552020865534331,0.7311649900725443
0.07699905035090181,0.2679312273120954,-0.27420424855354086,-0.6185333324600091,1.752551488496087,-0.8538028111575583,0.7311649900725443
0.07699905035090181,0.4693067191022725,-0.27420424855354086,-0.46234328617024106,1.6675812137016062,-0.8524035332206236,0.7311649900725443
0.07699905035090181,0.5569511033792408,-0.27420424855354086,-0.10657706962132504,1.5172491890652196,-0.8510042552836887,0.7311649900725443
0.07699905035090181,0.45541372517028683,-0.27420424855354086,0.13204661221026479,1.4606023392022336,-0.850538888079748,0.7311649900725443
0.07699905035090181,0.6511736509074584,-0.27420424855354086,0.27793245405730527,1.3516660894657218,-0.850447082119733,0.7311649900725443
0.07699905035090181,0.7585299857968276,-0.27420424855354086,0.6033283838276552,1.2122276898029858,-0.8503552736186579,0.7311649900725443
0.07699905035090181,0.6483303454046047,-0.27420424855354086,-0.039870904018403486,1.116363790034855,-0.8502634676586436,0.7311649900725443
0.07699905035090181,0.5731990068977583,-0.27420424855354086,0.41297176491200016,0.9311721654827844,-0.8499556461803229,0.7311649900725443
0.07699905035090181,0.6992883650909141,-0.27420424855354086,0.6304447113085176,0.7917337658200485,-0.8491077782830575,0.7311649900725443
0.07699905035090181,0.6888088666913673,-0.27420424855354086,0.5279449934308574,0.6719038911098848,-0.8482599103857928,0.7311649900725443
0.07699905035090181,1.076833554136241,-0.27420424855354086,0.8956423940713528,0.6261506662205498,-0.847412045029588,0.7114356199247195
0.07699905035090181,0.6468277060728447,-0.27420424855354086,0.796938962041013,0.7198358409939507,-0.8465641771323226,0.7114356199247195
0.07699905035090181,0.6267707773925654,-0.27420424855354086,0.8544255763004416,0.8135210157673515,-0.8473215782082407,0.7114356199247195
0.07699905035090181,0.4707197761142841,-0.27420424855354086,0.7025741424076117,1.0052488153036123,-0.8480789767430988,0.7114356199247195
0.07699905035090181,0.7094534101673531,-0.27420424855354086,0.6830503866213908,1.0030700903088823,-0.8488363778190161,0.7114356199247195
0.07699905035090181,0.8111678893205378,-0.27420424855354086,0.8061585133845063,1.098933990077013,-0.8495937763538742,0.7114356199247195
0.07699905035090181,0.6333594206267342,-0.27420424855354086,0.661899651186318,1.3168064895500378,-0.8485281700995623,0.7114356199247195
0.07699905035090181,0.4642369017488252,-0.27420424855354086,0.4048368666677411,1.3908831393708656,-0.8460953108886375,0.7114356199247195
0.07699905035090181,0.5375113272547453,-0.27420424855354086,0.5702464643010029,1.4540661642180426,-0.8436624516777127,0.7114356199247195
0.07699905035090181,0.7754209905959603,3.6469165057620936,0.6586456918886144,1.5630024139545544,-0.841229589925728,0.7114356199247195
0.07699905035090181,0.3550997055153994,-0.27420424855354086,0.19604114506510026,1.5891471138913182,-0.8388317312764924,0.7114356199247195
0.07699905035090181,0.3878477499495471,-0.27420424855354086,0.031716200531073505,1.839700488285297,-0.8366438785384472,0.7114356199247195
0.07699905035090181,0.3844738594210517,-0.27420424855354086,-0.09789984482744923,1.741657863522436,-0.8344560258004028,0.7114356199247195
0.07699905035090181,0.6670066260611469,-0.27420424855354086,-0.0170931889344789,1.726406788559323,-0.8322681730623577,0.5404477453102443
0.07699905035090181,0.6662540592055185,-0.27420424855354086,-0.4894596136511035,1.802662163374882,-0.8300803203243132,0.5404477453102443
0.07699905035090181,0.377540704693587,-0.27420424855354086,-0.43793859143746466,1.7307642385487831,-0.8320645604583549,0.5404477453102443
0.07699905035090181,0.47043830602509035,-0.27420424855354086,-0.2985606681858318,1.5521087889809033,-0.8347441489809002,0.5404477453102443
0.15399810070180361,-0.6600192550716503,-0.27420424855354086,-2.1457248961821844,-1.2519102792369212,0.830133830029697,0.20767903548361122
0.15399810070180361,-0.8284663354613747,3.6469165057620936,-2.224904572426303,-1.2758762541789532,0.8336545628045077,0.20767903548361122
0.15399810070180361,-0.661761659903042,-0.27420424855354086,-1.9797729719993062,-1.3368805540314002,0.8348324254704442,0.20767903548361122
0.15399810070180361,-0.7474392887553699,-0.27420424855354086,-1.7086096971906812,-1.3172720290788282,0.835619811055432,0.20767903548361122
0.15399810070180361,-0.680623134778295,-0.27420424855354086,-1.692882227251781,-1.2671613542000322,0.8364071966404191,0.20767903548361122
0.15399810070180361,-0.689829135801384,-0.27420424855354086,-1.1180160846574962,-1.1778336294160925,0.837194579684347,0.20767903548361122
0.15399810070180361,-0.6913080875005185,-0.27420424855354086,-0.8495644425969574,-1.1211867795531065,0.83346343951085,0.20767903548361122
0.15399810070180361,-0.6251051740308092,-0.27420424855354086,-0.8040090124291083,-1.0993995296058034,0.8289792104404091,0.20767903548361122
0.15399810070180361,-0.3993570642928659,-0.27420424855354086,-0.7302526016811623,-1.1081144295847245,0.8244949813699682,-0.010001681814047534
0.15399810070180361,-0.5964640087935166,-0.27420424855354086,0.03768179257686322,-1.0667186546848495,0.8200107522995281,-0.010001681814047534
0.15399810070180361,-0.5916840778169157,-0.27420424855354086,-0.46125863307100673,-1.0013569048429427,0.8170106547856287,-0.010001681814047534
0.15399810070180361,-0.6289739386842461,-0.27420424855354086,-0.7888238690398256,-0.9948207298587517,0.8159894027351989,-0.010001681814047534
0.15399810070180361,-0.6067357379426528,-0.27420424855354086,-0.5257954924754593,-0.9534249549588777,0.8149681481437091,-0.010001681814047534
0.15399810070180361,-0.5752510159700396,-0.27420424855354086,0.16295922553844805,-0.855382330196016,0.8139468935522186,-0.010001681814047534
0.15399810070180361,-0.6226173445239294,-0.27420424855354086,-0.5637583509486667,-0.820522730280332,0.8140285403539914,-0.010001681814047534
0.15399810070180361,-0.6117797680778554,-0.27420424855354086,-0.18955303171276433,-0.8728121301538578,0.8207275878921588,-0.010001681814047534
0.15399810070180361,-0.4532712466953496,-0.27420424855354086,0.46883139952257696,-1.0013569048429427,0.8274266379713863,-0.010001681814047534
0.15399810070180361,-0.5040329461536845,-0.27420424855354086,0.4639504605760215,-1.1146506045689155,0.8341256880506136,-0.010001681814047534
0.15399810070180361,-0.5524709965224831,-0.27420424855354086,0.1635015520880652,-1.1974421543686644,0.840824738129841,-0.010001681814047534
0.15399810070180361,-0.47480115133107836,-0.27420424855354086,0.48238956326300825,-1.2606251792158423,0.8408785120434796,-0.010001681814047534
0.15399810070180361,-0.5517425300385339,-0.27420424855354086,0.6239367927131104,-1.1996208793633953,0.838274177015518,-0.010001681814047534
0.15399810070180361,-0.5125525441859113,-0.27420424855354086,0.3120990266831917,-1.1843698044002833,0.8356698445286169,-0.22636710776851815
0.15399810070180361,-0.5840043858130366,-0.27420424855354086,0.7904310434456057,-1.2323017542843484,0.8330655095006552,-0.22636710776851815
0.15399810070180361,-0.570712914188337,-0.27420424855354086,0.6922699379648841,-1.2540890042316513,0.8329282871736402,-0.22636710776851815
0.15399810070180361,-0.6814470516546204,-0.27420424855354086,0.7974812885906305,-1.2802337041684142,0.8360805535300072,-0.22636710776851815
0.15399810070180361,-0.6512392007515967,-0.27420424855354086,0.6141749148199995,-1.2584464542211113,0.8392328198863749,-0.22636710776851815
0.15399810070180361,-0.6201221036592656,-0.27420424855354086,0.6033283838276552,-1.2519102792369212,0.8423850862427419,-0.22636710776851815
0.15399810070180361,-0.6441543554494455,-0.27420424855354086,0.6543070794916765,-1.2061570543475855,0.8455373525991088,-0.22636710776851815
0.15399810070180361,-0.5751956730465408,-0.27420424855354086,0.6044130369268894,-1.2628039042105723,0.8447324972259979,-0.22636710776851815
0.15399810070180361,-0.5985923425849471,-0.27420424855354086,0.3516888648052512,-1.3150933040840982,0.8439276443939476,-0.22636710776851815
0.15399810070180361,-0.6448224723057275,-0.27420424855354086,0.5697041377513854,-1.402242303873308,0.8431227915618974,-0.22636710776851815
0.15399810070180361,-0.698457248314284,3.6469165057620936,0.025750608485283787,-1.437101903788992,0.8423179387298464,-0.22636710776851815
0.15399810070180361,-0.7465899256191479,-0.27420424855354086,-0.029024373026058335,-1.42185082882588,0.8429441880713061,-0.22636710776851815
0.15399810070180361,-0.7845808506863217,-0.27420424855354086,0.2383426159352458,-1.4065997538627681,0.8446437684897533,-0.22636710776851815
0.15399810070180361,-0.6933820115176145,-0.27420424855354086,-0.16840229627769154,-1.41967210383115,0.8463433489082006,-0.2546458716470661
0.15399810070180361,-0.6653090802856982,-0.27420424855354086,-0.661919456429389,-1.2954847791315263,0.8480429293266472,-0.2546458716470661
0.15399810070180361,-0.7697305174927278,-0.27420424855354086,-0.3565896089948772,-1.0688973796795807,0.8496128394486689,-0.2546458716470661
0.15399810070180361,-0.6879911908517348,-0.27420424855354086,-0.7557419495131734,-0.9621398549377987,0.850858578911747,-0.2546458716470661
0.15399810070180361,-0.6649965291512708,-0.27420424855354086,-0.2681903814072657,-0.9534249549588777,0.852104320915885,-0.2546458716470661
0.15399810070180361,-0.6257746547204847,-0.27420424855354086,-1.1858069033596526,-0.9621398549377987,0.8533500603789623,-0.2546458716470661
0.15399810070180361,-0.5953835117874304,-0.27420424855354086,-1.0838495120316094,-0.9316377050115747,0.8545957998420403,-0.2546458716470661
0.15399810070180361,-0.5867578936540266,-0.27420424855354086,-0.9732148959096905,-0.781305680375188,0.851785887970626,-0.2546458716470661
0.15399810070180361,0.12599557864448732,3.6469165057620936,-0.9347097108868657,-0.6963354055807082,0.8483000337866187,-0.2546458716470661
0.15399810070180361,-0.286147066752249,-0.27420424855354086,-1.532353568565075,-0.6810843306175971,0.844814179602612,-0.2546458716470661
0.15399810070180361,-0.14409983497883178,-0.27420424855354086,-2.061664280991511,-0.5438246559495914,0.8413283254186052,-0.2546458716470661
0.15399810070180361,0.004806384108684223,-0.27420424855354086,-2.118608568701322,-0.4762841811129535,0.83991502845315,-0.2546458716470661
0.15399810070180361,0.449278969278546,-0.27420424855354086,-2.0459368110526106,-0.47410545611822347,0.8400561513074043,-0.2546458716470661
0.15399810070180361,-0.7571728061789654,3.6469165057620936,-1.8859504789155217,-0.3913139063184746,0.8401972716205987,-0.2546458716470661
0.15399810070180361,-0.8725565388068791,-0.27420424855354086,-1.7172869219845572,-0.36081175639225066,0.8403383919337923,-0.3473739113418393
0.15399810070180361,-0.8482117538274483,-0.27420424855354086,-2.2975763300750147,-0.3346670564554877,0.8417060895759205,-0.3473739113418393
0.15399810070180361,-0.8558694271000911,-0.27420424855354086,-2.0312939942129447,-0.2823776565819618,0.8504332461095344,-0.3473739113418393
0.15399810070180361,-0.7978075940603536,-0.27420424855354086,-2.263952083998745,-0.2649478566241198,0.8591604026431483,-0.3473739113418393
0.15399810070180361,-0.7271363317089543,-0.27420424855354086,-1.9917041560908857,-0.27802020659250176,0.8678875591767621,-0.3473739113418393
0.15399810070180361,-0.7704984633643864,3.6469165057620936,-2.1413862837852466,-0.2605904066346598,0.876614715710376,-0.3473739113418393
0.15399810070180361,-0.7364560154234708,-0.27420424855354086,-1.2064153122451078,-0.24751805666627785,0.8840621537253798,-0.3473739113418393
0.15399810070180361,-0.850983368351256,-0.27420424855354086,-1.7519958211600613,-0.18433503181910094,0.8909977028083036,-0.3473739113418393
0.15399810070180361,-0.7251951481604438,-0.27420424855354086,-1.5768243456336895,0.16208224234300753,0.8979332518912274,-0.3473739113418393
0.15399810070180361,-0.7989207333420051,-0.27420424855354086,-1.2980684991304232,0.486712266557814,0.9048687984330912,-0.3473739113418393
0.15399810070180361,-0.7925228293860029,-0.27420424855354086,-1.069749021741561,0.5934697912995959,0.9109698049378653,-0.3473739113418393
0.15399810070180361,-0.7693186398078581,-0.27420424855354086,-1.2015343732985526,0.5803974413312148,0.9167369923785315,-0.3473739113418393
0.15399810070180361,-0.7656335081428,-0.27420424855354086,-1.7444032494654196,0.6087208662627078,0.9225041798191976,-0.384202068951111
0.15399810070180361,-0.7113882192936652,-0.27420424855354086,-1.0062968154363428,0.7873763158305885,0.9282713672598646,-0.384202068951111
0.15399810070180361,-0.6648091456210597,-0.27420424855354086,-0.5008484711930659,1.0074275402983432,0.9335572016875597,-0.384202068951111
0.15399810070180361,-0.5176120968985543,-0.27420424855354086,-0.8023820327802569,1.16211701492419,0.9376396535828281,-0.384202068951111
0.15399810070180361,-0.7102417558197516,-0.27420424855354086,-0.12121988646099095,1.3146277645553077,0.9417221080191569,-0.384202068951111
0.15399810070180361,-0.691934894561115,-0.27420424855354086,-0.6055174952691951,1.4976406641126485,0.9458045624554858,-0.384202068951111
0.15399810070180361,-0.6464679193499395,-0.27420424855354086,-0.030651352674910145,1.5412151640072524,0.9498870143507541,-0.384202068951111
0.15399810070180361,-0.6586918503857925,-0.27420424855354086,-0.22263495123941654,1.5325002640283323,0.9447641762225734,-0.384202068951111
0.15399810070180361,-0.5861886547187815,-0.27420424855354086,0.353315844454103,1.3647384394341027,0.9396413355533321,-0.384202068951111
0.15399810070180361,-0.5517737546451771,-0.27420424855354086,0.5436724633697572,1.2274787647660979,0.9345184974251506,-0.384202068951111
0.15399810070180361,-0.5469143983185748,-0.27420424855354086,0.5848892811406685,1.138151039982157,0.9293956592969699,-0.384202068951111
0.15399810070180361,-0.5879840875459377,-0.27420424855354086,0.15807828659189263,1.0531807651876781,0.928710874095262,-0.384202068951111
0.15399810070180361,-0.620470832268976,-0.27420424855354086,0.5447571164689915,0.9703892153879283,0.9313546285884096,-0.384202068951111
0.15399810070180361,-0.6080226942012845,-0.27420424855354086,0.3224032311259194,0.8483806156830355,0.9339983830815571,-0.3927514626818347
0.15399810070180361,-0.6217996007882275,-0.27420424855354086,0.5951934855833961,0.7677677908780156,0.9366421401157654,-0.3927514626818347
0.15399810070180361,-0.6541357495923295,-0.27420424855354086,0.6510531201939729,0.8745253156197974,0.9389862426387834,-0.3927514626818347
0.15399810070180361,-0.6714623017637814,-0.27420424855354086,0.9455364366361392,0.9856402903510403,0.9405812177775391,-0.3927514626818347
0.15399810070180361,-0.6758842444197363,-0.27420424855354086,0.762230062865509,1.0248573402561851,0.9421761929162948,-0.3927514626818347
0.15399810070180361,-0.6555789365552341,-0.27420424855354086,0.723182551293067,1.0531807651876781,0.9437711680550506,-0.3927514626818347
0.15399810070180361,-0.6781459467609207,-0.27420424855354086,0.5566883005605717,0.9878190153457702,0.9453661431938063,-0.3927514626818347
0.15399810070180361,-0.6389747315626364,-0.27420424855354086,0.40266756046927255,0.8462018906883044,0.9469017007244627,-0.3927514626818347
0.15399810070180361,-0.5717452822317696,-0.27420424855354086,0.332707435568647,0.7525167159149045,0.9484273557439458,-0.3927514626818347
0.15399810070180361,-0.6195576022505455,-0.27420424855354086,0.3544004975533373,0.7503379909201736,0.9499530107634282,-0.3927514626818347
0.15399810070180361,-0.6671670879423747,3.6469165057620936,0.37121262059147214,0.8265933657357325,0.9514786657829114,-0.3927514626818347
0.15399810070180361,-0.7470734045571821,-0.27420424855354086,0.07510232450045333,0.8353082657146534,0.955717992563936,-0.3927514626818347
0.15399810070180361,-0.7611326067114256,-0.27420424855354086,-0.020889474781799665,0.7677677908780156,0.9635755449722696,-0.3927514626818347
0.15399810070180361,-0.7283390353651781,-0.27420424855354086,0.0018882403021249197,0.6239719412258198,0.9714330973806032,-0.3927514626818347
0.15399810070180361,-0.6702637254980908,-0.27420424855354086,-0.533930390719718,0.488890991552545,0.9792906523299968,-0.519019431627909
0.15399810070180361,-0.7144221384584517,-0.27420424855354086,-0.0930189058808938,0.39738454177387417,0.9865504787963877,-0.519019431627909
0.15399810070180361,-0.6358939934330615,-0.27420424855354086,-0.566469983696753,0.4605675666210511,0.9902239623164276,-0.519019431627909
0.15399810070180361,-0.5752958789106187,-0.27420424855354086,-0.7801466442459494,0.4583888416263211,0.9938974432954076,-0.519019431627909
0.15399810070180361,-0.5861533565571336,-0.27420424855354086,-1.0730029810392643,0.41917179172117713,0.9975709268154476,-0.519019431627909
0.15399810070180361,-0.5846433417579422,-0.27420424855354086,-0.859868647039685,0.3734185668318412,1.0012444103354876,-0.519019431627909
0.15399810070180361,-0.5679713219443648,-0.27420424855354086,-0.7730963991009254,0.3734185668318412,1.006420564986491,-0.519019431627909
0.15399810070180361,0.12773766046270665,3.6469165057620936,-0.931455751589162,0.2906270170320923,1.0121977921555751,-0.519019431627909
0.15399810070180361,-0.2991723755230803,-0.27420424855354086,-0.9661646507646661,0.20347801724288248,1.0179750167835993,-0.519019431627909
0.15399810070180361,-0.23074481650110484,-0.27420424855354086,-1.1917724954054423,0.12286519243786359,1.0237522439526834,-0.519019431627909
0.15399810070180361,-0.08528758850461407,-0.27420424855354086,-1.4954753631911017,0.1185077424484026,1.0288780271695097,-0.519019431627909
0.15399810070180361,0.4405608078713155,-0.27420424855354086,-1.3072880504739162,0.06621834257487669,1.0331352226850918,-0.519019431627909
0.15399810070180361,-0.648473795258765,3.6469165057620936,-1.5318112420154577,0.06621834257487669,1.037392418200674,-0.519019431627909
0.15399810070180361,-0.7332580235123982,-0.27420424855354086,-1.6505807563816355,0.13811626740097555,1.0416496137162559,-0.5985945578907992
0.15399810070180361,-0.7721179616837675,-0.27420424855354086,-1.413584054198897,0.33638024192142724,1.0459068066907782,-0.5985945578907992
0.15399810070180361,-0.808043163679383,-0.27420424855354086,-1.995500441938206,0.37995474181603217,1.0483205927046624,-0.5985945578907992
0.15399810070180361,-0.8173577868542024,-0.27420424855354086,-1.541573119908568,0.45403139163686107,1.0507343787185468,-0.5985945578907992
0.15399810070180361,-0.7218497725169803,-0.27420424855354086,-1.3929756453134419,0.5629676413733729,1.0531481647324303,-0.5985945578907992
0.15399810070180361,-0.692764266771015,3.6469165057620936,-1.5290996092673714,0.6130783162521688,1.0555619507463145,-0.5985945578907992
0.15399810070180361,-0.7015508710803932,-0.27420424855354086,-1.5421154464581857,0.7329081909623316,1.059490348332528,-0.5985945578907992
0.15399810070180361,-0.7743849040164116,-0.27420424855354086,-1.3642323381837276,0.8287720907304625,1.0645547065037828,-0.5985945578907992
0.15399810070180361,-0.7211687710241641,-0.27420424855354086,-1.3371160107028652,0.9965339153246913,1.0696190672160983,-0.5985945578907992
0.15399810070180361,-0.7201716652520267,-0.27420424855354086,-1.2595633141075984,1.066253115156059,1.074683425387353,-0.5985945578907992
0.15399810070180361,-0.7300545403773986,-0.27420424855354086,-0.5436922686128285,1.0967552650822832,1.078383196174031,-0.5985945578907992
0.15399810070180361,-0.667914863435949,-0.27420424855354086,0.11035355022557489,1.179546814882032,1.0802635120324853,-0.5985945578907992
0.15399810070180361,-0.647247152737448,-0.27420424855354086,-0.6912050901087204,1.2950192396027347,1.0821438304319995,-0.5985945578907992
0.15399810070180361,-0.4552194468077665,-0.27420424855354086,-0.8642072594366234,1.3887044143761356,1.0840241488315139,-0.48153362834704294
0.15399810070180361,-0.6932897374214311,-0.27420424855354086,-0.9873153861997388,1.4932832141231864,1.0859044672310283,-0.48153362834704294
0.15399810070180361,-0.6881306428162312,-0.27420424855354086,-0.19334931756008508,1.4562448892127735,1.087297013899783,-0.48153362834704294
0.15399810070180361,-0.699631993385939,-0.27420424855354086,-0.8929505665663373,1.4061342143339766,1.088689560568538,-0.48153362834704294
0.15399810070180361,-0.6255823003764573,-0.27420424855354086,-0.1033231103236218,1.2906617896132748,1.0900821072372928,-0.48153362834704294
0.15399810070180361,-0.5476204871677629,-0.27420424855354086,-0.0789184155908454,1.155580839939999,1.0914746539060471,-0.48153362834704294
0.15399810070180361,-0.5882824081556135,-0.27420424855354086,-0.1331510705525704,1.066253115156059,1.0918976692614573,-0.48153362834704294
0.15399810070180361,-0.4695502492042768,-0.27420424855354086,0.38097449848458226,0.9573168654195473,1.0919328731079525,-0.48153362834704294
0.15399810070180361,-0.6285536088213713,-0.27420424855354086,0.4813049101637739,0.8353082657146534,1.0919680744133884,-0.48153362834704294
0.15399810070180361,-0.5648693367261317,-0.27420424855354086,-0.11850825371290487,0.7198358409939507,1.0920032782598843,-0.48153362834704294
0.15399810070180361,-0.5225066975512755,-0.27420424855354086,0.41622572420970383,0.5695038163575639,1.0923237338889753,-0.48153362834704294
0.15399810070180361,-0.5803960236118977,-0.27420424855354086,0.6971508769114388,0.44749521665267006,1.0933573278682658,-0.48153362834704294
0.15399810070180361,-0.585261122394894,-0.27420424855354086,0.49757470665229125,0.3211291669583153,1.094390921847556,-0.48153362834704294
0.15399810070180361,-0.5233597035582724,-0.27420424855354086,0.8056161868348888,0.2535886921216784,1.0954245158268465,-0.3888055886522697
0.15399810070180361,-0.5938691722007671,-0.27420424855354086,0.716132306148043,0.3581674918687302,1.0964581072650763,-0.3888055886522697
0.15399810070180361,-0.644864643469872,-0.27420424855354086,0.7405370008808186,0.45403139163686107,1.0965879071555664,-0.3888055886522697
0.15399810070180361,-0.6925396828904753,-0.27420424855354086,0.6678652432321077,0.6283293912152799,1.0967177070460568,-0.3888055886522697
0.15399810070180361,-0.6017100477775591,-0.27420424855354086,0.6190558537665549,0.6435804661783918,1.096847509477607,-0.3888055886522697
0.15399810070180361,-0.6003240162009523,-0.27420424855354086,0.6109209555222966,0.7917337658200485,1.0969773093680972,-0.3888055886522697
0.15399810070180361,-0.5680751886243938,-0.27420424855354086,0.34301164001137463,0.9769253903721192,1.0989369367941009,-0.3888055886522697
0.15399810070180361,-0.5177211676796905,-0.27420424855354086,0.20959930880553151,1.0357509652298362,1.1022689374127996,-0.3888055886522697
0.15399810070180361,-0.5925505965416151,-0.27420424855354086,0.4276145817516657,1.107648890055934,1.1056009405725582,-0.3888055886522697
0.15399810070180361,-0.6703354523674887,3.6469165057620936,0.6575610387893801,1.203512789824065,1.1089329411912567,-0.3888055886522697
0.15399810070180361,-0.6958916623587922,-0.27420424855354086,0.012734771294469685,1.2841256146290838,1.112475646512672,-0.3888055886522697
0.15399810070180361,-0.6824263737571125,-0.27420424855354086,-0.1662329900792226,1.4802108641548064,1.1172825749682633,-0.3888055886522697
0.15399810070180361,-0.6491279507679387,-0.27420424855354086,-0.33326956736133545,1.3908831393708656,1.1220895059649154,-0.3888055886522697
0.15399810070180361,-0.6199923600351106,-0.27420424855354086,-0.16731764317845726,1.3647384394341027,1.1268964369615677,-0.380256194921546
0.15399810070180361,-0.6239749688865612,-0.27420424855354086,-0.9178975878487308,1.3974193143550566,1.1317033679582198,-0.380256194921546
0.15399810070180361,-0.6451243640054732,-0.27420424855354086,-0.47373214371220335,1.3298788395184187,1.1325015937055543,-0.380256194921546
0.15399810070180361,-0.6390066919215052,-0.27420424855354086,-0.21558470609439254,1.140329764976888,1.132631703605375,-0.380256194921546
0.23099715105270544,-0.019578203271628597,-0.27420424855354086,-2.772112060990108,-1.2431953792580002,-1.0177070339833851,0.4056303826334463
0.23099715105270544,-0.052660350996857966,3.6469165057620936,-2.3062535548688903,-1.2802337041684142,-1.016215185227348,0.4056303826334463
0.23099715105270544,-0.0819747654108347,-0.27420424855354086,-2.063291260640362,-1.33252310404194,-1.014934818738415,0.4056303826334463
0.23099715105270544,-0.34031987503458383,-0.27420424855354086,-1.808397782320255,-1.3194507540735583,-1.013689699293999,0.4056303826334463
0.23099715105270544,-0.07063156567925695,-0.27420424855354086,-1.738979983969247,-1.2911273291420653,-1.0124445798495831,0.4056303826334463
0.23099715105270544,-0.1465172117238262,-0.27420424855354086,-1.6033983465649346,-1.2061570543475855,-1.0111994604051682,0.4056303826334463
0.23099715105270544,-0.2542161559178108,-0.27420424855354086,-1.3734518895272205,-1.1429740295004085,-1.010175659671467,0.4056303826334463
0.23099715105270544,-0.2717190732812678,-0.27420424855354086,-1.3777905019241588,-1.1495102044845995,-1.0091887449660422,0.4056303826334463
0.23099715105270544,-0.027240811467735104,-0.27420424855354086,-1.3089150301227679,-1.1604038294582504,-1.0082018302606168,0.42141387875170616
0.23099715105270544,-0.040799091972647326,-0.27420424855354086,-0.5713509226433081,-1.1102931545794545,-1.0072149130141315,0.42141387875170616
0.23099715105270544,-0.2503008235320528,-0.27420424855354086,-1.3051187442754473,-1.0318590547691666,-1.0061961130866894,0.42141387875170616
0.23099715105270544,-0.29268286144241534,-0.27420424855354086,-1.1380821669933343,-1.0100718048218638,-1.00513479614181,0.42141387875170616
0.23099715105270544,-0.25217525102498123,-0.27420424855354086,-1.0903574306270163,-0.9229228050326538,-1.0040734817379913,0.42141387875170616
0.23099715105270544,0.052849461148623364,-0.27420424855354086,-0.32242303636899067,-0.8227014552750629,-1.0030121647931118,0.42141387875170616
0.23099715105270544,-0.12986139640438613,-0.27420424855354086,-1.1706217599703694,-0.8183440052856019,-1.0018450813040798,0.42141387875170616
0.23099715105270544,-0.10455614970268277,-0.27420424855354086,-0.5344727172693352,-0.8662759551696678,-1.00004338584483,0.42141387875170616
0.23099715105270544,0.04454418235613166,-0.27420424855354086,0.05340926251576342,-0.9861058298798308,-0.9982416929266402,0.42141387875170616
0.23099715105270544,-0.07505849709420409,-0.27420424855354086,-0.11959290681213915,-1.0928633546216124,-0.9964400000084505,0.42141387875170616
0.23099715105270544,0.05174199254266123,-0.27420424855354086,-0.4905442667503382,-1.1516889294793293,-0.9946383070902606,0.42141387875170616
0.23099715105270544,-0.07849677491501904,-0.27420424855354086,-0.38207895682688825,-1.2061570543475855,-0.9936830870273462,0.42141387875170616
0.23099715105270544,-0.123439715089877,-0.27420424855354086,0.16892481758423777,-1.1952634293739344,-0.9930664555983298,0.42141387875170616
0.23099715105270544,0.05998401458893624,-0.27420424855354086,-0.09573053862898027,-1.1843698044002833,-0.9924498241693136,0.3773516187548989
0.23099715105270544,0.13876522248954565,-0.27420424855354086,0.56482319880483,-1.2039783293528554,-0.9918331952813572,0.3773516187548989
0.23099715105270544,-0.03028696924271144,-0.27420424855354086,0.3793475188357304,-1.2257655793001583,-0.9913086976091076,0.3773516187548989
0.23099715105270544,-0.13174199703793815,-0.27420424855354086,0.2567817186222325,-1.2519102792369212,-0.9909070474869399,0.3773516187548989
0.23099715105270544,-0.07125121261453697,-0.27420424855354086,0.1694671441338549,-1.2344804792790793,-0.9905053948237124,0.3773516187548989
0.23099715105270544,0.14410075406745568,-0.27420424855354086,0.12282706086677146,-1.2344804792790793,-0.9901037447015447,0.3773516187548989
0.23099715105270544,-0.05938225510972308,-0.27420424855354086,0.04961297666844266,-1.1952634293739344,-0.989702092038317,0.3773516187548989
0.23099715105270544,-0.06755256823177655,-0.27420424855354086,0.1092688971263402,-1.2257655793001583,-0.9888987892529219,0.3773516187548989
0.23099715105270544,-0.12150086441427677,-0.27420424855354086,-0.18629907241506108,-1.2824124291631442,-0.9880954864675265,0.3773516187548989
0.23099715105270544,-0.013422110565348444,-0.27420424855354086,0.33975768071367174,-1.358667803978703,-0.9872921836821312,0.3773516187548989
0.23099715105270544,-0.0050298873940138825,3.6469165057620936,-0.3169997708728181,-1.397884853883847,-0.986488880896736,0.3773516187548989
0.23099715105270544,-0.2181335208911149,-0.27420424855354086,-0.5740625553913946,-1.4000635788785771,-0.9862191448270541,0.3773516187548989
0.23099715105270544,-0.31654020159986485,-0.27420424855354086,-0.4444465100328719,-1.395706128889117,-0.9863495876057466,0.3773516187548989
0.23099715105270544,-0.21858606234532546,-0.27420424855354086,-0.15538645908687784,-1.397884853883847,-0.98648002784338,0.18268849996303388
0.23099715105270544,-0.07888645441689016,-0.27420424855354086,-0.7514033371162351,-1.2693400791947633,-0.9866104680810134,0.18268849996303388
0.23099715105270544,-0.1921431811964144,-0.27420424855354086,-1.1245240032529031,-1.0471101297322776,-0.9863134664365584,0.18268849996303388
0.23099715105270544,-0.23060728467046518,-0.27420424855354086,-1.330608092107458,-0.9577824049483378,-0.9849478499226443,0.18268849996303388
0.23099715105270544,-0.26910467644642583,-0.27420424855354086,-1.104457920917065,-0.9163866300484628,-0.9835822359497902,0.18268849996303388
0.23099715105270544,-0.1342383684487043,-0.27420424855354086,-1.6353956129923524,-0.9163866300484628,-0.982216621976936,0.18268849996303388
0.23099715105270544,-0.13250037813066542,-0.27420424855354086,-1.2557670282602778,-0.8662759551696678,-0.980851005463022,0.18268849996303388
0.23099715105270544,-0.25671744430686466,-0.27420424855354086,-1.2980684991304232,-0.7159439305332811,-0.9824041674579863,0.18268849996303388
0.23099715105270544,0.4339222591020467,3.6469165057620936,-1.7655539849004924,-0.6287949307440712,-0.9844437925377637,0.18268849996303388
0.23099715105270544,-0.05183568042313071,-0.27420424855354086,-1.7861623937859477,-0.6396885557177222,-0.9864834150764805,0.18268849996303388
0.23099715105270544,0.18767571551299583,-0.27420424855354086,-2.389771843509947,-0.49371398107079545,-0.988523040156258,0.18268849996303388
0.23099715105270544,0.27237926225429143,-0.27420424855354086,-2.17229889711343,-0.47846290610768444,-0.9884200865656255,0.18268849996303388
0.23099715105270544,0.9492159308996659,-0.27420424855354086,-2.1072197111593596,-0.4544969311656515,-0.9867101996074508,0.18268849996303388
0.23099715105270544,-0.30104994342184904,3.6469165057620936,-2.2742562884414723,-0.3956713563079346,-0.9850003101082154,0.18268849996303388
0.23099715105270544,-0.1917980595671267,-0.27420424855354086,-2.144097916533333,-0.36081175639225066,-0.9832904231500407,0.023538247437253513
0.23099715105270544,-0.4175948904585389,-0.27420424855354086,-2.3843485780137743,-0.3128798065081857,-0.9815436501635902,0.023538247437253513
0.23099715105270544,-0.4220633829016389,-0.27420424855354086,-2.586094054471391,-0.27584148159777083,-0.979575558466425,0.023538247437253513
0.23099715105270544,-0.4083318596653857,-0.27420424855354086,-2.9516221489134176,-0.2518755066557388,-0.9776074667692591,0.023538247437253513
0.23099715105270544,-0.23906958375498435,-0.27420424855354086,-2.6842551599521136,-0.25841168163992884,-0.9756393725310339,0.023538247437253513
0.23099715105270544,-0.06158450508205206,3.6469165057620936,-2.4700361728533,-0.22573080671897586,-0.973671280833868,0.023538247437253513
0.23099715105270544,-0.11314648761961499,-0.27420424855354086,-2.2254468989759206,-0.2083010067611339,-0.9708946161926797,0.023538247437253513
0.23099715105270544,-0.2417767571509443,-0.27420424855354086,-2.4060416399984645,-0.16908395685598898,-0.9677945228820933,0.023538247437253513
0.23099715105270544,-0.17835001627980543,-0.27420424855354086,-2.513964623372297,0.17079714232192852,-0.9646944295715076,0.023538247437253513
0.23099715105270544,-0.17660685775101181,-0.27420424855354086,-1.764469331801258,0.5259293164629589,-0.9615943362609212,0.023538247437253513
0.23099715105270544,-0.2828215384736976,-0.27420424855354086,-1.567604794290196,0.6000059662837869,-0.9587208318196782,0.023538247437253513
0.23099715105270544,-0.3202544223955945,-0.27420424855354086,-2.0432251783045245,0.5782187163364849,-0.9559379619097478,0.023538247437253513
0.23099715105270544,-0.35136225977699,-0.27420424855354086,-2.0432251783045245,0.6087208662627078,-0.9531550894587576,-0.034992217334624875
0.23099715105270544,-0.10731109315777124,-0.27420424855354086,-1.7124059830380018,0.7873763158305885,-0.950372219548828,-0.034992217334624875
0.23099715105270544,-0.3261770842494529,-0.27420424855354086,-1.1500133510849138,1.011784990287803,-0.9478135626170557,-0.034992217334624875
0.23099715105270544,-0.221315362143579,-0.27420424855354086,-1.45642785161866,1.2209425897819068,-0.945815443212799,-0.034992217334624875
0.23099715105270544,-0.3079014117071071,-0.27420424855354086,-0.7318795813300142,1.3712746144182937,-0.9438173238085421,-0.034992217334624875
0.23099715105270544,-0.03634075649929473,-0.27420424855354086,-0.8495644425969574,1.5673598639440163,-0.9418192018632254,-0.034992217334624875
0.23099715105270544,-0.1866663851912086,-0.27420424855354086,-0.6760199467194373,1.6043981888544292,-0.9398210824589693,-0.034992217334624875
0.23099715105270544,-0.19146533805461494,-0.27420424855354086,-0.6402263944446991,1.6174705388228112,-0.9376005237364979,-0.034992217334624875
0.23099715105270544,-0.08668532033612394,-0.27420424855354086,-0.21287307334630606,1.4714959641758845,-0.9353799650140264,-0.034992217334624875
0.23099715105270544,0.01691365355385479,-0.27420424855354086,-0.009500617239837373,1.3385937394973397,-0.933159406291555,-0.034992217334624875
0.23099715105270544,0.08798423196676168,-0.27420424855354086,-0.04420951641534139,1.231836214755558,-0.9309388475690835,-0.034992217334624875
0.23099715105270544,-0.11374147788275289,-0.27420424855354086,-0.3343542204605701,1.120721240024316,-0.9273512544211671,-0.034992217334624875
0.23099715105270544,-0.085337009519956,-0.27420424855354086,-0.20202654235396128,1.07278929014025,-0.9227383816425773,-0.034992217334624875
0.23099715105270544,0.04502421582032928,-0.27420424855354086,-0.04204021021687244,0.9943551903299612,-0.9181255114050481,-0.06853214658592534
0.23099715105270544,0.1593133465336386,-0.27420424855354086,0.1450624494010789,0.9268147154933234,-0.9135126411675181,-0.06853214658592534
0.23099715105270544,-0.04216132824557109,-0.27420424855354086,0.20417604330935932,1.0204998902667242,-0.9095636152554893,-0.06853214658592534
0.23099715105270544,-0.04874164491796815,-0.27420424855354086,0.48022025706453886,1.140329764976888,-0.9072742014277418,-0.06853214658592534
0.23099715105270544,-0.07118621518622585,-0.27420424855354086,0.14397779630184424,1.175189364892572,-0.9049847875999942,-0.06853214658592534
0.23099715105270544,0.11219900414439404,-0.27420424855354086,0.13530057150796804,1.1860829898662228,-0.9026953737722466,-0.06853214658592534
0.23099715105270544,0.07647387291858573,-0.27420424855354086,0.1260810201644751,1.135972314987427,-0.900405962485559,-0.06853214658592534
0.23099715105270544,-0.04174491043111471,-0.27420424855354086,-0.004619678293282325,1.0052488153036123,-0.8994149490502074,-0.06853214658592534
0.23099715105270544,0.03515173095199554,-0.27420424855354086,0.023581302286814834,0.9529594154300863,-0.8986403348332359,-0.06853214658592534
0.23099715105270544,-0.008768154725894007,-0.27420424855354086,-0.053971394308451874,0.9268147154933234,-0.8978657206162639,-0.06853214658592534
0.23099715105270544,0.04429183728796148,3.6469165057620936,0.017073383691407592,0.9812828403615802,-0.8970911089403517,-0.06853214658592534
0.23099715105270544,-0.16771450251810044,-0.27420424855354086,-0.29693368853698,0.9812828403615802,-0.896076732998527,-0.06853214658592534
0.23099715105270544,-0.21782683782931533,-0.27420424855354086,-0.5393536562158906,0.8701678656303374,-0.8947426764509392,-0.06853214658592534
0.23099715105270544,-0.15377169277689537,-0.27420424855354086,-0.06752955804888312,0.7089422160202997,-0.8934086199033507,-0.06853214658592534
0.23099715105270544,0.15252282006686335,-0.27420424855354086,-0.7497763574673832,0.5978272412890568,-0.8920745633557622,-0.17967426508533468
0.23099715105270544,-0.10254436983087716,-0.27420424855354086,-0.366351486887988,0.488890991552545,-0.8909794477706174,-0.17967426508533468
0.23099715105270544,-0.12583505515845866,-0.27420424855354086,-0.8370909319557609,0.5651463663681029,-0.8913179830422538,-0.17967426508533468
0.23099715105270544,-0.13059106521514272,-0.27420424855354086,-1.3886370329165036,0.53464421644188,-0.8916565183138903,-0.17967426508533468
0.23099715105270544,-0.10063380075301807,-0.27420424855354086,-1.5708587535878997,0.495427166536735,-0.8919950535855259,-0.17967426508533468
0.23099715105270544,0.05852085464488549,-0.27420424855354086,-1.1163891050086445,0.4605675666210511,-0.8923335863161024,-0.17967426508533468
0.23099715105270544,-0.1775449597836995,-0.27420424855354086,-1.2411242114206118,0.46274629161578207,-0.892210085713577,-0.17967426508533468
0.23099715105270544,0.4258225781936411,3.6469165057620936,-1.6050253262137864,0.3864909168002232,-0.8919017712695985,-0.17967426508533468
0.23099715105270544,-0.05837696633722407,-0.27420424855354086,-1.2975261725808056,0.3102355419846643,-0.8915934568256206,-0.17967426508533468
0.23099715105270544,0.18655489569591702,-0.27420424855354086,-1.4331078099851182,0.24269506714802738,-0.8912851398405821,-0.17967426508533468
0.23099715105270544,0.28672553339271345,-0.27420424855354086,-1.7585037397554684,0.1882269422797705,-0.8905114022893412,-0.17967426508533468
0.23099715105270544,0.8436849075558789,-0.27420424855354086,-2.068172199586918,0.1185077424484026,-0.8891170972070039,-0.17967426508533468
0.23099715105270544,-0.12955483895882008,3.6469165057620936,-2.270460002594152,0.09454176750637062,-0.8877227921246668,-0.17967426508533468
0.23099715105270544,-0.13184607906008194,-0.27420424855354086,-2.0459368110526106,0.1751545923113895,-0.8863284895833895,-0.26582584806416665
0.23099715105270544,-0.37455812279336337,-0.27420424855354086,-1.9043895816025085,0.3581674918687302,-0.8849341845010522,-0.26582584806416665
0.23099715105270544,-0.3701690018647363,-0.27420424855354086,-2.4646129073571275,0.39956326676860415,-0.8823062354016683,-0.26582584806416665
0.23099715105270544,-0.40371142541513216,-0.27420424855354086,-1.9797729719993062,0.45621011663159106,-0.8796782888433442,-0.26582584806416665
0.23099715105270544,-0.18998731950464454,-0.27420424855354086,-1.9212017046406433,0.5978272412890568,-0.8770503397439603,-0.26582584806416665
0.23099715105270544,0.06456032165083593,3.6469165057620936,-1.9944157888389717,0.6457591911731217,-0.874422393185637,-0.26582584806416665
0.23099715105270544,-0.14219839999567477,-0.27420424855354086,-1.9938734622893546,0.7503379909201736,-0.8720939461338367,-0.26582584806416665
0.23099715105270544,-0.2280917119211312,-0.27420424855354086,-1.7682656176485785,0.8549167906672255,-0.8699901237119294,-0.26582584806416665
0.23099715105270544,-0.16040740620831986,-0.27420424855354086,-2.070341505785387,1.0204998902667242,-0.8678862987489622,-0.26582584806416665
0.23099715105270544,-0.029538134983739316,-0.27420424855354086,-1.7156599423357053,1.127257415008506,-0.8657824763270547,-0.26582584806416665
0.23099715105270544,-0.22525829421038138,-0.27420424855354086,-1.3886370329165036,1.107648890055934,-0.8638081387041872,-0.26582584806416665
0.23099715105270544,-0.305496058230188,-0.27420424855354086,-0.5800281474371843,1.155580839939999,-0.8620064457859973,-0.26582584806416665
0.23099715105270544,-0.2207450285525834,-0.27420424855354086,-1.482459526000288,1.225300039771367,-0.8602047528678075,-0.26582584806416665
0.23099715105270544,0.12884638523100533,-0.27420424855354086,-1.4813748729010534,1.3037341395816557,-0.8584030574085577,-0.2513576432890955
0.23099715105270544,-0.2787943358593111,-0.27420424855354086,-1.2888489477869298,1.4518874392233134,-0.856601364490368,-0.2513576432890955
0.23099715105270544,-0.21790683742495612,-0.27420424855354086,-0.5344727172693352,1.4976406641126485,-0.8552020865534331,-0.2513576432890955
0.23099715105270544,-0.23877890779038352,-0.27420424855354086,-0.9254901595433723,1.4475299892338516,-0.8538028111575583,-0.2513576432890955
0.23099715105270544,-0.17668089954814378,-0.27420424855354086,-1.1050002474666822,1.3778107894024847,-0.8524035332206236,-0.2513576432890955
0.23099715105270544,0.03143907138659786,-0.27420424855354086,-0.7351335406277177,1.2819468896343538,-0.8510042552836887,-0.2513576432890955
0.23099715105270544,-0.12013645677502925,-0.27420424855354086,-0.440107897635934,1.177368089887302,-0.850538888079748,-0.2513576432890955
0.23099715105270544,0.039984582253303355,-0.27420424855354086,-0.13369339710218753,1.07061056514552,-0.850447082119733,-0.2513576432890955
0.23099715105270544,-0.05235718518959974,-0.27420424855354086,-0.11688127406405305,0.9573168654195473,-0.8503552736186579,-0.2513576432890955
0.23099715105270544,0.10973046570196346,-0.27420424855354086,-0.6093137811165158,0.8440231656935745,-0.8502634676586436,-0.2513576432890955
0.23099715105270544,-0.028319280668906984,-0.27420424855354086,-0.1532171528884085,0.7067634910255687,-0.8499556461803229,-0.2513576432890955
0.23099715105270544,0.020194946972994968,-0.27420424855354086,0.12879265291256117,0.5891123413101359,-0.8491077782830575,-0.2513576432890955
0.23099715105270544,0.011056419812537216,-0.27420424855354086,0.0024305668517420618,0.47581864158416304,-0.8482599103857928,-0.2513576432890955
0.23099715105270544,0.24305230416212856,-0.27420424855354086,0.23183469733983855,0.3908483667896832,-0.847412045029588,-0.3065998797030027
0.23099715105270544,0.032517666204003474,-0.27420424855354086,0.20634534950782787,0.4409590416684791,-0.8465641771323226,-0.3065998797030027
0.23099715105270544,0.008248825210384824,-0.27420424855354086,0.3299958028205609,0.5477165664102609,-0.8473215782082407,-0.3065998797030027
0.23099715105270544,-0.023838513725264573,-0.27420424855354086,0.18736392027122445,0.7459805409307136,-0.8480789767430988,-0.3065998797030027
0.23099715105270544,0.08234300431174513,-0.27420424855354086,0.2676282496145769,0.7394443659465226,-0.8488363778190161,-0.3065998797030027
0.23099715105270544,0.13718601109080472,-0.27420424855354086,0.3440962931106097,0.9006700155565603,-0.8495937763538742,-0.3065998797030027
0.23099715105270544,0.04174647554608294,-0.27420424855354086,0.26437429031687404,1.0488233151982171,-0.8485281700995623,-0.3065998797030027
0.23099715105270544,-0.040062639885275315,-0.27420424855354086,0.07672930414930515,1.122899965019046,-0.8460953108886375,-0.3065998797030027
0.23099715105270544,0.01519290855017476,-0.27420424855354086,0.16404387863768233,1.144687214966348,-0.8436624516777127,-0.3065998797030027
0.23099715105270544,0.06611866280961962,3.6469165057620936,0.04961297666844266,1.225300039771367,-0.841229589925728,-0.3065998797030027
0.23099715105270544,-0.10569220497438228,-0.27420424855354086,-0.16135205113266754,1.3712746144182937,-0.8388317312764924,-0.3065998797030027
0.23099715105270544,-0.15064103116704408,-0.27420424855354086,-0.4330576524909096,1.5194279140599505,-0.8366438785384472,-0.3065998797030027
0.23099715105270544,-0.14410487757335297,-0.27420424855354086,-0.5426076155135943,1.4366363642602005,-0.8344560258004028,-0.3065998797030027
0.23099715105270544,0.090578350752462,-0.27420424855354086,-0.35767426209411185,1.4562448892127735,-0.8322681730623577,-0.48219127401863726
0.23099715105270544,-0.0006990165074350082,-0.27420424855354086,-0.8392602381542298,1.4606023392022336,-0.8300803203243132,-0.48219127401863726
0.23099715105270544,-0.12463140040789453,-0.27420424855354086,-0.9303710984899277,1.3974193143550566,-0.8320645604583549,-0.48219127401863726
0.23099715105270544,-0.15506322505546605,-0.27420424855354086,-0.7438107654215935,1.2165851397924459,-0.8347441489809002,-0.48219127401863726
0.30799620140360723,1.488122709006222,-0.27420424855354086,-1.8154480274652796,-0.8815270301327789,-0.9205227271660813,0.24056131906331849
0.30799620140360723,1.2567608097877199,3.6469165057620936,-1.67335847146556,-0.9120291800590028,-0.9190273946166602,0.24056131906331849
0.30799620140360723,1.6151396354136176,-0.27420424855354086,-1.5307265889162234,-0.9795696548956406,-0.9176432664799855,0.24056131906331849
0.30799620140360723,0.620732710110361,-0.27420424855354086,-1.3376583372524822,-0.9773909299009097,-0.9162776753766723,0.24056131906331849
0.30799620140360723,0.48218778454655353,-0.27420424855354086,-1.2253967414817115,-0.9577824049483378,-0.9149120817322991,0.24056131906331849
0.30799620140360723,1.5793260703593395,-0.27420424855354086,-0.7964164407344672,-0.9163866300484628,-0.9135464880879259,0.24056131906331849
0.30799620140360723,1.1764835125446749,-0.27420424855354086,-0.6304645165515885,-0.8684546801643979,-0.9124989767225191,0.24056131906331849
0.30799620140360723,1.42069379904154,-0.27420424855354086,-0.4514967551778959,-0.8619185051802069,-0.9115044794937834,0.24056131906331849
0.30799620140360723,1.8105314517507483,-0.27420424855354086,-0.74652239816968,-0.8749908551485889,-0.9105099848061077,0.12284274384796795
0.30799620140360723,1.6344195738534169,-0.27420424855354086,0.1060149378286366,-0.79873548033303,-0.9095154875773728,0.12284274384796795
0.30799620140360723,1.4579948576988389,-0.27420424855354086,-0.3099495257277937,-0.759518430427886,-0.9084580482901918,0.12284274384796795
0.30799620140360723,1.444902972324188,-0.27420424855354086,-0.366351486887988,-0.735552455485853,-0.907316687952457,0.12284274384796795
0.30799620140360723,1.3653691796227743,-0.27420424855354086,-0.38587524267420903,-0.6897992305965182,-0.9061753301557828,0.12284274384796795
0.30799620140360723,1.6050697177163828,-0.27420424855354086,0.4531039295836764,-0.5743268058758143,-0.9050339698180487,0.12284274384796795
0.30799620140360723,1.4310139622213256,-0.27420424855354086,-0.3712324258345431,-0.5372884809654004,-0.9038042491977822,0.12284274384796795
0.30799620140360723,1.420479784869801,-0.27420424855354086,0.1434354697522271,-0.5721480808810844,-0.9020443592591434,0.12284274384796795
0.30799620140360723,1.646361263157498,-0.27420424855354086,0.3912787029273099,-0.6810843306175971,-0.9002844718615651,0.12284274384796795
0.30799620140360723,1.8448957823177319,-0.27420424855354086,0.7389100212319676,-0.768233330406807,-0.8985245819229263,0.12284274384796795
0.30799620140360723,1.4872669753324375,-0.27420424855354086,0.4465960109882699,-0.8423099802276349,-0.8967646919842882,0.12284274384796795
0.30799620140360723,1.5112584915725715,-0.27420424855354086,0.5062519314461671,-0.9076717300695418,-0.8958267104730286,0.12284274384796795
0.30799620140360723,1.6466418180427043,-0.27420424855354086,0.9411978242392012,-0.8728121301538578,-0.8952174913162965,0.12284274384796795
0.30799620140360723,1.7577746614345036,-0.27420424855354086,0.8452060249569482,-0.8728121301538578,-0.8946082721595644,0.07286167280681384
0.30799620140360723,1.9275520177382826,-0.27420424855354086,1.194464322910457,-0.9120291800590028,-0.8939990530028322,0.07286167280681384
0.30799620140360723,1.4996109416521042,-0.27420424855354086,0.9542136614300157,-0.9272802550221148,-0.8934471754081058,0.07286167280681384
0.30799620140360723,1.3696144161283756,-0.27420424855354086,1.133181422803708,-0.9468887799746868,-0.8929717506883268,0.07286167280681384
0.30799620140360723,1.3843991238124902,-0.27420424855354086,1.0366472969718374,-0.9294589800168448,-0.8924963259685478,0.07286167280681384
0.30799620140360723,1.5486820978383566,-0.27420424855354086,0.9102852109110183,-0.9076717300695418,-0.8920209012487681,0.07286167280681384
0.30799620140360723,1.4704401245383336,-0.27420424855354086,0.9054042719644629,-0.9490675049694167,-0.8915454790700491,0.07286167280681384
0.30799620140360723,1.6004391803319107,-0.27420424855354086,0.7860924310486678,-0.9708547549167197,-0.8907298800948751,0.07286167280681384
0.30799620140360723,1.4816524321544773,-0.27420424855354086,0.5230640544843019,-1.0318590547691666,-0.889914281119701,0.07286167280681384
0.30799620140360723,1.548815286936348,-0.27420424855354086,0.9683141517200637,-1.0863271796374225,-0.8890986821445269,0.07286167280681384
0.30799620140360723,1.5584768083129026,3.6469165057620936,0.5268603403316223,-1.1364378545162175,-0.8882830857104136,0.07286167280681384
0.30799620140360723,1.049701721781443,-0.27420424855354086,0.20797232915667968,-1.1168293295636456,-0.8879629477138331,0.07286167280681384
0.30799620140360723,0.9905261572692384,-0.27420424855354086,0.3478925789579301,-1.1364378545162175,-0.8880144041806688,0.07286167280681384
0.30799620140360723,0.8945735153005242,-0.27420424855354086,0.5165561358888947,-1.1299016795320274,-0.8880658606475044,0.09850985399898554
0.30799620140360723,1.1891077645719044,-0.27420424855354086,-0.15647111218611212,-0.9926420048640217,-0.88811731711434,0.09850985399898554
0.30799620140360723,1.2262997345028908,-0.27420424855354086,-0.12393151920907705,-0.783484405369918,-0.8878006654522044,0.09850985399898554
0.30799620140360723,1.1644733803384464,-0.27420424855354086,-0.42546508079626805,-0.6745481556334062,-0.8865637409265811,0.09850985399898554
0.30799620140360723,1.155537041478591,-0.27420424855354086,0.01924268988987693,-0.6614758056650242,-0.8853268189420177,0.09850985399898554
0.30799620140360723,1.1502513436550763,-0.27420424855354086,-0.8002127265817879,-0.6745481556334062,-0.8840898969574543,0.09850985399898554
0.30799620140360723,1.405073258884082,-0.27420424855354086,-0.800755053131405,-0.6396885557177222,-0.882852974972891,0.09850985399898554
0.30799620140360723,1.1839447040827569,-0.27420424855354086,-0.5344727172693352,-0.4806416311024145,-0.884462274067378,0.09850985399898554
0.30799620140360723,2.84050880291552,3.6469165057620936,-0.7589959088108766,-0.3760628313553626,-0.8865459433417062,0.09850985399898554
0.30799620140360723,1.506164573847445,-0.27420424855354086,-1.02256661192486,-0.3455606814291387,-0.8886296126160343,0.09850985399898554
0.30799620140360723,1.9644664475736704,-0.27420424855354086,-1.6180411634046006,-0.22573080671897586,-0.8907132818903633,0.09850985399898554
0.30799620140360723,2.3419695731259096,-0.27420424855354086,-1.5751973659848377,-0.12550945696138405,-0.8906190161841806,0.09850985399898554
0.30799620140360723,3.0064312347830304,-0.27420424855354086,-1.5903825093741206,-0.10807965700354207,-0.8888913011484095,0.09850985399898554
0.30799620140360723,0.7105101477601086,3.6469165057620936,-1.6852896555571395,-0.049254082145826134,-0.8871635835715785,0.09850985399898554
0.30799620140360723,0.938766472725131,-0.27420424855354086,-1.4233459320920077,-0.016573207224872193,-0.8854358685358082,-0.029073406290277427
0.30799620140360723,0.8744314726493781,-0.27420424855354086,-1.8962546833582494,0.01828639269081175,-0.8836515335990976,-0.029073406290277427
0.30799620140360723,0.847013540349918,-0.27420424855354086,-1.656004021877808,0.07057579256433767,-0.8815274945031091,-0.029073406290277427
0.30799620140360723,0.6748863708896569,-0.27420424855354086,-2.007973952579403,0.09454176750637062,-0.8794034554071205,-0.029073406290277427
0.30799620140360723,1.046332209875948,-0.27420424855354086,-1.7335567184730747,0.09018431751690964,-0.8772794163111319,-0.029073406290277427
0.30799620140360723,1.060910835156218,3.6469165057620936,-1.638649572290056,0.12504391743259358,-0.8751553772151441,-0.029073406290277427
0.30799620140360723,1.1921626078121768,-0.27420424855354086,-1.1576059227795552,0.13375881741151457,-0.8722750068295356,-0.029073406290277427
0.30799620140360723,1.1555015459200046,-0.27420424855354086,-1.497644669389571,0.20347801724288248,-0.8690921003705955,-0.029073406290277427
0.30799620140360723,1.0966323235112512,-0.27420424855354086,-1.2839680088403744,0.5368229414366099,-0.8659091964527152,-0.029073406290277427
0.30799620140360723,1.0196997379401491,-0.27420424855354086,-0.9233208533449033,0.8570955156619554,-0.862726292534835,-0.029073406290277427
0.30799620140360723,1.039940891799623,-0.27420424855354086,-0.7600805619101113,0.9529594154300863,-0.8598566428817496,-0.029073406290277427
0.30799620140360723,0.9145254108643194,-0.27420424855354086,-1.1147621253597926,0.9377083404669753,-0.8571122979838536,-0.029073406290277427
0.30799620140360723,1.0477094842065537,-0.27420424855354086,-1.2687828654510913,0.9856402903510403,-0.8543679530859577,-0.09615326479287953
0.30799620140360723,1.1571318113451246,-0.27420424855354086,-0.7481493778185319,1.168653189908381,-0.8516236081880617,-0.09615326479287953
0.30799620140360723,1.224123720378213,-0.27420424855354086,-0.45692002067406845,1.3560235394551816,-0.8490621611723101,-0.09615326479287953
0.30799620140360723,1.5731212744447662,-0.27420424855354086,-0.5773165146890978,1.5303215390336014,-0.8469579499682097,-0.09615326479287953
0.30799620140360723,1.0714085299644633,-0.27420424855354086,0.05666322181346704,1.6523301387384952,-0.8448537413051684,-0.09615326479287953
0.30799620140360723,1.2777194117929365,-0.27420424855354086,-0.22697356363635482,1.8157345133432639,-0.8427495326421272,-0.09615326479287953
0.30799620140360723,1.2893898059227469,-0.27420424855354086,-0.032278332323761955,1.8571302882431389,-0.8406453214380258,-0.09615326479287953
0.30799620140360723,1.220701485544949,-0.27420424855354086,-0.024143434079503288,1.8375217632905658,-0.838328448914939,-0.09615326479287953
0.30799620140360723,1.391996465402642,-0.27420424855354086,0.3126413532328093,1.6893684636489101,-0.836011576391852,-0.09615326479287953
0.30799620140360723,1.810091866713777,-0.27420424855354086,0.7324021026365604,1.5477513389914435,-0.8336947038687651,-0.09615326479287953
0.30799620140360723,1.3869566344386777,-0.27420424855354086,0.6830503866213908,1.4518874392233134,-0.8313778313456774,-0.09615326479287953
0.30799620140360723,1.3812597229018142,-0.27420424855354086,0.34518094620984396,1.3734533394130237,-0.8277645684087261,-0.09615326479287953
0.30799620140360723,1.375364840180762,-0.27420424855354086,0.6158018944688514,1.3189852145447678,-0.8231790120261103,-0.09615326479287953
0.30799620140360723,1.6239571772068189,-0.27420424855354086,0.7101667141022533,1.2144064147977158,-0.8185934581845552,-0.013947555843612501
0.30799620140360723,1.7138110792524899,-0.27420424855354086,0.878830271033218,1.149044664955809,-0.8140079043430001,-0.013947555843612501
0.30799620140360723,1.2868962698498252,-0.27420424855354086,0.9308936197964736,1.2122276898029858,-0.8100330714246904,-0.013947555843612501
0.30799620140360723,1.273838749487658,-0.27420424855354086,1.1722289343761498,1.3364150145026097,-0.8075850471671451,-0.013947555843612501
0.30799620140360723,1.2558928733940984,-0.27420424855354086,1.016581214635999,1.4061342143339766,-0.8051370229095998,-0.013947555843612501
0.30799620140360723,1.2602185042892178,-0.27420424855354086,0.9477057428346085,1.4409938142496606,-0.8026889986520538,-0.013947555843612501
0.30799620140360723,1.28022455839488,-0.27420424855354086,0.8679837400408728,1.3865256893814055,-0.8002409743945085,-0.013947555843612501
0.30799620140360723,1.322337005922714,-0.27420424855354086,0.6673229166824902,1.271053264660703,-0.7991500159836721,-0.013947555843612501
0.30799620140360723,1.7754447022242061,-0.27420424855354086,0.6624419777359348,1.1926191648504139,-0.7982852347904436,-0.013947555843612501
0.30799620140360723,0.8374803987641256,-0.27420424855354086,0.5843469545910509,1.133793589992697,-0.7974204561382751,-0.013947555843612501
0.30799620140360723,1.5548447584791378,3.6469165057620936,0.5566883005605717,1.2449085647239397,-0.7965556749450472,-0.013947555843612501
0.30799620140360723,1.0206223532857488,-0.27420424855354086,0.48727050220956364,1.260159639687051,-0.7954761640099185,-0.013947555843612501
0.30799620140360723,1.0070464326726005,-0.27420424855354086,0.15970526624074444,1.177368089887302,-0.7941103442111977,-0.013947555843612501
0.30799620140360723,0.9952341639795027,-0.27420424855354086,0.5561459740109541,1.088040365103362,-0.7927445244124762,-0.013947555843612501
0.30799620140360723,1.1257189418581433,-0.27420424855354086,-0.2036535220028131,0.9072061905407514,-0.7913787046137547,0.022880601765659158
0.30799620140360723,1.1442262327901114,-0.27420424855354086,0.22315747254596274,0.8396657157041144,-0.7902690389185308,0.022880601765659158
0.30799620140360723,1.156678264961045,-0.27420424855354086,-0.056683027056538354,0.8679891406356074,-0.7906963080085324,0.022880601765659158
0.30799620140360723,1.1939700639074082,-0.27420424855354086,-0.4802400623076102,0.8679891406356074,-0.7911235745574741,0.022880601765659158
0.30799620140360723,1.0337858578587404,-0.27420424855354086,-0.8788500762762889,0.8265933657357325,-0.7915508411064149,0.022880601765659158
0.30799620140360723,1.3561149060756221,-0.27420424855354086,-0.5952132908264673,0.7851975908358576,-0.7919781076553566,0.022880601765659158
0.30799620140360723,1.217957452757009,-0.27420424855354086,-0.5013907977426829,0.7808401408463975,-0.7919368306752442,0.022880601765659158
0.30799620140360723,2.6188678594972514,3.6469165057620936,-0.6933743963071893,0.7198358409939507,-0.7917081352670866,0.022880601765659158
0.30799620140360723,1.3672349395955827,-0.27420424855354086,-0.548573207559384,0.6697251661151548,-0.7914794398589282,0.022880601765659158
0.30799620140360723,1.7400302558344967,-0.27420424855354086,-0.7801466442459494,0.5847548913206749,-0.7912507444507706,0.022880601765659158
0.30799620140360723,2.083238713993884,-0.27420424855354086,-1.0838495120316094,0.5498952914049919,-0.7904809607890307,0.022880601765659158
0.30799620140360723,3.0064312347830304,-0.27420424855354086,-1.0344977960164394,0.497605891531466,-0.7889897269695358,0.022880601765659158
0.30799620140360723,1.0867156935093878,3.6469165057620936,-1.237327925573291,0.4518526666421301,-0.7874984931500408,0.022880601765659158
0.30799620140360723,0.8797769458549202,-0.27420424855354086,-1.3485048682448275,0.49324844154200503,-0.7860072618716059,0.09061810593985561
0.30799620140360723,0.8028131895127036,-0.27420424855354086,-1.05022526595534,0.6697251661151548,-0.7845160280521108,0.09061810593985561
0.30799620140360723,0.8920579963867188,-0.27420424855354086,-1.6440728377862284,0.7546954409096346,-0.7818786516197905,0.09061810593985561
0.30799620140360723,0.39211222368406917,-0.27420424855354086,-1.2855949884892262,0.8244146407410025,-0.7792412777285301,0.09061810593985561
0.30799620140360723,0.9317436997875653,-0.27420424855354086,-0.9840614269020352,0.9529594154300863,-0.7766039038372705,0.09061810593985561
0.30799620140360723,1.0885115570207737,3.6469165057620936,-1.2367855990236738,1.0183211652719941,-0.7739665299460102,0.09061810593985561
0.30799620140360723,1.0070695460595873,-0.27420424855354086,-1.2704098450999433,1.122899965019046,-0.7715765866989565,0.09061810593985561
0.30799620140360723,1.0831226923791029,-0.27420424855354086,-1.0263628977721808,1.2165851397924459,-0.7693722170703226,0.09061810593985561
0.30799620140360723,0.8331835339865057,-0.27420424855354086,-1.1169314315582615,1.3603809894446426,-0.7671678474416888,0.09061810593985561
0.30799620140360723,1.0090827256551387,-0.27420424855354086,-0.8864426479709304,1.4431725392443915,-0.764963477813055,0.09061810593985561
0.30799620140360723,1.0604788947643213,-0.27420424855354086,-0.6000942297730224,1.4431725392443915,-0.7629180692805115,0.09061810593985561
0.30799620140360723,1.03330140988119,-0.27420424855354086,-0.18250278656774033,1.5150704640704904,-0.7610846131111887,0.09061810593985561
0.30799620140360723,1.0237093542818283,-0.27420424855354086,-0.6109407607653676,1.6109343638386202,-0.7592511569418658,0.09061810593985561
0.30799620140360723,1.532489555188514,-0.27420424855354086,-0.6472766395897235,1.7089769886014812,-0.757417700772543,0.2510836498088247
0.30799620140360723,1.0863578846405038,-0.27420424855354086,-0.4580046737733031,1.804840888369613,-0.7555842420621602,0.2510836498088247
0.30799620140360723,1.0676846008283927,-0.27420424855354086,0.1060149378286366,1.767802563459198,-0.7541070399764854,0.2510836498088247
0.30799620140360723,0.9339919073562236,-0.27420424855354086,-0.4520390817275134,1.752551488496087,-0.7526298378908115,0.2510836498088247
0.30799620140360723,1.1204236433653445,-0.27420424855354086,-0.37882499752918464,1.6675812137016062,-0.7511526332640768,0.2510836498088247
0.30799620140360723,1.129248829803621,-0.27420424855354086,-0.09193425278165951,1.5172491890652196,-0.749675431178402,0.2510836498088247
0.30799620140360723,1.1882032379639462,-0.27420424855354086,0.24322355488180125,1.4606023392022336,-0.7491396410351091,0.2510836498088247
0.30799620140360723,1.3887368318112134,-0.27420424855354086,0.22261514599634522,1.3516660894657218,-0.7489804156687692,0.2510836498088247
0.30799620140360723,1.5354061129007452,-0.27420424855354086,0.6906429583160323,1.2122276898029858,-0.7488211877613692,0.2510836498088247
0.30799620140360723,1.291562948819228,-0.27420424855354086,0.1835676344239033,1.116363790034855,-0.7486619623950299,0.2510836498088247
0.30799620140360723,1.3072546595456207,-0.27420424855354086,0.48022025706453886,0.9311721654827844,-0.7483203194069024,0.2510836498088247
0.30799620140360723,1.4227932949347661,-0.27420424855354086,0.681423406972539,0.7917337658200485,-0.7475226399874881,0.2510836498088247
0.30799620140360723,1.4311746433293042,-0.27420424855354086,0.7199285919953634,0.6719038911098848,-0.7467249580270133,0.2510836498088247
0.30799620140360723,1.8253756118037183,-0.27420424855354086,1.1613824033838047,0.6261506662205498,-0.7459272760665385,0.2418766104065072
0.30799620140360723,1.2756513558484683,-0.27420424855354086,0.9916341933536058,0.7198358409939507,-0.7451295966471237,0.2418766104065072
0.30799620140360723,1.2308317169794982,-0.27420424855354086,0.974822070315471,0.8135210157673515,-0.7456648582499174,0.2418766104065072
0.30799620140360723,1.0423536207439732,-0.27420424855354086,0.8321901877661345,1.0052488153036123,-0.746200119852711,0.2418766104065072
0.30799620140360723,1.1857842640982674,-0.27420424855354086,0.7893463903463714,1.0030700903088823,-0.7467353814555053,0.2418766104065072
0.30799620140360723,1.212211084314451,-0.27420424855354086,0.9639755393231259,1.098933990077013,-0.7472706430582989,0.2418766104065072
0.30799620140360723,1.2387741263634096,-0.27420424855354086,0.859306515246997,1.3168064895500378,-0.7461227166212904,0.2418766104065072
0.30799620140360723,1.3197136364997561,-0.27420424855354086,0.6651536104840217,1.3908831393708656,-0.7437123991544298,0.2418766104065072
0.30799620140360723,1.2326653012513233,-0.27420424855354086,0.777415206254792,1.4540661642180426,-0.7413020791465091,0.2418766104065072
0.30799620140360723,1.4283032536256481,3.6469165057620936,0.831647861216517,1.5630024139545544,-0.7388917616796484,0.2418766104065072
0.30799620140360723,0.8516337054225283,-0.27420424855354086,0.43683413309515906,1.5891471138913182,-0.7365138300236436,0.2418766104065072
0.30799620140360723,0.9196122761351868,-0.27420424855354086,0.29474457709543933,1.839700488285297,-0.7343302106917095,0.2418766104065072
0.30799620140360723,0.8894677537590844,-0.27420424855354086,0.23075004424060427,1.741657863522436,-0.732146593900836,0.2418766104065072
0.30799620140360723,0.9812200939434815,-0.27420424855354086,0.20797232915667968,1.726406788559323,-0.7299629771099625,0.08469929489550816
0.30799620140360723,1.103721780723694,-0.27420424855354086,-0.2855448309950177,1.802662163374882,-0.7277793577780284,0.08469929489550816
0.30799620140360723,1.032466779734654,-0.27420424855354086,-0.22426193088826835,1.7307642385487831,-0.7296661914556154,0.08469929489550816
0.30799620140360723,1.1808258324536898,-0.27420424855354086,-0.09084959968242484,1.5521087889809033,-0.7322314322740824,0.08469929489550816
0.38499525175450905,1.1257423064775969,-0.27420424855354086,-0.6071444749180468,-0.8640972301749369,-1.1469412514636286,2.2013318889212345
0.38499525175450905,0.9222730791957638,3.6469165057620936,-0.6939167228568068,-0.8989568300906209,-1.1455641595223451,2.2013318889212345
0.38499525175450905,0.800841535054952,-0.27420424855354086,-0.31645744432320094,-0.9664973049272587,-1.1448011401625668,2.2013318889212345
0.38499525175450905,0.8921338685918264,-0.27420424855354086,-0.565927657147136,-1.1625825544529804,-1.1441404645389994,2.2013318889212345
0.38499525175450905,1.011042410680344,-0.27420424855354086,-0.3739440585826292,-0.809629105306681,-1.143479788915432,2.2013318889212345
0.38499525175450905,0.5057810076002255,-0.27420424855354086,-0.5724355757425428,-0.9447100549799567,-1.1428191132918641,2.2013318889212345
0.38499525175450905,0.4213351715347929,-0.27420424855354086,-0.059394659804624446,-0.6636545306597552,-1.1427591569790254,2.2013318889212345
0.38499525175450905,0.35933340327268387,-0.27420424855354086,-0.0328206588733791,-0.6004715058125774,-1.1427993235158784,2.2013318889212345
0.38499525175450905,0.7115803980705663,-0.27420424855354086,-0.04475184296495853,-0.5939353308283873,-1.1428394875116712,2.2013318889212345
0.38499525175450905,0.6053446138206321,-0.27420424855354086,-0.07674910939237646,-0.5852204308494663,-1.142879654048524,2.2013318889212345
0.38499525175450905,0.40055686471517604,-0.27420424855354086,0.23237702388945608,-0.5438246559495914,-1.1438910772785233,2.2013318889212345
0.38499525175450905,0.35737457961593777,-0.27420424855354086,0.2106839619047658,-0.6723694306386762,-1.1461975136678182,2.2013318889212345
0.38499525175450905,0.254717063506602,-0.27420424855354086,0.3641623754464474,-0.5525395559285123,-1.1485039475160528,2.2013318889212345
0.38499525175450905,0.8754805476518823,-0.27420424855354086,0.5143868296904262,-0.5046076060444474,-1.1508103839053478,2.2013318889212345
0.38499525175450905,0.36046387759457515,-0.27420424855354086,0.421648989705876,-0.4653905561393025,-1.1528750358859579,2.2013318889212345
0.38499525175450905,0.31026221119607883,-0.27420424855354086,0.8424943922088621,-0.5198586810075584,-1.1534889890376387,2.2013318889212345
0.38499525175450905,0.23608499976429492,-0.27420424855354086,0.3891093967288413,-0.6549396306808342,-1.1541029421893192,2.2013318889212345
0.38499525175450905,0.8948340613142319,-0.27420424855354086,1.1239618714602146,-0.9098504550642728,-1.154716895341,2.2013318889212345
0.38499525175450905,0.5454722560605274,-0.27420424855354086,1.6364604608485158,-0.8924206551064309,-1.155330848492681,2.2013318889212345
0.38499525175450905,0.3994413925606146,-0.27420424855354086,1.1060650953228455,-0.6876205056017871,-1.1552775675447002,2.2013318889212345
0.38499525175450905,0.3337728326035562,-0.27420424855354086,1.4428498826351572,-0.5982927808178473,-1.1549573939732793,2.2013318889212345
0.38499525175450905,0.6369298108349666,-0.27420424855354086,1.6982856875048824,-0.5525395559285123,-1.154637220401858,2.2013318889212345
0.38499525175450905,0.5298576198660501,-0.27420424855354086,1.6109711130165052,-0.5634331809021633,-1.1543170468304371,2.2013318889212345
0.38499525175450905,0.3235644319813412,-0.27420424855354086,1.9802954933058525,-0.5765055308705453,-1.154367702863344,2.2013318889212345
0.38499525175450905,0.2886584980505094,-0.27420424855354086,2.090930109427771,-0.5372884809654004,-1.1549128034508087,2.2013318889212345
0.38499525175450905,0.18873927227271908,-0.27420424855354086,1.9331130834891515,-0.7442673554647741,-1.1554579014972133,2.2013318889212345
0.38499525175450905,0.8579089182086341,-0.27420424855354086,1.7508913628177556,-0.5133225060233675,-1.156002999543618,2.2013318889212345
0.38499525175450905,0.31163390457687673,-0.27420424855354086,1.4287493923451093,-0.4348884062130795,-1.1565480975900229,2.2013318889212345
0.38499525175450905,0.27073596863122723,-0.27420424855354086,1.743298791123114,-0.6919779555912482,-1.1562267754594404,2.2013318889212345
0.38499525175450905,0.262998582885763,-0.27420424855354086,1.7639072000085694,-0.5002501560549865,-1.1559054558699184,2.2013318889212345
0.38499525175450905,0.858464016345009,-0.27420424855354086,1.2177843645439992,-0.5917566058336563,-1.1555841337393364,2.2013318889212345
0.38499525175450905,0.3607571735549057,3.6469165057620936,1.2454430185744783,-0.6854417806070572,-1.1552628141498142,2.2013318889212345
0.38499525175450905,0.20598035156977965,-0.27420424855354086,1.1814484857196432,-0.7203013805227411,-1.1544779797891578,2.2013318889212345
0.38499525175450905,0.11981633666086804,-0.27420424855354086,1.1445702803456699,-0.9142079050537328,-1.1533455157028007,2.2013318889212345
0.38499525175450905,0.28362564776009913,-0.27420424855354086,1.330588286864387,-0.779126955380458,-1.1522130490753835,2.2013318889212345
0.38499525175450905,0.5195893900262789,-0.27420424855354086,0.6049553634765061,-0.752982255443695,-1.1510805824479662,2.2013318889212345
0.38499525175450905,0.2028410942205131,-0.27420424855354086,0.777415206254792,-0.8335950802487139,-1.1498733070114806,2.2013318889212345
0.38499525175450905,0.13564776852940086,-0.27420424855354086,0.44388437824018306,-0.7508035304489651,-1.148479001929143,2.2013318889212345
0.38499525175450905,0.3349633335399424,-0.27420424855354086,0.02303897573719769,-0.7464460804595041,-1.1470846968468054,2.2013318889212345
0.38499525175450905,0.8194378340610294,-0.27420424855354086,0.26166265756878715,-0.5002501560549865,-1.145690394305528,2.2013318889212345
0.38499525175450905,0.39736224649723495,-0.27420424855354086,-0.15592878563649498,-0.4980714310602564,-1.144296089223191,2.2013318889212345
0.38499525175450905,0.24097949274595873,-0.27420424855354086,-0.1347780502014222,-0.43053095622361853,-1.1427450591776425,2.2013318889212345
0.38499525175450905,1.6007174023442068,3.6469165057620936,-0.7053055803987691,-0.42835223122888855,-1.141167907034363,2.2013318889212345
0.38499525175450905,0.7229879492041112,-0.27420424855354086,-0.9401329763830383,-0.6919779555912482,-1.1395907574321429,2.2013318889212345
0.38499525175450905,0.7557346656952179,-0.27420424855354086,-0.5778588412387153,-0.3390245064449487,-1.1380136052888628,2.2013318889212345
0.38499525175450905,0.835194344818795,-0.27420424855354086,-0.42817671354435416,-0.26712658161884983,-1.1358261616614929,2.2013318889212345
0.38499525175450905,1.7604167117859182,-0.27420424855354086,-0.4688512047656479,-0.26712658161884983,-1.1331810019621151,2.2013318889212345
0.38499525175450905,0.081703222888733,3.6469165057620936,-0.8148555434214534,-0.4588543811551115,-1.1305358397216771,2.2013318889212345
0.38499525175450905,0.6422098559279683,-0.27420424855354086,-1.2487167831152532,-0.15601160688760798,-1.1278906774812394,2.2013318889212345
0.38499525175450905,0.09557132686128554,-0.27420424855354086,-0.9498948542761487,-0.10154348201935205,-1.125116823252511,2.2013318889212345
0.38499525175450905,0.062161895011942664,-0.27420424855354086,-0.3869598957734433,-0.29545000655034376,-1.1215708145529781,2.2013318889212345
0.38499525175450905,0.14864074009266245,-0.27420424855354086,-0.5382690031166559,-0.03618173217744417,-1.1180248058534457,2.2013318889212345
0.38499525175450905,0.9329124691155352,-0.27420424855354086,-0.841971870902316,-0.023109382209063174,-1.114478799694973,2.2013318889212345
0.38499525175450905,0.6321586012140143,3.6469165057620936,-0.5078987163380903,0.04878854261703472,-1.1109327909954403,2.2013318889212345
0.38499525175450905,0.8430636634999142,-0.27420424855354086,-0.39672177366655376,0.1555460673588175,-1.1074738745894543,2.2013318889212345
0.38499525175450905,0.4787193229393168,-0.27420424855354086,-0.662461782979006,0.3734185668318412,-1.1040497961173112,2.2013318889212345
0.38499525175450905,1.2179529126274224,-0.27420424855354086,-0.48512100125416563,0.6871549660729968,-1.1006257176451681,2.2013318889212345
0.38499525175450905,0.6026118147130137,-0.27420424855354086,-0.15809809183496393,1.0008913653141522,-1.097201639173025,2.2013318889212345
0.38499525175450905,0.43316872320690164,-0.27420424855354086,0.19224485921777912,0.7263720159781416,-1.0943380296197744,2.2013318889212345
0.38499525175450905,0.2799994839441385,-0.27420424855354086,-0.3397774859567427,1.199155339834604,-1.0916986050930215,2.2013318889212345
0.38499525175450905,0.5236567359998953,-0.27420424855354086,0.1607899193399791,0.9006700155565603,-1.0890591805662684,2.2013318889212345
0.38499525175450905,0.6634049574107423,-0.27420424855354086,0.20634534950782787,1.4039554893392476,-1.0864197560395152,2.2013318889212345
0.38499525175450905,0.3501047374920144,-0.27420424855354086,-0.1646060104303708,1.109827615050664,-1.0842108938166406,2.2013318889212345
0.38499525175450905,0.4529771291415483,-0.27420424855354086,0.6212251599650243,1.6893684636489101,-1.0830784271892238,2.2013318889212345
0.38499525175450905,0.31823738847178873,-0.27420424855354086,0.41242943836238266,1.726406788559323,-1.081945960561806,2.2013318889212345
0.38499525175450905,0.8449686516279649,-0.27420424855354086,0.41947968350740744,1.817913238337993,-1.080813496475449,2.2013318889212345
0.38499525175450905,0.37377483768066255,-0.27420424855354086,0.5566883005605717,1.8375217632905658,-1.0796810298480322,2.2013318889212345
0.38499525175450905,0.19067304446344582,-0.27420424855354086,0.32131857802668506,1.7656238384644671,-1.0800195651196685,2.2013318889212345
0.38499525175450905,0.206396015686834,-0.27420424855354086,0.8679837400408728,1.5869683888965873,-1.0803581003913043,2.2013318889212345
0.38499525175450905,0.6437832530896103,-0.27420424855354086,0.6044130369268894,1.4649597891916935,-1.0806966331218808,2.2013318889212345
0.38499525175450905,0.529281507928308,-0.27420424855354086,0.9791606827124089,1.3560235394551816,-1.0810351683935164,2.2013318889212345
0.38499525175450905,0.4010285177820736,-0.27420424855354086,1.419529841001616,1.2558021896975908,-1.0808448353695468,2.2013318889212345
0.38499525175450905,0.29390631360699915,-0.27420424855354086,1.5339607429708557,1.175189364892572,-1.080257850488608,2.2013318889212345
0.38499525175450905,0.49174332171228347,-0.27420424855354086,1.5827701324364076,1.0531807651876781,-1.0796708656076692,2.2013318889212345
0.38499525175450905,0.7440547965123574,-0.27420424855354086,1.5854817651844946,0.7546954409096346,-1.0790838807267304,2.2013318889212345
0.38499525175450905,0.2733838332197409,-0.27420424855354086,1.487862986253389,0.7263720159781416,-1.078541651537168,2.2013318889212345
0.38499525175450905,0.2168518802892838,-0.27420424855354086,1.654357236985885,0.9486019654406262,-1.0781113103055173,2.2013318889212345
0.38499525175450905,0.12472089688639804,-0.27420424855354086,1.7693304655047422,0.9725679403826593,-1.0776809690738665,2.2013318889212345
0.38499525175450905,0.8592898174648387,-0.27420424855354086,1.623986950207319,0.9682104903931983,-1.077250627842215,2.2013318889212345
0.38499525175450905,0.311771813256217,-0.27420424855354086,1.647306991840861,0.7459805409307136,-1.0768202891516243,2.2013318889212345
0.38499525175450905,0.2781332215063956,-0.27420424855354086,1.685269850314068,0.8374869907093835,-1.0758292757162733,2.2013318889212345
0.38499525175450905,0.21794468768626477,-0.27420424855354086,1.8409175700542189,0.8309508157251935,-1.0747448147960879,2.2013318889212345
0.38499525175450905,0.7605924249011354,-0.27420424855354086,1.78939654784058,0.9573168654195473,-1.0736603564169631,2.2013318889212345
0.38499525175450905,0.4756508593102846,3.6469165057620936,1.4824397207572166,1.2078702398135248,-1.0725758980378393,2.2013318889212345
0.38499525175450905,0.20490319236647264,-0.27420424855354086,0.8511716170027379,1.2187638647871768,-1.071000768578391,2.2013318889212345
0.38499525175450905,0.11498676932681035,-0.27420424855354086,1.2085648132005058,0.9377083404669753,-1.068771412705886,2.2013318889212345
0.38499525175450905,0.13584954409094985,-0.27420424855354086,1.2253769362386406,1.129436140003236,-1.0665420542923203,2.2013318889212345
0.38499525175450905,0.9193051085536291,-0.27420424855354086,0.530114299629326,1.0204998902667242,-1.064312698419815,2.2013318889212345
0.38499525175450905,0.3157556423796515,-0.27420424855354086,0.360366089599127,0.9725679403826593,-1.0623600157110398,2.2013318889212345
0.38499525175450905,0.28379009735508653,-0.27420424855354086,0.6716615290794281,1.0531807651876781,-1.0620673846899404,2.2013318889212345
0.38499525175450905,0.35480635571954006,-0.27420424855354086,0.3657893550952992,0.8026273907936995,-1.061774753668842,2.2013318889212345
0.38499525175450905,0.9540112408922972,-0.27420424855354086,-0.048548128812279295,1.0226786152614542,-1.0614821226477433,2.2013318889212345
0.38499525175450905,0.6417656769258816,-0.27420424855354086,-0.6456496599408716,1.0139637152825332,-1.0611894890855849,2.2013318889212345
0.38499525175450905,0.37694201772414526,-0.27420424855354086,-0.35062401694908746,0.9899977403405013,-1.0609322423262482,2.2013318889212345
0.38499525175450905,1.587625983544138,3.6469165057620936,-0.40214503916272637,0.573861266347024,-1.0606891467305566,2.2013318889212345
0.38499525175450905,0.5798106737930325,-0.27420424855354086,-0.44281953038402005,0.7459805409307136,-1.060446051134865,2.2013318889212345
0.38499525175450905,0.7572776098927946,-0.27420424855354086,-1.003042856138639,0.6217932162310899,-1.0602029580802335,2.2013318889212345
0.38499525175450905,0.6907554876282758,-0.27420424855354086,-0.9423022825815072,0.5259293164629589,-1.0591222147309611,2.2013318889212345
0.38499525175450905,1.347995503418538,-0.27420424855354086,-0.8278713806122675,0.39738454177387417,-1.0569246068632285,2.2013318889212345
0.38499525175450905,0.40377958507909617,3.6469165057620936,-0.8690881983831784,0.15118861736935654,-1.0547269989954953,2.2013318889212345
0.38499525175450905,0.7555221589182823,-0.27420424855354086,-0.5550811261547908,0.523750591468229,-1.0525293936688227,2.2013318889212345
0.38499525175450905,0.2084530891834486,-0.27420424855354086,-0.6830701918644617,0.6501166411625827,-1.0503317858010903,2.2013318889212345
0.38499525175450905,0.1516569473685082,-0.27420424855354086,-0.7844852566428873,0.6566528161467737,-1.04943667705568,2.2013318889212345
0.38499525175450905,0.15777266342826707,-0.27420424855354086,-0.5550811261547908,0.6893336910677267,-1.0485415683102697,2.2013318889212345
0.38499525175450905,0.873158836641379,-0.27420424855354086,-0.5469462279105322,0.7481592659254436,-1.04764645956486,2.2013318889212345
0.38499525175450905,0.9473921267488871,3.6469165057620936,-0.45529304102521667,0.7917337658200485,-1.0467513508194497,2.2013318889212345
0.38499525175450905,0.819151464938724,-0.27420424855354086,-0.48078238885722774,0.9202785405091334,-1.0449797872507547,2.2013318889212345
0.38499525175450905,0.4996990284717818,-0.27420424855354086,-0.4086529577581332,1.2884830646185448,-1.042550884470391,2.2013318889212345
0.38499525175450905,0.7298506870600427,-0.27420424855354086,-0.45529304102521667,1.78523236341704,-1.040121981690028,2.2013318889212345
0.38499525175450905,1.1408373759846384,-0.27420424855354086,-0.33218491426210117,1.9421005630376178,-1.0376930789096641,2.2013318889212345
0.38499525175450905,0.5255177943365311,-0.27420424855354086,0.20471836985897607,1.9922112379164127,-1.0355378991222652,2.2013318889212345
0.38499525175450905,0.3069166919912054,-0.27420424855354086,-0.23890474772793427,1.4802108641548064,-1.0337476790903846,2.2013318889212345
0.38499525175450905,0.2951889809685115,-0.27420424855354086,0.20037975746203818,2.0379644628057476,-1.031957461599564,2.2013318889212345
0.38499525175450905,0.9233933965479082,-0.27420424855354086,0.1835676344239033,1.6610450387174172,-1.030167244108744,2.2013318889212345
0.38499525175450905,0.4408335386596846,-0.27420424855354086,0.19604114506510026,1.9508154630165377,-1.0283770266179233,2.2013318889212345
0.38499525175450905,0.24363803471433065,-0.27420424855354086,0.3289111497213266,1.8810962631851718,-1.028139861856483,2.2013318889212345
0.38499525175450905,0.22508085619243834,-0.27420424855354086,0.9395708445903495,1.817913238337993,-1.0279026945539835,2.2013318889212345
0.38499525175450905,0.7278556859280138,-0.27420424855354086,0.8332748408653687,1.769981288453929,-1.0276655297925432,2.2013318889212345
0.38499525175450905,0.39397909625780375,-0.27420424855354086,0.9005233330179074,1.802662163374882,-1.0274283650311027,2.2013318889212345
0.38499525175450905,0.3019836348258197,-0.27420424855354086,1.293167754940797,1.6370790637753843,-1.0286229351671357,2.2013318889212345
0.38499525175450905,0.1905511967168324,-0.27420424855354086,1.256831876116441,2.0357857378110187,-1.0303902018032174,2.2013318889212345
0.38499525175450905,0.35971416402196765,-0.27420424855354086,0.9460787631857567,2.0009261378953345,-1.0321574684392985,2.2013318889212345
0.38499525175450905,0.7100160991132739,-0.27420424855354086,1.3105222045285485,1.6218279888122713,-1.0339247350753802,2.2013318889212345
0.38499525175450905,0.33150438287610856,-0.27420424855354086,1.3707204515360631,1.711155713596212,-1.0354530327973575,2.2013318889212345
0.38499525175450905,0.24341255357497965,-0.27420424855354086,1.678219605169044,1.4279214642812805,-1.0363839069635437,2.2013318889212345
0.38499525175450905,0.15074443515712693,-0.27420424855354086,1.6163943785126773,1.1250786900137761,-1.0373147811297296,2.2013318889212345
0.38499525175450905,0.8180027224274291,-0.27420424855354086,1.5437226208639658,0.8854189405934494,-1.0382456578369759,2.0089705299799507
0.38499525175450905,0.24205498304787632,-0.27420424855354086,1.8951502250159438,0.7939124908147785,-1.0391765320031618,2.0089705299799507
0.38499525175450905,0.18734451934046373,-0.27420424855354086,1.3484850630017562,0.8004486657989696,-1.0387117644894024,2.0089705299799507
0.38499525175450905,0.16151712184594724,-0.27420424855354086,1.7790923433978523,0.8941338405723703,-1.0382469969756436,2.0089705299799507
0.38499525175450905,0.594866228022012,-0.27420424855354086,1.4911169455510926,0.8745253156197974,-1.037782226920824,2.0089705299799507
0.38499525175450905,0.40212302997079646,-0.27420424855354086,1.9114200215044612,0.9856402903510403,-1.037317459407065,2.0089705299799507
0.38499525175450905,0.24974156599942812,-0.27420424855354086,1.8550180603442676,1.4017767643445167,-1.036433007867675,2.0089705299799507
0.38499525175450905,0.2768588448163025,-0.27420424855354086,1.3370962054597935,1.5172491890652196,-1.0352337901327369,2.0089705299799507
0.38499525175450905,0.32676287252181985,-0.27420424855354086,1.5789738465890872,1.6000407388649693,-1.0340345749388589,2.0089705299799507
0.38499525175450905,0.7620684156461917,3.6469165057620936,1.5106407013373135,1.6675812137016062,-1.0328353572039202,2.0089705299799507
0.38499525175450905,0.14290022177755585,-0.27420424855354086,1.2459853451240959,1.6871897386541792,-1.0316888740890435,2.0089705299799507
0.38499525175450905,0.16206462917277575,-0.27420424855354086,1.2096494662997401,1.669759938696337,-1.0308587961534723,2.0089705299799507
0.38499525175450905,0.15159975609185802,-0.27420424855354086,1.1147423201167213,1.3233426645342288,-1.030028715676842,2.0089705299799507
0.38499525175450905,0.7499501099176386,-0.27420424855354086,1.135893055551794,1.3233426645342288,-1.0291986352002118,1.5308621267310134
0.38499525175450905,0.2880335213978884,-0.27420424855354086,0.6006167510795682,2.417062611888811,-1.0283685572646413,1.5308621267310134
0.38499525175450905,0.17711038533553275,-0.27420424855354086,0.43358017379745545,2.375666836988936,-1.0273106021422622,1.5308621267310134
0.38499525175450905,0.30297090664138243,-0.27420424855354086,0.28660967885118105,2.053215537768861,-1.0262146657947078,1.5308621267310134
0.46199430210541087,-0.9087343191579557,-0.27420424855354086,-1.9689264410069611,-1.2431953792580002,-1.0177070339833851,1.4420799610658053
0.46199430210541087,-0.9248159067831581,3.6469165057620936,-1.7639270052516405,-1.2802337041684142,-1.016215185227348,1.4420799610658053
0.46199430210541087,-0.9019786601685986,-0.27420424855354086,-1.5567582632978512,-1.33252310404194,-1.014934818738415,1.4420799610658053
0.46199430210541087,-0.9988493414629737,-0.27420424855354086,-1.338742990351717,-1.3194507540735583,-1.013689699293999,1.4420799610658053
0.46199430210541087,-0.9150986656344045,-0.27420424855354086,-1.2931875601838678,-1.2911273291420653,-1.0124445798495831,1.4420799610658053
0.46199430210541087,-0.9438924545955477,-0.27420424855354086,-0.9347097108868657,-1.2061570543475855,-1.0111994604051682,1.4420799610658053
0.46199430210541087,-0.9837143977743453,-0.27420424855354086,-0.7937048079863807,-1.1429740295004085,-1.010175659671467,1.4420799610658053
0.46199430210541087,-0.8829814120899767,-0.27420424855354086,-0.6564961909332164,-1.1495102044845995,-1.0091887449660422,1.4420799610658053
0.46199430210541087,-0.7992780935814829,-0.27420424855354086,-0.8517337487954264,-1.1604038294582504,-1.0082018302606168,1.5052139455388425
0.46199430210541087,-0.8525609467389598,-0.27420424855354086,-0.19551862375855406,-1.1102931545794545,-1.0072149130141315,1.5052139455388425
0.46199430210541087,-0.9617329207239225,-0.27420424855354086,-0.516575941131966,-1.0318590547691666,-1.0061961130866894,1.5052139455388425
0.46199430210541087,-0.968500369694064,-0.27420424855354086,-0.5219992066281386,-1.0100718048218638,-1.00513479614181,1.5052139455388425
0.46199430210541087,-0.9762458487140083,-0.27420424855354086,-0.5263378190250765,-0.9229228050326538,-1.0040734817379913,1.5052139455388425
0.46199430210541087,-0.8551448367742079,-0.27420424855354086,0.17055179723308958,-0.8227014552750629,-1.0030121647931118,1.5052139455388425
0.46199430210541087,-0.9440747955312379,-0.27420424855354086,-0.5247108393762246,-0.8183440052856019,-1.0018450813040798,1.5052139455388425
0.46199430210541087,-0.974436346868686,-0.27420424855354086,-0.036616944720699866,-0.8662759551696678,-1.00004338584483,1.5052139455388425
0.46199430210541087,-0.8387603345742146,-0.27420424855354086,0.2697975558130462,-0.9861058298798308,-0.9982416929266402,1.5052139455388425
0.46199430210541087,-0.820115296469492,-0.27420424855354086,0.4785932774156871,-1.0928633546216124,-0.9964400000084505,1.5052139455388425
0.46199430210541087,-0.9049979181244037,-0.27420424855354086,0.23563098318715972,-1.1516889294793293,-0.9946383070902606,1.5052139455388425
0.46199430210541087,-0.8726693960202002,-0.27420424855354086,0.35060421170601613,-1.2061570543475855,-0.9936830870273462,1.5052139455388425
0.46199430210541087,-0.8245457271938045,-0.27420424855354086,0.7432486336289055,-1.1952634293739344,-0.9930664555983298,1.5052139455388425
0.46199430210541087,-0.8318588171924464,-0.27420424855354086,0.6624419777359348,-1.1843698044002833,-0.9924498241693136,1.6689677177657827
0.46199430210541087,-0.8642034181745535,-0.27420424855354086,1.0062770101932714,-1.2039783293528554,-0.9918331952813572,1.6689677177657827
0.46199430210541087,-0.9560063099203954,-0.27420424855354086,0.8479176577050344,-1.2257655793001583,-0.9913086976091076,1.6689677177657827
0.46199430210541087,-0.966396423397132,-0.27420424855354086,0.8809995772316865,-1.2519102792369212,-0.9909070474869399,1.6689677177657827
0.46199430210541087,-0.96034767873507,-0.27420424855354086,0.8506292904531204,-1.2344804792790793,-0.9905053948237124,1.6689677177657827
0.46199430210541087,-0.9425547493785329,-0.27420424855354086,0.7432486336289055,-1.2344804792790793,-0.9901037447015447,1.6689677177657827
0.46199430210541087,-0.986554401364772,-0.27420424855354086,0.7638570425143607,-1.1952634293739344,-0.989702092038317,1.6689677177657827
0.46199430210541087,-0.9212856599341557,-0.27420424855354086,0.6803387538733039,-1.2257655793001583,-0.9888987892529219,1.6689677177657827
0.46199430210541087,-0.8959364116603322,-0.27420424855354086,0.45147694993482457,-1.2824124291631442,-0.9880954864675265,1.6689677177657827
0.46199430210541087,-0.8358088555490367,-0.27420424855354086,0.823512962972258,-1.358667803978703,-0.9872921836821312,1.6689677177657827
0.46199430210541087,-0.9936941230158396,3.6469165057620936,0.4303262144997518,-1.397884853883847,-0.986488880896736,1.6689677177657827
0.46199430210541087,-1.0431106161734947,-0.27420424855354086,0.09896469268361259,-1.4000635788785771,-0.9862191448270541,1.6689677177657827
0.46199430210541087,-1.0402653725916085,-0.27420424855354086,0.24268122833218372,-1.395706128889117,-0.9863495876057466,1.6689677177657827
0.46199430210541087,-1.0234694054457987,-0.27420424855354086,0.46883139952257696,-1.397884853883847,-0.98648002784338,1.7445969699991073
0.46199430210541087,-0.9241230255836762,-0.27420424855354086,-0.23565078843023063,-1.2693400791947633,-0.9866104680810134,1.7445969699991073
0.46199430210541087,-1.0085503601724137,-0.27420424855354086,-0.29476438233851104,-1.0471101297322776,-0.9863134664365584,1.7445969699991073
0.46199430210541087,-0.9686950569110016,-0.27420424855354086,-0.5653853305975184,-0.9577824049483378,-0.9849478499226443,1.7445969699991073
0.46199430210541087,-0.9295074218764653,-0.27420424855354086,-0.1591827449341986,-0.9163866300484628,-0.9835822359497902,1.7445969699991073
0.46199430210541087,-0.940374338685678,-0.27420424855354086,-0.8853579948716958,-0.9163866300484628,-0.982216621976936,1.7445969699991073
0.46199430210541087,-0.9341873264407506,-0.27420424855354086,-0.8810193824747579,-0.8662759551696678,-0.980851005463022,1.7445969699991073
0.46199430210541087,-0.9633951644530874,-0.27420424855354086,-0.6532422316355131,-0.7159439305332811,-0.9824041674579863,1.7445969699991073
0.46199430210541087,-0.12518610375039219,3.6469165057620936,-0.8707151780320302,-0.6287949307440712,-0.9844437925377637,1.7445969699991073
0.46199430210541087,-0.7220254019567599,-0.27420424855354086,-1.1521826572833826,-0.6396885557177222,-0.9864834150764805,1.7445969699991073
0.46199430210541087,-0.5943343291138686,-0.27420424855354086,-1.7481995353127404,-0.49371398107079545,-0.988523040156258,1.7445969699991073
0.46199430210541087,-0.34901747126985283,-0.27420424855354086,-1.6381072457404386,-0.47846290610768444,-0.9884200865656255,1.7445969699991073
0.46199430210541087,0.15414470509468328,-0.27420424855354086,-1.676070104213646,-0.4544969311656515,-0.9867101996074508,1.7445969699991073
0.46199430210541087,-1.039092457927929,3.6469165057620936,-1.7449455760150372,-0.3956713563079346,-0.9850003101082154,1.7445969699991073
0.46199430210541087,-1.0571091277417228,-0.27420424855354086,-1.524218670320816,-0.36081175639225066,-0.9832904231500407,1.5683479300118794
0.46199430210541087,-1.1092343375804936,-0.27420424855354086,-1.9472333790222707,-0.3128798065081857,-0.9815436501635902,1.5683479300118794
0.46199430210541087,-1.0765222732246902,-0.27420424855354086,-1.8365987629003522,-0.27584148159777083,-0.979575558466425,1.5683479300118794
0.46199430210541087,-1.138804919385178,-0.27420424855354086,-2.17229889711343,-0.2518755066557388,-0.9776074667692591,1.5683479300118794
0.46199430210541087,-0.9706587616556824,-0.27420424855354086,-1.8588341514346594,-0.25841168163992884,-0.9756393725310339,1.5683479300118794
0.46199430210541087,-0.8876427792872147,3.6469165057620936,-1.7232525140303467,-0.22573080671897586,-0.973671280833868,1.5683479300118794
0.46199430210541087,-0.9017451216451194,-0.27420424855354086,-1.3734518895272205,-0.2083010067611339,-0.9708946161926797,1.5683479300118794
0.46199430210541087,-1.0073866872744937,-0.27420424855354086,-1.6505807563816355,-0.16908395685598898,-0.9677945228820933,1.5683479300118794
0.46199430210541087,-0.9134050716823627,-0.27420424855354086,-1.47215532155756,0.17079714232192852,-0.9646944295715076,1.5683479300118794
0.46199430210541087,-0.9898537117408489,-0.27420424855354086,-1.0437173473599328,0.5259293164629589,-0.9615943362609212,1.5683479300118794
0.46199430210541087,-0.9894535702012348,-0.27420424855354086,-0.9374213436349518,0.6000059662837869,-0.9587208318196782,1.5683479300118794
0.46199430210541087,-1.0161566743506814,-0.27420424855354086,-1.1874338830085038,0.5782187163364849,-0.9559379619097478,1.5683479300118794
0.46199430210541087,-1.0218233841559472,-0.27420424855354086,-1.3354890310540133,0.6087208662627078,-0.9531550894587576,1.3776306852495794
0.46199430210541087,-0.9685458248254586,-0.27420424855354086,-0.8810193824747579,0.7873763158305885,-0.950372219548828,1.3776306852495794
0.46199430210541087,-0.9453218237727541,-0.27420424855354086,-0.6391417413454644,1.011784990287803,-0.9478135626170557,1.3776306852495794
0.46199430210541087,-0.8178990133693502,-0.27420424855354086,-0.6998823149025966,1.2209425897819068,-0.945815443212799,1.3776306852495794
0.46199430210541087,-0.9904850409858558,-0.27420424855354086,-0.18792605206391252,1.3712746144182937,-0.9438173238085421,1.3776306852495794
0.46199430210541087,-0.9163824276516669,-0.27420424855354086,-0.3815366302772707,1.5673598639440163,-0.9418192018632254,1.3776306852495794
0.46199430210541087,-0.8891443598535773,-0.27420424855354086,-0.16026739803343287,1.6043981888544292,-0.9398210824589693,1.3776306852495794
0.46199430210541087,-0.9907472738461294,-0.27420424855354086,-0.11416964131596657,1.6174705388228112,-0.9376005237364979,1.3776306852495794
0.46199430210541087,-0.8870185383868192,-0.27420424855354086,0.10438795817978516,1.4714959641758845,-0.9353799650140264,1.3776306852495794
0.46199430210541087,-0.80175036462057,-0.27420424855354086,0.5111328703927225,1.3385937394973397,-0.933159406291555,1.3776306852495794
0.46199430210541087,-0.8732082896624378,-0.27420424855354086,0.4807625836141564,1.231836214755558,-0.9309388475690835,1.3776306852495794
0.46199430210541087,-0.9118214098799163,-0.27420424855354086,0.1792290220269654,1.120721240024316,-0.9273512544211671,1.3776306852495794
0.46199430210541087,-0.8966505578936483,-0.27420424855354086,0.42652992865243144,1.07278929014025,-0.9227383816425773,1.3776306852495794
0.46199430210541087,-0.8576262060176444,-0.27420424855354086,0.5496380554155469,0.9943551903299612,-0.9181255114050481,1.3098931810753836
0.46199430210541087,-0.8926704972572227,-0.27420424855354086,0.7351137353846464,0.9268147154933234,-0.9135126411675181,1.3098931810753836
0.46199430210541087,-0.9686502298607746,-0.27420424855354086,0.7882617372471371,1.0204998902667242,-0.9095636152554893,1.3098931810753836
0.46199430210541087,-0.9649004058354014,-0.27420424855354086,0.928724313598005,1.140329764976888,-0.9072742014277418,1.3098931810753836
0.46199430210541087,-1.02355006901296,-0.27420424855354086,0.7947696558425437,1.175189364892572,-0.9049847875999942,1.3098931810753836
0.46199430210541087,-0.9718081860836745,-0.27420424855354086,0.7953119823921612,1.1860829898662228,-0.9026953737722466,1.3098931810753836
0.46199430210541087,-1.0295465573218356,-0.27420424855354086,0.7606030832166571,1.135972314987427,-0.900405962485559,1.3098931810753836
0.46199430210541087,-0.9815530807490009,-0.27420424855354086,0.5767543828964095,1.0052488153036123,-0.8994149490502074,1.3098931810753836
0.46199430210541087,-0.7837272883788614,-0.27420424855354086,0.6266484254611965,0.9529594154300863,-0.8986403348332359,1.3098931810753836
0.46199430210541087,-0.9832939243500608,-0.27420424855354086,0.4606965012783179,0.9268147154933234,-0.8978657206162639,1.3098931810753836
0.46199430210541087,-0.9683620841660225,3.6469165057620936,0.4596118481790836,0.9812828403615802,-0.8970911089403517,1.3098931810753836
0.46199430210541087,-1.02448987583739,-0.27420424855354086,0.40212523391965505,0.9812828403615802,-0.896076732998527,1.3098931810753836
0.46199430210541087,-1.021677830831532,-0.27420424855354086,0.0919144475385882,0.8701678656303374,-0.8947426764509392,1.3098931810753836
0.46199430210541087,-1.0740420524725325,-0.27420424855354086,0.49432074735458764,0.7089422160202997,-0.8934086199033507,1.3098931810753836
0.46199430210541087,-0.951159335765393,-0.27420424855354086,-0.22914286983482376,0.5978272412890568,-0.8920745633557622,0.9771244712487505
0.46199430210541087,-1.0215341258602688,-0.27420424855354086,0.10655726437825412,0.488890991552545,-0.8909794477706174,0.9771244712487505
0.46199430210541087,-0.9689695283814651,-0.27420424855354086,-0.07403747664429036,0.5651463663681029,-0.8913179830422538,0.9771244712487505
0.46199430210541087,-0.9509320780535949,-0.27420424855354086,-0.6158216997119227,0.53464421644188,-0.8916565183138903,0.9771244712487505
0.46199430210541087,-0.7614021612036019,-0.27420424855354086,-0.9683339569631351,0.495427166536735,-0.8919950535855259,0.9771244712487505
0.46199430210541087,-0.9213566689965044,-0.27420424855354086,-0.6977130087041277,0.4605675666210511,-0.8923335863161024,0.9771244712487505
0.46199430210541087,-0.9698074424952511,-0.27420424855354086,-0.5447769217120632,0.46274629161578207,-0.892210085713577,0.9771244712487505
0.46199430210541087,-0.23663232375472548,3.6469165057620936,-0.7801466442459494,0.3864909168002232,-0.8919017712695985,0.9771244712487505
0.46199430210541087,-0.8347288430627089,-0.27420424855354086,-0.6266682307042678,0.3102355419846643,-0.8915934568256206,0.9771244712487505
0.46199430210541087,-0.7389620592842259,-0.27420424855354086,-0.8305830133603536,0.24269506714802738,-0.8912851398405821,0.9771244712487505
0.46199430210541087,-0.5531126083534706,-0.27420424855354086,-1.1689947803215177,0.1882269422797705,-0.8905114022893412,0.9771244712487505
0.46199430210541087,-0.05094963734669118,-0.27420424855354086,-1.1299472687490757,0.1185077424484026,-0.8891170972070039,0.9771244712487505
0.46199430210541087,-0.8852107233880628,3.6469165057620936,-1.3224731938631993,0.09454176750637062,-0.8877227921246668,0.9771244712487505
0.46199430210541087,-1.032305897345101,-0.27420424855354086,-1.41304172764928,0.1751545923113895,-0.8863284895833895,0.7344532184305144
0.46199430210541087,-1.0772002060923709,-0.27420424855354086,-1.1749603723673072,0.3581674918687302,-0.8849341845010522,0.7344532184305144
0.46199430210541087,-1.0734192651314118,-0.27420424855354086,-1.7086096971906812,0.39956326676860415,-0.8823062354016683,0.7344532184305144
0.46199430210541087,-1.1647172693439753,-0.27420424855354086,-1.3550127868402342,0.45621011663159106,-0.8796782888433442,0.7344532184305144
0.46199430210541087,-0.9903402054684899,-0.27420424855354086,-1.089272777527782,0.5978272412890568,-0.8770503397439603,0.7344532184305144
0.46199430210541087,-0.8958037609176275,3.6469165057620936,-1.3550127868402342,0.6457591911731217,-0.874422393185637,0.7344532184305144
0.46199430210541087,-0.8710988880319316,-0.27420424855354086,-1.324100173512051,0.7503379909201736,-0.8720939461338367,0.7344532184305144
0.46199430210541087,-0.9981943066401646,-0.27420424855354086,-1.1749603723673072,0.8549167906672255,-0.8699901237119294,0.7344532184305144
0.46199430210541087,-0.9766258378207142,-0.27420424855354086,-1.2579363344587466,1.0204998902667242,-0.8678862987489622,0.7344532184305144
0.46199430210541087,-0.9695399516983417,-0.27420424855354086,-1.0274475508714154,1.127257415008506,-0.8657824763270547,0.7344532184305144
0.46199430210541087,-0.9972771466281394,-0.27420424855354086,-0.7920778283375288,1.107648890055934,-0.8638081387041872,0.7344532184305144
0.46199430210541087,-0.9468247143369816,-0.27420424855354086,-0.3245923425674596,1.155580839939999,-0.8620064457859973,0.7344532184305144
0.46199430210541087,-0.9698702685572382,-0.27420424855354086,-0.7736387256505426,1.225300039771367,-0.8602047528678075,0.7344532184305144
0.46199430210541087,-0.7379104360666966,-0.27420424855354086,-0.7747233787497768,1.3037341395816557,-0.8584030574085577,0.8344153605128237
0.46199430210541087,-0.941287999388338,-0.27420424855354086,-0.5843667598341222,1.4518874392233134,-0.856601364490368,0.8344153605128237
0.46199430210541087,-0.9328416356203126,-0.27420424855354086,-0.10061147757553532,1.4976406641126485,-0.8552020865534331,0.8344153605128237
0.46199430210541087,-0.9829990671593978,-0.27420424855354086,-0.5013907977426829,1.4475299892338516,-0.8538028111575583,0.8344153605128237
0.46199430210541087,-0.9691568401309713,-0.27420424855354086,-0.5377266765670388,1.3778107894024847,-0.8524035332206236,0.8344153605128237
0.46199430210541087,-0.9247532422277569,-0.27420424855354086,-0.21395772644554073,1.2819468896343538,-0.8510042552836887,0.8344153605128237
0.46199430210541087,-0.8996332794706458,-0.27420424855354086,0.06696742625619466,1.177368089887302,-0.850538888079748,0.8344153605128237
0.46199430210541087,-0.888938618408081,-0.27420424855354086,0.09354142718744002,1.07061056514552,-0.850447082119733,0.8344153605128237
0.46199430210541087,-0.8412283526065348,-0.27420424855354086,0.5067942579957846,0.9573168654195473,-0.8503552736186579,0.8344153605128237
0.46199430210541087,-0.8809934275218542,-0.27420424855354086,0.05666322181346704,0.8440231656935745,-0.8502634676586436,0.8344153605128237
0.46199430210541087,-0.884141711294765,-0.27420424855354086,0.3196915983778333,0.7067634910255687,-0.8499556461803229,0.8344153605128237
0.46199430210541087,-0.8311751957039004,-0.27420424855354086,0.5393338509728193,0.5891123413101359,-0.8491077782830575,0.8344153605128237
0.46199430210541087,-0.8776538661154897,-0.27420424855354086,0.5599422598582745,0.47581864158416304,-0.8482599103857928,0.8344153605128237
0.46199430210541087,-0.8365983894677022,-0.27420424855354086,0.908115904712549,0.3908483667896832,-0.847412045029588,1.0178985028875878
0.46199430210541087,-0.9516676149369793,-0.27420424855354086,0.8213436567737894,0.4409590416684791,-0.8465641771323226,1.0178985028875878
0.46199430210541087,-0.9660316517998707,-0.27420424855354086,0.8625604745446999,0.5477165664102609,-0.8473215782082407,1.0178985028875878
0.46199430210541087,-1.0226435146000878,-0.27420424855354086,0.6971508769114388,0.7459805409307136,-0.8480789767430988,1.0178985028875878
0.46199430210541087,-0.9695320737659759,-0.27420424855354086,0.6684075697817246,0.7394443659465226,-0.8488363778190161,1.0178985028875878
0.46199430210541087,-0.9446355105077733,-0.27420424855354086,0.8717800258881931,0.9006700155565603,-0.8495937763538742,1.0178985028875878
0.46199430210541087,-1.1272218644280874,-0.27420424855354086,0.7730765938578541,1.0488233151982171,-0.8485281700995623,1.0178985028875878
0.46199430210541087,-0.771648085189317,-0.27420424855354086,0.5290296465300917,1.122899965019046,-0.8460953108886375,1.0178985028875878
0.46199430210541087,-0.8957950395619789,-0.27420424855354086,0.6109209555222966,1.144687214966348,-0.8436624516777127,1.0178985028875878
0.46199430210541087,-0.9048269544304444,3.6469165057620936,0.6852196928198594,1.225300039771367,-0.841229589925728,1.0178985028875878
0.46199430210541087,-1.0226992523174636,-0.27420424855354086,0.3120990266831917,1.3712746144182937,-0.8388317312764924,1.0178985028875878
0.46199430210541087,-0.9976620527131329,-0.27420424855354086,0.14723175559954785,1.5194279140599505,-0.8366438785384472,1.0178985028875878
0.46199430210541087,-0.9965943147273475,-0.27420424855354086,0.08161024309586058,1.4366363642602005,-0.8344560258004028,1.0178985028875878
0.46199430210541087,-0.9410386152742463,-0.27420424855354086,0.07727163069892268,1.4562448892127735,-0.8322681730623577,0.8416494629003588
0.46199430210541087,-0.9534132499000929,-0.27420424855354086,-0.3517086700483221,1.4606023392022336,-0.8300803203243132,0.8416494629003588
0.46199430210541087,-0.9477206093151723,-0.27420424855354086,-0.29205274959042454,1.3974193143550566,-0.8320645604583549,0.8416494629003588
0.46199430210541087,-0.9153090369353685,-0.27420424855354086,-0.16731764317845726,1.2165851397924459,-0.8347441489809002,0.8416494629003588
0.5389933524563126,-1.0406779142479985,-0.27420424855354086,-1.1722487396192212,-1.7137999781197326,0.9954402530115626,0.29777649249200816
0.5389933524563126,-0.9827759188929567,3.6469165057620936,-1.241666537970229,-1.7660893779932585,0.9991346545382691,0.29777649249200816
0.5389933524563126,-1.0435406364315345,-0.27420424855354086,-1.1342858811460135,-1.8401660278140874,1.0003331963512225,0.29777649249200816
0.5389933524563126,-1.027717567015126,-0.27420424855354086,-0.8327523195588226,-1.7377659530617655,1.0011157615452186,0.29777649249200816
0.5389933524563126,-1.0272503464067575,-0.27420424855354086,-0.6537845581851303,-1.5983275533990298,1.001898329280274,0.29777649249200816
0.5389933524563126,-1.0351482696987904,-0.27420424855354086,-0.19334931756008508,-1.5068211036203598,1.00268089447427,0.29777649249200816
0.5389933524563126,-1.0754415967668418,-0.27420424855354086,-0.3245923425674596,-1.391348678899656,0.9985079808397742,0.29777649249200816
0.5389933524563126,-1.0813258379983883,-0.27420424855354086,-0.48837496055186924,-1.3652039789628931,0.9935091540671971,0.29777649249200816
0.5389933524563126,-1.0536423350358757,-0.27420424855354086,0.18736392027122445,-1.393527403894387,0.9885103272946193,0.21622842921433494
0.5389933524563126,-1.059175012319867,-0.27420424855354086,0.2752208213092184,-1.2824124291631442,0.9835115005220422,0.21622842921433494
0.5389933524563126,-1.0300083584869821,-0.27420424855354086,0.39073637637769315,-1.1996208793633953,0.9801161614395238,0.21622842921433494
0.5389933524563126,-1.045440797307179,-0.27420424855354086,0.19224485921777912,-1.2279443042948883,0.9788588067907721,0.21622842921433494
0.5389933524563126,-1.0567714713057472,-0.27420424855354086,0.33975768071367174,-1.2606251792158423,0.9776014521420195,0.21622842921433494
0.5389933524563126,-1.0536425503779905,-0.27420424855354086,0.5534343412628681,-1.1407953045056785,0.9763440974932671,0.21622842921433494
0.5389933524563126,-1.046492922989643,-0.27420424855354086,0.6732885087282799,-1.0993995296058034,0.9762769296518914,0.21622842921433494
0.5389933524563126,-1.0574686414023482,-0.27420424855354086,0.7361983884838808,-1.1604038294582504,0.9833508801137122,0.21622842921433494
0.5389933524563126,-1.0454053196937694,-0.27420424855354086,1.0995571767274384,-1.3063784041051771,0.990424830575533,0.21622842921433494
0.5389933524563126,-1.0528175029555624,-0.27420424855354086,1.1939219963608403,-1.42402955382061,0.9974987835784144,0.21622842921433494
0.5389933524563126,-1.0758116263007393,-0.27420424855354086,1.2389350999790718,-1.5046423786256289,1.004572734040235,0.21622842921433494
0.5389933524563126,-1.0718684250562933,-0.27420424855354086,1.3837362887268776,-1.5721828534622668,1.004513082654607,0.21622842921433494
0.5389933524563126,-1.062029587393394,-0.27420424855354086,1.4287493923451093,-1.5373232535465828,1.0015999884971518,0.21622842921433494
0.5389933524563126,-1.0671848237857042,-0.27420424855354086,1.1727712609257674,-1.5024636536308988,0.9986868968807561,0.14980621638332778
0.5389933524563126,-1.0923871549017188,-0.27420424855354086,1.1391470148494978,-1.5612892284886157,0.9957738027233011,0.14980621638332778
0.5389933524563126,-1.0892013298201313,-0.27420424855354086,1.352823675398694,-1.6026850033884898,0.9955721365713269,0.14980621638332778
0.5389933524563126,-1.0848538955358902,-0.27420424855354086,1.4374266171389851,-1.6353658783094436,0.9989857077599958,0.14980621638332778
0.5389933524563126,-1.0895152806783046,-0.27420424855354086,1.2432737123760098,-1.5656466784780758,1.002399278948664,0.14980621638332778
0.5389933524563126,-1.083210601912826,-0.27420424855354086,1.6071748271691841,-1.5939701034095697,1.005812850137332,0.14980621638332778
0.5389933524563126,-1.0782702769510664,-0.27420424855354086,1.5719236014440632,-1.452352978752103,1.009226418784941,0.14980621638332778
0.5389933524563126,-1.072923098953782,-0.27420424855354086,1.5681273155967421,-1.51335727860455,1.0083247820561574,0.14980621638332778
0.5389933524563126,-1.078897084011663,-0.27420424855354086,1.384820941826112,-1.6113999033674107,1.0074231453273748,0.14980621638332778
0.5389933524563126,-1.0470655715083723,-0.27420424855354086,1.1879564043150497,-1.7029063531460815,1.0065215060575312,0.14980621638332778
0.5389933524563126,-1.058525468720985,3.6469165057620936,1.0106156225902092,-1.7290510530828445,1.0056198693287486,0.14980621638332778
0.5389933524563126,-1.0461517851894788,-0.27420424855354086,1.2129034255974436,-1.6920127281724306,1.0063169100632734,0.14980621638332778
0.5389933524563126,-1.0706756989180544,-0.27420424855354086,1.09142227848318,-1.6005062783937598,1.0082129550836887,0.14980621638332778
0.5389933524563126,-1.0759100735375462,-0.27420424855354086,0.5214370748354501,-1.6462595032830947,1.0101090026451642,0.19189553936535253
0.5389933524563126,-1.0461118033368344,-0.27420424855354086,0.27630547440845343,-1.5808977534411877,1.0120050502066396,0.19189553936535253
0.5389933524563126,-1.0607130395391562,-0.27420424855354086,0.43086854104936934,-1.391348678899656,1.0137034439500243,0.19189553936535253
0.5389933524563126,-1.0505060924762162,-0.27420424855354086,0.545299443018609,-1.380455053926005,1.014907708230303,0.19189553936535253
0.5389933524563126,-1.0887245623780077,-0.27420424855354086,0.37121262059147214,-1.4000635788785771,1.016111975051641,0.19189553936535253
0.5389933524563126,-1.0055890830810132,-0.27420424855354086,-0.1060347430717079,-1.458889153736294,1.01731623933192,0.19189553936535253
0.5389933524563126,-1.1014077643091582,-0.27420424855354086,0.015446404042556166,-1.3739188789418142,1.018520503612198,0.19189553936535253
0.5389933524563126,-1.1149724332968092,-0.27420424855354086,-0.48566332780378274,-1.2802337041684142,1.015627072177724,0.19189553936535253
0.5389933524563126,-1.044941975243467,3.6469165057620936,0.12445404051562327,-1.358667803978703,1.012050690186928,0.19189553936535253
0.5389933524563126,-1.144753296676576,-0.27420424855354086,-0.5550811261547908,-1.417493378836419,1.0084743081961316,0.19189553936535253
0.5389933524563126,-1.1061358337264495,-0.27420424855354086,-0.7763503583986286,-1.1233655045478366,1.0048979262053355,0.19189553936535253
0.5389933524563126,-1.0761667254480118,-0.27420424855354086,-0.6526999050858956,-1.0667186546848495,1.0033668485636187,0.19189553936535253
0.5389933524563126,-0.943331865235246,-0.27420424855354086,-0.5084410428877073,-1.0296803297744357,1.0033697479131827,0.19189553936535253
0.5389933524563126,-1.161767477165363,3.6469165057620936,-0.7307949282307798,-0.9054930050748118,1.0033726472627458,0.19189553936535253
0.5389933524563126,-1.0658573473191415,-0.27420424855354086,-0.8907812603678683,-0.8335950802487139,1.0033755466123089,0.10311337370014428
0.5389933524563126,-1.0401392000575234,-0.27420424855354086,-1.4385310754812908,-0.8183440052856019,1.0047167994420745,0.10311337370014428
0.5389933524563126,-1.0872921245756657,-0.27420424855354086,-0.9732148959096905,-0.7464460804595041,1.0140881731530482,0.10311337370014428
0.5389933524563126,-1.1108785105171932,-0.27420424855354086,-0.9016277913602134,-0.759518430427886,1.0234595443229628,0.10311337370014428
0.5389933524563126,-0.9942673278350322,-0.27420424855354086,-1.319761561115113,-0.805271655317221,1.0328309180339366,0.10311337370014428
0.5389933524563126,-1.0302468857694536,3.6469165057620936,-1.41304172764928,-0.7333737304911231,1.0422022917449112,0.10311337370014428
0.5389933524563126,-1.1268829697749516,-0.27420424855354086,-0.043124863316107105,-0.6832630556123271,1.0500909899267756,0.10311337370014428
0.5389933524563126,-1.09885716257582,-0.27420424855354086,0.03280085363030817,-0.6396885557177222,1.0573866148477236,0.10311337370014428
0.5389933524563126,-1.079751400016525,-0.27420424855354086,-0.062106292552710544,-0.15383288189287797,1.0646822397686724,0.10311337370014428
0.5389933524563126,-1.0883738777440881,-0.27420424855354086,-0.3240500160178425,0.21872909220599443,1.0719778672306812,0.10311337370014428
0.5389933524563126,-1.111808429549519,-0.27420424855354086,0.14072383700414062,0.2819121170531713,1.078355513865403,0.10311337370014428
0.5389933524563126,-1.1005331702551544,-0.27420424855354086,0.5241487075835363,0.2492312421322174,1.0843659722349073,0.10311337370014428
0.5389933524563126,-1.0894560077612112,-0.27420424855354086,-0.23348148223176168,0.36034621686346024,1.0903764306044117,0.039321743555512795
0.5389933524563126,-1.0787558195843672,-0.27420424855354086,0.43141086759898684,0.573861266347024,1.096386886432856,0.039321743555512795
0.5389933524563126,-1.1096620429107997,-0.27420424855354086,0.5610269129575096,0.8374869907093835,1.1018968931817483,0.039321743555512795
0.5389933524563126,-1.076119260456879,-0.27420424855354086,0.5490957288659302,0.9769253903721192,1.10615577596123,0.039321743555512795
0.5389933524563126,-1.115009202962908,-0.27420424855354086,0.5165561358888947,0.9834615653563102,1.1104146587407124,0.039321743555512795
0.5389933524563126,-1.0879078235721749,-0.27420424855354086,0.06534044660734285,1.1926191648504139,1.114673541520195,0.039321743555512795
0.5389933524563126,-1.1133449852643573,-0.27420424855354086,0.7795845124532613,1.177368089887302,1.1189324242996765,0.039321743555512795
0.5389933524563126,-1.0945247842944374,-0.27420424855354086,0.4173103773089381,1.194797889845144,1.1131135059576855,0.039321743555512795
0.5389933524563126,-1.1049264903550196,-0.27420424855354086,0.8782879444836005,0.9311721654827844,1.1072945901567535,0.039321743555512795
0.5389933524563126,-1.0986409052570518,-0.27420424855354086,1.255747223017206,0.7416230909412527,1.1014756718147622,0.039321743555512795
0.5389933524563126,-1.1131970093411507,-0.27420424855354086,1.3040142859331412,0.6305081162100108,1.0956567534727704,0.039321743555512795
0.5389933524563126,-1.0938449671832522,-0.27420424855354086,1.4574926994748236,0.6065421412679778,1.0945097951796567,0.039321743555512795
0.5389933524563126,-1.1167525050531113,-0.27420424855354086,1.3587892674444837,0.512856966494577,1.096866806287935,0.039321743555512795
0.5389933524563126,-1.1058658126596912,-0.27420424855354086,1.4591196791236747,0.36034621686346024,1.099223817396214,-0.01263226450042379
0.5389933524563126,-1.1220487905306025,-0.27420424855354086,1.5453496005128176,0.2644823170953294,1.1015808310455533,-0.01263226450042379
0.5389933524563126,-1.1207006412210208,-0.27420424855354086,1.6478493183904779,0.471461191594703,1.103710689169149,-0.01263226450042379
0.5389933524563126,-1.1154496493683383,-0.27420424855354086,1.6055478475203322,0.6370442911942008,1.105272668642628,-0.01263226450042379
0.5389933524563126,-1.131951674527473,-0.27420424855354086,1.6755079724209578,0.7045847660308386,1.106834650657167,-0.01263226450042379
0.5389933524563126,-1.1004530809336324,-0.27420424855354086,1.819766834619146,0.7089422160202997,1.1083966301306458,-0.01263226450042379
0.5389933524563126,-1.1355789150540077,-0.27420424855354086,1.7167247901918683,0.6087208662627078,1.109958609604124,-0.01263226450042379
0.5389933524563126,-1.1315844264958914,-0.27420424855354086,1.5968706227264564,0.42570796670536715,1.1115749677635427,-0.01263226450042379
0.5389933524563126,-1.1791495158217231,-0.27420424855354086,1.7031666264514371,0.3581674918687302,1.1132003898843046,-0.01263226450042379
0.5389933524563126,-1.2118501311550907,-0.27420424855354086,1.696116381306413,0.37995474181603217,1.114825809464006,-0.01263226450042379
0.5389933524563126,-1.2097406756890559,3.6469165057620936,0.9872955809566679,0.40827816674752515,1.116451231584768,-0.01263226450042379
0.5389933524563126,-1.1881762445342579,-0.27420424855354086,1.0822027271396866,0.3647036668529202,1.1210151864155529,-0.01263226450042379
0.5389933524563126,-1.1721639432344857,-0.27420424855354086,0.8142934116287653,0.2361588921638364,1.1294971890948011,-0.01263226450042379
0.5389933524563126,-1.1808430021027074,-0.27420424855354086,0.9894648871551365,-0.007858307245951207,1.1379791892329902,-0.01263226450042379
0.5389933524563126,-1.1260615293329463,-0.27420424855354086,0.5951934855833961,-0.16036905687706798,1.1464611919122387,-0.2829246355256141
0.5389933524563126,-1.1382934459722223,-0.27420424855354086,0.4948630739042052,-0.18433503181910094,1.1543129405393253,-0.2829246355256141
0.5389933524563126,-1.10554970838037,-0.27420424855354086,0.243765881431418,-0.012215757235411217,1.1583831623123775,-0.2829246355256141
0.5389933524563126,-1.1105862912674365,-0.27420424855354086,0.2600356779199353,0.02918001766446274,1.1624533866264897,-0.2829246355256141
0.5389933524563126,-1.0994474332576085,-0.27420424855354086,-0.2524629114683655,-0.05796898212474712,1.1665236083995427,-0.2829246355256141
0.5389933524563126,-1.1401334725623145,-0.27420424855354086,-0.04692114916342787,-0.13422435694030502,1.170593832713655,-0.2829246355256141
0.5389933524563126,-1.09208346868435,-0.27420424855354086,0.06696742625619466,-0.11025838199827304,1.1762218513752767,-0.2829246355256141
0.5389933524563126,-1.0639072091276918,3.6469165057620936,-0.22968519638444093,-0.26712658161884983,1.1824729887923262,-0.2829246355256141
0.5389933524563126,-1.1352898541552674,-0.27420424855354086,-0.6478189661393405,-0.4065649812815856,1.1887241236683157,-0.2829246355256141
0.5389933524563126,-1.091583892923236,-0.27420424855354086,-1.0426326942606985,-0.43706713120780954,1.1949752610853657,-0.2829246355256141
0.5389933524563126,-1.0834653875249634,-0.27420424855354086,-0.5480308810097664,-0.4348884062130795,1.2004831562133222,-0.2829246355256141
0.5389933524563126,-0.9923799798152171,-0.27420424855354086,-0.766046153955901,-0.5372884809654004,1.2050000607754687,-0.2829246355256141
0.5389933524563126,-1.1991895760363447,3.6469165057620936,-0.8408872178030816,-0.5002501560549865,1.209516967878675,-0.2829246355256141
0.5389933524563126,-1.0551734174719631,-0.27420424855354086,-0.6814432122156099,-0.43924585620253953,1.2140338724408215,-0.535460573417762
0.5389933524563126,-1.0731310656011313,-0.27420424855354086,-0.8495644425969574,-0.2126584567505939,1.2185507795440278,-0.535460573417762
0.5389933524563126,-1.0879596851314846,-0.27420424855354086,-0.4585470003229203,-0.1974073817874829,1.2209145219204867,-0.535460573417762
0.5389933524563126,-1.0982296377081742,-0.27420424855354086,-0.5355573703685699,-0.149475431903417,1.2232782642969457,-0.535460573417762
0.5389933524563126,-1.096357812265799,-0.27420424855354086,-0.262224789361476,0.0030353177276997833,1.2256420041323448,-0.535460573417762
0.5389933524563126,-1.0653391265199228,3.6469165057620936,-0.7671308070551353,0.10979284246948162,1.2280057465088037,-0.535460573417762
0.5389933524563126,-1.0945123841776612,-0.27420424855354086,-0.8479374629481056,0.3298440669372363,1.2320788625492993,-0.535460573417762
0.5389933524563126,-1.1122662648307182,-0.27420424855354086,-0.3175420974224353,0.4278866917000981,1.2374340120141478,-0.535460573417762
0.5389933524563126,-1.0881750451914411,-0.27420424855354086,-0.07403747664429036,0.5912910663048658,1.2427891589379358,-0.535460573417762
0.5389933524563126,-1.07385967564649,-0.27420424855354086,-0.19009535826238186,0.6762613410993458,1.2481443058617239,-0.535460573417762
0.5389933524563126,-1.1330795467988106,-0.27420424855354086,0.147774082149165,0.8178784657568116,1.2520172270240377,-0.535460573417762
0.5389933524563126,-1.1032806485169306,-0.27420424855354086,0.12445404051562327,0.9333508904775143,1.2539138488650943,-0.535460573417762
0.5389933524563126,-1.068501210133356,-0.27420424855354086,0.39073637637769315,1.0597169401718691,1.25581047070615,-0.535460573417762
0.5389933524563126,-1.047132076331487,-0.27420424855354086,0.4531039295836764,1.15993828992946,1.2577070925472058,-0.6446297549023888
0.5389933524563126,-1.1058616493788056,-0.27420424855354086,0.4536462561332939,1.15993828992946,1.2596037143882624,-0.6446297549023888
0.5389933524563126,-1.0446242558982852,-0.27420424855354086,0.34192698691214035,1.129436140003236,1.260968380545702,-0.6446297549023888
0.5389933524563126,-1.0969606086805976,-0.27420424855354086,0.463408134026404,0.9921764653352312,1.2623330467031422,-0.6446297549023888
0.5389933524563126,-1.0597553952095522,-0.27420424855354086,0.9146238233079562,0.8505593406777654,1.2636977128605824,-0.6446297549023888
0.5389933524563126,-1.0927872426058043,-0.27420424855354086,0.7307751229877085,0.7176571159992207,1.2650623790180227,-0.6446297549023888
0.5389933524563126,-1.0481491730299466,-0.27420424855354086,0.6374949564535416,0.5912910663048658,1.265497149317412,-0.6446297549023888
0.5389933524563126,-1.0689462505039018,-0.27420424855354086,1.020919827032937,0.4409590416684791,1.2655599617817923,-0.6446297549023888
0.5389933524563126,-1.109026317097616,-0.27420424855354086,1.0073616632925055,0.3102355419846643,1.2656227742461728,-0.6446297549023888
0.5389933524563126,-1.0907190789902788,-0.27420424855354086,1.0198351739337026,0.20347801724288248,1.2656855867105539,-0.6446297549023888
0.5389933524563126,-1.0883856677248724,-0.27420424855354086,1.130469790055622,0.07493324255379767,1.266022109462598,-0.6446297549023888
0.5389933524563126,-1.1062745140483679,-0.27420424855354086,1.1451126068952875,-0.027466832198523184,1.2670429066632718,-0.6446297549023888
0.5389933524563126,-1.1158971302828515,-0.27420424855354086,1.485151353505303,-0.15819033188233797,1.268063703863945,-0.6446297549023888
0.5389933524563126,-1.0847424739366678,-0.27420424855354086,1.3338422461620907,-0.28673510657142276,1.269084501064619,-0.859022243842077
0.5389933524563126,-1.1258603997977414,-0.27420424855354086,1.184702445017347,-0.22355208172424587,1.270105295724233,-0.859022243842077
0.5389933524563126,-1.1081831450471937,-0.27420424855354086,1.2790672646507482,-0.10372220701408205,1.2703196061912179,-0.859022243842077
0.5389933524563126,-1.1134049580433238,-0.27420424855354086,1.4873206597037723,0.10543539248002161,1.2705339141171428,-0.859022243842077
0.5389933524563126,-1.112408318845768,-0.27420424855354086,1.6760502989705746,0.1272226424273236,1.2707482220430668,-0.859022243842077
0.5389933524563126,-1.102104683173292,-0.27420424855354086,1.5675849890471245,0.2949844670215533,1.2709625325100518,-0.859022243842077
0.5389933524563126,-1.1156122506101736,-0.27420424855354086,1.3495697161009903,0.46274629161578207,1.2729885730825843,-0.859022243842077
0.5389933524563126,-1.112121016574299,-0.27420424855354086,0.9249280277506838,0.5695038163575639,1.276373415045868,-0.859022243842077
0.5389933524563126,-1.0872923399177805,-0.27420424855354086,1.2427313858263922,0.6087208662627078,1.2797582544680919,-0.859022243842077
0.5389933524563126,-1.0972819350062024,3.6469165057620936,1.504132782741907,0.8091635657778905,1.283143096431375,-0.859022243842077
0.5389933524563126,-1.089731430326015,-0.27420424855354086,0.8370711267126891,0.7808401408463975,1.2867685793263033,-0.859022243842077
0.5389933524563126,-1.0787519793166536,-0.27420424855354086,0.5897702200872239,0.7895550408253186,1.2918379103521556,-0.859022243842077
0.5389933524563126,-1.1119175362210079,-0.27420424855354086,1.0691868899488721,0.6697251661151548,1.2969072413780078,-0.859022243842077
0.5389933524563126,-1.0736199998727396,-0.27420424855354086,0.5214370748354501,0.5629676413733729,1.3019765724038603,-1.118792284121761
0.5389933524563126,-1.0954380860935728,-0.27420424855354086,0.04690134392035656,0.528108041457689,1.3070459034297126,-1.118792284121761
0.5389933524563126,-1.0901549723754353,-0.27420424855354086,0.4259876021028139,0.512856966494577,1.3081736614727817,-1.118792284121761
0.5389933524563126,-1.0867683407718154,-0.27420424855354086,0.5333682589270295,0.3211291669583153,1.3086444919559173,-1.118792284121761
0.6159924028072145,0.7612753465278086,-0.27420424855354086,-1.1722487396192212,-1.7137999781197326,0.9954402530115626,0.29777649249200816
0.6159924028072145,0.8953171634035652,3.6469165057620936,-1.241666537970229,-1.7660893779932585,0.9991346545382691,0.29777649249200816
0.6159924028072145,0.768695138544324,-0.27420424855354086,-1.1342858811460135,-1.8401660278140874,1.0003331963512225,0.29777649249200816
0.6159924028072145,0.537144330455631,-0.27420424855354086,-0.8327523195588226,-1.7377659530617655,1.0011157615452186,0.29777649249200816
0.6159924028072145,0.6098511859276957,-0.27420424855354086,-0.6537845581851303,-1.5983275533990298,1.001898329280274,0.29777649249200816
0.6159924028072145,0.5763346931569547,-0.27420424855354086,-0.19334931756008508,-1.5068211036203598,1.00268089447427,0.29777649249200816
0.6159924028072145,0.5154425110316031,-0.27420424855354086,-0.3245923425674596,-1.391348678899656,0.9985079808397742,0.29777649249200816
0.6159924028072145,0.33127958365345417,-0.27420424855354086,-0.48837496055186924,-1.3652039789628931,0.9935091540671971,0.29777649249200816
0.6159924028072145,0.5609149954118816,-0.27420424855354086,0.18736392027122445,-1.393527403894387,0.9885103272946193,0.21622842921433494
0.6159924028072145,0.6293030032654426,-0.27420424855354086,0.2752208213092184,-1.2824124291631442,0.9835115005220422,0.21622842921433494
0.6159924028072145,0.5785866871577977,-0.27420424855354086,0.39073637637769315,-1.1996208793633953,0.9801161614395238,0.21622842921433494
0.6159924028072145,0.4224950938908806,-0.27420424855354086,0.19224485921777912,-1.2279443042948883,0.9788588067907721,0.21622842921433494
0.6159924028072145,0.3556213897336307,-0.27420424855354086,0.33975768071367174,-1.2606251792158423,0.9776014521420195,0.21622842921433494
0.6159924028072145,0.604335359164186,-0.27420424855354086,0.5534343412628681,-1.1407953045056785,0.9763440974932671,0.21622842921433494
0.6159924028072145,0.4347387107850597,-0.27420424855354086,0.6732885087282799,-1.0993995296058034,0.9762769296518914,0.21622842921433494
0.6159924028072145,0.5246745684505806,-0.27420424855354086,0.7361983884838808,-1.1604038294582504,0.9833508801137122,0.21622842921433494
0.6159924028072145,0.4744847279232208,-0.27420424855354086,1.0995571767274384,-1.3063784041051771,0.990424830575533,0.21622842921433494
0.6159924028072145,0.6865739744434732,-0.27420424855354086,1.1939219963608403,-1.42402955382061,0.9974987835784144,0.21622842921433494
0.6159924028072145,0.5958931048415177,-0.27420424855354086,1.2389350999790718,-1.5046423786256289,1.004572734040235,0.21622842921433494
0.6159924028072145,0.5797384085683475,-0.27420424855354086,1.3837362887268776,-1.5721828534622668,1.004513082654607,0.21622842921433494
0.6159924028072145,0.46387295562967024,-0.27420424855354086,1.4287493923451093,-1.5373232535465828,1.0015999884971518,0.21622842921433494
0.6159924028072145,0.47855424526316154,-0.27420424855354086,1.1727712609257674,-1.5024636536308988,0.9986868968807561,0.14980621638332778
0.6159924028072145,0.4846797952794953,-0.27420424855354086,1.1391470148494978,-1.5612892284886157,0.9957738027233011,0.14980621638332778
0.6159924028072145,0.5211359950398066,-0.27420424855354086,1.352823675398694,-1.6026850033884898,0.9955721365713269,0.14980621638332778
0.6159924028072145,0.41453827453045566,-0.27420424855354086,1.4374266171389851,-1.6353658783094436,0.9989857077599958,0.14980621638332778
0.6159924028072145,0.33551005127901684,-0.27420424855354086,1.2432737123760098,-1.5656466784780758,1.002399278948664,0.14980621638332778
0.6159924028072145,0.5515842215784541,-0.27420424855354086,1.6071748271691841,-1.5939701034095697,1.005812850137332,0.14980621638332778
0.6159924028072145,0.5072924041779867,-0.27420424855354086,1.5719236014440632,-1.452352978752103,1.009226418784941,0.14980621638332778
0.6159924028072145,0.5949579458177319,-0.27420424855354086,1.5681273155967421,-1.51335727860455,1.0083247820561574,0.14980621638332778
0.6159924028072145,0.5053231723190262,-0.27420424855354086,1.384820941826112,-1.6113999033674107,1.0074231453273748,0.14980621638332778
0.6159924028072145,0.4612237989884675,-0.27420424855354086,1.1879564043150497,-1.7029063531460815,1.0065215060575312,0.14980621638332778
0.6159924028072145,0.47222695557563127,3.6469165057620936,1.0106156225902092,-1.7290510530828445,1.0056198693287486,0.14980621638332778
0.6159924028072145,0.44697089660197903,-0.27420424855354086,1.2129034255974436,-1.6920127281724306,1.0063169100632734,0.14980621638332778
0.6159924028072145,0.33238240445877254,-0.27420424855354086,1.09142227848318,-1.6005062783937598,1.0082129550836887,0.14980621638332778
0.6159924028072145,0.30318809710931416,-0.27420424855354086,0.5214370748354501,-1.6462595032830947,1.0101090026451642,0.19189553936535253
0.6159924028072145,0.45778586212600086,-0.27420424855354086,0.27630547440845343,-1.5808977534411877,1.0120050502066396,0.19189553936535253
0.6159924028072145,0.3962711438919959,-0.27420424855354086,0.43086854104936934,-1.391348678899656,1.0137034439500243,0.19189553936535253
0.6159924028072145,0.38987702636817884,-0.27420424855354086,0.545299443018609,-1.380455053926005,1.014907708230303,0.19189553936535253
0.6159924028072145,0.3820385554450018,-0.27420424855354086,0.37121262059147214,-1.4000635788785771,1.016111975051641,0.19189553936535253
0.6159924028072145,0.5014357805726608,-0.27420424855354086,-0.1060347430717079,-1.458889153736294,1.01731623933192,0.19189553936535253
0.6159924028072145,0.5522655640296186,-0.27420424855354086,0.015446404042556166,-1.3739188789418142,1.018520503612198,0.19189553936535253
0.6159924028072145,0.5637106564718402,-0.27420424855354086,-0.48566332780378274,-1.2802337041684142,1.015627072177724,0.19189553936535253
0.6159924028072145,1.4604266085299948,3.6469165057620936,0.12445404051562327,-1.358667803978703,1.012050690186928,0.19189553936535253
0.6159924028072145,0.5270267683155014,-0.27420424855354086,-0.5550811261547908,-1.417493378836419,1.0084743081961316,0.19189553936535253
0.6159924028072145,0.7728195681235339,-0.27420424855354086,-0.7763503583986286,-1.1233655045478366,1.0048979262053355,0.19189553936535253
0.6159924028072145,1.2016767992918687,-0.27420424855354086,-0.6526999050858956,-1.0667186546848495,1.0033668485636187,0.19189553936535253
0.6159924028072145,1.8374312709220468,-0.27420424855354086,-0.5084410428877073,-1.0296803297744357,1.0033697479131827,0.19189553936535253
0.6159924028072145,0.2746372499439959,3.6469165057620936,-0.7307949282307798,-0.9054930050748118,1.0033726472627458,0.19189553936535253
0.6159924028072145,0.4790602095070143,-0.27420424855354086,-0.8907812603678683,-0.8335950802487139,1.0033755466123089,0.10311337370014428
0.6159924028072145,0.5485859953691925,-0.27420424855354086,-1.4385310754812908,-0.8183440052856019,1.0047167994420745,0.10311337370014428
0.6159924028072145,0.536808253195164,-0.27420424855354086,-0.9732148959096905,-0.7464460804595041,1.0140881731530482,0.10311337370014428
0.6159924028072145,0.3767167339817326,-0.27420424855354086,-0.9016277913602134,-0.759518430427886,1.0234595443229628,0.10311337370014428
0.6159924028072145,0.7145360762669826,-0.27420424855354086,-1.319761561115113,-0.805271655317221,1.0328309180339366,0.10311337370014428
0.6159924028072145,0.8868525852816647,3.6469165057620936,-1.41304172764928,-0.7333737304911231,1.0422022917449112,0.10311337370014428
0.6159924028072145,0.886553959603993,-0.27420424855354086,-0.043124863316107105,-0.6832630556123271,1.0500909899267756,0.10311337370014428
0.6159924028072145,0.5754102832937317,-0.27420424855354086,0.03280085363030817,-0.6396885557177222,1.0573866148477236,0.10311337370014428
0.6159924028072145,0.6598297040597508,-0.27420424855354086,-0.062106292552710544,-0.15383288189287797,1.0646822397686724,0.10311337370014428
0.6159924028072145,0.6470020434599353,-0.27420424855354086,-0.3240500160178425,0.21872909220599443,1.0719778672306812,0.10311337370014428
0.6159924028072145,0.6828674341831708,-0.27420424855354086,0.14072383700414062,0.2819121170531713,1.078355513865403,0.10311337370014428
0.6159924028072145,0.5599018466521933,-0.27420424855354086,0.5241487075835363,0.2492312421322174,1.0843659722349073,0.10311337370014428
0.6159924028072145,0.538106766147289,-0.27420424855354086,-0.23348148223176168,0.36034621686346024,1.0903764306044117,0.039321743555512795
0.6159924028072145,0.667131578323248,-0.27420424855354086,0.43141086759898684,0.573861266347024,1.096386886432856,0.039321743555512795
0.6159924028072145,0.6521902630861597,-0.27420424855354086,0.5610269129575096,0.8374869907093835,1.1018968931817483,0.039321743555512795
0.6159924028072145,0.7471737758124817,-0.27420424855354086,0.5490957288659302,0.9769253903721192,1.10615577596123,0.039321743555512795
0.6159924028072145,0.5134271780149035,-0.27420424855354086,0.5165561358888947,0.9834615653563102,1.1104146587407124,0.039321743555512795
0.6159924028072145,0.6168230663454686,-0.27420424855354086,0.06534044660734285,1.1926191648504139,1.114673541520195,0.039321743555512795
0.6159924028072145,0.6515696112210104,-0.27420424855354086,0.7795845124532613,1.177368089887302,1.1189324242996765,0.039321743555512795
0.6159924028072145,0.6143279331518621,-0.27420424855354086,0.4173103773089381,1.194797889845144,1.1131135059576855,0.039321743555512795
0.6159924028072145,0.5334103520208703,-0.27420424855354086,0.8782879444836005,0.9311721654827844,1.1072945901567535,0.039321743555512795
0.6159924028072145,0.6914615226419356,-0.27420424855354086,1.255747223017206,0.7416230909412527,1.1014756718147622,0.039321743555512795
0.6159924028072145,0.6824014876823152,-0.27420424855354086,1.3040142859331412,0.6305081162100108,1.0956567534727704,0.039321743555512795
0.6159924028072145,0.8003726634903704,-0.27420424855354086,1.4574926994748236,0.6065421412679778,1.0945097951796567,0.039321743555512795
0.6159924028072145,0.5938655332146279,-0.27420424855354086,1.3587892674444837,0.512856966494577,1.096866806287935,0.039321743555512795
0.6159924028072145,0.5865561219771136,-0.27420424855354086,1.4591196791236747,0.36034621686346024,1.099223817396214,-0.01263226450042379
0.6159924028072145,0.6785344816561487,-0.27420424855354086,1.5453496005128176,0.2644823170953294,1.1015808310455533,-0.01263226450042379
0.6159924028072145,0.664769526556576,-0.27420424855354086,1.6478493183904779,0.471461191594703,1.103710689169149,-0.01263226450042379
0.6159924028072145,0.6404913002357886,-0.27420424855354086,1.6055478475203322,0.6370442911942008,1.105272668642628,-0.01263226450042379
0.6159924028072145,0.47212490135840146,-0.27420424855354086,1.6755079724209578,0.7045847660308386,1.106834650657167,-0.01263226450042379
0.6159924028072145,0.6890303640015953,-0.27420424855354086,1.819766834619146,0.7089422160202997,1.1083966301306458,-0.01263226450042379
0.6159924028072145,0.714724554452944,-0.27420424855354086,1.7167247901918683,0.6087208662627078,1.109958609604124,-0.01263226450042379
0.6159924028072145,0.7940979352240228,-0.27420424855354086,1.5968706227264564,0.42570796670536715,1.1115749677635427,-0.01263226450042379
0.6159924028072145,0.6679873837777374,-0.27420424855354086,1.7031666264514371,0.3581674918687302,1.1132003898843046,-0.01263226450042379
0.6159924028072145,0.6114635959024652,-0.27420424855354086,1.696116381306413,0.37995474181603217,1.114825809464006,-0.01263226450042379
0.6159924028072145,0.595135710733483,3.6469165057620936,0.9872955809566679,0.40827816674752515,1.116451231584768,-0.01263226450042379
0.6159924028072145,0.5714311916968225,-0.27420424855354086,1.0822027271396866,0.3647036668529202,1.1210151864155529,-0.01263226450042379
0.6159924028072145,0.5429824884746145,-0.27420424855354086,0.8142934116287653,0.2361588921638364,1.1294971890948011,-0.01263226450042379
0.6159924028072145,0.43159139605166513,-0.27420424855354086,0.9894648871551365,-0.007858307245951207,1.1379791892329902,-0.01263226450042379
0.6159924028072145,0.6861410291217075,-0.27420424855354086,0.5951934855833961,-0.16036905687706798,1.1464611919122387,-0.2829246355256141
0.6159924028072145,0.5981323936575885,-0.27420424855354086,0.4948630739042052,-0.18433503181910094,1.1543129405393253,-0.2829246355256141
0.6159924028072145,0.6537089992409996,-0.27420424855354086,0.243765881431418,-0.012215757235411217,1.1583831623123775,-0.2829246355256141
0.6159924028072145,0.5416455369550014,-0.27420424855354086,0.2600356779199353,0.02918001766446274,1.1624533866264897,-0.2829246355256141
0.6159924028072145,0.6843863856801256,-0.27420424855354086,-0.2524629114683655,-0.05796898212474712,1.1665236083995427,-0.2829246355256141
0.6159924028072145,0.7173663535718916,-0.27420424855354086,-0.04692114916342787,-0.13422435694030502,1.170593832713655,-0.2829246355256141
0.6159924028072145,0.7180682791401943,-0.27420424855354086,0.06696742625619466,-0.11025838199827304,1.1762218513752767,-0.2829246355256141
0.6159924028072145,1.5954525568154732,3.6469165057620936,-0.22968519638444093,-0.26712658161884983,1.1824729887923262,-0.2829246355256141
0.6159924028072145,0.6169196472839472,-0.27420424855354086,-0.6478189661393405,-0.4065649812815856,1.1887241236683157,-0.2829246355256141
0.6159924028072145,0.9183797834864182,-0.27420424855354086,-1.0426326942606985,-0.43706713120780954,1.1949752610853657,-0.2829246355256141
0.6159924028072145,1.0159973609607327,-0.27420424855354086,-0.5480308810097664,-0.4348884062130795,1.2004831562133222,-0.2829246355256141
0.6159924028072145,1.7606854407999877,-0.27420424855354086,-0.766046153955901,-0.5372884809654004,1.2050000607754687,-0.2829246355256141
0.6159924028072145,0.5569765137487847,3.6469165057620936,-0.8408872178030816,-0.5002501560549865,1.209516967878675,-0.2829246355256141
0.6159924028072145,0.6392131012231579,-0.27420424855354086,-0.6814432122156099,-0.43924585620253953,1.2140338724408215,-0.535460573417762
0.6159924028072145,0.5965979734187222,-0.27420424855354086,-0.8495644425969574,-0.2126584567505939,1.2185507795440278,-0.535460573417762
0.6159924028072145,0.5876608808614647,-0.27420424855354086,-0.4585470003229203,-0.1974073817874829,1.2209145219204867,-0.535460573417762
0.6159924028072145,0.3856638399473271,-0.27420424855354086,-0.5355573703685699,-0.149475431903417,1.2232782642969457,-0.535460573417762
0.6159924028072145,0.6217118707062667,-0.27420424855354086,-0.262224789361476,0.0030353177276997833,1.2256420041323448,-0.535460573417762
0.6159924028072145,0.8661407294496338,3.6469165057620936,-0.7671308070551353,0.10979284246948162,1.2280057465088037,-0.535460573417762
0.6159924028072145,0.9435291942777256,-0.27420424855354086,-0.8479374629481056,0.3298440669372363,1.2320788625492993,-0.535460573417762
0.6159924028072145,0.6236202684178019,-0.27420424855354086,-0.3175420974224353,0.4278866917000981,1.2374340120141478,-0.535460573417762
0.6159924028072145,0.687034663007693,-0.27420424855354086,-0.07403747664429036,0.5912910663048658,1.2427891589379358,-0.535460573417762
0.6159924028072145,0.7070500665501723,-0.27420424855354086,-0.19009535826238186,0.6762613410993458,1.2481443058617239,-0.535460573417762
0.6159924028072145,0.7836638919558706,-0.27420424855354086,0.147774082149165,0.8178784657568116,1.2520172270240377,-0.535460573417762
0.6159924028072145,0.5756736287549317,-0.27420424855354086,0.12445404051562327,0.9333508904775143,1.2539138488650943,-0.535460573417762
0.6159924028072145,0.4913837901064814,-0.27420424855354086,0.39073637637769315,1.0597169401718691,1.25581047070615,-0.535460573417762
0.6159924028072145,0.8095797412240335,-0.27420424855354086,0.4531039295836764,1.15993828992946,1.2577070925472058,-0.6446297549023888
0.6159924028072145,0.6510755625741758,-0.27420424855354086,0.4536462561332939,1.15993828992946,1.2596037143882624,-0.6446297549023888
0.6159924028072145,0.6496286071242626,-0.27420424855354086,0.34192698691214035,1.129436140003236,1.260968380545702,-0.6446297549023888
0.6159924028072145,0.4779213727329988,-0.27420424855354086,0.463408134026404,0.9921764653352312,1.2623330467031422,-0.6446297549023888
0.6159924028072145,0.6213123572478207,-0.27420424855354086,0.9146238233079562,0.8505593406777654,1.2636977128605824,-0.6446297549023888
0.6159924028072145,0.6243285465784902,-0.27420424855354086,0.7307751229877085,0.7176571159992207,1.2650623790180227,-0.6446297549023888
0.6159924028072145,0.7114268232523757,-0.27420424855354086,0.6374949564535416,0.5912910663048658,1.265497149317412,-0.6446297549023888
0.6159924028072145,0.6317869207239039,-0.27420424855354086,1.020919827032937,0.4409590416684791,1.2655599617817923,-0.6446297549023888
0.6159924028072145,0.6451058843585905,-0.27420424855354086,1.0073616632925055,0.3102355419846643,1.2656227742461728,-0.6446297549023888
0.6159924028072145,0.7146784353500286,-0.27420424855354086,1.0198351739337026,0.20347801724288248,1.2656855867105539,-0.6446297549023888
0.6159924028072145,0.6926375238759264,-0.27420424855354086,1.130469790055622,0.07493324255379767,1.266022109462598,-0.6446297549023888
0.6159924028072145,0.6263522241021375,-0.27420424855354086,1.1451126068952875,-0.027466832198523184,1.2670429066632718,-0.6446297549023888
0.6159924028072145,0.5458438647699333,-0.27420424855354086,1.485151353505303,-0.15819033188233797,1.268063703863945,-0.6446297549023888
0.6159924028072145,0.7411899747432019,-0.27420424855354086,1.3338422461620907,-0.28673510657142276,1.269084501064619,-0.859022243842077
0.6159924028072145,0.5908846241004302,-0.27420424855354086,1.184702445017347,-0.22355208172424587,1.270105295724233,-0.859022243842077
0.6159924028072145,0.6233543747415767,-0.27420424855354086,1.2790672646507482,-0.10372220701408205,1.2703196061912179,-0.859022243842077
0.6159924028072145,0.46424734584139216,-0.27420424855354086,1.4873206597037723,0.10543539248002161,1.2705339141171428,-0.859022243842077
0.6159924028072145,0.619369522743097,-0.27420424855354086,1.6760502989705746,0.1272226424273236,1.2707482220430668,-0.859022243842077
0.6159924028072145,0.6127261467214219,-0.27420424855354086,1.5675849890471245,0.2949844670215533,1.2709625325100518,-0.859022243842077
0.6159924028072145,0.6552725624460665,-0.27420424855354086,1.3495697161009903,0.46274629161578207,1.2729885730825843,-0.859022243842077
0.6159924028072145,0.6007219364233496,-0.27420424855354086,0.9249280277506838,0.5695038163575639,1.276373415045868,-0.859022243842077
0.6159924028072145,0.5897184568230138,-0.27420424855354086,1.2427313858263922,0.6087208662627078,1.2797582544680919,-0.859022243842077
0.6159924028072145,0.5618318862462638,3.6469165057620936,1.504132782741907,0.8091635657778905,1.283143096431375,-0.859022243842077
0.6159924028072145,0.5072674603830245,-0.27420424855354086,0.8370711267126891,0.7808401408463975,1.2867685793263033,-0.859022243842077
0.6159924028072145,0.5886657568949109,-0.27420424855354086,0.5897702200872239,0.7895550408253186,1.2918379103521556,-0.859022243842077
0.6159924028072145,0.4200092921889149,-0.27420424855354086,1.0691868899488721,0.6697251661151548,1.2969072413780078,-0.859022243842077
0.6159924028072145,0.5712592589633467,-0.27420424855354086,0.5214370748354501,0.5629676413733729,1.3019765724038603,-1.118792284121761
0.6159924028072145,0.6389993741742384,-0.27420424855354086,0.04690134392035656,0.528108041457689,1.3070459034297126,-1.118792284121761
0.6159924028072145,0.5988327400503826,-0.27420424855354086,0.4259876021028139,0.512856966494577,1.3081736614727817,-1.118792284121761
0.6159924028072145,0.5297475800453972,-0.27420424855354086,0.5333682589270295,0.3211291669583153,1.3086444919559173,-1.118792284121761
0.6929914531581163,0.07642307012467373,-0.27420424855354086,-1.4228036055423905,-1.6963701781618905,0.45239264135630997,0.7515520058919618
0.6929914531581163,0.1409358530613544,3.6469165057620936,-1.7666386379997268,-1.7137999781197326,0.4544909242672192,0.7515520058919618
0.6929914531581163,0.0673479612170189,-0.27420424855354086,-1.7086096971906812,-1.7617319280037984,0.4562652779198941,0.7515520058919618
0.6929914531581163,0.014747132427403577,-0.27420424855354086,-1.845275987694228,-1.6832978281935096,0.4579856391277624,0.7515520058919618
0.6929914531581163,0.038649461141665856,-0.27420424855354086,-1.2443781707183155,-1.6092211783726806,0.4597060028766907,0.7515520058919618
0.6929914531581163,0.08665752714277716,-0.27420424855354086,-1.1272356360009892,-1.469782778709945,0.46142636662561975,0.7515520058919618
0.6929914531581163,0.026473730849171363,-0.27420424855354086,-0.9889423658485906,-1.452352978752103,0.4613515197006496,0.7515520058919618
0.6929914531581163,0.055616338145906156,-0.27420424855354086,-1.3056610708250644,-1.397884853883847,0.46097746803212664,0.7515520058919618
0.6929914531581163,0.15559135547660052,-0.27420424855354086,-0.6716813343224994,-1.380455053926005,0.4606034189046636,0.7180120766406608
0.6929914531581163,0.09126916825667694,-0.27420424855354086,-0.8560723611923643,-1.325986929057749,0.46022936723613994,0.7180120766406608
0.6929914531581163,0.06771441966084611,-0.27420424855354086,-0.38912920197191225,-1.2933060541367951,0.45953777453444966,0.7180120766406608
0.6929914531581163,0.049251578930403904,-0.27420424855354086,-0.575147208490629,-1.2693400791947633,0.45842278785939633,0.7180120766406608
0.6929914531581163,0.03905482472756325,-0.27420424855354086,-0.7134404786430278,-1.2911273291420653,0.457307803725403,0.7180120766406608
0.6929914531581163,0.15904515587485613,-0.27420424855354086,-0.6358877820477611,-1.2802337041684142,0.45619281959140884,0.7180120766406608
0.6929914531581163,0.06152557700794313,-0.27420424855354086,-0.7725540725513079,-1.2431953792580002,0.4551551345053727,0.7180120766406608
0.6929914531581163,0.17728063122244295,-0.27420424855354086,-0.25897083006377236,-1.2693400791947633,0.4545812462481414,0.7180120766406608
0.6929914531581163,0.28825988185087514,-0.27420424855354086,0.21827653359940732,-1.354310353989242,0.45400736053196994,0.7180120766406608
0.6929914531581163,0.18699903880765126,-0.27420424855354086,0.3267418435228573,-1.434923178794261,0.45343347481579854,0.7180120766406608
0.6929914531581163,0.2638746125538655,-0.27420424855354086,0.5528920147132506,-1.469782778709945,0.4528595865585665,0.7180120766406608
0.6929914531581163,0.18871596148879413,-0.27420424855354086,0.014904077492938638,-1.491570028657248,0.4533284756717925,0.7180120766406608
0.6929914531581163,0.14308500325721346,-0.27420424855354086,0.6374949564535416,-1.402242303873308,0.45421447217571786,0.7180120766406608
0.6929914531581163,0.2565432005302907,-0.27420424855354086,0.7633147159647432,-1.3739188789418142,0.4551004686796432,0.7535249429067443
0.6929914531581163,0.05782734536423579,-0.27420424855354086,0.37338192678994075,-1.4109572038522291,0.4559864677246285,0.7535249429067443
0.6929914531581163,0.13484547559043447,-0.27420424855354086,0.8424943922088621,-1.437101903788992,0.45825863283648066,0.7535249429067443
0.6929914531581163,0.115826944532802,-0.27420424855354086,0.8148357381783821,-1.454531703746834,0.4623790227589025,0.7535249429067443
0.6929914531581163,0.03646700469872069,-0.27420424855354086,0.8110394523310618,-1.456710428741564,0.46649941268132433,0.7535249429067443
0.6929914531581163,0.17859554606564357,-0.27420424855354086,0.6662382635832559,-1.456710428741564,0.4706198026037462,0.7535249429067443
0.6929914531581163,0.20268441488683414,-0.27420424855354086,0.7757882266059402,-1.384812503915466,0.47474019252616806,0.7535249429067443
0.6929914531581163,0.25995138429056547,-0.27420424855354086,0.5854316076902852,-1.3652039789628931,0.4755957293427867,0.7535249429067443
0.6929914531581163,0.17132584750312974,-0.27420424855354086,0.7747035735067059,-1.367382703957624,0.4764512661594054,0.7535249429067443
0.6929914531581163,0.09134685292458398,-0.27420424855354086,0.5170984624385122,-1.2758762541789532,0.4773068029760241,0.7535249429067443
0.6929914531581163,-0.02941901490391337,3.6469165057620936,0.421648989705876,-1.2606251792158423,0.47816234233370275,0.7535249429067443
0.6929914531581163,-0.0019144971291357742,-0.27420424855354086,0.35277351790448547,-1.2170506793212372,0.4800173009535122,0.7535249429067443
0.6929914531581163,0.040202364912051286,-0.27420424855354086,0.1911602061185448,-1.2323017542843484,0.48262182910204093,0.7535249429067443
0.6929914531581163,0.028820565106398948,-0.27420424855354086,0.2969138832939087,-1.3063784041051771,0.4852263572505689,0.8324424234980413
0.6929914531581163,0.07259581266386073,-0.27420424855354086,0.062086487309639615,-1.3368805540314002,0.48783088539909764,0.8324424234980413
0.6929914531581163,0.09271135028971254,-0.27420424855354086,-0.41787250910162654,-1.2998422291209861,0.4900158641981797,0.8324424234980413
0.6929914531581163,0.10256705641826991,-0.27420424855354086,-0.4536660613763652,-1.2998422291209861,0.4911519645415265,0.8324424234980413
0.6929914531581163,0.12581235839516164,-0.27420424855354086,-0.825159747864181,-1.3303443790472091,0.49228806234381334,0.8324424234980413
0.6929914531581163,0.032349753190003466,-0.27420424855354086,-0.6217872917577124,-1.3717401539470842,0.4934241626871601,0.8324424234980413
0.6929914531581163,0.1722555511933411,-0.27420424855354086,-0.995992610993615,-1.354310353989242,0.4945602630305069,0.8324424234980413
0.6929914531581163,0.1896817170380547,-0.27420424855354086,-1.3246425000616682,-1.3085571290999072,0.49430793068138534,0.8324424234980413
0.6929914531581163,1.0580595081595892,3.6469165057620936,-1.664681246671684,-1.3434167290155912,0.49382419669511,0.8324424234980413
0.6929914531581163,0.27969951237824975,-0.27420424855354086,-1.3821291143210968,-1.408778478857498,0.493340460167774,0.8324424234980413
0.6929914531581163,0.5963065617018956,-0.27420424855354086,-1.304034091176213,-1.3739188789418142,0.4928567236404387,0.8324424234980413
0.6929914531581163,0.920133314327074,-0.27420424855354086,-1.3338620514051616,-1.2649826292053024,0.4942855795168283,0.8324424234980413
0.6929914531581163,1.6225201454393616,-0.27420424855354086,-1.6240067554503903,-1.2584464542211113,0.49714887906074723,0.8324424234980413
0.6929914531581163,-0.1607266508934816,3.6469165057620936,-1.7877893734347994,-1.1538676544740594,0.500012178604667,0.8324424234980413
0.6929914531581163,0.002488908159771862,-0.27420424855354086,-2.0003813808847615,-1.0383952297533565,0.5028754781485859,0.6226534542595112
0.6929914531581163,-0.03018864762213796,-0.27420424855354086,-2.113727629754767,-0.9752122049061797,0.5056735003998363,0.6226534542595112
0.6929914531581163,0.059792772845835035,-0.27420424855354086,-1.4168380134966008,-0.8401312552329049,0.5080798461897756,0.6226534542595112
0.6929914531581163,-0.06857635848097052,-0.27420424855354086,-1.3994835639088488,-0.763875880417346,0.5104861945207743,0.6226534542595112
0.6929914531581163,0.045632036884472676,-0.27420424855354086,-2.4510547436166963,-0.7573397054331551,0.5128925403107129,0.6226534542595112
0.6929914531581163,0.1423554600626904,3.6469165057620936,-2.2861874725330518,-0.7006928555701691,0.5152988886417121,0.6226534542595112
0.6929914531581163,0.24853954425990132,-0.27420424855354086,-1.0073814685355769,-0.6701907056439452,0.5168373734735925,0.6226534542595112
0.6929914531581163,0.017452493360563683,-0.27420424855354086,-1.5003563021376571,-0.5612544559074334,0.5180287139222498,0.6226534542595112
0.6929914531581163,0.11093421017840885,-0.27420424855354086,-1.165740821023814,-0.27584148159777083,0.5192200569119672,0.6226534542595112
0.6929914531581163,0.10126281895492707,-0.27420424855354086,-1.3099996832220027,0.02918001766446274,0.5204113973606245,0.6226534542595112
0.6929914531581163,0.10001973865218196,-0.27420424855354086,-0.8360062788565262,0.10325666748529161,0.5220710678892878,0.6226534542595112
0.6929914531581163,0.04251212443518394,-0.27420424855354086,-0.7573689291620248,0.12068646744313358,0.5239180704499542,0.6226534542595112
0.6929914531581163,0.01093184439913698,-0.27420424855354086,-0.8587839939404508,0.22308654219545443,0.5257650730106199,0.4759984694940196
0.6929914531581163,0.10398578410597098,-0.27420424855354086,-0.6429380271927851,0.3777760168213022,0.5276120781123462,0.4759984694940196
0.6929914531581163,0.13544825406005667,-0.27420424855354086,-0.7969587672840842,0.5498952914049919,0.5296636868315111,0.4759984694940196
0.6929914531581163,0.2971249065803855,-0.27420424855354086,-0.6494459457881924,0.6043634162732479,0.5322268134879824,0.4759984694940196
0.6929914531581163,0.11209513746436525,-0.27420424855354086,-0.857157014291599,0.6631889911309637,0.5347899401444538,0.4759984694940196
0.6929914531581163,0.2454260023481749,-0.27420424855354086,-0.7600805619101113,0.8200571907515415,0.5373530668009252,0.4759984694940196
0.6929914531581163,0.16712978078040308,-0.27420424855354086,-0.24812429907142722,0.8897763905829094,0.5399161934573965,0.4759984694940196
0.6929914531581163,0.1795514317679767,-0.27420424855354086,-0.8110592575741327,1.0226786152614542,0.5400495482909541,0.4759984694940196
0.6929914531581163,0.23403788584048899,-0.27420424855354086,-0.3001876478346832,0.9507806904353563,0.5401829056655709,0.4759984694940196
0.6929914531581163,0.2202371660046865,-0.27420424855354086,0.031716200531073505,0.8810614906039884,0.5403162604991278,0.4759984694940196
0.6929914531581163,0.34941433272685274,-0.27420424855354086,0.26166265756878715,0.8200571907515415,0.5404496178737453,0.4759984694940196
0.6929914531581163,0.2637979687061796,-0.27420424855354086,0.3641623754464474,0.7372656409517926,0.5418831493007015,0.4759984694940196
0.6929914531581163,0.21326101463497077,-0.27420424855354086,0.2383426159352458,0.6588315411415038,0.5442918099963832,0.4759984694940196
0.6929914531581163,0.27782016790703384,-0.27420424855354086,0.6613573246367005,0.519393141478768,0.5467004732331249,0.4937549026270608
0.6929914531581163,0.11703000709255036,-0.27420424855354086,0.6450875281481832,0.3952058167791442,0.5491091339288058,0.4937549026270608
0.6929914531581163,0.1780610848819351,-0.27420424855354086,0.5360798916751157,0.3777760168213022,0.5522779273400026,0.4937549026270608
0.6929914531581163,0.25239039962745885,-0.27420424855354086,0.831647861216517,0.40609944175279516,0.5573470449168078,0.4937549026270608
0.6929914531581163,0.2242418474229024,-0.27420424855354086,0.8267669222699615,0.41045689174225614,0.5624161624936121,0.4937549026270608
0.6929914531581163,0.281137961814629,-0.27420424855354086,0.7681956549112987,0.42570796670536715,0.5674852800704173,0.4937549026270608
0.6929914531581163,0.29029287292098654,-0.27420424855354086,0.7340290822854122,0.39956326676860415,0.5725544001882816,0.4937549026270608
0.6929914531581163,0.31635362948721996,-0.27420424855354086,0.707997407903784,0.30587809199520427,0.5761007468488064,0.4937549026270608
0.6929914531581163,0.24892057418682845,-0.27420424855354086,0.812124105430296,0.27537594206898036,0.5793933000506584,0.4937549026270608
0.6929914531581163,0.19217180763713995,-0.27420424855354086,0.7557221442701016,0.33202279193196726,0.5826858507114497,0.4937549026270608
0.6929914531581163,0.14931836789234737,3.6469165057620936,0.031173873981456362,0.4518526666421301,0.5859784039133009,0.4937549026270608
0.6929914531581163,0.17491168850809782,-0.27420424855354086,0.011650118195235402,0.517214416484038,0.5886004069320726,0.4937549026270608
0.6929914531581163,0.12761007025969962,-0.27420424855354086,-0.10874637581979438,0.48453354156308404,0.5903283430400714,0.4937549026270608
0.6929914531581163,0.07880581267954093,-0.27420424855354086,0.23725796283601153,0.3908483667896832,0.5920562766070103,0.4937549026270608
0.6929914531581163,0.18738137873244368,-0.27420424855354086,0.1060149378286366,0.3036993670004743,0.5937842127150084,0.4220715244232999
0.6929914531581163,0.23398902112561015,-0.27420424855354086,-0.5702662695440739,0.28844829203736233,0.5958203336729209,0.4220715244232999
0.6929914531581163,0.19063074768306762,-0.27420424855354086,-0.6396840678950819,0.4126356167369861,0.5997055688124346,0.4220715244232999
0.6929914531581163,0.25188341250856117,-0.27420424855354086,-0.9710455897112215,0.41699306672644615,0.6035908064930083,0.4220715244232999
0.6929914531581163,0.28640332775347344,-0.27420424855354086,-1.2319046600771184,0.3668823918476512,0.6074760416325214,0.4220715244232999
0.6929914531581163,0.24711186192926066,-0.27420424855354086,-1.2237697618328598,0.3189504419635853,0.6113612767720352,0.4220715244232999
0.6929914531581163,0.24517118084568496,-0.27420424855354086,-0.9791804879554802,0.2623035921005994,0.6134138739635752,0.4220715244232999
0.6929914531581163,1.147485345971429,3.6469165057620936,-1.1087965333140029,0.14247371739043557,0.6147334134348653,0.4220715244232999
0.6929914531581163,0.24180166894018956,-0.27420424855354086,-1.4569701781682773,0.042252367632844706,0.6160529529061562,0.4220715244232999
0.6929914531581163,0.6652594298677009,-0.27420424855354086,-2.3171000858612354,-0.060147707119477124,0.6173724949185063,0.4220715244232999
0.6929914531581163,0.9169782113871947,-0.27420424855354086,-1.8675113762285351,-0.2017648317769429,0.6201653994747347,0.4220715244232999
0.6929914531581163,1.6410823127202465,-0.27420424855354086,-1.881611866518584,-0.4043862562868556,0.6249227925049191,0.4220715244232999
0.6929914531581163,0.1028948250621415,3.6469165057620936,-1.5008986286872743,-0.5220374060022884,0.6296801855351043,0.4220715244232999
0.6929914531581163,0.0985334294307925,-0.27420424855354086,-1.2969838460311884,-0.5743268058758143,0.6344375785652894,0.25305658682360715
0.6929914531581163,0.04767879190475405,-0.27420424855354086,-1.7178292485341744,-0.6135438557809593,0.6391949715954746,0.25305658682360715
0.6929914531581163,0.06277728894045578,-0.27420424855354086,-1.2910182539853987,-0.6614758056650242,0.6403794486408272,0.25305658682360715
0.6929914531581163,0.012266211813372879,-0.27420424855354086,-1.3013224584281264,-0.6985141305754391,0.6415639231451192,0.25305658682360715
0.6929914531581163,0.20062185016629297,-0.27420424855354086,-1.343623929298272,-0.7137652055385502,0.6427484001904719,0.25305658682360715
0.6929914531581163,0.15144587620567132,3.6469165057620936,-2.0242437490679204,-0.5568970059179724,0.6439328772358245,0.25305658682360715
0.6929914531581163,0.3567202626001782,-0.27420424855354086,-1.9743497065031332,-0.5351097559706703,0.6445367728716664,0.25305658682360715
0.6929914531581163,0.08397176234206151,-0.27420424855354086,-1.4781209136033502,-0.5002501560549865,0.6447052349914357,0.25305658682360715
0.6929914531581163,0.19435284641116277,-0.27420424855354086,-1.4786632401529674,-0.36516920638171163,0.644873697111205,0.25305658682360715
0.6929914531581163,0.14267985501343064,-0.27420424855354086,-1.1261509829017549,-0.15819033188233797,0.6450421592309743,0.25305658682360715
0.6929914531581163,0.16701927438516823,-0.27420424855354086,-0.4965098587961279,0.27755466706371135,0.6471400813113511,0.25305658682360715
0.6929914531581163,0.18232880669335477,-0.27420424855354086,-0.7063902334980035,0.6653677161256948,0.6518106158255179,0.25305658682360715
0.6929914531581163,0.11423477671682185,-0.27420424855354086,-0.24812429907142722,0.8527380656724954,0.6564811477986241,0.25305658682360715
0.6929914531581163,0.40474948596406635,-0.27420424855354086,-0.4975945118953622,1.079325465124441,0.6611516823127909,0.1438874053389803
0.6929914531581163,0.22755425777762806,-0.27420424855354086,-0.46451259236871,1.1817255398767619,0.6658222142858977,0.1438874053389803
0.6929914531581163,0.13705931814660885,-0.27420424855354086,-0.6244989245057988,1.2579809146923209,0.6643435078926491,0.1438874053389803
0.6929914531581163,0.14703060915527436,-0.27420424855354086,0.059374854561553135,1.238372389739749,0.6628648014994011,0.1438874053389803
0.6929914531581163,0.2554591144889585,-0.27420424855354086,-0.1288124581556325,1.1860829898662228,0.6613860925650925,0.1438874053389803
0.6929914531581163,0.2548607146423367,-0.27420424855354086,-0.2855448309950177,1.114185065040125,0.6599073861718445,0.1438874053389803
0.6929914531581163,0.23779241150203492,-0.27420424855354086,-0.17382556177386413,1.0422871402140272,0.6600891431180081,0.1438874053389803
0.6929914531581163,0.33692965828035326,-0.27420424855354086,-0.05017510846113111,0.9703892153879283,0.6609350848917245,0.1438874053389803
0.6929914531581163,0.20193450391728837,-0.27420424855354086,0.1179461219202164,0.8832402155987185,0.6617810241243807,0.1438874053389803
0.6929914531581163,0.36122423265668785,-0.27420424855354086,0.5680771581025336,0.8331295407199235,0.662626965898097,0.1438874053389803
0.6929914531581163,0.3404744048317509,-0.27420424855354086,0.5556036474613366,0.7939124908147785,0.6635698440321515,0.1438874053389803
0.6929914531581163,0.2724991001411667,-0.27420424855354086,0.7692803080105329,0.8200571907515415,0.66475505798493,0.1438874053389803
0.6929914531581163,0.23899850679656676,-0.27420424855354086,1.1543321582387807,0.7285507409728716,0.6659402719377085,0.1438874053389803
0.6929914531581163,0.30355118186001,-0.27420424855354086,0.9769913765139403,0.6261506662205498,0.6671254858904878,0.0005206489314586531
0.6929914531581163,0.17255263358585635,-0.27420424855354086,0.591397199736075,0.5542527413944519,0.6683107023843262,0.0005206489314586531
0.6929914531581163,0.22036696346437043,-0.27420424855354086,0.9270973339491532,0.49324844154200503,0.6695856970722279,0.0005206489314586531
0.6929914531581163,0.17922260435870727,-0.27420424855354086,0.916250802956808,0.4605675666210511,0.6708606943011896,0.0005206489314586531
0.6929914531581163,0.24861629577864428,-0.27420424855354086,0.7822961452013474,0.3690611168423812,0.6721356889890906,0.0005206489314586531
0.6929914531581163,0.32739176122285923,-0.27420424855354086,0.8278515753691966,0.3276653419425063,0.6734106862180522,0.0005206489314586531
0.6929914531581163,0.388113159106014,-0.27420424855354086,0.5469264226674608,0.40609944175279516,0.6739326352070312,0.0005206489314586531
0.6929914531581163,0.4087550287507413,-0.27420424855354086,0.5127598500415743,0.4344228666842881,0.6738897980160233,0.0005206489314586531
0.6929914531581163,0.24934831540748711,-0.27420424855354086,0.8381557798119242,0.4300654166948281,0.6738469608250148,0.0005206489314586531
0.6929914531581163,0.14653444297764445,3.6469165057620936,0.6450875281481832,0.517214416484038,0.6738041261750669,0.0005206489314586531
0.6929914531581163,0.19981639887630978,-0.27420424855354086,0.1835676344239033,0.6544740911520428,0.6746088799057738,0.0005206489314586531
0.6929914531581163,0.20473719948632954,-0.27420424855354086,0.15319734764533757,0.8854189405934494,0.6804991740846515,0.0005206489314586531
0.6929914531581163,0.20113300056607608,-0.27420424855354086,-0.0024503720948133717,0.9377083404669753,0.6863894682635293,0.0005206489314586531
0.6929914531581163,0.28307801481703687,-0.27420424855354086,-0.28879879029272093,0.9159210905196724,0.6922797624424071,-0.2066377376206939
0.6929914531581163,0.2362519975743071,-0.27420424855354086,-0.931455751589162,0.8745253156197974,0.6981700566212848,-0.2066377376206939
0.6929914531581163,0.2768273869223683,-0.27420424855354086,-0.3847905895749743,0.8527380656724954,0.7005652471574256,-0.2066377376206939
0.6929914531581163,0.31395098573191205,-0.27420424855354086,-0.729167948581928,0.7132996660097597,0.7023779225373273,-0.2066377376206939
0.7699905035090181,-1.3825606007325655,-0.27420424855354086,-0.12284686610984277,-0.8640972301749369,-1.1469412514636286,1.4756198903171063
0.7699905035090181,-1.3461509148690467,3.6469165057620936,-0.2817485451476969,-1.1560463794687905,-1.1455641595223451,1.4756198903171063
0.7699905035090181,-1.3426193041866508,-0.27420424855354086,0.08106791654624305,-0.9664973049272587,-1.1448011401625668,1.4756198903171063
0.7699905035090181,-1.365585648399021,-0.27420424855354086,-0.22588891053712015,-1.1625825544529804,-1.1441404645389994,1.4756198903171063
0.7699905035090181,-1.3522485780815166,-0.27420424855354086,-0.08108772178931437,-1.0492888547270085,-1.143479788915432,1.4756198903171063
0.7699905035090181,-1.3151449343079424,-0.27420424855354086,-0.2741559734530554,-0.7072290305543601,-1.1428191132918641,1.4756198903171063
0.7699905035090181,-1.3688463587010236,-0.27420424855354086,0.21339559465285188,-0.6636545306597552,-1.1427591569790254,1.4756198903171063
0.7699905035090181,-1.4035558647328232,-0.27420424855354086,0.18573694062237264,-0.8248801802697929,-1.1427993235158784,1.4756198903171063
0.7699905035090181,-1.3824868640034293,-0.27420424855354086,0.33216510901903024,-0.5939353308283873,-1.1428394875116712,1.3006861416730662
0.7699905035090181,-1.2917443347759416,-0.27420424855354086,0.4211066631562592,-0.772590780396267,-1.142879654048524,1.3006861416730662
0.7699905035090181,-1.3230073620413887,-0.27420424855354086,0.6385796095527759,-0.5438246559495914,-1.1438910772785233,1.3006861416730662
0.7699905035090181,-1.402893221155292,-0.27420424855354086,0.59248185283531,-0.6723694306386762,-1.1461975136678182,1.3006861416730662
0.7699905035090181,-1.3802460319022025,-0.27420424855354086,0.6846773662702426,-0.5525395559285123,-1.1485039475160528,1.3006861416730662
0.7699905035090181,-1.2887491413014633,-0.27420424855354086,0.7991082682394823,-0.5046076060444474,-1.1508103839053478,1.3006861416730662
0.7699905035090181,-1.2810266500522718,-0.27420424855354086,0.8750339851858968,-0.4653905561393025,-1.1528750358859579,1.3006861416730662
0.7699905035090181,-1.3472610573062678,-0.27420424855354086,1.2004299149562467,-0.5198586810075584,-1.1534889890376387,1.3006861416730662
0.7699905035090181,-1.3742108896837237,-0.27420424855354086,0.9656025189719776,-0.6549396306808342,-1.1541029421893192,1.3006861416730662
0.7699905035090181,-1.3637063757085102,-0.27420424855354086,1.3772283701314705,-0.9098504550642728,-1.154716895341,1.3006861416730662
0.7699905035090181,-1.3175858551241526,-0.27420424855354086,1.7818039761459383,-0.6571183556755642,-1.155330848492681,1.3006861416730662
0.7699905035090181,-1.3864984004789656,-0.27420424855354086,1.4656275977190818,-0.9229228050326538,-1.1552775675447002,1.3006861416730662
0.7699905035090181,-1.4097897497780678,-0.27420424855354086,1.78939654784058,-0.5982927808178473,-1.1549573939732793,1.3006861416730662
0.7699905035090181,-1.395297494631001,-0.27420424855354086,2.00632716768748,-0.8292376302592529,-1.154637220401858,1.0678795739287412
0.7699905035090181,-1.3326182780209697,-0.27420424855354086,1.9097930418556093,-0.5634331809021633,-1.1543170468304371,1.0678795739287412
0.7699905035090181,-1.3711754451789577,-0.27420424855354086,2.140824151992558,-0.844488705222365,-1.154367702863344,1.0678795739287412
0.7699905035090181,-1.4217871767995243,-0.27420424855354086,1.9727029216112109,-0.5372884809654004,-1.1549128034508087,1.0678795739287412
0.7699905035090181,-1.4409656891032625,-0.27420424855354086,1.7378755256269411,-0.7442673554647741,-1.1554579014972133,1.0678795739287412
0.7699905035090181,-1.4037421536072845,-0.27420424855354086,1.7270289946345967,-0.5133225060233675,-1.156002999543618,1.0678795739287412
0.7699905035090181,-1.3991166767625098,-0.27420424855354086,1.8929809188174744,-0.6745481556334062,-1.1565480975900229,1.0678795739287412
0.7699905035090181,-1.4616520627850444,-0.27420424855354086,1.9412479817334098,-0.6919779555912482,-1.1562267754594404,1.0678795739287412
0.7699905035090181,-1.47329543147945,-0.27420424855354086,1.8078356505275666,-0.7333737304911231,-1.1559054558699184,1.0678795739287412
0.7699905035090181,-1.449294422241089,-0.27420424855354086,1.6353758077492808,-0.5917566058336563,-1.1555841337393364,1.0678795739287412
0.7699905035090181,-1.3857163496987888,3.6469165057620936,1.6868968299629197,-0.8662759551696678,-1.1552628141498142,1.0678795739287412
0.7699905035090181,-1.4333746103796157,-0.27420424855354086,1.5599924173524837,-0.7203013805227411,-1.1544779797891578,1.0678795739287412
0.7699905035090181,-1.4590368225269197,-0.27420424855354086,1.6548995635355026,-0.9142079050537328,-1.1533455157028007,1.0678795739287412
0.7699905035090181,-1.4728231144410318,-0.27420424855354086,1.6695423803751681,-0.779126955380458,-1.1522130490753835,0.9166210694620908
0.7699905035090181,-1.3971127748230698,-0.27420424855354086,0.9954304792009262,-0.9468887799746868,-1.1510805824479662,0.9166210694620908
0.7699905035090181,-1.4235841888021892,-0.27420424855354086,1.0751524819946618,-0.6070076807967683,-1.1498733070114806,0.9166210694620908
0.7699905035090181,-1.4550905347121617,-0.27420424855354086,0.7340290822854122,-0.7508035304489651,-1.148479001929143,0.9166210694620908
0.7699905035090181,-1.4921250716120675,-0.27420424855354086,0.5789236890948788,-0.4980714310602564,-1.1470846968468054,0.9166210694620908
0.7699905035090181,-1.4336483999333824,-0.27420424855354086,0.735656061934264,-0.7616971554226161,-1.145690394305528,0.9166210694620908
0.7699905035090181,-1.3857718720740497,-0.27420424855354086,0.2464775141795041,-0.4980714310602564,-1.144296089223191,0.9166210694620908
0.7699905035090181,-1.472203341889518,-0.27420424855354086,0.06967905900428115,-0.6789056056228662,-1.1427450591776425,0.9166210694620908
0.7699905035090181,-1.4445591388629528,3.6469165057620936,-0.20582282820128206,-0.42835223122888855,-1.141167907034363,0.9166210694620908
0.7699905035090181,-1.4984993238257964,-0.27420424855354086,-0.42546508079626805,-0.6919779555912482,-1.1395907574321429,0.9166210694620908
0.7699905035090181,-1.421220486079304,-0.27420424855354086,0.0029728934013592036,-0.5830417058547354,-1.1380136052888628,0.9166210694620908
0.7699905035090181,-1.4466574862649002,-0.27420424855354086,0.02466595538604912,-0.5089650560339074,-1.1358261616614929,0.9166210694620908
0.7699905035090181,-1.4280455749555012,-0.27420424855354086,-0.012754576537540994,-0.26712658161884983,-1.1331810019621151,0.9166210694620908
0.7699905035090181,-1.4808796730909526,3.6469165057620936,-0.42058414184971304,-0.4588543811551115,-1.1305358397216771,0.9166210694620908
0.7699905035090181,-1.4375528934326964,-0.27420424855354086,-0.7817736238948012,-0.15601160688760798,-1.1278906774812394,0.710120328581532
0.7699905035090181,-1.4095962289975854,-0.27420424855354086,-0.3815366302772707,-0.10154348201935205,-1.125116823252511,0.710120328581532
0.7699905035090181,-1.4359241533475564,-0.27420424855354086,-0.06536025185041416,-0.049254082145826134,-1.1215708145529781,0.710120328581532
0.7699905035090181,-1.4605100138244835,-0.27420424855354086,-0.2193809919417133,-0.27802020659250176,-1.1180248058534457,0.710120328581532
0.7699905035090181,-1.4550149675750501,-0.27420424855354086,-0.6185333324600091,-0.023109382209063174,-1.114478799694973,0.710120328581532
0.7699905035090181,-1.3796798436469166,3.6469165057620936,-0.39672177366655376,0.04878854261703472,-1.1109327909954403,0.710120328581532
0.7699905035090181,-1.4224775456743337,-0.27420424855354086,0.07401767140121905,0.1555460673588175,-1.1074738745894543,0.710120328581532
0.7699905035090181,-1.4394328480399043,-0.27420424855354086,-0.31320348502549733,0.08582686752744964,-1.1040497961173112,0.710120328581532
0.7699905035090181,-1.4348844816173971,-0.27420424855354086,-0.06264861910232807,0.6871549660729968,-1.1006257176451681,0.710120328581532
0.7699905035090181,-1.3891500514996646,-0.27420424855354086,0.3169799656297472,0.5912910663048658,-1.097201639173025,0.710120328581532
0.7699905035090181,-1.4316567366041324,-0.27420424855354086,0.6537647529420589,1.16211701492419,-1.0943380296197744,0.710120328581532
0.7699905035090181,-1.448077272717999,-0.27420424855354086,0.1450624494010789,0.7786614158516676,-1.0916986050930215,0.710120328581532
0.7699905035090181,-1.4576151159399642,-0.27420424855354086,0.5827199749421992,0.9006700155565603,-1.0890591805662684,0.5365018712806793
0.7699905035090181,-1.3873496299135157,-0.27420424855354086,0.7833807983005817,1.0008913653141522,-1.0864197560395152,0.5365018712806793
0.7699905035090181,-1.3804859050728913,-0.27420424855354086,0.2155649008513212,1.5913258388860492,-1.0842108938166406,0.5365018712806793
0.7699905035090181,-1.4292003470460104,-0.27420424855354086,1.019292847384085,1.2165851397924459,-1.0830784271892238,0.5365018712806793
0.7699905035090181,-1.4292747118563145,-0.27420424855354086,0.9097428843614008,1.726406788559323,-1.081945960561806,0.5365018712806793
0.7699905035090181,-1.4140763499148834,-0.27420424855354086,0.9357745587430291,1.817913238337993,-1.080813496475449,0.5365018712806793
0.7699905035090181,-1.3738151267671104,-0.27420424855354086,0.9531290083307806,1.8375217632905658,-1.0796810298480322,0.5365018712806793
0.7699905035090181,-1.4460635009316314,-0.27420424855354086,0.8354441470638374,1.3756320644077547,-1.0800195651196685,0.5365018712806793
0.7699905035090181,-1.4456586757010208,-0.27420424855354086,1.1743982405746185,1.2514447397081299,-1.0803581003913043,0.5365018712806793
0.7699905035090181,-1.4383995289021312,-0.27420424855354086,1.2074801601012715,1.16429573991892,-1.0806966331218808,0.5365018712806793
0.7699905035090181,-1.4115708444094153,-0.27420424855354086,1.429291718894726,1.3560235394551816,-1.0810351683935164,0.5365018712806793
0.7699905035090181,-1.4479183143469385,-0.27420424855354086,1.6511032776881813,1.2558021896975908,-1.0808448353695468,0.5365018712806793
0.7699905035090181,-1.4474501785345826,-0.27420424855354086,1.8138012425733563,0.9769253903721192,-1.080257850488608,0.5365018712806793
0.7699905035090181,-1.4685019698399704,-0.27420424855354086,2.048086312008009,1.0531807651876781,-1.0796708656076692,0.37537868174011646
0.7699905035090181,-1.4038717895603823,-0.27420424855354086,1.9401633286341755,0.9464232404458963,-1.0790838807267304,0.37537868174011646
0.7699905035090181,-1.3997699529580483,-0.27420424855354086,1.7443834442223483,0.9159210905196724,-1.078541651537168,0.37537868174011646
0.7699905035090181,-1.4465860824086743,-0.27420424855354086,1.979753166756235,0.7372656409517926,-1.0781113103055173,0.37537868174011646
0.7699905035090181,-1.4719032985429243,-0.27420424855354086,1.8772534488785746,0.7307294659676017,-1.0776809690738665,0.37537868174011646
0.7699905035090181,-1.440231085369042,-0.27420424855354086,1.9667373295654211,0.9682104903931983,-1.077250627842215,0.37537868174011646
0.7699905035090181,-1.3823301487793982,-0.27420424855354086,1.9163009604510166,0.9486019654406262,-1.0768202891516243,0.37537868174011646
0.7699905035090181,-1.4396658482080966,-0.27420424855354086,1.9103353684052269,0.8374869907093835,-1.0758292757162733,0.37537868174011646
0.7699905035090181,-1.4498507227042714,-0.27420424855354086,2.11479247761093,0.6631889911309637,-1.0747448147960879,0.37537868174011646
0.7699905035090181,-1.4460776776208546,-0.27420424855354086,2.0898454563285367,0.9573168654195473,-1.0736603564169631,0.37537868174011646
0.7699905035090181,-1.3695524116598592,3.6469165057620936,1.928232144542596,0.8984912905618304,-1.0725758980378393,0.37537868174011646
0.7699905035090181,-1.4044283412560317,-0.27420424855354086,1.362585553291805,0.9268147154933234,-1.071000768578391,0.37537868174011646
0.7699905035090181,-1.453982958435142,-0.27420424855354086,1.5328760898716214,0.9377083404669753,-1.068771412705886,0.37537868174011646
0.7699905035090181,-1.463065263358466,-0.27420424855354086,1.5420956412151139,1.129436140003236,-1.0665420542923203,0.37537868174011646
0.7699905035090181,-1.4048741712143318,-0.27420424855354086,1.1114883608190176,1.0204998902667242,-1.064312698419815,0.09127575161144938
0.7699905035090181,-1.3863400342987209,-0.27420424855354086,0.858221862147762,0.7394443659465226,-1.0623600157110398,0.09127575161144938
0.7699905035090181,-1.456226177244808,-0.27420424855354086,1.1429433006968182,1.0531807651876781,-1.0620673846899404,0.09127575161144938
0.7699905035090181,-1.4602156052632267,-0.27420424855354086,0.8712376993385764,1.0553594901824082,-1.061774753668842,0.09127575161144938
0.7699905035090181,-1.4515352363971399,-0.27420424855354086,0.6098363024230616,1.0226786152614542,-1.0614821226477433,0.09127575161144938
0.7699905035090181,-1.3872844709786183,-0.27420424855354086,-0.10386543687323894,0.6936911410571877,-1.0611894890855849,0.09127575161144938
0.7699905035090181,-1.4243709412185388,-0.27420424855354086,0.14560477595069604,0.6762613410993458,-1.0609322423262482,0.09127575161144938
0.7699905035090181,-1.4159331731899285,3.6469165057620936,0.09137212098897106,0.8745253156197974,-1.0606891467305566,0.09127575161144938
0.7699905035090181,-1.480421173838233,-0.27420424855354086,-0.08379935453740084,0.7459805409307136,-1.060446051134865,0.09127575161144938
0.7699905035090181,-1.390134147019034,-0.27420424855354086,-0.7031362742002998,0.6217932162310899,-1.0602029580802335,0.09127575161144938
0.7699905035090181,-1.409397755348463,-0.27420424855354086,-0.4059413250100471,0.28409084204790136,-1.0591222147309611,0.09127575161144938
0.7699905035090181,-1.4155047859429257,-0.27420424855354086,-0.3945524674680848,0.39738454177387417,-1.0569246068632285,0.09127575161144938
0.7699905035090181,-1.4888574524172162,3.6469165057620936,-0.49162891984957247,0.15118861736935654,-1.0547269989954953,0.09127575161144938
0.7699905035090181,-1.3960829191043094,-0.27420424855354086,0.013819424393704354,0.1838694922903105,-1.0525293936688227,-0.17638603672736405
0.7699905035090181,-1.3738503890384055,-0.27420424855354086,-0.3283886284147804,0.25794614211113837,-1.0503317858010903,-0.17638603672736405
0.7699905035090181,-1.4358474197739897,-0.27420424855354086,-0.2535475645675998,0.6566528161467737,-1.04943667705568,-0.17638603672736405
0.7699905035090181,-1.4501653554791418,-0.27420424855354086,-0.2351084618806135,0.6893336910677267,-1.0485415683102697,-0.17638603672736405
0.7699905035090181,-1.4157629631933708,-0.27420424855354086,-0.0615639660030934,0.40174199176333514,-1.04764645956486,-0.17638603672736405
0.7699905035090181,-1.3682777657921223,3.6469165057620936,-0.039328577468786347,0.7917337658200485,-1.0467513508194497,-0.17638603672736405
0.7699905035090181,-1.3974415483968106,-0.27420424855354086,-0.15538645908687784,0.9202785405091334,-1.0449797872507547,-0.17638603672736405
0.7699905035090181,-1.4401049128349572,-0.27420424855354086,-0.06807188459850065,1.2884830646185448,-1.042550884470391,-0.17638603672736405
0.7699905035090181,-1.4301905080349462,-0.27420424855354086,0.013277097844086826,1.140329764976888,-1.040121981690028,-0.17638603672736405
0.7699905035090181,-1.3596753687167624,-0.27420424855354086,0.08323722274471239,1.3168064895500378,-1.0376930789096641,-0.17638603672736405
0.7699905035090181,-1.3763259081543906,-0.27420424855354086,0.28877898504964966,1.9922112379164127,-1.0355378991222652,-0.17638603672736405
0.7699905035090181,-1.4321295919978374,-0.27420424855354086,0.008396158897531779,2.024892112837368,-1.0337476790903846,-0.17638603672736405
0.7699905035090181,-1.4243114170689783,-0.27420424855354086,0.5789236890948788,2.0379644628057476,-1.031957461599564,-0.17638603672736405
0.7699905035090181,-1.3801944574657126,-0.27420424855354086,0.5469264226674608,2.011819762868986,-1.030167244108744,-0.31251869074735017
0.7699905035090181,-1.3141800760174935,-0.27420424855354086,0.6781694476748353,1.9508154630165377,-1.0283770266179233,-0.31251869074735017
0.7699905035090181,-1.4054518802727585,-0.27420424855354086,0.6656959370336384,1.6392577887701132,-1.028139861856483,-0.31251869074735017
0.7699905035090181,-1.4270550909533934,-0.27420424855354086,1.2150727317959122,1.5891471138913182,-1.0279026945539835,-0.31251869074735017
0.7699905035090181,-1.3899108013556545,-0.27420424855354086,1.180363832620409,1.5237853640494103,-1.0276655297925432,-0.31251869074735017
0.7699905035090181,-1.3444299545232516,-0.27420424855354086,1.1038957891243761,1.802662163374882,-1.0274283650311027,-0.31251869074735017
0.7699905035090181,-1.3784215099443746,-0.27420424855354086,1.5806008262379392,2.0684666127319717,-1.0286229351671357,-0.31251869074735017
0.7699905035090181,-1.4054257879865175,-0.27420424855354086,1.530706783673152,1.6741173886857972,-1.0303902018032174,-0.31251869074735017
0.7699905035090181,-1.4067190071116542,-0.27420424855354086,1.2421890592767748,2.0009261378953345,-1.0321574684392985,-0.31251869074735017
0.7699905035090181,-1.3619427955691648,-0.27420424855354086,1.6418837263446882,1.6218279888122713,-1.0339247350753802,-0.31251869074735017
0.7699905035090181,-1.3541159172298334,-0.27420424855354086,1.7232327087872756,1.711155713596212,-1.0354530327973575,-0.31251869074735017
0.7699905035090181,-1.4057585812797342,-0.27420424855354086,1.9027427967105854,1.4279214642812805,-1.0363839069635437,-0.31251869074735017
0.7699905035090181,-1.4368539467636485,-0.27420424855354086,2.0329011686187255,1.1250786900137761,-1.0373147811297296,-0.31251869074735017
0.7699905035090181,-1.3841811578173442,-0.27420424855354086,1.7649918531078035,0.6697251661151548,-1.0382456578369759,-0.4762724629742898
0.7699905035090181,-1.3602364246516463,-0.27420424855354086,2.003073208389776,0.7939124908147785,-1.0391765320031618,-0.4762724629742898
0.7699905035090181,-1.4209409181787904,-0.27420424855354086,1.6717116865736366,0.501963341520926,-1.0387117644894024,-0.4762724629742898
0.7699905035090181,-1.4282474222977553,-0.27420424855354086,1.8051240177794805,0.8941338405723703,-1.0382469969756436,-0.4762724629742898
0.7699905035090181,-1.4113811100611175,-0.27420424855354086,1.7064205857491406,0.515035691489308,-1.037782226920824,-0.4762724629742898
0.7699905035090181,-1.3409994649089214,-0.27420424855354086,2.137027866145237,0.9856402903510403,-1.037317459407065,-0.4762724629742898
0.7699905035090181,-1.3906281597755161,-0.27420424855354086,1.9591447578707797,1.4017767643445167,-1.036433007867675,-0.4762724629742898
0.7699905035090181,-1.4308705763785983,-0.27420424855354086,1.5702966217952115,1.5172491890652196,-1.0352337901327369,-0.4762724629742898
0.7699905035090181,-1.44978972705026,-0.27420424855354086,1.8376636107565152,1.149044664955809,-1.0340345749388589,-0.4762724629742898
0.7699905035090181,-1.361321856581196,3.6469165057620936,1.7004549937033508,1.6675812137016062,-1.0328353572039202,-0.4762724629742898
0.7699905035090181,-1.3774927035129747,-0.27420424855354086,1.232969507933282,1.3233426645342288,-1.0316888740890435,-0.4762724629742898
0.7699905035090181,-1.4218315552203453,-0.27420424855354086,1.402717717963481,1.669759938696337,-1.0308587961534723,-0.4762724629742898
0.7699905035090181,-1.4395902272354562,-0.27420424855354086,1.3967521259176914,1.3233426645342288,-1.030028715676842,-0.4762724629742898
0.7699905035090181,-1.3989777990436527,-0.27420424855354086,1.3295036337651527,1.6850110136594483,-1.0291986352002118,-0.6419991722160125
0.7699905035090181,-1.3517169342904767,-0.27420424855354086,1.029054725277196,2.417062611888811,-1.0283685572646413,-0.6419991722160125
0.7699905035090181,-1.4187759223923186,-0.27420424855354086,0.8072431664837406,2.375666836988936,-1.0273106021422622,-0.6419991722160125
0.7699905035090181,-1.4199983657423974,-0.27420424855354086,0.7069127548045496,2.053215537768861,-1.0262146657947078,-0.6419991722160125
0.8469895538599199,-0.1593536295696428,-0.27420424855354086,-1.3680286240310484,-1.6571531282567467,-1.1469412514636286,1.0849783613901898
0.8469895538599199,-0.09047640032165381,3.6469165057620936,-1.330608092107458,-1.7116212531250026,-1.1455641595223451,1.0849783613901898
0.8469895538599199,-0.10958428041174413,-0.27420424855354086,-1.2096692715428112,-1.7835191779511004,-1.1448011401625668,1.0849783613901898
0.8469895538599199,-0.2499280124958395,-0.27420424855354086,-1.2682405389014741,-1.6745829282145885,-1.1441404645389994,1.0849783613901898
0.8469895538599199,-0.2274253716372961,-0.27420424855354086,-0.9770111817570112,-1.5351445285518528,-1.143479788915432,1.0849783613901898
0.8469895538599199,-0.22212779410711614,-0.27420424855354086,-0.998161917192084,-1.42620827881534,-1.1428191132918641,1.0849783613901898
0.8469895538599199,-0.27448654246936616,-0.27420424855354086,-0.8029243593298739,-1.3412380040208611,-1.1427591569790254,1.0849783613901898
0.8469895538599199,-0.2948156815279038,-0.27420424855354086,-0.9629106914669628,-1.3216294790682892,-1.1427993235158784,1.0849783613901898
0.8469895538599199,-0.11772135906741626,-0.27420424855354086,-0.5746048819410118,-1.347774179005051,-1.1428394875116712,1.132328849744967
0.8469895538599199,-0.16930379910588358,-0.27420424855354086,-0.5100680225365591,-1.2758762541789532,-1.142879654048524,1.132328849744967
0.8469895538599199,-0.21836530078732322,-0.27420424855354086,-0.08054539523969723,-1.1952634293739344,-1.1438910772785233,1.132328849744967
0.8469895538599199,-0.24188040848885833,-0.27420424855354086,-0.30506858678123866,-1.2061570543475855,-1.1461975136678182,1.132328849744967
0.8469895538599199,-0.33217782556509545,-0.27420424855354086,-0.22155029814018226,-1.2453741042527302,-1.1485039475160528,1.132328849744967
0.8469895538599199,-0.16425890760222187,-0.27420424855354086,-0.17762184762118488,-1.1386165795109484,-1.1508103839053478,1.132328849744967
0.8469895538599199,-0.1993794837859611,-0.27420424855354086,0.004057546500593872,-1.1190080545583756,-1.1528750358859579,1.132328849744967
0.8469895538599199,-0.2358227630193854,-0.27420424855354086,0.18031367512620006,-1.1734761794266324,-1.1534889890376387,1.132328849744967
0.8469895538599199,-0.1833294258353977,-0.27420424855354086,0.4346648268966905,-1.3129145790893682,-1.1541029421893192,1.132328849744967
0.8469895538599199,-0.14148283609343626,-0.27420424855354086,0.6239367927131104,-1.432744453799531,-1.154716895341,1.132328849744967
0.8469895538599199,-0.16213046613973384,-0.27420424855354086,1.094133911231266,-1.5046423786256289,-1.155330848492681,1.132328849744967
0.8469895538599199,-0.18558395010608938,-0.27420424855354086,0.6949815707129703,-1.5765403034517278,-1.1552775675447002,1.132328849744967
0.8469895538599199,-0.26779433762316435,-0.27420424855354086,0.9656025189719776,-1.5351445285518528,-1.1549573939732793,1.132328849744967
0.8469895538599199,-0.2257500638198346,-0.27420424855354086,0.7047434486060803,-1.5046423786256289,-1.154637220401858,1.2789838345104598
0.8469895538599199,-0.24013949310709368,-0.27420424855354086,0.777415206254792,-1.5721828534622668,-1.1543170468304371,1.2789838345104598
0.8469895538599199,-0.20593781761747434,-0.27420424855354086,0.9688564782696812,-1.6070424533779508,-1.154367702863344,1.2789838345104598
0.8469895538599199,-0.2565770233028517,-0.27420424855354086,1.0258007659794923,-1.6266509783305227,-1.1549128034508087,1.2789838345104598
0.8469895538599199,-0.3033674911514666,-0.27420424855354086,0.6288177316596658,-1.5438594285307738,-1.1554579014972133,1.2789838345104598
0.8469895538599199,-0.10335321275916794,-0.27420424855354086,0.7123360203007219,-1.5656466784780758,-1.156002999543618,1.2789838345104598
0.8469895538599199,-0.16836266433841263,-0.27420424855354086,0.8706953727889589,-1.4392806287837219,-1.1565480975900229,1.2789838345104598
0.8469895538599199,-0.10744903772746442,-0.27420424855354086,0.8560525559492934,-1.498106203641439,-1.1562267754594404,1.2789838345104598
0.8469895538599199,-0.3402545904834529,-0.27420424855354086,0.661899651186318,-1.6070424533779508,-1.1559054558699184,1.2789838345104598
0.8469895538599199,-0.1447681851224048,-0.27420424855354086,0.646714507797035,-1.6876552781829697,-1.1555841337393364,1.2789838345104598
0.8469895538599199,-0.20240051831421307,3.6469165057620936,0.6477991608962692,-1.7094425281302725,-1.1552628141498142,1.2789838345104598
0.8469895538599199,-0.28637584980402675,-0.27420424855354086,0.5447571164689915,-1.6658680282356677,-1.1544779797891578,1.2789838345104598
0.8469895538599199,-0.3185092001715344,-0.27420424855354086,0.49432074735458764,-1.5612892284886157,-1.1533455157028007,1.2789838345104598
0.8469895538599199,-0.3217930956412281,-0.27420424855354086,0.513302176591191,-1.6113999033674107,-1.1522130490753835,1.5380962291185496
0.8469895538599199,-0.20335213306460304,-0.27420424855354086,0.2464775141795041,-1.5547530535044247,-1.1510805824479662,1.5380962291185496
0.8469895538599199,-0.28052904221009967,-0.27420424855354086,-0.059394659804624446,-1.3652039789628931,-1.1498733070114806,1.5380962291185496
0.8469895538599199,-0.19512798441385473,-0.27420424855354086,-0.13857433604874297,-1.356489078983972,-1.148479001929143,1.5380962291185496
0.8469895538599199,-0.2130724069481397,-0.27420424855354086,-0.5360996969181869,-1.395706128889117,-1.1470846968468054,1.5380962291185496
0.8469895538599199,-0.13052766490751602,-0.27420424855354086,-0.44661581623134083,-1.437101903788992,-1.145690394305528,1.5380962291185496
0.8469895538599199,-0.11717919940310455,-0.27420424855354086,-0.7302526016811623,-1.3455954540103212,-1.144296089223191,1.5380962291185496
0.8469895538599199,-0.16018382725764932,-0.27420424855354086,-1.0702913482911782,-1.2606251792158423,-1.1427450591776425,1.5380962291185496
0.8469895538599199,0.4745556293145122,3.6469165057620936,-1.0594448172988329,-1.3216294790682892,-1.141167907034363,1.5380962291185496
0.8469895538599199,-0.07809203941028971,-0.27420424855354086,-1.4081607887027245,-1.3760976039365451,-1.1395907574321429,1.5380962291185496
0.8469895538599199,0.07470900072655183,-0.27420424855354086,-1.016058693329453,-1.0863271796374225,-1.1380136052888628,1.5380962291185496
0.8469895538599199,0.3268155954495883,-0.27420424855354086,-0.9775535083066283,-1.0340377797638967,-1.1358261616614929,1.5380962291185496
0.8469895538599199,1.0331379472708953,-0.27420424855354086,-0.9721302428104558,-1.0275016047797056,-1.1331810019621151,1.5380962291185496
0.8469895538599199,-0.2564716133376668,3.6469165057620936,-1.4401580551301425,-0.8793483051380488,-1.1305358397216771,1.5380962291185496
0.8469895538599199,-0.2590965439909568,-0.27420424855354086,-1.9613338693123195,-0.8248801802697929,-1.1278906774812394,1.6617336153782465
0.8469895538599199,-0.2627512765274783,-0.27420424855354086,-1.6223797758015384,-0.79873548033303,-1.125116823252511,1.6617336153782465
0.8469895538599199,-0.27636258502815525,-0.27420424855354086,-1.144047759039124,-0.7442673554647741,-1.1215708145529781,1.6617336153782465
0.8469895538599199,-0.3738186020808556,-0.27420424855354086,-1.4092454418019593,-0.7333737304911231,-1.1180248058534457,1.6617336153782465
0.8469895538599199,-0.1311726863219879,-0.27420424855354086,-1.9982120746862926,-0.790020580354109,-1.114478799694973,1.6617336153782465
0.8469895538599199,-0.05271327132156519,3.6469165057620936,-1.7357260246715438,-0.7094077555490901,-1.1109327909954403,1.6617336153782465
0.8469895538599199,0.03158365567149667,-0.27420424855354086,-0.8430565240015506,-0.6549396306808342,-1.1074738745894543,1.6617336153782465
0.8469895538599199,-0.16455326232795028,-0.27420424855354086,-0.8728844842304991,-0.5917566058336563,-1.1040497961173112,1.6617336153782465
0.8469895538599199,-0.14556841436610432,-0.27420424855354086,-0.7839429300932702,-0.11679455698246305,-1.1006257176451681,1.6617336153782465
0.8469895538599199,-0.18138544283939523,-0.27420424855354086,-0.8023820327802569,0.22308654219545443,-1.097201639173025,1.6617336153782465
0.8469895538599199,-0.05528983972491066,-0.27420424855354086,-0.2757829531019072,0.29716319201628333,-1.0943380296197744,1.6617336153782465
0.8469895538599199,-0.21916594277007623,-0.27420424855354086,-0.4097376108573679,0.2644823170953294,-1.0916986050930215,1.6617336153782465
0.8469895538599199,-0.28855044625978243,-0.27420424855354086,-0.2822908716973141,0.35381004187926923,-1.0890591805662684,1.7820827732799733
0.8469895538599199,-0.12480760409331357,-0.27420424855354086,-0.11254266166711475,0.5368229414366099,-1.0864197560395152,1.7820827732799733
0.8469895538599199,-0.18519461156256678,-0.27420424855354086,-0.39943340641464026,0.7960912158095095,-1.0842108938166406,1.7820827732799733
0.8469895538599199,0.01164503953811279,-0.27420424855354086,0.17163645033232386,0.9202785405091334,-1.0830784271892238,1.7820827732799733
0.8469895538599199,-0.2674839758002372,-0.27420424855354086,-0.1591827449341986,0.9202785405091334,-1.081945960561806,1.7820827732799733
0.8469895538599199,-0.14208207936334108,-0.27420424855354086,-0.3397774859567427,1.105470165061204,-1.080813496475449,1.7820827732799733
0.8469895538599199,-0.1414017597872216,-0.27420424855354086,0.1293349794621783,1.1185425150295851,-1.0796810298480322,1.7820827732799733
0.8469895538599199,-0.17947040541265472,-0.27420424855354086,0.04364738462265294,1.138151039982157,-1.0800195651196685,1.7820827732799733
0.8469895538599199,-0.186122682241741,-0.27420424855354086,0.28877898504964966,0.8984912905618304,-1.0803581003913043,1.7820827732799733
0.8469895538599199,-0.17550378571322636,-0.27420424855354086,0.757891450468571,0.7067634910255687,-1.0806966331218808,1.7820827732799733
0.8469895538599199,-0.18145524957493656,-0.27420424855354086,0.7540951646212499,0.6130783162521688,-1.0810351683935164,1.7820827732799733
0.8469895538599199,-0.13776714379325572,-0.27420424855354086,0.8631028010943174,0.5651463663681029,-1.0808448353695468,1.7820827732799733
0.8469895538599199,-0.21755687059808573,-0.27420424855354086,0.8945577409721178,0.4605675666210511,-1.080257850488608,1.7820827732799733
0.8469895538599199,-0.24032718170530104,-0.27420424855354086,1.1548744847883976,0.3167717169688553,-1.0796708656076692,1.8215415135756219
0.8469895538599199,-0.21192292868461912,-0.27420424855354086,1.094133911231266,0.24051634215329643,-1.0790838807267304,1.8215415135756219
0.8469895538599199,-0.25328944907203044,-0.27420424855354086,0.9449941100865223,0.4453164916579401,-1.078541651537168,1.8215415135756219
0.8469895538599199,-0.23650414136090245,-0.27420424855354086,1.0892529722847106,0.5847548913206749,-1.0781113103055173,1.8215415135756219
0.8469895538599199,-0.34735996506721306,-0.27420424855354086,0.9422824773384363,0.6544740911520428,-1.0776809690738665,1.8215415135756219
0.8469895538599199,-0.18446343535700677,-0.27420424855354086,0.8701530462393414,0.6610102661362337,-1.077250627842215,1.8215415135756219
0.8469895538599199,-0.1593137553880558,-0.27420424855354086,1.061051991704614,0.5629676413733729,-1.0768202891516243,1.8215415135756219
0.8469895538599199,-0.15183535442596763,-0.27420424855354086,0.8902191285751798,0.41699306672644615,-1.0758292757162733,1.8215415135756219
0.8469895538599199,-0.31157243846364713,-0.27420424855354086,0.9005233330179074,0.3581674918687302,-1.0747448147960879,1.8215415135756219
0.8469895538599199,-0.2127823770098832,-0.27420424855354086,0.9531290083307806,0.37995474181603217,-1.0736603564169631,1.8215415135756219
0.8469895538599199,-0.20551368337723847,3.6469165057620936,0.5089635641942531,0.42570796670536715,-1.0725758980378393,1.8215415135756219
0.8469895538599199,-0.211357583852616,-0.27420424855354086,0.23183469733983855,0.3777760168213022,-1.071000768578391,1.8215415135756219
0.8469895538599199,-0.2551382149629475,-0.27420424855354086,0.3017948222404641,0.2492312421322174,-1.068771412705886,1.8215415135756219
0.8469895538599199,-0.3107770185271776,-0.27420424855354086,0.47588164466760097,0.027001292669732738,-1.0665420542923203,1.8215415135756219
0.8469895538599199,-0.1632289083220518,-0.27420424855354086,-0.013296903087158137,-0.12986690695084502,-1.064312698419815,1.4973221974797124
0.8469895538599199,-0.2391022978112547,-0.27420424855354086,-0.32242303636899067,-0.16472650686652895,-1.0623600157110398,1.4973221974797124
0.8469895538599199,-0.16390404174224027,-0.27420424855354086,-0.09410355898012847,0.005214042722430755,-1.0620673846899404,1.4973221974797124
0.8469895538599199,-0.1560608512377143,-0.27420424855354086,-0.3311002611628665,0.00739276771716076,-1.061774753668842,1.4973221974797124
0.8469895538599199,-0.0940458035451936,-0.27420424855354086,-0.6846971715133136,-0.0797562320720491,-1.0614821226477433,1.4973221974797124
0.8469895538599199,-0.09593347457818102,-0.27420424855354086,-1.0643257562453885,-0.15819033188233797,-1.0611894890855849,1.4973221974797124
0.8469895538599199,-0.17492379761741833,-0.27420424855354086,-0.7953317876352325,-0.140760531924496,-1.0609322423262482,1.4973221974797124
0.8469895538599199,0.5393720625782091,3.6469165057620936,-0.7958741141848495,-0.2910925565608828,-1.0606891467305566,1.4973221974797124
0.8469895538599199,-0.10100826274544476,-0.27420424855354086,-1.1342858811460135,-0.39785008130266464,-1.060446051134865,1.4973221974797124
0.8469895538599199,0.0703714542344144,-0.27420424855354086,-1.951029664869592,-0.44796075618146053,-1.0602029580802335,1.4973221974797124
0.8469895538599199,0.19026129239480985,-0.27420424855354086,-1.5377768340612472,-0.4566756561603815,-1.0591222147309611,1.4973221974797124
0.8469895538599199,0.9845203554138987,-0.27420424855354086,-1.5301842623666058,-0.5568970059179724,-1.0569246068632285,1.4973221974797124
0.8469895538599199,-0.14269440466671862,3.6469165057620936,-1.7259641467784332,-0.5220374060022884,-1.0547269989954953,1.4973221974797124
0.8469895538599199,-0.16363195698021543,-0.27420424855354086,-1.3165076018174096,-0.43706713120780954,-1.0525293936688227,1.1717875900406156
0.8469895538599199,-0.23557368397328948,-0.27420424855354086,-1.4466659737255494,-0.2083010067611339,-1.0503317858010903,1.1717875900406156
0.8469895538599199,-0.24069895192129276,-0.27420424855354086,-1.1597752289780243,-0.18651375681383095,-1.04943667705568,1.1717875900406156
0.8469895538599199,-0.30969578576886597,-0.27420424855354086,-1.13103192184831,-0.149475431903417,-1.0485415683102697,1.1717875900406156
0.8469895538599199,-0.18961246271834079,-0.27420424855354086,-1.1944841281535283,-0.010037032240681212,-1.04764645956486,1.1717875900406156
0.8469895538599199,0.004717555486337374,3.6469165057620936,-1.2996954787792747,0.11415029245894259,-1.0467513508194497,1.1717875900406156
0.8469895538599199,0.14072121080844702,-0.27420424855354086,-1.269867518550326,0.29280574202682236,-1.0449797872507547,1.1717875900406156
0.8469895538599199,-0.17025482166545797,-0.27420424855354086,-1.126693309451372,0.39738454177387417,-1.042550884470391,1.1717875900406156
0.8469895538599199,-0.09827768883967884,-0.27420424855354086,-0.9721302428104558,0.5673250913628339,-1.040121981690028,1.1717875900406156
0.8469895538599199,-0.1231681327927865,-0.27420424855354086,-0.9742995490089248,0.6719038911098848,-1.0376930789096641,1.1717875900406156
0.8469895538599199,-0.0820647066341079,-0.27420424855354086,-0.681985538765227,0.7590528908990946,-1.0355378991222652,1.1717875900406156
0.8469895538599199,-0.1792469879685702,-0.27420424855354086,-0.6906627635591033,0.8723465906250675,-1.0337476790903846,1.1717875900406156
0.8469895538599199,-0.19051935808956155,-0.27420424855354086,-0.0745798031939075,1.0052488153036123,-1.031957461599564,1.1717875900406156
0.8469895538599199,0.08253193112711238,-0.27420424855354086,-0.338692832857508,1.101112715071743,-1.030167244108744,1.1204912276562722
0.8469895538599199,-0.10349982484898074,-0.27420424855354086,-0.08379935453740084,1.138151039982157,-1.0283770266179233,1.1204912276562722
0.8469895538599199,-0.12095127544700511,-0.27420424855354086,-0.28879879029272093,1.101112715071743,-1.028139861856483,1.1204912276562722
0.8469895538599199,-0.1879386622956827,-0.27420424855354086,0.3158953125305121,0.9834615653563102,-1.0279026945539835,1.1204912276562722
0.8469895538599199,-0.09676903787388082,-0.27420424855354086,0.23725796283601153,0.8462018906883044,-1.0276655297925432,1.1204912276562722
0.8469895538599199,-0.17120361902317968,-0.27420424855354086,0.06805207935542934,0.7111209410150297,-1.0274283650311027,1.1204912276562722
0.8469895538599199,-0.0831873209688099,-0.27420424855354086,0.2334616769886904,0.5695038163575639,-1.0286229351671357,1.1204912276562722
0.8469895538599199,-0.052564308413665946,-0.27420424855354086,0.6374949564535416,0.41917179172117713,-1.0303902018032174,1.1204912276562722
0.8469895538599199,-0.12196758255771062,-0.27420424855354086,0.5284873199804742,0.27101849207952033,-1.0321574684392985,1.1204912276562722
0.8469895538599199,-0.08168272561284025,-0.27420424855354086,0.7963966354913954,0.16208224234300753,-1.0339247350753802,1.1204912276562722
0.8469895538599199,-0.11248702033827675,-0.27420424855354086,0.8576795355981451,0.02918001766446274,-1.0354530327973575,1.1204912276562722
0.8469895538599199,-0.0802941099308562,-0.27420424855354086,0.9862109278574328,-0.06450515710893713,-1.0363839069635437,1.1204912276562722
0.8469895538599199,-0.18314593640842872,-0.27420424855354086,1.1521628520403113,-0.2213733567295149,-1.0373147811297296,1.1204912276562722
0.8469895538599199,-0.06668703649176971,-0.27420424855354086,0.9374015383918809,-0.37388410636063263,-1.0382456578369759,0.9297739828939733
0.8469895538599199,-0.16213730325187822,-0.27420424855354086,0.7242672043923013,-0.2932712815556128,-1.0391765320031618,0.9297739828939733
0.8469895538599199,-0.1688634424263342,-0.27420424855354086,0.9238433746514496,-0.2083010067611339,-1.0387117644894024,0.9297739828939733
0.8469895538599199,-0.22816471289804158,-0.27420424855354086,0.9021503126667593,-0.0056795822512212026,-1.0382469969756436,0.9297739828939733
0.8469895538599199,-0.12880833757275817,-0.27420424855354086,0.9905495402543716,0.03353746765392372,-1.037782226920824,0.9297739828939733
0.8469895538599199,-0.07268806493023201,-0.27420424855354086,0.9542136614300157,0.2557674171164084,-1.037317459407065,0.9297739828939733
0.8469895538599199,-0.05600395006787451,-0.27420424855354086,0.9281819870483875,0.4213505167159071,-1.036433007867675,0.9297739828939733
0.8469895538599199,-0.21315102476521083,-0.27420424855354086,0.6385796095527759,0.5477165664102609,-1.0352337901327369,0.9297739828939733
0.8469895538599199,-0.2001632034675275,-0.27420424855354086,0.8256822691707273,0.6261506662205498,-1.0340345749388589,0.9297739828939733
0.8469895538599199,-0.12312842011778577,3.6469165057620936,0.9542136614300157,0.7634103408885556,-1.0328353572039202,0.9297739828939733
0.8469895538599199,-0.16117912056698738,-0.27420424855354086,0.19604114506510026,0.7568741659043646,-1.0316888740890435,0.9297739828939733
0.8469895538599199,-0.1830074893738012,-0.27420424855354086,0.29365992399620505,0.7895550408253186,-1.0308587961534723,0.9297739828939733
0.8469895538599199,-0.20888168788793005,-0.27420424855354086,0.34680792585869574,0.6697251661151548,-1.030028715676842,0.9297739828939733
0.8469895538599199,-0.1366211827842763,-0.27420424855354086,0.25732404517184926,0.5695038163575639,-1.0291986352002118,0.6364640133629886
0.8469895538599199,-0.1730199041451174,-0.27420424855354086,-0.039328577468786347,0.5324654914471499,-1.0283685572646413,0.6364640133629886
0.8469895538599199,-0.1462764054039731,-0.27420424855354086,-0.11905058026252201,0.5477165664102609,-1.0273106021422622,0.6364640133629886
0.8469895538599199,-0.15799185987130107,-0.27420424855354086,-0.14725156084261878,0.3385589669161573,-1.0262146657947078,0.6364640133629886
0.9239886042108217,0.3330342629853886,-0.27420424855354086,-1.8154480274652796,-1.2519102792369212,-0.9205227271660813,0.9146481324473084
0.9239886042108217,0.22213632195046226,3.6469165057620936,-1.67335847146556,-1.2758762541789532,-0.9190273946166602,0.9146481324473084
0.9239886042108217,0.4048959724376454,-0.27420424855354086,-1.5307265889162234,-1.3368805540314002,-0.9176432664799855,0.9146481324473084
0.9239886042108217,-0.043745815526124034,-0.27420424855354086,-1.3376583372524822,-1.3172720290788282,-0.9162776753766723,0.9146481324473084
0.9239886042108217,0.21100126831799562,-0.27420424855354086,-1.2253967414817115,-1.2671613542000322,-0.9149120817322991,0.9146481324473084
0.9239886042108217,0.18898993049432317,-0.27420424855354086,-0.7964164407344672,-1.1778336294160925,-0.9135464880879259,0.9146481324473084
0.9239886042108217,0.13011485795811853,-0.27420424855354086,-0.6304645165515885,-1.1211867795531065,-0.9124989767225191,0.9146481324473084
0.9239886042108217,0.06078250315054131,-0.27420424855354086,-0.4514967551778959,-1.0993995296058034,-0.9115044794937834,0.9146481324473084
0.9239886042108217,0.25935669909542336,-0.27420424855354086,-0.74652239816968,-1.1081144295847245,-0.9105099848061077,0.7758848957409453
0.9239886042108217,0.27453562641099566,-0.27420424855354086,0.1060149378286366,-1.0667186546848495,-0.9095154875773728,0.7758848957409453
0.9239886042108217,0.07080867050812345,-0.27420424855354086,-0.3099495257277937,-1.0013569048429427,-0.9084580482901918,0.7758848957409453
0.9239886042108217,0.1180761390861527,-0.27420424855354086,-0.366351486887988,-0.9948207298587517,-0.907316687952457,0.7758848957409453
0.9239886042108217,0.09313803274497338,-0.27420424855354086,-0.38587524267420903,-0.9534249549588777,-0.9061753301557828,0.7758848957409453
0.9239886042108217,0.2459757169316799,-0.27420424855354086,0.4531039295836764,-0.855382330196016,-0.9050339698180487,0.7758848957409453
0.9239886042108217,0.1063222101609841,-0.27420424855354086,-0.3712324258345431,-0.820522730280332,-0.9038042491977822,0.7758848957409453
0.9239886042108217,0.059493572922524156,-0.27420424855354086,0.1434354697522271,-0.8728121301538578,-0.9020443592591434,0.7758848957409453
0.9239886042108217,0.320766904623055,-0.27420424855354086,0.3912787029273099,-1.0013569048429427,-0.9002844718615651,0.7758848957409453
0.9239886042108217,0.42592784459741606,-0.27420424855354086,0.7389100212319676,-1.1146506045689155,-0.8985245819229263,0.7758848957409453
0.9239886042108217,0.20705770817002495,-0.27420424855354086,0.4465960109882699,-1.1974421543686644,-0.8967646919842882,0.7758848957409453
0.9239886042108217,0.27455498925614974,-0.27420424855354086,0.5062519314461671,-1.2606251792158423,-0.8958267104730286,0.7758848957409453
0.9239886042108217,0.33237431118429206,-0.27420424855354086,0.9411978242392012,-1.1996208793633953,-0.8952174913162965,0.7758848957409453
0.9239886042108217,0.3603353004068753,-0.27420424855354086,0.8452060249569482,-1.1843698044002833,-0.8946082721595644,0.6509322181380598
0.9239886042108217,0.40150096043672523,-0.27420424855354086,1.194464322910457,-1.2323017542843484,-0.8939990530028322,0.6509322181380598
0.9239886042108217,0.14245894989401883,-0.27420424855354086,0.9542136614300157,-1.2540890042316513,-0.8934471754081058,0.6509322181380598
0.9239886042108217,0.13768833246388196,-0.27420424855354086,1.133181422803708,-1.2802337041684142,-0.8929717506883268,0.6509322181380598
0.9239886042108217,0.16886870424760603,-0.27420424855354086,1.0366472969718374,-1.2584464542211113,-0.8924963259685478,0.6509322181380598
0.9239886042108217,0.24253654185205337,-0.27420424855354086,0.9102852109110183,-1.2519102792369212,-0.8920209012487681,0.6509322181380598
0.9239886042108217,0.08175513828357114,-0.27420424855354086,0.9054042719644629,-1.2061570543475855,-0.8915454790700491,0.6509322181380598
0.9239886042108217,-0.020295489910785284,-0.27420424855354086,0.7860924310486678,-1.2628039042105723,-0.8907298800948751,0.6509322181380598
0.9239886042108217,-0.22850698124430852,-0.27420424855354086,0.5230640544843019,-1.3150933040840982,-0.889914281119701,0.6509322181380598
0.9239886042108217,-0.17293484400977915,-0.27420424855354086,0.9683141517200637,-1.402242303873308,-0.8890986821445269,0.6509322181380598
0.9239886042108217,-0.14956091100965882,3.6469165057620936,0.5268603403316223,-1.437101903788992,-0.8882830857104136,0.6509322181380598
0.9239886042108217,-0.38328313925791446,-0.27420424855354086,0.20797232915667968,-1.42185082882588,-0.8879629477138331,0.6509322181380598
0.9239886042108217,-0.514953770272297,-0.27420424855354086,0.3478925789579301,-1.4065997538627681,-0.8880144041806688,0.6509322181380598
0.9239886042108217,-0.4916332421166423,-0.27420424855354086,0.5165561358888947,-1.41967210383115,-0.8880658606475044,0.586482942321834
0.9239886042108217,-0.305810744840587,-0.27420424855354086,-0.15647111218611212,-1.2954847791315263,-0.88811731711434,0.586482942321834
0.9239886042108217,-0.44262177158653637,-0.27420424855354086,-0.12393151920907705,-1.0688973796795807,-0.8878006654522044,0.586482942321834
0.9239886042108217,-0.3899906692846182,-0.27420424855354086,-0.42546508079626805,-0.9621398549377987,-0.8865637409265811,0.586482942321834
0.9239886042108217,-0.3359909242818616,-0.27420424855354086,0.01924268988987693,-0.9534249549588777,-0.8853268189420177,0.586482942321834
0.9239886042108217,-0.361189917595097,-0.27420424855354086,-0.8002127265817879,-0.9621398549377987,-0.8840898969574543,0.586482942321834
0.9239886042108217,-0.31245159059241373,-0.27420424855354086,-0.800755053131405,-0.9316377050115747,-0.882852974972891,0.586482942321834
0.9239886042108217,-0.35563547281233665,-0.27420424855354086,-0.5344727172693352,-0.781305680375188,-0.884462274067378,0.586482942321834
0.9239886042108217,1.3222683476784514,3.6469165057620936,-0.7589959088108766,-0.6963354055807082,-0.8865459433417062,0.586482942321834
0.9239886042108217,-0.11203234340809451,-0.27420424855354086,-1.02256661192486,-0.6810843306175971,-0.8886296126160343,0.586482942321834
0.9239886042108217,0.11404333757678191,-0.27420424855354086,-1.6180411634046006,-0.5438246559495914,-0.8907132818903633,0.586482942321834
0.9239886042108217,0.4844447134708602,-0.27420424855354086,-1.5751973659848377,-0.4762841811129535,-0.8906190161841806,0.586482942321834
0.9239886042108217,1.3175479767417637,-0.27420424855354086,-1.5903825093741206,-0.47410545611822347,-0.8888913011484095,0.586482942321834
0.9239886042108217,-0.8410853295519681,3.6469165057620936,-1.6852896555571395,-0.3913139063184746,-0.8871635835715785,0.586482942321834
0.9239886042108217,-0.7101614511561147,-0.27420424855354086,-1.4233459320920077,-0.36081175639225066,-0.8854358685358082,0.44574676860068857
0.9239886042108217,-0.6412860164257489,-0.27420424855354086,-1.8962546833582494,-0.3346670564554877,-0.8836515335990976,0.44574676860068857
0.9239886042108217,-0.6911174558934093,-0.27420424855354086,-1.656004021877808,-0.2823776565819618,-0.8815274945031091,0.44574676860068857
0.9239886042108217,-0.7388736792912849,-0.27420424855354086,-2.007973952579403,-0.2649478566241198,-0.8794034554071205,0.44574676860068857
0.9239886042108217,-0.5337831591724478,-0.27420424855354086,-1.7335567184730747,-0.27802020659250176,-0.8772794163111319,0.44574676860068857
0.9239886042108217,-0.3333694211572317,3.6469165057620936,-1.638649572290056,-0.2605904066346598,-0.8751553772151441,0.44574676860068857
0.9239886042108217,-0.32251669898241836,-0.27420424855354086,-1.1576059227795552,-0.24751805666627785,-0.8722750068295356,0.44574676860068857
0.9239886042108217,-0.3659020696410707,-0.27420424855354086,-1.497644669389571,-0.18433503181910094,-0.8690921003705955,0.44574676860068857
0.9239886042108217,-0.34917845744582726,-0.27420424855354086,-1.2839680088403744,0.16208224234300753,-0.8659091964527152,0.44574676860068857
0.9239886042108217,-0.3847945178904995,-0.27420424855354086,-0.9233208533449033,0.486712266557814,-0.862726292534835,0.44574676860068857
0.9239886042108217,-0.43851980936796875,-0.27420424855354086,-0.7600805619101113,0.5934697912995959,-0.8598566428817496,0.44574676860068857
0.9239886042108217,-0.5075705505249418,-0.27420424855354086,-1.1147621253597926,0.5803974413312148,-0.8571122979838536,0.44574676860068857
0.9239886042108217,-0.5067866334464369,-0.27420424855354086,-1.2687828654510913,0.6087208662627078,-0.8543679530859577,0.42141387875170616
0.9239886042108217,-0.41574811648218357,-0.27420424855354086,-0.7481493778185319,0.7873763158305885,-0.8516236081880617,0.42141387875170616
0.9239886042108217,-0.4483997414844387,-0.27420424855354086,-0.45692002067406845,1.0074275402983432,-0.8490621611723101,0.42141387875170616
0.9239886042108217,-0.36473728414222445,-0.27420424855354086,-0.5773165146890978,1.16211701492419,-0.8469579499682097,0.42141387875170616
0.9239886042108217,-0.4184907674915534,-0.27420424855354086,0.05666322181346704,1.3146277645553077,-0.8448537413051684,0.42141387875170616
0.9239886042108217,-0.3765760040250878,-0.27420424855354086,-0.22697356363635482,1.4976406641126485,-0.8427495326421272,0.42141387875170616
0.9239886042108217,-0.3927719383132386,-0.27420424855354086,-0.032278332323761955,1.5412151640072524,-0.8406453214380258,0.42141387875170616
0.9239886042108217,-0.4812728637969212,-0.27420424855354086,-0.024143434079503288,1.5325002640283323,-0.838328448914939,0.42141387875170616
0.9239886042108217,-0.3487117751927461,-0.27420424855354086,0.3126413532328093,1.3647384394341027,-0.836011576391852,0.42141387875170616
0.9239886042108217,-0.1607212673406121,-0.27420424855354086,0.7324021026365604,1.2274787647660979,-0.8336947038687651,0.42141387875170616
0.9239886042108217,-0.34077711812496725,-0.27420424855354086,0.6830503866213908,1.138151039982157,-0.8313778313456774,0.42141387875170616
0.9239886042108217,-0.3883952713369162,-0.27420424855354086,0.34518094620984396,1.0531807651876781,-0.8277645684087261,0.42141387875170616
0.9239886042108217,-0.351064441632249,-0.27420424855354086,0.6158018944688514,0.9703892153879283,-0.8231790120261103,0.42141387875170616
0.9239886042108217,-0.3061004517656713,-0.27420424855354086,0.7101667141022533,0.8483806156830355,-0.8185934581845552,0.5345289342658969
0.9239886042108217,-0.3899690812376114,-0.27420424855354086,0.878830271033218,0.7677677908780156,-0.8140079043430001,0.5345289342658969
0.9239886042108217,-0.4148632577873754,-0.27420424855354086,0.9308936197964736,0.8745253156197974,-0.8100330714246904,0.5345289342658969
0.9239886042108217,-0.40348077606502625,-0.27420424855354086,1.1722289343761498,0.9856402903510403,-0.8075850471671451,0.5345289342658969
0.9239886042108217,-0.4920727912632611,-0.27420424855354086,1.016581214635999,1.0248573402561851,-0.8051370229095998,0.5345289342658969
0.9239886042108217,-0.391579014778061,-0.27420424855354086,0.9477057428346085,1.0531807651876781,-0.8026889986520538,0.5345289342658969
0.9239886042108217,-0.4039770140233611,-0.27420424855354086,0.8679837400408728,0.9878190153457702,-0.8002409743945085,0.5345289342658969
0.9239886042108217,-0.4033014499189431,-0.27420424855354086,0.6673229166824902,0.8462018906883044,-0.7991500159836721,0.5345289342658969
0.9239886042108217,-0.26557419631013246,-0.27420424855354086,0.6624419777359348,0.7525167159149045,-0.7982852347904436,0.5345289342658969
0.9239886042108217,-0.4155073998882117,-0.27420424855354086,0.5843469545910509,0.7503379909201736,-0.7974204561382751,0.5345289342658969
0.9239886042108217,-0.21998736526690543,3.6469165057620936,0.5566883005605717,0.8265933657357325,-0.7965556749450472,0.5345289342658969
0.9239886042108217,-0.5495478888209273,-0.27420424855354086,0.48727050220956364,0.8353082657146534,-0.7954761640099185,0.5345289342658969
0.9239886042108217,-0.6087484150732702,-0.27420424855354086,0.15970526624074444,0.7677677908780156,-0.7941103442111977,0.5345289342658969
0.9239886042108217,-0.5300148516155561,-0.27420424855354086,0.5561459740109541,0.6239719412258198,-0.7927445244124762,0.5345289342658969
0.9239886042108217,-0.4547158513271767,-0.27420424855354086,-0.2036535220028131,0.488890991552545,-0.7913787046137547,0.5746453202331391
0.9239886042108217,-0.48841380571997267,-0.27420424855354086,0.22315747254596274,0.39738454177387417,-0.7902690389185308,0.5746453202331391
0.9239886042108217,-0.41938023809665326,-0.27420424855354086,-0.056683027056538354,0.4605675666210511,-0.7906963080085324,0.5746453202331391
0.9239886042108217,-0.42387891432617486,-0.27420424855354086,-0.4802400623076102,0.4583888416263211,-0.7911235745574741,0.5746453202331391
0.9239886042108217,-0.7026621620088929,-0.27420424855354086,-0.8788500762762889,0.41917179172117713,-0.7915508411064149,0.5746453202331391
0.9239886042108217,-0.2951136073437023,-0.27420424855354086,-0.5952132908264673,0.3734185668318412,-0.7919781076553566,0.5746453202331391
0.9239886042108217,-0.4020888046350869,-0.27420424855354086,-0.5013907977426829,0.3734185668318412,-0.7919368306752442,0.5746453202331391
0.9239886042108217,1.236051502170714,3.6469165057620936,-0.6933743963071893,0.2906270170320923,-0.7917081352670866,0.5746453202331391
0.9239886042108217,-0.25378640483741444,-0.27420424855354086,-0.548573207559384,0.20347801724288248,-0.7914794398589282,0.5746453202331391
0.9239886042108217,-0.17238895174881133,-0.27420424855354086,-0.7801466442459494,0.12286519243786359,-0.7912507444507706,0.5746453202331391
0.9239886042108217,0.12602256818953944,-0.27420424855354086,-1.0838495120316094,0.1185077424484026,-0.7904809607890307,0.5746453202331391
0.9239886042108217,0.9065630284992624,-0.27420424855354086,-1.0344977960164394,0.06621834257487669,-0.7889897269695358,0.5746453202331391
0.9239886042108217,-0.25191199528966224,3.6469165057620936,-1.237327925573291,0.06621834257487669,-0.7874984931500408,0.5746453202331391
0.9239886042108217,-0.6699313449439275,-0.27420424855354086,-1.3485048682448275,0.13811626740097555,-0.7860072618716059,0.5739876745615453
0.9239886042108217,-0.7535073783174099,-0.27420424855354086,-1.05022526595534,0.33638024192142724,-0.7845160280521108,0.5739876745615453
0.9239886042108217,-0.6732656484136559,-0.27420424855354086,-1.6440728377862284,0.37995474181603217,-0.7818786516197905,0.5739876745615453
0.9239886042108217,-0.8188495693543426,-0.27420424855354086,-1.2855949884892262,0.45403139163686107,-0.7792412777285301,0.5739876745615453
0.9239886042108217,-0.5349962889760622,-0.27420424855354086,-0.9840614269020352,0.5629676413733729,-0.7766039038372705,0.5739876745615453
0.9239886042108217,-0.3503797075427764,3.6469165057620936,-1.2367855990236738,0.6130783162521688,-0.7739665299460102,0.5739876745615453
0.9239886042108217,-0.39562084271107617,-0.27420424855354086,-1.2704098450999433,0.7329081909623316,-0.7715765866989565,0.5739876745615453
0.9239886042108217,-0.4306850889866241,-0.27420424855354086,-1.0263628977721808,0.8287720907304625,-0.7693722170703226,0.5739876745615453
0.9239886042108217,-0.4996980017121008,-0.27420424855354086,-1.1169314315582615,0.9965339153246913,-0.7671678474416888,0.5739876745615453
0.9239886042108217,-0.4462568182647318,-0.27420424855354086,-0.8864426479709304,1.066253115156059,-0.764963477813055,0.5739876745615453
0.9239886042108217,-0.4521886501036446,-0.27420424855354086,-0.6000942297730224,1.0967552650822832,-0.7629180692805115,0.5739876745615453
0.9239886042108217,-0.510285655688796,-0.27420424855354086,-0.18250278656774033,1.179546814882032,-0.7610846131111887,0.5739876745615453
0.9239886042108217,-0.5392588784670799,-0.27420424855354086,-0.6109407607653676,1.2950192396027347,-0.7592511569418658,0.5739876745615453
0.9239886042108217,-0.33151157500714157,-0.27420424855354086,-0.6472766395897235,1.3887044143761356,-0.757417700772543,0.660796903211971
0.9239886042108217,-0.4601067796641139,-0.27420424855354086,-0.4580046737733031,1.4932832141231864,-0.7555842420621602,0.660796903211971
0.9239886042108217,-0.44929154496244855,-0.27420424855354086,0.1060149378286366,1.4562448892127735,-0.7541070399764854,0.660796903211971
0.9239886042108217,-0.5810948985002409,-0.27420424855354086,-0.4520390817275134,1.4061342143339766,-0.7526298378908115,0.660796903211971
0.9239886042108217,-0.4898900656426724,-0.27420424855354086,-0.37882499752918464,1.2906617896132748,-0.7511526332640768,0.660796903211971
0.9239886042108217,-0.43543178549684375,-0.27420424855354086,-0.09193425278165951,1.155580839939999,-0.749675431178402,0.660796903211971
0.9239886042108217,-0.4052604709726275,-0.27420424855354086,0.24322355488180125,1.066253115156059,-0.7491396410351091,0.660796903211971
0.9239886042108217,-0.3999298743181812,-0.27420424855354086,0.22261514599634522,0.9573168654195473,-0.7489804156687692,0.660796903211971
0.9239886042108217,-0.20248206119500975,-0.27420424855354086,0.6906429583160323,0.8353082657146534,-0.7488211877613692,0.660796903211971
0.9239886042108217,-0.3079647222888525,-0.27420424855354086,0.1835676344239033,0.7198358409939507,-0.7486619623950299,0.660796903211971
0.9239886042108217,-0.35305305428153944,-0.27420424855354086,0.48022025706453886,0.5695038163575639,-0.7483203194069024,0.660796903211971
0.9239886042108217,-0.23926881110150858,-0.27420424855354086,0.681423406972539,0.44749521665267006,-0.7475226399874881,0.660796903211971
0.9239886042108217,-0.2743742236113319,-0.27420424855354086,0.7199285919953634,0.3211291669583153,-0.7467249580270133,0.660796903211971
0.9239886042108217,-0.10686276881997508,-0.27420424855354086,1.1613824033838047,0.2535886921216784,-0.7459272760665385,0.6364640133629886
0.9239886042108217,-0.3934762326448036,-0.27420424855354086,0.9916341933536058,0.3581674918687302,-0.7451295966471237,0.6364640133629886
0.9239886042108217,-0.3657307290984106,-0.27420424855354086,0.974822070315471,0.45403139163686107,-0.7456648582499174,0.6364640133629886
0.9239886042108217,-0.4252990058472693,-0.27420424855354086,0.8321901877661345,0.6283293912152799,-0.746200119852711,0.6364640133629886
0.9239886042108217,-0.3208828265768758,-0.27420424855354086,0.7893463903463714,0.6435804661783918,-0.7467353814555053,0.6364640133629886
0.9239886042108217,-0.2811298826006889,-0.27420424855354086,0.9639755393231259,0.7917337658200485,-0.7472706430582989,0.6364640133629886
0.9239886042108217,-0.28182854214691727,-0.27420424855354086,0.859306515246997,0.9769253903721192,-0.7461227166212904,0.6364640133629886
0.9239886042108217,-0.268737087456496,-0.27420424855354086,0.6651536104840217,1.0357509652298362,-0.7437123991544298,0.6364640133629886
0.9239886042108217,-0.20412682632252507,-0.27420424855354086,0.777415206254792,1.107648890055934,-0.7413020791465091,0.6364640133629886
0.9239886042108217,-0.10802254761465284,3.6469165057620936,0.831647861216517,1.203512789824065,-0.7388917616796484,0.6364640133629886
0.9239886042108217,-0.4010039469511764,-0.27420424855354086,0.43683413309515906,1.2841256146290838,-0.7365138300236436,0.6364640133629886
0.9239886042108217,-0.48941211381891775,-0.27420424855354086,0.29474457709543933,1.4802108641548064,-0.7343302106917095,0.6364640133629886
0.9239886042108217,-0.41440680428474624,-0.27420424855354086,0.23075004424060427,1.3908831393708656,-0.732146593900836,0.6364640133629886
0.9239886042108217,-0.3211555214748924,-0.27420424855354086,0.20797232915667968,1.3647384394341027,-0.7299629771099625,0.5220336665056081
0.9239886042108217,-0.30755533898347903,-0.27420424855354086,-0.2855448309950177,1.3974193143550566,-0.7277793577780284,0.5220336665056081
0.9239886042108217,-0.38715739513527814,-0.27420424855354086,-0.22426193088826835,1.3298788395184187,-0.7296661914556154,0.5220336665056081
0.9239886042108217,-0.32281868040804523,-0.27420424855354086,-0.09084959968242484,1.140329764976888,-0.7322314322740824,0.5220336665056081
1.0009876545617236,-1.036302485488836,-0.27420424855354086,-0.7969587672840842,-1.7726255529774495,0.9725798854226908,0.4490349969586598
1.0009876545617236,-1.03268301522361,3.6469165057620936,-0.7893661955894428,-1.7856979029458304,0.9762403968309683,0.4490349969586598
1.0009876545617236,-1.0313957538969822,-0.27420424855354086,-0.8137708903222192,-1.9316724775927572,0.9774621791795113,0.4490349969586598
1.0009876545617236,-1.0722418282833224,-0.27420424855354086,-0.531218757971632,-1.8270936778457054,0.9782775062612559,0.4490349969586598
1.0009876545617236,-1.0135898322328536,-0.27420424855354086,-0.5062717366892384,-1.7094425281302725,0.9790928333429997,0.4490349969586598
1.0009876545617236,-1.0831618987045333,-0.27420424855354086,0.07022138555389829,-1.6113999033674107,0.9799081604247444,0.4490349969586598
1.0009876545617236,-1.1057408962879425,-0.27420424855354086,-0.05993698635424159,-1.432744453799531,0.9758160397958303,0.4490349969586598
1.0009876545617236,-1.1495513163908184,-0.27420424855354086,-0.26602107520879675,-1.4109572038522291,0.9709060103681205,0.4490349969586598
1.0009876545617236,-1.0929624413613541,-0.27420424855354086,0.14994338834763396,-1.417493378836419,0.9659959809404106,0.3898468865151876
1.0009876545617236,-1.0623765214854812,-0.27420424855354086,0.42707225520204894,-1.3412380040208611,0.9610859515127008,0.3898468865151876
1.0009876545617236,-1.0073159653349646,-0.27420424855354086,0.32945347627094335,-1.2845911541578743,0.9577445794643882,0.3898468865151876
1.0009876545617236,-1.0962931019603077,-0.27420424855354086,0.39941360117156893,-1.2998422291209861,0.9564947488945644,0.3898468865151876
1.0009876545617236,-1.0536143764513066,-0.27420424855354086,0.5550613209117199,-1.380455053926005,0.9552449183247407,0.3898468865151876
1.0009876545617236,-0.9971366358982452,-0.27420424855354086,0.8077854930333581,-1.2475528292474602,0.9539950902959768,0.3898468865151876
1.0009876545617236,-1.0198162520847855,-0.27420424855354086,0.9146238233079562,-1.2061570543475855,0.9539175701757919,0.3898468865151876
1.0009876545617236,-1.0230746654042304,-0.27420424855354086,0.9043196188652286,-1.2889486041473353,0.9608739178355578,0.3898468865151876
1.0009876545617236,-1.073083492938941,-0.27420424855354086,1.095760890880118,-1.4000635788785771,0.9678302654953229,0.3898468865151876
1.0009876545617236,-1.0299460528351054,-0.27420424855354086,1.0447821952160965,-1.51335727860455,0.9747866131550889,0.3898468865151876
1.0009876545617236,-1.0360073950108823,-0.27420424855354086,1.1733135874753842,-1.6201148033463317,0.9817429608148548,0.3898468865151876
1.0009876545617236,-1.0037356155539234,-0.27420424855354086,1.2855751832461553,-1.7137999781197326,0.9816737143863248,0.3898468865151876
1.0009876545617236,-1.0949237593975965,-0.27420424855354086,1.2731016726049584,-1.6506169532725556,0.9787942257485682,0.3898468865151876
1.0009876545617236,-1.096050214000012,-0.27420424855354086,1.1489088927426079,-1.6397233282989048,0.9759147396518715,0.3214517366693968
1.0009876545617236,-1.0288249997307357,-0.27420424855354086,1.1429433006968182,-1.6615105782462067,0.9730352535551748,0.3214517366693968
1.0009876545617236,-1.037351739943103,-0.27420424855354086,1.288829142543859,-1.7377659530617655,0.9728361996129742,0.3214517366693968
1.0009876545617236,-1.0641633406280464,-0.27420424855354086,1.1895833839639016,-1.7791617279616405,0.9762110602922215,0.3214517366693968
1.0009876545617236,-1.0992807764059451,-0.27420424855354086,1.1505358723914596,-1.6484382282778256,0.9795859209714696,0.3214517366693968
1.0009876545617236,-1.036488756418121,-0.27420424855354086,1.3463157568032869,-1.7116212531250026,0.9829607816507169,0.3214517366693968
1.0009876545617236,-1.0311162218868213,-0.27420424855354086,1.3772283701314705,-1.5569317784991548,0.9863356423299642,0.3214517366693968
1.0009876545617236,-1.0894145364589398,-0.27420424855354086,1.3490273895513736,-1.6440807782883646,0.985508590796962,0.3214517366693968
1.0009876545617236,-1.1358910534493813,-0.27420424855354086,1.2991333469865864,-1.7355872280670355,0.9846815392639596,0.3214517366693968
1.0009876545617236,-1.101357858774058,-0.27420424855354086,1.1727712609257674,-1.7987702529142124,0.9838544877309566,0.3214517366693968
1.0009876545617236,-1.0956568019014845,3.6469165057620936,1.0800334209412172,-1.8423447528088173,0.9830274361979544,0.3214517366693968
1.0009876545617236,-1.0593665770761405,-0.27420424855354086,1.162467056483039,-1.7617319280037984,0.9837474404925186,0.3214517366693968
1.0009876545617236,-1.1227949150679635,-0.27420424855354086,1.0035653774451851,-1.7007276281513515,0.985627736022492,0.3214517366693968
1.0009876545617236,-1.1177327961951196,-0.27420424855354086,0.7589761035678053,-1.7246936030933835,0.9875080290114054,0.3977386345743176
1.0009876545617236,-1.0779265550455248,-0.27420424855354086,0.30776041428625384,-1.6636893032409366,0.9893883245413789,0.3977386345743176
1.0009876545617236,-1.0618538861729094,-0.27420424855354086,0.591397199736075,-1.42402955382061,0.9910693526801044,0.3977386345743176
1.0009876545617236,-1.1127317806473442,-0.27420424855354086,0.6277330785604308,-1.4392806287837219,0.9922522161522992,0.3977386345743176
1.0009876545617236,-1.170698360691644,-0.27420424855354086,0.8435790453080964,-1.478497678688866,0.9934350796244941,0.3977386345743176
1.0009876545617236,-1.14699976356314,-0.27420424855354086,0.11143820332480917,-1.5329658035571228,0.9946179430966896,0.3977386345743176
1.0009876545617236,-1.1112091324440856,-0.27420424855354086,0.07076371210351542,-1.42402955382061,0.9958008065688845,0.3977386345743176
1.0009876545617236,-1.1366717045058123,-0.27420424855354086,-0.2134153998959236,-1.3455954540103212,0.9929420021602655,0.3977386345743176
1.0009876545617236,-1.1415603653052009,3.6469165057620936,0.3831438046830516,-1.380455053926005,0.9894095855911575,0.3977386345743176
1.0009876545617236,-1.2288195025388269,-0.27420424855354086,-0.33760817975827373,-1.447995528762643,0.9858771690220496,0.3977386345743176
1.0009876545617236,-1.1493601643735984,-0.27420424855354086,-0.4791554092083759,-1.1887272543897434,0.9823447499118817,0.3977386345743176
1.0009876545617236,-1.1391858416410479,-0.27420424855354086,-0.2134153998959236,-1.1037569795952644,0.9808575436726303,0.3977386345743176
1.0009876545617236,-1.1178689641923654,-0.27420424855354086,-0.08488400763663513,-1.0797910046532315,0.9809042432749764,0.3977386345743176
1.0009876545617236,-1.2305340564567073,3.6469165057620936,-0.42221112149856443,-0.8924206551064309,0.9809509428773223,0.3977386345743176
1.0009876545617236,-1.18504447032348,-0.27420424855354086,-0.3555049558956429,-0.9076717300695418,0.9809976424796683,0.3444693351751917
1.0009876545617236,-1.1386779393181623,-0.27420424855354086,-0.9650799976654317,-0.844488705222365,0.982363139563758,0.3444693351751917
1.0009876545617236,-1.1589679758376912,-0.27420424855354086,-0.514406634933497,-0.8248801802697929,0.9916414164561914,0.3444693351751917
1.0009876545617236,-1.2074503328466057,-0.27420424855354086,-0.6467343130401059,-0.792199305348839,1.0009196908075642,0.3444693351751917
1.0009876545617236,-1.1260733013685544,-0.27420424855354086,-0.7584535822612595,-0.8248801802697929,1.0101979676999977,0.3444693351751917
1.0009876545617236,-1.154822370950528,3.6469165057620936,-1.0578178376499816,-0.7616971554226161,1.0194762420513712,0.3444693351751917
1.0009876545617236,-1.1087502305612913,-0.27420424855354086,-0.17274090867462985,-0.7442673554647741,1.0272987151251531,0.3444693351751917
1.0009876545617236,-1.1929051932651844,-0.27420424855354086,0.3831438046830516,-0.6658332556544851,1.0345388661632624,0.3444693351751917
1.0009876545617236,-1.1528867324614733,-0.27420424855354086,0.2106839619047658,-0.16690523186125897,1.0417790172013717,0.3444693351751917
1.0009876545617236,-1.1440452518031787,-0.27420424855354086,-0.08217237488854903,0.19476311726396148,1.0490191656984218,0.3444693351751917
1.0009876545617236,-1.1011465184335774,-0.27420424855354086,0.22966539114137,0.27973339205844133,1.0553349044861553,0.3444693351751917
1.0009876545617236,-1.1741478542476038,-0.27420424855354086,0.5642808722552124,0.2819121170531713,1.0612808758326793,0.3444693351751917
1.0009876545617236,-1.1832279519142512,-0.27420424855354086,0.360366089599127,0.37123984183711123,1.0672268471792035,0.28199299637374947
1.0009876545617236,-1.1059640983899122,-0.27420424855354086,0.47317001191951485,0.6239719412258198,1.0731728185257268,0.28199299637374947
1.0009876545617236,-1.1306226906661065,-0.27420424855354086,0.6825080600717732,0.8810614906039884,1.0786246934429256,0.28199299637374947
1.0009876545617236,-1.2031424138404272,-0.27420424855354086,0.7540951646212499,0.9725679403826593,1.0828413336394607,0.28199299637374947
1.0009876545617236,-1.2639154399956,-0.27420424855354086,0.8370711267126891,1.0422871402140272,1.087057973835996,0.28199299637374947
1.0009876545617236,-1.1693576047946697,-0.27420424855354086,0.48238956326300825,1.2165851397924459,1.091274614032532,0.28199299637374947
1.0009876545617236,-1.165920654916896,-0.27420424855354086,0.8712376993385764,1.2231213147766369,1.0954912542290671,0.28199299637374947
1.0009876545617236,-1.2002555374496833,-0.27420424855354086,0.6700345494305763,1.234014939750288,1.0897849023080304,0.28199299637374947
1.0009876545617236,-1.2496554492645002,-0.27420424855354086,1.117996279414425,0.9311721654827844,1.0840785503869945,0.28199299637374947
1.0009876545617236,-1.2047050259511538,-0.27420424855354086,1.2091071397501225,0.7220145659886806,1.0783722010070185,0.28199299637374947
1.0009876545617236,-1.2038470850206928,-0.27420424855354086,1.179279179521174,0.5978272412890568,1.0726658490859824,0.28199299637374947
1.0009876545617236,-1.1671254940490914,-0.27420424855354086,1.288829142543859,0.523750591468229,1.0715582238620116,0.28199299637374947
1.0009876545617236,-1.2292791682280018,-0.27420424855354086,1.2627974681622307,0.4583888416263211,1.0738996404845145,0.28199299637374947
1.0009876545617236,-1.2395782099353627,-0.27420424855354086,1.3376385320094109,0.3124142669793943,1.0762410571070165,0.20110257876767
1.0009876545617236,-1.197956437361232,-0.27420424855354086,1.3040142859331412,0.1773333173061195,1.0785824762705798,0.20110257876767
1.0009876545617236,-1.1833008631652806,-0.27420424855354086,1.3539083284979283,0.41699306672644615,1.0807121336504282,0.20110257876767
1.0009876545617236,-1.2269436573769765,-0.27420424855354086,1.2280885689867267,0.6065421412679778,1.0823123967352328,0.20110257876767
1.0009876545617236,-1.2394161470488143,-0.27420424855354086,1.3191994293224243,0.6566528161467737,1.0839126572789768,0.20110257876767
1.0009876545617236,-1.1915802829588225,-0.27420424855354086,1.4124795958565912,0.6392230161889317,1.0855129203637812,0.20110257876767
1.0009876545617236,-1.1930680457394869,-0.27420424855354086,1.4629159649709957,0.5433591164208009,1.0871131834485859,0.20110257876767
1.0009876545617236,-1.2054880996063757,-0.27420424855354086,1.4412229029863055,0.3821334668107622,1.088732433334387,0.20110257876767
1.0009876545617236,-1.2562790138116158,-0.27420424855354086,1.3750590639330011,0.3102355419846643,1.0903548519221218,0.20110257876767
1.0009876545617236,-1.2467463746907574,-0.27420424855354086,1.4553233932763543,0.26666104209005936,1.0919772679687967,0.20110257876767
1.0009876545617236,-1.2419292613090047,3.6469165057620936,0.9368592118422633,0.30587809199520427,1.0935996840154714,0.20110257876767
1.0009876545617236,-1.2596097820816266,-0.27420424855354086,1.1602977502845704,0.2492312421322174,1.098119556535803,0.20110257876767
1.0009876545617236,-1.2967616624889116,-0.27420424855354086,0.9590946003765703,0.17951204230084952,1.1065027018132858,0.20110257876767
1.0009876545617236,-1.3102111413903312,-0.27420424855354086,1.1310121166052387,-0.0666838821036681,1.114885847090768,0.20110257876767
1.0009876545617236,-1.2541728423128313,-0.27420424855354086,0.5713311174002372,-0.2104797317558639,1.1232689923682504,-0.10207207583722638
1.0009876545617236,-1.2614601630384046,-0.27420424855354086,0.7318597760869429,-0.2714840316083108,1.1310291993055714,-0.10207207583722638
1.0009876545617236,-1.285585029883116,-0.27420424855354086,0.39182102947692743,-0.11025838199827304,1.135051771119804,-0.10207207583722638
1.0009876545617236,-1.3258531619237384,-0.27420424855354086,0.577296709446027,-0.11461583198773305,1.1390743403929764,-0.10207207583722638
1.0009876545617236,-1.312944658304999,-0.27420424855354086,-0.09193425278165951,-0.15601160688760798,1.143096912207209,-0.10207207583722638
1.0009876545617236,-1.2858262489420227,-0.27420424855354086,0.1537396741949547,-0.22790953171370587,1.1471194840214414,-0.10207207583722638
1.0009876545617236,-1.2779249519568585,-0.27420424855354086,0.3045064549885502,-0.21483718174532487,1.1526551529361893,-0.10207207583722638
1.0009876545617236,-1.2780871584048163,3.6469165057620936,0.3115567001335742,-0.3869564563290136,1.1587960617075668,-0.10207207583722638
1.0009876545617236,-1.3489006901133807,-0.27420424855354086,-0.3847905895749743,-0.4239947812394276,1.164936973020004,-0.10207207583722638
1.0009876545617236,-1.3148984214220478,-0.27420424855354086,-0.5436922686128285,-0.4610331061498425,1.1710778817913816,-0.10207207583722638
1.0009876545617236,-1.2624885472527139,-0.27420424855354086,-0.1277278050563978,-0.49153525607606546,1.176504216513609,-0.10207207583722638
1.0009876545617236,-1.291634133448703,-0.27420424855354086,-0.2850025044454006,-0.5677906308916243,1.1809777832959099,-0.10207207583722638
1.0009876545617236,-1.359533727440766,3.6469165057620936,-0.6727659874217341,-0.49371398107079545,1.1854513526192698,-0.10207207583722638
1.0009876545617236,-1.2840875408169343,-0.27420424855354086,-0.1890107051631472,-0.5002501560549865,1.1899249194015709,-0.4124808328296589
1.0009876545617236,-1.2903530632078752,-0.27420424855354086,-0.2378200946286996,-0.22790953171370587,1.1943984887249308,-0.4124808328296589
1.0009876545617236,-1.2814686397428583,-0.27420424855354086,-0.09573053862898027,-0.18215630682437092,1.1967665102465825,-0.4124808328296589
1.0009876545617236,-1.3343750928288756,-0.27420424855354086,0.1119805298744263,-0.09936475702462108,1.1991345317682345,-0.4124808328296589
1.0009876545617236,-1.3172591093553263,-0.27420424855354086,0.03605481292801141,0.1359375424062446,1.2015025558309462,-0.4124808328296589
1.0009876545617236,-1.2728285936877641,3.6469165057620936,-0.3348965470101873,0.22526526719018541,1.203870577352598,-0.4124808328296589
1.0009876545617236,-1.289742227354125,-0.27420424855354086,-0.34086213905597695,0.31459299197412527,1.2079293999300835,-0.4124808328296589
1.0009876545617236,-1.313154006730918,-0.27420424855354086,0.08377954929432953,0.41699306672644615,1.2132563232994449,-0.4124808328296589
1.0009876545617236,-1.3093383777443033,-0.27420424855354086,0.21014163535514904,0.5673250913628339,1.218583246668806,-0.4124808328296589
1.0009876545617236,-1.3034555721268555,-0.27420424855354086,0.13692755115681984,0.6283293912152799,1.2239101700381672,-0.4124808328296589
1.0009876545617236,-1.2735393662279486,-0.27420424855354086,0.36958564094262036,0.9159210905196724,1.227770093678118,-0.4124808328296589
1.0009876545617236,-1.3048955289580384,-0.27420424855354086,0.46178115437755296,1.0597169401718691,1.2296740185258745,-0.4124808328296589
1.0009876545617236,-1.3295299670270249,-0.27420424855354086,0.5322836058277953,1.15993828992946,1.2315779408325707,-0.4124808328296589
1.0009876545617236,-1.2812911619499268,-0.27420424855354086,0.7204709185449809,1.2536234647028608,1.2334818631392668,-0.5801804790861635
1.0009876545617236,-1.266249820300523,-0.27420424855354086,0.6440028750489489,1.2209425897819068,1.2353857879870236,-0.5801804790861635
1.0009876545617236,-1.2940515999195783,-0.27420424855354086,0.5534343412628681,1.2187638647871768,1.236733942335995,-0.5801804790861635
1.0009876545617236,-1.3219123832780837,-0.27420424855354086,0.5095058907438708,1.153402114945269,1.238082096684966,-0.5801804790861635
1.0009876545617236,-1.3145948787660888,-0.27420424855354086,0.8951000675217353,1.0379296902245663,1.2394302510339372,-0.5801804790861635
1.0009876545617236,-1.282202364163443,-0.27420424855354086,0.8614758214454655,0.8832402155987185,1.240778405382908,-0.5801804790861635
1.0009876545617236,-1.2924619982637993,-0.27420424855354086,0.7069127548045496,0.7721252408674766,1.2412270752809929,-0.5801804790861635
1.0009876545617236,-1.3260247895892183,-0.27420424855354086,0.9910918668039883,0.6043634162732479,1.2413159488576635,-0.5801804790861635
1.0009876545617236,-1.3261910337018286,-0.27420424855354086,1.088710645735093,0.45403139163686107,1.241404822434334,-0.5801804790861635
1.0009876545617236,-1.2682858082150652,-0.27420424855354086,1.1299274635060044,0.33638024192142724,1.2414936934699436,-0.5801804790861635
1.0009876545617236,-1.2774854028102394,-0.27420424855354086,1.165178689231126,0.10543539248002161,1.2418420092818692,-0.5801804790861635
1.0009876545617236,-1.3254633926959862,-0.27420424855354086,1.0702715430481071,-0.0013221322617602259,1.2428389281408712,-0.5801804790861635
1.0009876545617236,-1.3521668557489577,-0.27420424855354086,1.4108526162077402,-0.18651375681383095,1.2438358469998732,-0.5801804790861635
1.0009876545617236,-1.3251621290774085,-0.27420424855354086,1.1310121166052387,-0.27584148159777083,1.2448327658588751,-0.8208787948896172
1.0009876545617236,-1.339951610178401,-0.27420424855354086,0.948248069384226,-0.24751805666627785,1.2458296847178771,-0.8208787948896172
1.0009876545617236,-1.3310649076760022,-0.27420424855354086,1.1440279537960532,-0.12550945696138405,1.246046449848909,-0.8208787948896172
1.0009876545617236,-1.3734982867355638,-0.27420424855354086,1.2655091009103168,0.07275451755906767,1.2462632149799415,-0.8208787948896172
1.0009876545617236,-1.3280134740192138,-0.27420424855354086,1.350112042650608,0.09889921749583064,1.2464799775699142,-0.8208787948896172
1.0009876545617236,-1.3388567749765057,-0.27420424855354086,1.287744489444624,0.28626956704263234,1.2466967427009468,-0.8208787948896172
1.0009876545617236,-1.310755149407795,-0.27420424855354086,1.368008818787977,0.46274629161578207,1.2487167482557635,-0.8208787948896172
1.0009876545617236,-1.3682903812510132,-0.27420424855354086,1.1169116263151906,0.4692824665999721,1.2520891873047453,-0.8208787948896172
1.0009876545617236,-1.3681074660696837,-0.27420424855354086,1.3083528983300798,0.5433591164208009,1.2554616238126663,-0.8208787948896172
1.0009876545617236,-1.3482222547807654,3.6469165057620936,1.2758133053530445,0.7372656409517926,1.2588340628616472,-0.8208787948896172
1.0009876545617236,-1.333569910716536,-0.27420424855354086,0.9487903959338427,0.7263720159781416,1.2624425333592675,-0.8208787948896172
1.0009876545617236,-1.3480860867835196,-0.27420424855354086,0.8305632081172827,0.7634103408885556,1.2674672179593274,-0.8208787948896172
1.0009876545617236,-1.3895869447602014,-0.27420424855354086,1.020919827032937,0.6566528161467737,1.2724919000183272,-0.8208787948896172
1.0009876545617236,-1.3779945762566463,-0.27420424855354086,0.6998625096595249,0.5498952914049919,1.277516582077327,-1.0806488351693013
1.0009876545617236,-1.3365430316242493,-0.27420424855354086,0.5756697297971751,0.47363991658943305,1.2825412666773868,-1.0806488351693013
1.0009876545617236,-1.3596506761542677,-0.27420424855354086,0.7264365105907706,0.4605675666210511,1.2836616861389143,-1.0806488351693013
1.0009876545617236,-1.386336301702065,-0.27420424855354086,0.7443332867281398,0.2949844670215533,1.28413139347349,-1.0806488351693013
1.0779867049126253,-0.9134498269518847,-0.27420424855354086,-0.7969587672840842,-1.7137999781197326,0.9725798854226908,0.4490349969586598
1.0779867049126253,-0.9244933422403935,3.6469165057620936,-0.7893661955894428,-1.7660893779932585,0.9762403968309683,0.4490349969586598
1.0779867049126253,-0.9594329592670122,-0.27420424855354086,-0.8137708903222192,-1.8401660278140874,0.9774621791795113,0.4490349969586598
1.0779867049126253,-0.9536307095456683,-0.27420424855354086,-0.531218757971632,-1.7377659530617655,0.9782775062612559,0.4490349969586598
1.0779867049126253,-0.9435098813834645,-0.27420424855354086,-0.5062717366892384,-1.5983275533990298,0.9790928333429997,0.4490349969586598
1.0779867049126253,-0.9547082635428525,-0.27420424855354086,0.07022138555389829,-1.5068211036203598,0.9799081604247444,0.4490349969586598
1.0779867049126253,-1.0498080251208037,-0.27420424855354086,-0.05993698635424159,-1.391348678899656,0.9758160397958303,0.4490349969586598
1.0779867049126253,-0.9497506932667343,-0.27420424855354086,-0.26602107520879675,-1.3652039789628931,0.9709060103681205,0.4490349969586598
1.0779867049126253,-0.9059434135696989,-0.27420424855354086,0.14994338834763396,-1.393527403894387,0.9659959809404106,0.3898468865151876
1.0779867049126253,-0.9541480151408992,-0.27420424855354086,0.42707225520204894,-1.2824124291631442,0.9610859515127008,0.3898468865151876
1.0779867049126253,-0.9340184084968818,-0.27420424855354086,0.32945347627094335,-1.1996208793633953,0.9577445794643882,0.3898468865151876
1.0779867049126253,-0.9295770671054203,-0.27420424855354086,0.39941360117156893,-1.2279443042948883,0.9564947488945644,0.3898468865151876
1.0779867049126253,-0.9460309094663727,-0.27420424855354086,0.5550613209117199,-1.2606251792158423,0.9552449183247407,0.3898468865151876
1.0779867049126253,-0.9004789817909165,-0.27420424855354086,0.8077854930333581,-1.1407953045056785,0.9539950902959768,0.3898468865151876
1.0779867049126253,-0.9687400813581666,-0.27420424855354086,0.9146238233079562,-1.0993995296058034,0.9539175701757919,0.3898468865151876
1.0779867049126253,-0.9592316143896927,-0.27420424855354086,0.9043196188652286,-1.1604038294582504,0.9608739178355578,0.3898468865151876
1.0779867049126253,-0.9202071010071026,-0.27420424855354086,1.095760890880118,-1.3063784041051771,0.9678302654953229,0.3898468865151876
1.0779867049126253,-1.015399441749233,-0.27420424855354086,1.0447821952160965,-1.42402955382061,0.9747866131550889,0.3898468865151876
1.0779867049126253,-1.010518192307628,-0.27420424855354086,1.1733135874753842,-1.5046423786256289,0.9817429608148548,0.3898468865151876
1.0779867049126253,-0.9677252098615599,-0.27420424855354086,1.2855751832461553,-1.5721828534622668,0.9816737143863248,0.3898468865151876
1.0779867049126253,-1.0042297000911105,-0.27420424855354086,1.2731016726049584,-1.5373232535465828,0.9787942257485682,0.3898468865151876
1.0779867049126253,-0.9811286234955928,-0.27420424855354086,1.1489088927426079,-1.5024636536308988,0.9759147396518715,0.3214517366693968
1.0779867049126253,-0.9736571314263538,-0.27420424855354086,1.1429433006968182,-1.5612892284886157,0.9730352535551748,0.3214517366693968
1.0779867049126253,-1.0047131072484397,-0.27420424855354086,1.288829142543859,-1.6026850033884898,0.9728361996129742,0.3214517366693968
1.0779867049126253,-0.992424053168042,-0.27420424855354086,1.1895833839639016,-1.6353658783094436,0.9762110602922215,0.3214517366693968
1.0779867049126253,-0.9997549627266821,-0.27420424855354086,1.1505358723914596,-1.5656466784780758,0.9795859209714696,0.3214517366693968
1.0779867049126253,-0.96267364275234,-0.27420424855354086,1.3463157568032869,-1.5939701034095697,0.9829607816507169,0.3214517366693968
1.0779867049126253,-0.9927511757855693,-0.27420424855354086,1.3772283701314705,-1.452352978752103,0.9863356423299642,0.3214517366693968
1.0779867049126253,-1.001517591771687,-0.27420424855354086,1.3490273895513736,-1.51335727860455,0.985508590796962,0.3214517366693968
1.0779867049126253,-0.9562481391152936,-0.27420424855354086,1.2991333469865864,-1.6113999033674107,0.9846815392639596,0.3214517366693968
1.0779867049126253,-0.9593521521384408,-0.27420424855354086,1.1727712609257674,-1.7029063531460815,0.9838544877309566,0.3214517366693968
1.0779867049126253,-0.9595880594251825,3.6469165057620936,1.0800334209412172,-1.7290510530828445,0.9830274361979544,0.3214517366693968
1.0779867049126253,-0.9758188791359277,-0.27420424855354086,1.162467056483039,-1.6920127281724306,0.9837474404925186,0.3214517366693968
1.0779867049126253,-0.9883552356899743,-0.27420424855354086,1.0035653774451851,-1.6005062783937598,0.985627736022492,0.3214517366693968
1.0779867049126253,-0.9244480665607607,-0.27420424855354086,0.7589761035678053,-1.6462595032830947,0.9875080290114054,0.3977386345743176
1.0779867049126253,-0.9341281970850671,-0.27420424855354086,0.30776041428625384,-1.5808977534411877,0.9893883245413789,0.3977386345743176
1.0779867049126253,-0.9799921016493114,-0.27420424855354086,0.591397199736075,-1.391348678899656,0.9910693526801044,0.3977386345743176
1.0779867049126253,-0.9593559744609782,-0.27420424855354086,0.6277330785604308,-1.380455053926005,0.9922522161522992,0.3977386345743176
1.0779867049126253,-0.9520693356521018,-0.27420424855354086,0.8435790453080964,-1.4000635788785771,0.9934350796244941,0.3977386345743176
1.0779867049126253,-0.9068519419519565,-0.27420424855354086,0.11143820332480917,-1.458889153736294,0.9946179430966896,0.3977386345743176
1.0779867049126253,-0.9465766940562835,-0.27420424855354086,0.07076371210351542,-1.3739188789418142,0.9958008065688845,0.3977386345743176
1.0779867049126253,-0.9455404139644323,-0.27420424855354086,-0.2134153998959236,-1.2802337041684142,0.9929420021602655,0.3977386345743176
1.0779867049126253,-0.9453671353427391,3.6469165057620936,0.3831438046830516,-1.358667803978703,0.9894095855911575,0.3977386345743176
1.0779867049126253,-0.9633259140180094,-0.27420424855354086,-0.33760817975827373,-1.417493378836419,0.9858771690220496,0.3977386345743176
1.0779867049126253,-0.9579524463375455,-0.27420424855354086,-0.4791554092083759,-1.1233655045478366,0.9823447499118817,0.3977386345743176
1.0779867049126253,-0.916539124930522,-0.27420424855354086,-0.2134153998959236,-1.0667186546848495,0.9808575436726303,0.3977386345743176
1.0779867049126253,-0.8402277834153845,-0.27420424855354086,-0.08488400763663513,-1.0296803297744357,0.9809042432749764,0.3977386345743176
1.0779867049126253,-1.0492500019207032,3.6469165057620936,-0.42221112149856443,-0.9054930050748118,0.9809509428773223,0.3977386345743176
1.0779867049126253,-0.9018621062489738,-0.27420424855354086,-0.3555049558956429,-0.8335950802487139,0.9809976424796683,0.3444693351751917
1.0779867049126253,-0.9320945599886112,-0.27420424855354086,-0.9650799976654317,-0.8183440052856019,0.982363139563758,0.3444693351751917
1.0779867049126253,-0.9305334732178645,-0.27420424855354086,-0.514406634933497,-0.7464460804595041,0.9916414164561914,0.3444693351751917
1.0779867049126253,-0.9535292475192545,-0.27420424855354086,-0.6467343130401059,-0.759518430427886,1.0009196908075642,0.3444693351751917
1.0779867049126253,-0.8276208305380426,-0.27420424855354086,-0.7584535822612595,-0.805271655317221,1.0101979676999977,0.3444693351751917
1.0779867049126253,-0.9376621944759019,3.6469165057620936,-1.0578178376499816,-0.7333737304911231,1.0194762420513712,0.3444693351751917
1.0779867049126253,-0.911953271034867,-0.27420424855354086,-0.17274090867462985,-0.6832630556123271,1.0272987151251531,0.3444693351751917
1.0779867049126253,-0.9515807064484894,-0.27420424855354086,0.3831438046830516,-0.6396885557177222,1.0345388661632624,0.3444693351751917
1.0779867049126253,-0.9285856499541484,-0.27420424855354086,0.2106839619047658,-0.15383288189287797,1.0417790172013717,0.3444693351751917
1.0779867049126253,-0.9679965768165354,-0.27420424855354086,-0.08217237488854903,0.21872909220599443,1.0490191656984218,0.3444693351751917
1.0779867049126253,-1.0166411761637606,-0.27420424855354086,0.22966539114137,0.2819121170531713,1.0553349044861553,0.3444693351751917
1.0779867049126253,-0.9383950575280279,-0.27420424855354086,0.5642808722552124,0.2492312421322174,1.0612808758326793,0.3444693351751917
1.0779867049126253,-0.9160123083918883,-0.27420424855354086,0.360366089599127,0.36034621686346024,1.0672268471792035,0.28199299637374947
1.0779867049126253,-0.8996384476814004,-0.27420424855354086,0.47317001191951485,0.573861266347024,1.0731728185257268,0.28199299637374947
1.0779867049126253,-0.8995079683050199,-0.27420424855354086,0.6825080600717732,0.8374869907093835,1.0786246934429256,0.28199299637374947
1.0779867049126253,-0.9306275956671995,-0.27420424855354086,0.7540951646212499,0.9769253903721192,1.0828413336394607,0.28199299637374947
1.0779867049126253,-0.9728278130519827,-0.27420424855354086,0.8370711267126891,0.9834615653563102,1.087057973835996,0.28199299637374947
1.0779867049126253,-0.8928010843046605,-0.27420424855354086,0.48238956326300825,1.1926191648504139,1.091274614032532,0.28199299637374947
1.0779867049126253,-0.9567606892388231,-0.27420424855354086,0.8712376993385764,1.177368089887302,1.0954912542290671,0.28199299637374947
1.0779867049126253,-0.9178325952881257,-0.27420424855354086,0.6700345494305763,1.194797889845144,1.0897849023080304,0.28199299637374947
1.0779867049126253,-0.9653472407235704,-0.27420424855354086,1.117996279414425,0.9311721654827844,1.0840785503869945,0.28199299637374947
1.0779867049126253,-0.9773804145360805,-0.27420424855354086,1.2091071397501225,0.7416230909412527,1.0783722010070185,0.28199299637374947
1.0779867049126253,-0.9607523783494469,-0.27420424855354086,1.179279179521174,0.6305081162100108,1.0726658490859824,0.28199299637374947
1.0779867049126253,-0.9329640755577414,-0.27420424855354086,1.288829142543859,0.6065421412679778,1.0715582238620116,0.28199299637374947
1.0779867049126253,-0.9614181982231713,-0.27420424855354086,1.2627974681622307,0.512856966494577,1.0738996404845145,0.28199299637374947
1.0779867049126253,-0.9475195156703199,-0.27420424855354086,1.3376385320094109,0.36034621686346024,1.0762410571070165,0.20110257876767
1.0779867049126253,-0.9976966869032601,-0.27420424855354086,1.3040142859331412,0.2644823170953294,1.0785824762705798,0.20110257876767
1.0779867049126253,-0.9803083674352187,-0.27420424855354086,1.3539083284979283,0.471461191594703,1.0807121336504282,0.20110257876767
1.0779867049126253,-0.9681165762099967,-0.27420424855354086,1.2280885689867267,0.6370442911942008,1.0823123967352328,0.20110257876767
1.0779867049126253,-0.9691369030401781,-0.27420424855354086,1.3191994293224243,0.7045847660308386,1.0839126572789768,0.20110257876767
1.0779867049126253,-0.9587062514103338,-0.27420424855354086,1.4124795958565912,0.7089422160202997,1.0855129203637812,0.20110257876767
1.0779867049126253,-0.9735703664992735,-0.27420424855354086,1.4629159649709957,0.6087208662627078,1.0871131834485859,0.20110257876767
1.0779867049126253,-0.9656859918152959,-0.27420424855354086,1.4412229029863055,0.42570796670536715,1.088732433334387,0.20110257876767
1.0779867049126253,-0.9279127776261651,-0.27420424855354086,1.3750590639330011,0.3581674918687302,1.0903548519221218,0.20110257876767
1.0779867049126253,-0.9235689323771706,-0.27420424855354086,1.4553233932763543,0.37995474181603217,1.0919772679687967,0.20110257876767
1.0779867049126253,-0.9668062014963827,3.6469165057620936,0.9368592118422633,0.40827816674752515,1.0935996840154714,0.20110257876767
1.0779867049126253,-0.954122192032302,-0.27420424855354086,1.1602977502845704,0.3647036668529202,1.098119556535803,0.20110257876767
1.0779867049126253,-0.9483528178738146,-0.27420424855354086,0.9590946003765703,0.2361588921638364,1.1065027018132858,0.20110257876767
1.0779867049126253,-0.9486306809825861,-0.27420424855354086,1.1310121166052387,-0.007858307245951207,1.114885847090768,0.20110257876767
1.0779867049126253,-0.9371192990593648,-0.27420424855354086,0.5713311174002372,-0.16036905687706798,1.1232689923682504,-0.10207207583722638
1.0779867049126253,-0.9535944782348567,-0.27420424855354086,0.7318597760869429,-0.18433503181910094,1.1310291993055714,-0.10207207583722638
1.0779867049126253,-0.9371776567724701,-0.27420424855354086,0.39182102947692743,-0.012215757235411217,1.135051771119804,-0.10207207583722638
1.0779867049126253,-0.9469198955517145,-0.27420424855354086,0.577296709446027,0.02918001766446274,1.1390743403929764,-0.10207207583722638
1.0779867049126253,-0.8777050637032788,-0.27420424855354086,-0.09193425278165951,-0.05796898212474712,1.143096912207209,-0.10207207583722638
1.0779867049126253,-0.975787690419637,-0.27420424855354086,0.1537396741949547,-0.13422435694030502,1.1471194840214414,-0.10207207583722638
1.0779867049126253,-0.9287241149339521,-0.27420424855354086,0.3045064549885502,-0.11025838199827304,1.1526551529361893,-0.10207207583722638
1.0779867049126253,-0.9375909162359097,3.6469165057620936,0.3115567001335742,-0.26712658161884983,1.1587960617075668,-0.10207207583722638
1.0779867049126253,-0.9294011505428211,-0.27420424855354086,-0.3847905895749743,-0.4065649812815856,1.164936973020004,-0.10207207583722638
1.0779867049126253,-0.911264481335566,-0.27420424855354086,-0.5436922686128285,-0.43706713120780954,1.1710778817913816,-0.10207207583722638
1.0779867049126253,-0.9172202161492193,-0.27420424855354086,-0.1277278050563978,-0.4348884062130795,1.176504216513609,-0.10207207583722638
1.0779867049126253,-0.7882198991388167,-0.27420424855354086,-0.2850025044454006,-0.5372884809654004,1.1809777832959099,-0.10207207583722638
1.0779867049126253,-1.0654080001063,3.6469165057620936,-0.6727659874217341,-0.5002501560549865,1.1854513526192698,-0.10207207583722638
1.0779867049126253,-0.8733659739259857,-0.27420424855354086,-0.1890107051631472,-0.43924585620253953,1.1899249194015709,-0.4124808328296589
1.0779867049126253,-0.8951194216220322,-0.27420424855354086,-0.2378200946286996,-0.2126584567505939,1.1943984887249308,-0.4124808328296589
1.0779867049126253,-0.8992958563219615,-0.27420424855354086,-0.09573053862898027,-0.1974073817874829,1.1967665102465825,-0.4124808328296589
1.0779867049126253,-0.9527320869006903,-0.27420424855354086,0.1119805298744263,-0.149475431903417,1.1991345317682345,-0.4124808328296589
1.0779867049126253,-0.8786047630588306,-0.27420424855354086,0.03605481292801141,0.0030353177276997833,1.2015025558309462,-0.4124808328296589
1.0779867049126253,-0.9295381619633502,3.6469165057620936,-0.3348965470101873,0.10979284246948162,1.203870577352598,-0.4124808328296589
1.0779867049126253,-0.9043613847782894,-0.27420424855354086,-0.34086213905597695,0.3298440669372363,1.2079293999300835,-0.4124808328296589
1.0779867049126253,-0.9445126398861148,-0.27420424855354086,0.08377954929432953,0.4278866917000981,1.2132563232994449,-0.4124808328296589
1.0779867049126253,-0.9321981574909968,-0.27420424855354086,0.21014163535514904,0.5912910663048658,1.218583246668806,-0.4124808328296589
1.0779867049126253,-0.9135745100363424,-0.27420424855354086,0.13692755115681984,0.6762613410993458,1.2239101700381672,-0.4124808328296589
1.0779867049126253,-1.0057210339618448,-0.27420424855354086,0.36958564094262036,0.8178784657568116,1.227770093678118,-0.4124808328296589
1.0779867049126253,-0.9405820361553835,-0.27420424855354086,0.46178115437755296,0.9333508904775143,1.2296740185258745,-0.4124808328296589
1.0779867049126253,-0.9175265941430231,-0.27420424855354086,0.5322836058277953,1.0597169401718691,1.2315779408325707,-0.4124808328296589
1.0779867049126253,-0.8616922599385723,-0.27420424855354086,0.7204709185449809,1.15993828992946,1.2334818631392668,-0.5801804790861635
1.0779867049126253,-0.96555106203521,-0.27420424855354086,0.6440028750489489,1.15993828992946,1.2353857879870236,-0.5801804790861635
1.0779867049126253,-0.9359235401863425,-0.27420424855354086,0.5534343412628681,1.129436140003236,1.236733942335995,-0.5801804790861635
1.0779867049126253,-0.9263690617860105,-0.27420424855354086,0.5095058907438708,0.9921764653352312,1.238082096684966,-0.5801804790861635
1.0779867049126253,-0.9146971782065729,-0.27420424855354086,0.8951000675217353,0.8505593406777654,1.2394302510339372,-0.5801804790861635
1.0779867049126253,-0.9278484800597269,-0.27420424855354086,0.8614758214454655,0.7176571159992207,1.240778405382908,-0.5801804790861635
1.0779867049126253,-0.9155292601380839,-0.27420424855354086,0.7069127548045496,0.5912910663048658,1.2412270752809929,-0.5801804790861635
1.0779867049126253,-0.9051608423794111,-0.27420424855354086,0.9910918668039883,0.4409590416684791,1.2413159488576635,-0.5801804790861635
1.0779867049126253,-0.9209776130389625,-0.27420424855354086,1.088710645735093,0.3102355419846643,1.241404822434334,-0.5801804790861635
1.0779867049126253,-0.9261297987513133,-0.27420424855354086,1.1299274635060044,0.20347801724288248,1.2414936934699436,-0.5801804790861635
1.0779867049126253,-0.9626798517833164,-0.27420424855354086,1.165178689231126,0.07493324255379767,1.2418420092818692,-0.5801804790861635
1.0779867049126253,-1.006718050008101,-0.27420424855354086,1.0702715430481071,-0.027466832198523184,1.2428389281408712,-0.5801804790861635
1.0779867049126253,-0.9631524379993776,-0.27420424855354086,1.4108526162077402,-0.15819033188233797,1.2438358469998732,-0.5801804790861635
1.0779867049126253,-0.9430744596273786,-0.27420424855354086,1.1310121166052387,-0.28673510657142276,1.2448327658588751,-0.8208787948896172
1.0779867049126253,-0.9672876167391502,-0.27420424855354086,0.948248069384226,-0.22355208172424587,1.2458296847178771,-0.8208787948896172
1.0779867049126253,-0.9713448595785484,-0.27420424855354086,1.1440279537960532,-0.10372220701408205,1.246046449848909,-0.8208787948896172
1.0779867049126253,-0.9520634675794742,-0.27420424855354086,1.2655091009103168,0.10543539248002161,1.2462632149799415,-0.8208787948896172
1.0779867049126253,-0.9386582235374654,-0.27420424855354086,1.350112042650608,0.1272226424273236,1.2464799775699142,-0.8208787948896172
1.0779867049126253,-0.9763335647354285,-0.27420424855354086,1.287744489444624,0.2949844670215533,1.2466967427009468,-0.8208787948896172
1.0779867049126253,-0.9607766761180647,-0.27420424855354086,1.368008818787977,0.46274629161578207,1.2487167482557635,-0.8208787948896172
1.0779867049126253,-0.937391724779738,-0.27420424855354086,1.1169116263151906,0.5695038163575639,1.2520891873047453,-0.8208787948896172
1.0779867049126253,-0.9092553752950189,-0.27420424855354086,1.3083528983300798,0.6087208662627078,1.2554616238126663,-0.8208787948896172
1.0779867049126253,-0.9299030232864928,3.6469165057620936,1.2758133053530445,0.8091635657778905,1.2588340628616472,-0.8208787948896172
1.0779867049126253,-0.9517717328494756,-0.27420424855354086,0.9487903959338427,0.7808401408463975,1.2624425333592675,-0.8208787948896172
1.0779867049126253,-0.9398036641363341,-0.27420424855354086,0.8305632081172827,0.7895550408253186,1.2674672179593274,-0.8208787948896172
1.0779867049126253,-0.9279021361366596,-0.27420424855354086,1.020919827032937,0.6697251661151548,1.2724919000183272,-0.8208787948896172
1.0779867049126253,-0.8952971327022546,-0.27420424855354086,0.6998625096595249,0.5629676413733729,1.277516582077327,-1.0806488351693013
1.0779867049126253,-0.9389247632400347,-0.27420424855354086,0.5756697297971751,0.528108041457689,1.2825412666773868,-1.0806488351693013
1.0779867049126253,-0.8848050726793456,-0.27420424855354086,0.7264365105907706,0.512856966494577,1.2836616861389143,-1.0806488351693013
1.0779867049126253,-0.9157258136533494,-0.27420424855354086,0.7443332867281398,0.3211291669583153,1.28413139347349,-1.0806488351693013
1.1549857552635272,-1.2319957090059546,-0.27420424855354086,-0.6071444749180468,-0.8640972301749369,-1.1469412514636286,2.2013318889212345
1.1549857552635272,-1.2612126811129933,3.6469165057620936,-0.6939167228568068,-0.8989568300906209,-1.1455641595223451,2.2013318889212345
1.1549857552635272,-1.2880891356648383,-0.27420424855354086,-0.31645744432320094,-0.9664973049272587,-1.1448011401625668,2.2013318889212345
1.1549857552635272,-1.2755547710253534,-0.27420424855354086,-0.565927657147136,-1.1625825544529804,-1.1441404645389994,2.2013318889212345
1.1549857552635272,-1.20733230742253,-0.27420424855354086,-0.3739440585826292,-0.809629105306681,-1.143479788915432,2.2013318889212345
1.1549857552635272,-1.2615553980886662,-0.27420424855354086,-0.5724355757425428,-0.9447100549799567,-1.1428191132918641,2.2013318889212345
1.1549857552635272,-1.2777032751948683,-0.27420424855354086,-0.059394659804624446,-0.6636545306597552,-1.1427591569790254,2.2013318889212345
1.1549857552635272,-1.2726200527947757,-0.27420424855354086,-0.0328206588733791,-0.6004715058125774,-1.1427993235158784,2.2013318889212345
1.1549857552635272,-1.21327277089121,-0.27420424855354086,-0.04475184296495853,-0.5939353308283873,-1.1428394875116712,2.2013318889212345
1.1549857552635272,-1.262261468992678,-0.27420424855354086,-0.07674910939237646,-0.5852204308494663,-1.142879654048524,2.2013318889212345
1.1549857552635272,-1.2692725955108695,-0.27420424855354086,0.23237702388945608,-0.5438246559495914,-1.1438910772785233,2.2013318889212345
1.1549857552635272,-1.2739413381755385,-0.27420424855354086,0.2106839619047658,-0.6723694306386762,-1.1461975136678182,2.2013318889212345
1.1549857552635272,-1.2688129118765183,-0.27420424855354086,0.3641623754464474,-0.5525395559285123,-1.1485039475160528,2.2013318889212345
1.1549857552635272,-1.1868433127341205,-0.27420424855354086,0.5143868296904262,-0.5046076060444474,-1.1508103839053478,2.2013318889212345
1.1549857552635272,-1.254107468035819,-0.27420424855354086,0.421648989705876,-0.4653905561393025,-1.1528750358859579,2.2013318889212345
1.1549857552635272,-1.264295339376425,-0.27420424855354086,0.8424943922088621,-0.5198586810075584,-1.1534889890376387,2.2013318889212345
1.1549857552635272,-1.2894682045130672,-0.27420424855354086,0.3891093967288413,-0.6549396306808342,-1.1541029421893192,2.2013318889212345
1.1549857552635272,-1.2002529533443058,-0.27420424855354086,1.1239618714602146,-0.9098504550642728,-1.154716895341,2.2013318889212345
1.1549857552635272,-1.2385770844437494,-0.27420424855354086,1.6364604608485158,-0.8924206551064309,-1.155330848492681,2.2013318889212345
1.1549857552635272,-1.2729184092948038,-0.27420424855354086,1.1060650953228455,-0.6876205056017871,-1.1552775675447002,2.2013318889212345
1.1549857552635272,-1.2974047637695265,-0.27420424855354086,1.4428498826351572,-0.5982927808178473,-1.1549573939732793,2.2013318889212345
1.1549857552635272,-1.2271768190517547,-0.27420424855354086,1.6982856875048824,-0.5525395559285123,-1.154637220401858,2.2013318889212345
1.1549857552635272,-1.2582778552113583,-0.27420424855354086,1.6109711130165052,-0.5634331809021633,-1.1543170468304371,2.2013318889212345
1.1549857552635272,-1.2682780379537568,-0.27420424855354086,1.9802954933058525,-0.5765055308705453,-1.154367702863344,2.2013318889212345
1.1549857552635272,-1.2861170864132094,-0.27420424855354086,2.090930109427771,-0.5372884809654004,-1.1549128034508087,2.2013318889212345
1.1549857552635272,-1.2716864191109698,-0.27420424855354086,1.9331130834891515,-0.7442673554647741,-1.1554579014972133,2.2013318889212345
1.1549857552635272,-1.195964845812687,-0.27420424855354086,1.7508913628177556,-0.5133225060233675,-1.156002999543618,2.2013318889212345
1.1549857552635272,-1.2626737414714249,-0.27420424855354086,1.4287493923451093,-0.4348884062130795,-1.1565480975900229,2.2013318889212345
1.1549857552635272,-1.2846763041039198,-0.27420424855354086,1.743298791123114,-0.6919779555912482,-1.1562267754594404,2.2013318889212345
1.1549857552635272,-1.2959300291868063,-0.27420424855354086,1.7639072000085694,-0.5002501560549865,-1.1559054558699184,2.2013318889212345
1.1549857552635272,-1.1986169454627915,-0.27420424855354086,1.2177843645439992,-0.5917566058336563,-1.1555841337393364,2.2013318889212345
1.1549857552635272,-1.2719568349716053,3.6469165057620936,1.2454430185744783,-0.6854417806070572,-1.1552628141498142,2.2013318889212345
1.1549857552635272,-1.2719110747722144,-0.27420424855354086,1.1814484857196432,-0.7203013805227411,-1.1544779797891578,2.2013318889212345
1.1549857552635272,-1.2820470307179817,-0.27420424855354086,1.1445702803456699,-0.9142079050537328,-1.1533455157028007,2.2013318889212345
1.1549857552635272,-1.2288365684014233,-0.27420424855354086,1.330588286864387,-0.779126955380458,-1.1522130490753835,2.2013318889212345
1.1549857552635272,-1.2449607040394712,-0.27420424855354086,0.6049553634765061,-0.752982255443695,-1.1510805824479662,2.2013318889212345
1.1549857552635272,-1.2692371178974593,-0.27420424855354086,0.777415206254792,-0.8335950802487139,-1.1498733070114806,2.2013318889212345
1.1549857552635272,-1.2669061830663733,-0.27420424855354086,0.44388437824018306,-0.7508035304489651,-1.148479001929143,2.2013318889212345
1.1549857552635272,-1.2629987106678044,-0.27420424855354086,0.02303897573719769,-0.7464460804595041,-1.1470846968468054,2.2013318889212345
1.1549857552635272,-1.1918452614310595,-0.27420424855354086,0.26166265756878715,-0.5002501560549865,-1.145690394305528,2.2013318889212345
1.1549857552635272,-1.2649232052024193,-0.27420424855354086,-0.15592878563649498,-0.4980714310602564,-1.144296089223191,2.2013318889212345
1.1549857552635272,-1.2497652916882143,-0.27420424855354086,-0.1347780502014222,-0.43053095622361853,-1.1427450591776425,2.2013318889212345
1.1549857552635272,-1.2277573455028499,3.6469165057620936,-0.7053055803987691,-0.42835223122888855,-1.141167907034363,2.2013318889212345
1.1549857552635272,-1.243787089513919,-0.27420424855354086,-0.9401329763830383,-0.6919779555912482,-1.1395907574321429,2.2013318889212345
1.1549857552635272,-1.2365374716036084,-0.27420424855354086,-0.5778588412387153,-0.3390245064449487,-1.1380136052888628,2.2013318889212345
1.1549857552635272,-1.2751628124861007,-0.27420424855354086,-0.42817671354435416,-0.26712658161884983,-1.1358261616614929,2.2013318889212345
1.1549857552635272,-1.2129548362039135,-0.27420424855354086,-0.4688512047656479,-0.26712658161884983,-1.1331810019621151,2.2013318889212345
1.1549857552635272,-1.3299536346926788,3.6469165057620936,-0.8148555434214534,-0.4588543811551115,-1.1305358397216771,2.2013318889212345
1.1549857552635272,-1.1820212644289039,-0.27420424855354086,-1.2487167831152532,-0.15601160688760798,-1.1278906774812394,2.2013318889212345
1.1549857552635272,-1.2362260151249311,-0.27420424855354086,-0.9498948542761487,-0.10154348201935205,-1.125116823252511,2.2013318889212345
1.1549857552635272,-1.2632168342849004,-0.27420424855354086,-0.3869598957734433,-0.29545000655034376,-1.1215708145529781,2.2013318889212345
1.1549857552635272,-1.2336807251637576,-0.27420424855354086,-0.5382690031166559,-0.03618173217744417,-1.1180248058534457,2.2013318889212345
1.1549857552635272,-1.1533139712171974,-0.27420424855354086,-0.841971870902316,-0.023109382209063174,-1.114478799694973,2.2013318889212345
1.1549857552635272,-1.1975834648184325,3.6469165057620936,-0.5078987163380903,0.04878854261703472,-1.1109327909954403,2.2013318889212345
1.1549857552635272,-1.221030201398525,-0.27420424855354086,-0.39672177366655376,0.1555460673588175,-1.1074738745894543,2.2013318889212345
1.1549857552635272,-1.2396471732476209,-0.27420424855354086,-0.662461782979006,0.3734185668318412,-1.1040497961173112,2.2013318889212345
1.1549857552635272,-1.1477730929876684,-0.27420424855354086,-0.48512100125416563,0.6871549660729968,-1.1006257176451681,2.2013318889212345
1.1549857552635272,-1.2330705532815278,-0.27420424855354086,-0.15809809183496393,1.0008913653141522,-1.097201639173025,2.2013318889212345
1.1549857552635272,-1.2482113112072553,-0.27420424855354086,0.19224485921777912,0.7263720159781416,-1.0943380296197744,2.2013318889212345
1.1549857552635272,-1.2444757177066335,-0.27420424855354086,-0.3397774859567427,1.199155339834604,-1.0916986050930215,2.2013318889212345
1.1549857552635272,-1.1896415220091037,-0.27420424855354086,0.1607899193399791,0.9006700155565603,-1.0890591805662684,2.2013318889212345
1.1549857552635272,-1.1715991367577696,-0.27420424855354086,0.20634534950782787,1.4039554893392476,-1.0864197560395152,2.2013318889212345
1.1549857552635272,-1.2243460392819112,-0.27420424855354086,-0.1646060104303708,1.109827615050664,-1.0842108938166406,2.2013318889212345
1.1549857552635272,-1.2239989795735902,-0.27420424855354086,0.6212251599650243,1.6893684636489101,-1.0830784271892238,2.2013318889212345
1.1549857552635272,-1.257603744666215,-0.27420424855354086,0.41242943836238266,1.726406788559323,-1.081945960561806,2.2013318889212345
1.1549857552635272,-1.1177019663823535,-0.27420424855354086,0.41947968350740744,1.817913238337993,-1.080813496475449,2.2013318889212345
1.1549857552635272,-1.2167752386074058,-0.27420424855354086,0.5566883005605717,1.8375217632905658,-1.0796810298480322,2.2013318889212345
1.1549857552635272,-1.219013055919026,-0.27420424855354086,0.32131857802668506,1.7656238384644671,-1.0800195651196685,2.2013318889212345
1.1549857552635272,-1.2348849541599611,-0.27420424855354086,0.8679837400408728,1.5869683888965873,-1.0803581003913043,2.2013318889212345
1.1549857552635272,-1.1632119920713089,-0.27420424855354086,0.6044130369268894,1.4649597891916935,-1.0806966331218808,2.2013318889212345
1.1549857552635272,-1.1902428828098035,-0.27420424855354086,0.9791606827124089,1.3560235394551816,-1.0810351683935164,2.2013318889212345
1.1549857552635272,-1.2350448456801852,-0.27420424855354086,1.419529841001616,1.2558021896975908,-1.0808448353695468,2.2013318889212345
1.1549857552635272,-1.239922434305839,-0.27420424855354086,1.5339607429708557,1.175189364892572,-1.080257850488608,2.2013318889212345
1.1549857552635272,-1.1802455892407784,-0.27420424855354086,1.5827701324364076,1.0531807651876781,-1.0796708656076692,2.2013318889212345
1.1549857552635272,-1.158056145543007,-0.27420424855354086,1.5854817651844946,0.7546954409096346,-1.0790838807267304,2.2013318889212345
1.1549857552635272,-1.2164093005736893,-0.27420424855354086,1.487862986253389,0.7263720159781416,-1.078541651537168,2.2013318889212345
1.1549857552635272,-1.2193146963863044,-0.27420424855354086,1.654357236985885,0.9486019654406262,-1.0781113103055173,2.2013318889212345
1.1549857552635272,-1.2380339198495687,-0.27420424855354086,1.7693304655047422,0.9725679403826593,-1.0776809690738665,2.2013318889212345
1.1549857552635272,-1.0899860185412142,-0.27420424855354086,1.623986950207319,0.9682104903931983,-1.077250627842215,2.2013318889212345
1.1549857552635272,-1.1793303673077862,-0.27420424855354086,1.647306991840861,0.7459805409307136,-1.0768202891516243,2.2013318889212345
1.1549857552635272,-1.2253047423769128,-0.27420424855354086,1.685269850314068,0.8374869907093835,-1.0758292757162733,2.2013318889212345
1.1549857552635272,-1.2191175147898705,-0.27420424855354086,1.8409175700542189,0.8309508157251935,-1.0747448147960879,2.2013318889212345
1.1549857552635272,-1.1270929283368625,-0.27420424855354086,1.78939654784058,0.9573168654195473,-1.0736603564169631,2.2013318889212345
1.1549857552635272,-1.1615150603164883,3.6469165057620936,1.4824397207572166,1.2078702398135248,-1.0725758980378393,2.2013318889212345
1.1549857552635272,-1.1428212113324154,-0.27420424855354086,0.8511716170027379,1.2187638647871768,-1.071000768578391,2.2013318889212345
1.1549857552635272,-1.1670895498610994,-0.27420424855354086,1.2085648132005058,0.9377083404669753,-1.068771412705886,2.2013318889212345
1.1549857552635272,-1.2170586826659853,-0.27420424855354086,1.2253769362386406,1.129436140003236,-1.0665420542923203,2.2013318889212345
1.1549857552635272,-1.068658445767498,-0.27420424855354086,0.530114299629326,1.0204998902667242,-1.064312698419815,2.2013318889212345
1.1549857552635272,-1.1567432585047202,-0.27420424855354086,0.360366089599127,0.9725679403826593,-1.0623600157110398,2.2013318889212345
1.1549857552635272,-1.1526546474972692,-0.27420424855354086,0.6716615290794281,1.0531807651876781,-1.0620673846899404,2.2013318889212345
1.1549857552635272,-1.1960281384492562,-0.27420424855354086,0.3657893550952992,0.8026273907936995,-1.061774753668842,2.2013318889212345
1.1549857552635272,-1.0911728048261207,-0.27420424855354086,-0.048548128812279295,1.0226786152614542,-1.0614821226477433,2.2013318889212345
1.1549857552635272,-1.1375667381155439,-0.27420424855354086,-0.6456496599408716,1.0139637152825332,-1.0611894890855849,2.2013318889212345
1.1549857552635272,-1.1718668249516178,-0.27420424855354086,-0.35062401694908746,0.9899977403405013,-1.0609322423262482,2.2013318889212345
1.1549857552635272,-1.1687935699605316,3.6469165057620936,-0.40214503916272637,0.573861266347024,-1.0606891467305566,2.2013318889212345
1.1549857552635272,-1.1373243526201824,-0.27420424855354086,-0.44281953038402005,0.7459805409307136,-1.060446051134865,2.2013318889212345
1.1549857552635272,-1.0939874339373556,-0.27420424855354086,-1.003042856138639,0.6217932162310899,-1.0602029580802335,2.2013318889212345
1.1549857552635272,-1.1498288744315939,-0.27420424855354086,-0.9423022825815072,0.5259293164629589,-1.0591222147309611,2.2013318889212345
1.1549857552635272,-1.1221330610781868,-0.27420424855354086,-0.8278713806122675,0.39738454177387417,-1.0569246068632285,2.2013318889212345
1.1549857552635272,-1.2604007516143907,3.6469165057620936,-0.8690881983831784,0.15118861736935654,-1.0547269989954953,2.2013318889212345
1.1549857552635272,-1.0166768152837569,-0.27420424855354086,-0.5550811261547908,0.523750591468229,-1.0525293936688227,2.2013318889212345
1.1549857552635272,-1.1157743493870742,-0.27420424855354086,-0.6830701918644617,0.6501166411625827,-1.0503317858010903,2.2013318889212345
1.1549857552635272,-1.1481562583905673,-0.27420424855354086,-0.7844852566428873,0.6566528161467737,-1.04943667705568,2.2013318889212345
1.1549857552635272,-1.1343987684843067,-0.27420424855354086,-0.5550811261547908,0.6893336910677267,-1.0485415683102697,2.2013318889212345
1.1549857552635272,-1.0539516739837576,-0.27420424855354086,-0.5469462279105322,0.7481592659254436,-1.04764645956486,2.2013318889212345
1.1549857552635272,-1.0322816175216596,3.6469165057620936,-0.45529304102521667,0.7917337658200485,-1.0467513508194497,2.2013318889212345
1.1549857552635272,-1.1296762082361187,-0.27420424855354086,-0.48078238885722774,0.9202785405091334,-1.0449797872507547,2.2013318889212345
1.1549857552635272,-1.1406270007990384,-0.27420424855354086,-0.4086529577581332,1.2884830646185448,-1.042550884470391,2.2013318889212345
1.1549857552635272,-1.0298984981180914,-0.27420424855354086,-0.45529304102521667,1.78523236341704,-1.040121981690028,2.2013318889212345
1.1549857552635272,-1.0627791753497677,-0.27420424855354086,-0.33218491426210117,1.9421005630376178,-1.0376930789096641,2.2013318889212345
1.1549857552635272,-1.106435159265994,-0.27420424855354086,0.20471836985897607,1.9922112379164127,-1.0355378991222652,2.2013318889212345
1.1549857552635272,-1.1351629279237807,-0.27420424855354086,-0.23890474772793427,1.4802108641548064,-1.0337476790903846,2.2013318889212345
1.1549857552635272,-1.1419410363286036,-0.27420424855354086,0.20037975746203818,2.0379644628057476,-1.031957461599564,2.2013318889212345
1.1549857552635272,-0.9793787355257125,-0.27420424855354086,0.1835676344239033,1.6610450387174172,-1.030167244108744,2.2013318889212345
1.1549857552635272,-1.0932891871301809,-0.27420424855354086,0.19604114506510026,1.9508154630165377,-1.0283770266179233,2.2013318889212345
1.1549857552635272,-1.154616719230913,-0.27420424855354086,0.3289111497213266,1.8810962631851718,-1.028139861856483,2.2013318889212345
1.1549857552635272,-1.1216891691989195,-0.27420424855354086,0.9395708445903495,1.817913238337993,-1.0279026945539835,2.2013318889212345
1.1549857552635272,-0.9928590980754268,-0.27420424855354086,0.8332748408653687,1.769981288453929,-1.0276655297925432,2.2013318889212345
1.1549857552635272,-1.103834023916387,-0.27420424855354086,0.9005233330179074,1.802662163374882,-1.0274283650311027,2.2013318889212345
1.1549857552635272,-1.1354173366872173,-0.27420424855354086,1.293167754940797,1.6370790637753843,-1.0286229351671357,2.2013318889212345
1.1549857552635272,-1.1165831384798366,-0.27420424855354086,1.256831876116441,2.0357857378110187,-1.0303902018032174,2.2013318889212345
1.1549857552635272,-1.0936679021293743,-0.27420424855354086,0.9460787631857567,2.0009261378953345,-1.0321574684392985,2.2013318889212345
1.1549857552635272,-1.071181609326378,-0.27420424855354086,1.3105222045285485,1.6218279888122713,-1.0339247350753802,2.2013318889212345
1.1549857552635272,-1.1032822635827912,-0.27420424855354086,1.3707204515360631,1.711155713596212,-1.0354530327973575,2.2013318889212345
1.1549857552635272,-1.1468598270788852,-0.27420424855354086,1.678219605169044,1.4279214642812805,-1.0363839069635437,2.2013318889212345
1.1549857552635272,-1.149199860114321,-0.27420424855354086,1.6163943785126773,1.1250786900137761,-1.0373147811297296,2.2013318889212345
1.1549857552635272,-1.0299508262519832,-0.27420424855354086,1.5437226208639658,0.8854189405934494,-1.0382456578369759,2.0089705299799507
1.1549857552635272,-1.1287380703130785,-0.27420424855354086,1.8951502250159438,0.7939124908147785,-1.0391765320031618,2.0089705299799507
1.1549857552635272,-1.0827140947768477,-0.27420424855354086,1.3484850630017562,0.8004486657989696,-1.0387117644894024,2.0089705299799507
1.1549857552635272,-1.144620053743056,-0.27420424855354086,1.7790923433978523,0.8941338405723703,-1.0382469969756436,2.0089705299799507
1.1549857552635272,-1.0331361847589888,-0.27420424855354086,1.4911169455510926,0.8745253156197974,-1.037782226920824,2.0089705299799507
1.1549857552635272,-1.091675215925079,-0.27420424855354086,1.9114200215044612,0.9856402903510403,-1.037317459407065,2.0089705299799507
1.1549857552635272,-1.1362217292118029,-0.27420424855354086,1.8550180603442676,1.4017767643445167,-1.036433007867675,2.0089705299799507
1.1549857552635272,-1.1621314053393417,-0.27420424855354086,1.3370962054597935,1.5172491890652196,-1.0352337901327369,2.0089705299799507
1.1549857552635272,-1.112823929127294,-0.27420424855354086,1.5789738465890872,1.6000407388649693,-1.0340345749388589,2.0089705299799507
1.1549857552635272,-0.9955165453880485,3.6469165057620936,1.5106407013373135,1.6675812137016062,-1.0328353572039202,2.0089705299799507
1.1549857552635272,-1.1019860476132242,-0.27420424855354086,1.2459853451240959,1.6871897386541792,-1.0316888740890435,2.0089705299799507
1.1549857552635272,-1.140287172996739,-0.27420424855354086,1.2096494662997401,1.669759938696337,-1.0308587961534723,2.0089705299799507
1.1549857552635272,-1.1602653582437132,-0.27420424855354086,1.1147423201167213,1.3233426645342288,-1.030028715676842,2.0089705299799507
1.1549857552635272,-1.0525746867759715,-0.27420424855354086,1.135893055551794,1.3233426645342288,-1.0291986352002118,1.5308621267310134
1.1549857552635272,-1.0905437187281426,-0.27420424855354086,0.6006167510795682,2.417062611888811,-1.0283685572646413,1.5308621267310134
1.1549857552635272,-1.1058226006753253,-0.27420424855354086,0.43358017379745545,2.375666836988936,-1.0273106021422622,1.5308621267310134
1.1549857552635272,-1.1264884091851457,-0.27420424855354086,0.28660967885118105,2.053215537768861,-1.0262146657947078,1.5308621267310134
1.231984805614429,0.33300429454108177,-0.27420424855354086,-0.8875273010701651,-1.7137999781197326,0.9725798854226908,0.4490349969586598
1.231984805614429,0.3969470310095864,3.6469165057620936,-0.872342157680882,-1.7660893779932585,0.9762403968309683,0.4490349969586598
1.231984805614429,0.3329956270209617,-0.27420424855354086,-0.9059664037571513,-1.8401660278140874,0.9774621791795113,0.4490349969586598
1.231984805614429,0.22171767893415317,-0.27420424855354086,-0.5897900253302948,-1.7377659530617655,0.9782775062612559,0.4490349969586598
1.231984805614429,0.3969921451826327,-0.27420424855354086,-0.5279647986739283,-1.5983275533990298,0.9790928333429997,0.4490349969586598
1.231984805614429,0.3577597189882224,-0.27420424855354086,0.06588277315696038,-1.5068211036203598,0.9799081604247444,0.4490349969586598
1.231984805614429,0.46040307635351113,-0.27420424855354086,-0.11091568201826334,-1.391348678899656,0.9758160397958303,0.4490349969586598
1.231984805614429,0.34107578357762697,-0.27420424855354086,-0.31645744432320094,-1.3652039789628931,0.9709060103681205,0.4490349969586598
1.231984805614429,0.7517474808238283,-0.27420424855354086,0.1434354697522271,-1.393527403894387,0.9659959809404106,0.3898468865151876
1.231984805614429,0.5060648285075057,-0.27420424855354086,0.40592151976697616,-1.2824124291631442,0.9610859515127008,0.3898468865151876
1.231984805614429,0.3550377049315188,-0.27420424855354086,0.30721808773663634,-1.1996208793633953,0.9577445794643882,0.3898468865151876
1.231984805614429,0.42207526649294036,-0.27420424855354086,0.37826286573649615,-1.2279443042948883,0.9564947488945644,0.3898468865151876
1.231984805614429,0.39265368348650787,-0.27420424855354086,0.5078789110950189,-1.2606251792158423,0.9552449183247407,0.3898468865151876
1.231984805614429,0.557511746575071,-0.27420424855354086,0.7698226345601504,-1.1407953045056785,0.9539950902959768,0.3898468865151876
1.231984805614429,0.3265456461635352,-0.27420424855354086,0.9124545171094869,-1.0993995296058034,0.9539175701757919,0.3898468865151876
1.231984805614429,0.5484849101914793,-0.27420424855354086,0.8679837400408728,-1.1604038294582504,0.9608739178355578,0.3898468865151876
1.231984805614429,0.5751650983508784,-0.27420424855354086,1.0605096651549963,-1.3063784041051771,0.9678302654953229,0.3898468865151876
1.231984805614429,0.8383604660968799,-0.27420424855354086,1.0393589297199235,-1.42402955382061,0.9747866131550889,0.3898468865151876
1.231984805614429,0.5856876831185575,-0.27420424855354086,1.1451126068952875,-1.5046423786256289,0.9817429608148548,0.3898468865151876
1.231984805614429,0.5801374554522113,-0.27420424855354086,1.2633397947118474,-1.5721828534622668,0.9816737143863248,0.3898468865151876
1.231984805614429,0.422403573492099,-0.27420424855354086,1.2242922831394056,-1.5373232535465828,0.9787942257485682,0.3898468865151876
1.231984805614429,0.5518473337523628,-0.27420424855354086,1.1217925652617453,-1.5024636536308988,0.9759147396518715,0.3214517366693968
1.231984805614429,0.5122347389994841,-0.27420424855354086,1.1082344015213141,-1.5612892284886157,0.9730352535551748,0.3214517366693968
1.231984805614429,0.5289923214133341,-0.27420424855354086,1.2579165292156753,-1.6026850033884898,0.9728361996129742,0.3214517366693968
1.231984805614429,0.4838425271920538,-0.27420424855354086,1.167890321979212,-1.6353658783094436,0.9762110602922215,0.3214517366693968
1.231984805614429,0.47230451462730455,-0.27420424855354086,1.1022688094755244,-1.5656466784780758,0.9795859209714696,0.3214517366693968
1.231984805614429,0.6549279612268893,-0.27420424855354086,1.315403143475104,-1.5939701034095697,0.9829607816507169,0.3214517366693968
1.231984805614429,0.5857959463667629,-0.27420424855354086,1.35553530814678,-1.452352978752103,0.9863356423299642,0.3214517366693968
1.231984805614429,0.765877333136896,-0.27420424855354086,1.3593315939941013,-1.51335727860455,0.985508590796962,0.3214517366693968
1.231984805614429,0.6684339674334389,-0.27420424855354086,1.2823212239484516,-1.6113999033674107,0.9846815392639596,0.3214517366693968
1.231984805614429,0.5386036321867922,-0.27420424855354086,1.1640940361318908,-1.7029063531460815,0.9838544877309566,0.3214517366693968
1.231984805614429,0.42106068211915304,3.6469165057620936,1.0453245217657132,-1.7290510530828445,0.9830274361979544,0.3214517366693968
1.231984805614429,0.3730554694010627,-0.27420424855354086,1.1478242396433735,-1.6920127281724306,0.9837474404925186,0.3214517366693968
1.231984805614429,0.27710998755766486,-0.27420424855354086,0.9672294986208294,-1.6005062783937598,0.985627736022492,0.3214517366693968
1.231984805614429,0.3132414693540634,-0.27420424855354086,0.6548494060412933,-1.6462595032830947,0.9875080290114054,0.3977386345743176
1.231984805614429,0.4335004936250733,-0.27420424855354086,0.22424212564519702,-1.5808977534411877,0.9893883245413789,0.3977386345743176
1.231984805614429,0.34762099948531516,-0.27420424855354086,0.5040826252476978,-1.391348678899656,0.9910693526801044,0.3977386345743176
1.231984805614429,0.3877589931079053,-0.27420424855354086,0.6000744245299515,-1.380455053926005,0.9922522161522992,0.3977386345743176
1.231984805614429,0.44816258191999675,-0.27420424855354086,0.7850077779494335,-1.4000635788785771,0.9934350796244941,0.3977386345743176
1.231984805614429,0.4462570016011299,-0.27420424855354086,0.05178228286691161,-1.458889153736294,0.9946179430966896,0.3977386345743176
1.231984805614429,0.44211439355839754,-0.27420424855354086,0.08377954929432953,-1.3739188789418142,0.9958008065688845,0.3977386345743176
1.231984805614429,0.5843493498203743,-0.27420424855354086,-0.28012156549884515,-1.2802337041684142,0.9929420021602655,0.3977386345743176
1.231984805614429,1.9817324347753404,3.6469165057620936,0.38422845778228587,-1.358667803978703,0.9894095855911575,0.3977386345743176
1.231984805614429,0.6942661383448332,-0.27420424855354086,-0.38587524267420903,-1.417493378836419,0.9858771690220496,0.3977386345743176
1.231984805614429,1.0507533449989723,-0.27420424855354086,-0.5344727172693352,-1.1233655045478366,0.9823447499118817,0.3977386345743176
1.231984805614429,1.4304875943120976,-0.27420424855354086,-0.29042576994157276,-1.0667186546848495,0.9808575436726303,0.3977386345743176
1.231984805614429,2.6028760874790886,-0.27420424855354086,-0.09789984482744923,-1.0296803297744357,0.9809042432749764,0.3977386345743176
1.231984805614429,0.33195514775787216,3.6469165057620936,-0.44553116313210617,-0.9054930050748118,0.9809509428773223,0.3977386345743176
1.231984805614429,0.3220188318976826,-0.27420424855354086,-0.429803693193206,-0.8335950802487139,0.9809976424796683,0.3444693351751917
1.231984805614429,0.2658939832352169,-0.27420424855354086,-1.0263628977721808,-0.8183440052856019,0.982363139563758,0.3444693351751917
1.231984805614429,0.35592735498838096,-0.27420424855354086,-0.5648430040479013,-0.7464460804595041,0.9916414164561914,0.3444693351751917
1.231984805614429,0.20398142044415554,-0.27420424855354086,-0.6901204370094861,-0.759518430427886,1.0009196908075642,0.3444693351751917
1.231984805614429,0.5361026668109103,-0.27420424855354086,-0.7975010938337014,-0.805271655317221,1.0101979676999977,0.3444693351751917
1.231984805614429,0.3281538749122426,3.6469165057620936,-1.1022886147185957,-0.7333737304911231,1.0194762420513712,0.3444693351751917
1.231984805614429,0.5207771274055253,-0.27420424855354086,-0.13369339710218753,-0.6832630556123271,1.0272987151251531,0.3444693351751917
1.231984805614429,0.35153159434454806,-0.27420424855354086,0.38531311088152015,-0.6396885557177222,1.0345388661632624,0.3444693351751917
1.231984805614429,0.48695350294357875,-0.27420424855354086,0.15699363349265832,-0.15383288189287797,1.0417790172013717,0.3444693351751917
1.231984805614429,0.4283290886289782,-0.27420424855354086,-0.12555849885792886,0.21872909220599443,1.0490191656984218,0.3444693351751917
1.231984805614429,0.5444222479088591,-0.27420424855354086,0.25027380002682525,0.2819121170531713,1.0553349044861553,0.3444693351751917
1.231984805614429,0.429438064629744,-0.27420424855354086,0.5697041377513854,0.2492312421322174,1.0612808758326793,0.3444693351751917
1.231984805614429,0.48778603350449573,-0.27420424855354086,0.32023392492745,0.36034621686346024,1.0672268471792035,0.28199299637374947
1.231984805614429,0.5484349867112026,-0.27420424855354086,0.4764239712172185,0.573861266347024,1.0731728185257268,0.28199299637374947
1.231984805614429,0.5437430229884898,-0.27420424855354086,0.6792541007740697,0.8374869907093835,1.0786246934429256,0.28199299637374947
1.231984805614429,0.9297604527459682,-0.27420424855354086,0.7763305531555577,0.9769253903721192,1.0828413336394607,0.28199299637374947
1.231984805614429,0.6004862444787229,-0.27420424855354086,0.8571372090485276,0.9834615653563102,1.087057973835996,0.28199299637374947
1.231984805614429,0.5848183111108372,-0.27420424855354086,0.43846111274401084,1.1926191648504139,1.091274614032532,0.28199299637374947
1.231984805614429,0.5024533617908786,-0.27420424855354086,0.9070312516133148,1.177368089887302,1.0954912542290671,0.28199299637374947
1.231984805614429,0.5901773508696104,-0.27420424855354086,0.6857620193694769,1.194797889845144,1.0897849023080304,0.28199299637374947
1.231984805614429,0.6479911995190021,-0.27420424855354086,1.162467056483039,0.9311721654827844,1.0840785503869945,0.28199299637374947
1.231984805614429,0.8913662816236922,-0.27420424855354086,1.2432737123760098,0.7416230909412527,1.0783722010070185,0.28199299637374947
1.231984805614429,0.712536301718076,-0.27420424855354086,1.1977182822081607,0.6305081162100108,1.0726658490859824,0.28199299637374947
1.231984805614429,0.7292263743789421,-0.27420424855354086,1.3311306134140037,0.6065421412679778,1.0715582238620116,0.28199299637374947
1.231984805614429,0.57090555953982,-0.27420424855354086,1.2687630602080204,0.512856966494577,1.0738996404845145,0.28199299637374947
1.231984805614429,0.6905306345700931,-0.27420424855354086,1.3159454700247215,0.36034621686346024,1.0762410571070165,0.20110257876767
1.231984805614429,0.663137628120419,-0.27420424855354086,1.283405877047686,0.2644823170953294,1.0785824762705798,0.20110257876767
1.231984805614429,0.6015723762701458,-0.27420424855354086,1.3718051046352975,0.471461191594703,1.0807121336504282,0.20110257876767
1.231984805614429,0.6657236356864625,-0.27420424855354086,1.2980486938873514,0.6370442911942008,1.0823123967352328,0.20110257876767
1.231984805614429,0.6844098400254605,-0.27420424855354086,1.3869902480245806,0.7045847660308386,1.0839126572789768,0.20110257876767
1.231984805614429,0.8501736679391418,-0.27420424855354086,1.4677969039175511,0.7089422160202997,1.0855129203637812,0.20110257876767
1.231984805614429,0.8416767705548481,-0.27420424855354086,1.4970825375968824,0.6087208662627078,1.0871131834485859,0.20110257876767
1.231984805614429,1.0480659112968673,-0.27420424855354086,1.4786434349098965,0.42570796670536715,1.088732433334387,0.20110257876767
1.231984805614429,0.9490654785421393,-0.27420424855354086,1.4005484117650118,0.3581674918687302,1.0903548519221218,0.20110257876767
1.231984805614429,0.753806205276656,-0.27420424855354086,1.5176909464823383,0.37995474181603217,1.0919772679687967,0.20110257876767
1.231984805614429,0.689662985299291,3.6469165057620936,1.002480724345951,0.40827816674752515,1.0935996840154714,0.20110257876767
1.231984805614429,0.5876532182712138,-0.27420424855354086,1.2172420379943816,0.3647036668529202,1.098119556535803,0.20110257876767
1.231984805614429,0.5269219325959557,-0.27420424855354086,0.9807876623612607,0.2361588921638364,1.1065027018132858,0.20110257876767
1.231984805614429,0.47868149450782066,-0.27420424855354086,1.130469790055622,-0.007858307245951207,1.114885847090768,0.20110257876767
1.231984805614429,0.7157526335992572,-0.27420424855354086,0.5973627917818655,-0.16036905687706798,1.1232689923682504,-0.10207207583722638
1.231984805614429,0.6095843949926594,-0.27420424855354086,0.7117936937511051,-0.18433503181910094,1.1310291993055714,-0.10207207583722638
1.231984805614429,0.7541533367656816,-0.27420424855354086,0.3788051922861137,-0.012215757235411217,1.135051771119804,-0.10207207583722638
1.231984805614429,0.7673965358663182,-0.27420424855354086,0.5631962191559782,0.02918001766446274,1.1390743403929764,-0.10207207583722638
1.231984805614429,0.9126923290574288,-0.27420424855354086,-0.14237062189606373,-0.05796898212474712,1.143096912207209,-0.10207207583722638
1.231984805614429,0.7392123445417651,-0.27420424855354086,0.13258893875988195,-0.13422435694030502,1.1471194840214414,-0.10207207583722638
1.231984805614429,0.8351111689269609,-0.27420424855354086,0.2942022505458226,-0.11025838199827304,1.1526551529361893,-0.10207207583722638
1.231984805614429,2.321752609363996,3.6469165057620936,0.3088450673854881,-0.26712658161884983,1.1587960617075668,-0.10207207583722638
1.231984805614429,1.0549347505127178,-0.27420424855354086,-0.40811063120851604,-0.4065649812815856,1.164936973020004,-0.10207207583722638
1.231984805614429,1.3216614238731197,-0.27420424855354086,-0.6131100669638365,-0.43706713120780954,1.1710778817913816,-0.10207207583722638
1.231984805614429,1.6990400099023115,-0.27420424855354086,-0.11308498821673228,-0.4348884062130795,1.176504216513609,-0.10207207583722638
1.231984805614429,2.708741124388076,-0.27420424855354086,-0.3278463018651633,-0.5372884809654004,1.1809777832959099,-0.10207207583722638
1.231984805614429,0.8831006796158486,3.6469165057620936,-0.7085595396964725,-0.5002501560549865,1.1854513526192698,-0.10207207583722638
1.231984805614429,0.777939021834438,-0.27420424855354086,-0.262224789361476,-0.43924585620253953,1.1899249194015709,-0.4124808328296589
1.231984805614429,0.5815962547184378,-0.27420424855354086,-0.3256769956666943,-0.2126584567505939,1.1943984887249308,-0.4124808328296589
1.231984805614429,0.6277434597798516,-0.27420424855354086,-0.14237062189606373,-0.1974073817874829,1.1967665102465825,-0.4124808328296589
1.231984805614429,0.4939811569690798,-0.27420424855354086,-0.0008233924459615606,-0.149475431903417,1.1991345317682345,-0.4124808328296589
1.231984805614429,0.630092698690694,-0.27420424855354086,0.0013459137525073924,0.0030353177276997833,1.2015025558309462,-0.4124808328296589
1.231984805614429,0.7141448355347793,3.6469165057620936,-0.4216687949489473,0.10979284246948162,1.203870577352598,-0.4124808328296589
1.231984805614429,0.8362675919736832,-0.27420424855354086,-0.4292613666435888,0.3298440669372363,1.2079293999300835,-0.4124808328296589
1.231984805614429,0.6586522492664851,-0.27420424855354086,0.023581302286814834,0.4278866917000981,1.2132563232994449,-0.4124808328296589
1.231984805614429,0.7321951346088315,-0.27420424855354086,0.1835676344239033,0.5912910663048658,1.218583246668806,-0.4124808328296589
1.231984805614429,0.7639891955293266,-0.27420424855354086,0.05286693596614628,0.6762613410993458,1.2239101700381672,-0.4124808328296589
1.231984805614429,0.8566880899244166,-0.27420424855354086,0.27901710715653955,0.8178784657568116,1.227770093678118,-0.4124808328296589
1.231984805614429,0.7618878512829487,-0.27420424855354086,0.3929056825761617,0.9333508904775143,1.2296740185258745,-0.4124808328296589
1.231984805614429,0.8159632172583453,-0.27420424855354086,0.45798486853023185,1.0597169401718691,1.2315779408325707,-0.4124808328296589
1.231984805614429,1.2917273804690388,-0.27420424855354086,0.695523897262587,1.15993828992946,1.2334818631392668,-0.5801804790861635
1.231984805614429,0.9613293914306366,-0.27420424855354086,0.59248185283531,1.15993828992946,1.2353857879870236,-0.5801804790861635
1.231984805614429,0.6969221320981803,-0.27420424855354086,0.5084212376446364,1.129436140003236,1.236733942335995,-0.5801804790861635
1.231984805614429,0.7392838022335197,-0.27420424855354086,0.45798486853023185,0.9921764653352312,1.238082096684966,-0.5801804790861635
1.231984805614429,0.8383952617935934,-0.27420424855354086,0.894015414422501,0.8505593406777654,1.2394302510339372,-0.5801804790861635
1.231984805614429,0.7640395496938325,-0.27420424855354086,0.8056161868348888,0.7176571159992207,1.240778405382908,-0.5801804790861635
1.231984805614429,0.8576884796638043,-0.27420424855354086,0.634240997155838,0.5912910663048658,1.2412270752809929,-0.5801804790861635
1.231984805614429,0.9887925635193763,-0.27420424855354086,0.9569252941781018,0.4409590416684791,1.2413159488576635,-0.5801804790861635
1.231984805614429,1.0685411240899312,-0.27420424855354086,1.066475257200786,0.3102355419846643,1.241404822434334,-0.5801804790861635
1.231984805614429,1.0379723598025354,-0.27420424855354086,1.1093190546205491,0.20347801724288248,1.2414936934699436,-0.5801804790861635
1.231984805614429,0.9734730536932052,-0.27420424855354086,1.120707912162511,0.07493324255379767,1.2418420092818692,-0.5801804790861635
1.231984805614429,0.8744461338583593,-0.27420424855354086,1.039901256269541,-0.027466832198523184,1.2428389281408712,-0.5801804790861635
1.231984805614429,0.8027949751588286,-0.27420424855354086,1.3587892674444837,-0.15819033188233797,1.2438358469998732,-0.5801804790861635
1.231984805614429,1.102179751730105,-0.27420424855354086,1.105522768773228,-0.28673510657142276,1.2448327658588751,-0.8208787948896172
1.231984805614429,0.7648818065402668,-0.27420424855354086,0.9487903959338427,-0.22355208172424587,1.2458296847178771,-0.8208787948896172
1.231984805614429,0.9639054932594002,-0.27420424855354086,1.0659329306511685,-0.10372220701408205,1.246046449848909,-0.8208787948896172
1.231984805614429,0.794555555163107,-0.27420424855354086,1.2053108539028021,0.10543539248002161,1.2462632149799415,-0.8208787948896172
1.231984805614429,1.010759397305994,-0.27420424855354086,1.2682207336584028,0.1272226424273236,1.2464799775699142,-0.8208787948896172
1.231984805614429,1.071037567281402,-0.27420424855354086,1.2367657937806025,0.2949844670215533,1.2466967427009468,-0.8208787948896172
1.231984805614429,1.2116451831819846,-0.27420424855354086,1.3045566124827588,0.46274629161578207,1.2487167482557635,-0.8208787948896172
1.231984805614429,1.2196269104470192,-0.27420424855354086,1.0751524819946618,0.5695038163575639,1.2520891873047453,-0.8208787948896172
1.231984805614429,1.1949598121572909,-0.27420424855354086,1.2503239575210339,0.6087208662627078,1.2554616238126663,-0.8208787948896172
1.231984805614429,1.013512205285111,3.6469165057620936,1.2497816309714163,0.8091635657778905,1.2588340628616472,-0.8208787948896172
1.231984805614429,0.7224456280332134,-0.27420424855354086,0.8701530462393414,0.7808401408463975,1.2624425333592675,-0.8208787948896172
1.231984805614429,0.9163583850001524,-0.27420424855354086,0.7004048362091424,0.7895550408253186,1.2674672179593274,-0.8208787948896172
1.231984805614429,0.8085698943767716,-0.27420424855354086,0.9422824773384363,0.6697251661151548,1.2724919000183272,-0.8208787948896172
1.231984805614429,0.9499807543106603,-0.27420424855354086,0.6174288741177032,0.5629676413733729,1.277516582077327,-1.0806488351693013
1.231984805614429,0.8064344184052009,-0.27420424855354086,0.49974401285075987,0.528108041457689,1.2825412666773868,-1.0806488351693013
1.231984805614429,0.955503669418782,-0.27420424855354086,0.5848892811406685,0.512856966494577,1.2836616861389143,-1.0806488351693013
1.231984805614429,0.9411756485245875,-0.27420424855354086,0.6635266308351698,0.3211291669583153,1.28413139347349,-1.0806488351693013
1.3089838559653308,-0.07731754354930619,-0.27420424855354086,-2.5047450720288036,-1.2431953792580002,-1.0177070339833851,-1.3016177808249307
1.3089838559653308,-0.1609519525810703,3.6469165057620936,-2.159825386472233,-1.2802337041684142,-1.016215185227348,-1.3016177808249307
1.3089838559653308,-0.23102623275477027,-0.27420424855354086,-1.780196801740158,-1.33252310404194,-1.014934818738415,-1.3016177808249307
1.3089838559653308,-0.3250083328666593,-0.27420424855354086,-1.4830018525499051,-1.3194507540735583,-1.013689699293999,-1.3016177808249307
1.3089838559653308,-0.09847763399325217,-0.27420424855354086,-1.4038221763057868,-1.2911273291420653,-1.0124445798495831,-1.3016177808249307
1.3089838559653308,-0.26141961883485343,-0.27420424855354086,-1.3864677267180348,-1.2061570543475855,-1.0111994604051682,-1.3016177808249307
1.3089838559653308,-0.2694717988617736,-0.27420424855354086,-1.0914420837262508,-1.1429740295004085,-1.010175659671467,-1.3016177808249307
1.3089838559653308,-0.3080731649888207,-0.27420424855354086,-1.1473017183368277,-1.1495102044845995,-1.0091887449660422,-1.3016177808249307
1.3089838559653308,-0.0068677785081346235,-0.27420424855354086,-1.0453443270087845,-1.1604038294582504,-1.0082018302606168,-1.6021618527434514
1.3089838559653308,-0.22465571313769772,-0.27420424855354086,-0.34465842490329773,-1.1102931545794545,-1.0072149130141315,-1.6021618527434514
1.3089838559653308,-0.2914157704938722,-0.27420424855354086,-0.9417599560318901,-1.0318590547691666,-1.0061961130866894,-1.6021618527434514
1.3089838559653308,-0.35903044892290453,-0.27420424855354086,-0.8034666858794911,-1.0100718048218638,-1.00513479614181,-1.6021618527434514
1.3089838559653308,-0.40949260749957983,-0.27420424855354086,-0.7682154601543699,-0.9229228050326538,-1.0040734817379913,-1.6021618527434514
1.3089838559653308,-0.06322473007998052,-0.27420424855354086,-0.03336298542299663,-0.8227014552750629,-1.0030121647931118,-1.6021618527434514
1.3089838559653308,-0.24722485881935566,-0.27420424855354086,-0.822448115116095,-0.8183440052856019,-1.0018450813040798,-1.6021618527434514
1.3089838559653308,-0.2860735812555801,-0.27420424855354086,-0.2123307467966889,-0.8662759551696678,-1.00004338584483,-1.6021618527434514
1.3089838559653308,-0.06558270829164813,-0.27420424855354086,0.3912787029273099,-0.9861058298798308,-0.9982416929266402,-1.6021618527434514
1.3089838559653308,0.01327909139541786,-0.27420424855354086,0.2730515151107498,-1.0928633546216124,-0.9964400000084505,-1.6021618527434514
1.3089838559653308,-0.06721284810053438,-0.27420424855354086,-0.06752955804888312,-1.1516889294793293,-0.9946383070902606,-1.6021618527434514
1.3089838559653308,-0.12906874002505614,-0.27420424855354086,0.01653105714179045,-1.2061570543475855,-0.9936830870273462,-1.6021618527434514
1.3089838559653308,-0.18774995082243023,-0.27420424855354086,0.49106678805688403,-1.1952634293739344,-0.9930664555983298,-1.6021618527434514
1.3089838559653308,0.07635593722039113,-0.27420424855354086,0.26057800446955287,-1.1843698044002833,-0.9924498241693136,-1.6738452309472123
1.3089838559653308,0.023726557655390928,-0.27420424855354086,0.8679837400408728,-1.2039783293528554,-0.9918331952813572,-1.6738452309472123
1.3089838559653308,-0.15396984341284572,-0.27420424855354086,0.7367407150334983,-1.2257655793001583,-0.9913086976091076,-1.6738452309472123
1.3089838559653308,-0.22016469949842707,-0.27420424855354086,0.6033283838276552,-1.2519102792369212,-0.9909070474869399,-1.6738452309472123
1.3089838559653308,-0.16444277387789166,-0.27420424855354086,0.5794660156444955,-1.2344804792790793,-0.9905053948237124,-1.6738452309472123
1.3089838559653308,0.022012721544560264,-0.27420424855354086,0.4606965012783179,-1.2344804792790793,-0.9901037447015447,-1.6738452309472123
1.3089838559653308,-0.21716796273879266,-0.27420424855354086,0.3690433143930028,-1.1952634293739344,-0.989702092038317,-1.6738452309472123
1.3089838559653308,-0.20212050178429375,-0.27420424855354086,0.34626559930907824,-1.2257655793001583,-0.9888987892529219,-1.6738452309472123
1.3089838559653308,-0.2201894638416267,-0.27420424855354086,0.1033033050805505,-1.2824124291631442,-0.9880954864675265,-1.6738452309472123
1.3089838559653308,-0.12306062324198262,-0.27420424855354086,0.5420454837209054,-1.358667803978703,-0.9872921836821312,-1.6738452309472123
1.3089838559653308,-0.13946703650215475,3.6469165057620936,0.11306518297366097,-1.397884853883847,-0.986488880896736,-1.6738452309472123
1.3089838559653308,-0.3409265296622723,-0.27420424855354086,-0.28879879029272093,-1.4000635788785771,-0.9862191448270541,-1.6738452309472123
1.3089838559653308,-0.36008056474563027,-0.27420424855354086,-0.27307132035382076,-1.395706128889117,-0.9863495876057466,-1.6738452309472123
1.3089838559653308,-0.27613478896107035,-0.27420424855354086,0.07293301830198438,-1.397884853883847,-0.98648002784338,-1.6994934121393834
1.3089838559653308,-0.13032475879986444,-0.27420424855354086,-0.4688512047656479,-1.2693400791947633,-0.9866104680810134,-1.6994934121393834
1.3089838559653308,-0.22816582549896794,-0.27420424855354086,-0.8734268107801163,-1.0471101297322776,-0.9863134664365584,-1.6994934121393834
1.3089838559653308,-0.29223416025591814,-0.27420424855354086,-1.0529368987034262,-0.9577824049483378,-0.9849478499226443,-1.6994934121393834
1.3089838559653308,-0.3050507307368226,-0.27420424855354086,-0.7356758671773349,-0.9163866300484628,-0.9835822359497902,-1.6994934121393834
1.3089838559653308,-0.1377445867067324,-0.27420424855354086,-1.3132536425197059,-0.9163866300484628,-0.982216621976936,-1.6994934121393834
1.3089838559653308,-0.19658563518880223,-0.27420424855354086,-1.2020766998481698,-0.8662759551696678,-0.980851005463022,-1.6994934121393834
1.3089838559653308,-0.3455815442671242,-0.27420424855354086,-1.0925267368254852,-0.7159439305332811,-0.9824041674579863,-1.6994934121393834
1.3089838559653308,0.21734054538324896,3.6469165057620936,-1.5036102614353608,-0.6287949307440712,-0.9844437925377637,-1.6994934121393834
1.3089838559653308,-0.07976120997747989,-0.27420424855354086,-1.4678167091606222,-0.6396885557177222,-0.9864834150764805,-1.6994934121393834
1.3089838559653308,0.11877284260817171,-0.27420424855354086,-2.116439262502853,-0.49371398107079545,-0.988523040156258,-1.6994934121393834
1.3089838559653308,0.24047806863169308,-0.27420424855354086,-2.0421405252052893,-0.47846290610768444,-0.9884200865656255,-1.6994934121393834
1.3089838559653308,1.0835296710308613,-0.27420424855354086,-1.9786883189000715,-0.4544969311656515,-0.9867101996074508,-1.6994934121393834
1.3089838559653308,-0.4193983627246472,3.6469165057620936,-2.2438860016629065,-0.3956713563079346,-0.9850003101082154,-1.6994934121393834
1.3089838559653308,-0.27052178906826596,-0.27420424855354086,-1.985738564045096,-0.36081175639225066,-0.9832904231500407,-1.8132661133251688
1.3089838559653308,-0.49118387695862453,-0.27420424855354086,-2.2840181663345835,-0.3128798065081857,-0.9815436501635902,-1.8132661133251688
1.3089838559653308,-0.504285416838088,-0.27420424855354086,-2.496067847234928,-0.27584148159777083,-0.979575558466425,-1.8132661133251688
1.3089838559653308,-0.48293840943851274,-0.27420424855354086,-2.774281367188577,-0.2518755066557388,-0.9776074667692591,-1.8132661133251688
1.3089838559653308,-0.2526098831933126,-0.27420424855354086,-2.5692819314332564,-0.25841168163992884,-0.9756393725310339,-1.8132661133251688
1.3089838559653308,-0.20294145770654093,3.6469165057620936,-2.375129026670281,-0.22573080671897586,-0.973671280833868,-1.8132661133251688
1.3089838559653308,-0.13698408808320986,-0.27420424855354086,-2.1066773846097426,-0.2083010067611339,-0.9708946161926797,-1.8132661133251688
1.3089838559653308,-0.2802317803658217,-0.27420424855354086,-2.3951951090061194,-0.16908395685598898,-0.9677945228820933,-1.8132661133251688
1.3089838559653308,-0.121952903403553,-0.27420424855354086,-2.287272125632287,0.17079714232192852,-0.9646944295715076,-1.8132661133251688
1.3089838559653308,-0.33157955133470723,-0.27420424855354086,-1.6343109598931178,0.5259293164629589,-0.9615943362609212,-1.8132661133251688
1.3089838559653308,-0.31225496529644303,-0.27420424855354086,-1.3506741744432964,0.6000059662837869,-0.9587208318196782,-1.8132661133251688
1.3089838559653308,-0.3775805570453614,-0.27420424855354086,-1.7232525140303467,0.5782187163364849,-0.9559379619097478,-1.8132661133251688
1.3089838559653308,-0.3645385592606348,-0.27420424855354086,-1.738979983969247,0.6087208662627078,-0.9531550894587576,-2.032262121966016
1.3089838559653308,-0.1745633149172762,-0.27420424855354086,-1.404364502855404,0.7873763158305885,-0.950372219548828,-2.032262121966016
1.3089838559653308,-0.30611401831890256,-0.27420424855354086,-0.9206092205968173,1.011784990287803,-0.9478135626170557,-2.032262121966016
1.3089838559653308,-0.14351263292217856,-0.27420424855354086,-1.1576059227795552,1.2209425897819068,-0.945815443212799,-2.032262121966016
1.3089838559653308,-0.35492457465591837,-0.27420424855354086,-0.4330576524909096,1.3712746144182937,-0.9438173238085421,-2.032262121966016
1.3089838559653308,-0.050742980697207014,-0.27420424855354086,-0.5344727172693352,1.5673598639440163,-0.9418192018632254,-2.032262121966016
1.3089838559653308,-0.2533234372358132,-0.27420424855354086,-0.3565896089948772,1.6043981888544292,-0.9398210824589693,-2.032262121966016
1.3089838559653308,-0.247496979471733,-0.27420424855354086,-0.23239682913252702,1.6174705388228112,-0.9376005237364979,-2.032262121966016
1.3089838559653308,-0.13038141172122777,-0.27420424855354086,0.13258893875988195,1.4714959641758845,-0.9353799650140264,-2.032262121966016
1.3089838559653308,0.05501725638258738,-0.27420424855354086,0.297998536393143,1.3385937394973397,-0.933159406291555,-2.032262121966016
1.3089838559653308,-0.10891497917383075,-0.27420424855354086,0.1911602061185448,1.231836214755558,-0.9309388475690835,-2.032262121966016
1.3089838559653308,-0.13208824921332846,-0.27420424855354086,-0.0816300483389319,1.120721240024316,-0.9273512544211671,-2.032262121966016
1.3089838559653308,-0.12189364843163594,-0.27420424855354086,0.10438795817978516,1.07278929014025,-0.9227383816425773,-2.032262121966016
1.3089838559653308,0.0068857096238261455,-0.27420424855354086,0.24864682037797342,0.9943551903299612,-0.9181255114050481,-2.1618183192700613
1.3089838559653308,0.11186455989496431,-0.27420424855354086,0.3901940498280756,0.9268147154933234,-0.9135126411675181,-2.1618183192700613
1.3089838559653308,-0.16469558552064367,-0.27420424855354086,0.4465960109882699,1.0204998902667242,-0.9095636152554893,-2.1618183192700613
1.3089838559653308,-0.11554381960275856,-0.27420424855354086,0.6873889990183287,1.140329764976888,-0.9072742014277418,-2.1618183192700613
1.3089838559653308,-0.20804258939251266,-0.27420424855354086,0.36795866129376853,1.175189364892572,-0.9049847875999942,-2.1618183192700613
1.3089838559653308,0.03371715767368175,-0.27420424855354086,0.4032098870188893,1.1860829898662228,-0.9026953737722466,-2.1618183192700613
1.3089838559653308,-0.16064928923874683,-0.27420424855354086,0.41405641801123444,1.135972314987427,-0.900405962485559,-2.1618183192700613
1.3089838559653308,-0.1826677154070305,-0.27420424855354086,0.1835676344239033,1.0052488153036123,-0.8994149490502074,-2.1618183192700613
1.3089838559653308,-0.1353387846004075,-0.27420424855354086,0.23563098318715972,0.9529594154300863,-0.8986403348332359,-2.1618183192700613
1.3089838559653308,-0.15743475187518843,-0.27420424855354086,0.1694671441338549,0.9268147154933234,-0.8978657206162639,-2.1618183192700613
1.3089838559653308,-0.04241742385557342,3.6469165057620936,0.22586910529404886,0.9812828403615802,-0.8970911089403517,-2.1618183192700613
1.3089838559653308,-0.27701507163593936,-0.27420424855354086,-0.12935478470524964,0.9812828403615802,-0.896076732998527,-2.1618183192700613
1.3089838559653308,-0.30227794977655975,-0.27420424855354086,-0.3565896089948772,0.8701678656303374,-0.8947426764509392,-2.1618183192700613
1.3089838559653308,-0.23718519668924745,-0.27420424855354086,0.15102804144686863,0.7089422160202997,-0.8934086199033507,-2.1618183192700613
1.3089838559653308,0.04551033269926926,-0.27420424855354086,-0.5670123102463702,0.5978272412890568,-0.8920745633557622,-2.269672209411499
1.3089838559653308,-0.19430595178103346,-0.27420424855354086,-0.3668938134376052,0.488890991552545,-0.8909794477706174,-2.269672209411499
1.3089838559653308,-0.184314131490759,-0.27420424855354086,-0.49108659329995535,0.5651463663681029,-0.8913179830422538,-2.269672209411499
1.3089838559653308,-0.1854692624847928,-0.27420424855354086,-1.0073814685355769,0.53464421644188,-0.8916565183138903,-2.269672209411499
1.3089838559653308,-0.06048966988015667,-0.27420424855354086,-1.3701979302295173,0.495427166536735,-0.8919950535855259,-2.269672209411499
1.3089838559653308,-0.01317561562463002,-0.27420424855354086,-1.0800532261842886,0.4605675666210511,-0.8923335863161024,-2.269672209411499
1.3089838559653308,-0.2505671120021548,-0.27420424855354086,-1.020397305726391,0.46274629161578207,-0.892210085713577,-2.269672209411499
1.3089838559653308,0.33195477090917136,3.6469165057620936,-1.5133721393284714,0.3864909168002232,-0.8919017712695985,-2.269672209411499
1.3089838559653308,0.026285019375919094,-0.27420424855354086,-1.2015343732985526,0.3102355419846643,-0.8915934568256206,-2.269672209411499
1.3089838559653308,0.2040003346599038,-0.27420424855354086,-1.4200919727943044,0.24269506714802738,-0.8912851398405821,-2.269672209411499
1.3089838559653308,0.2757114302480482,-0.27420424855354086,-1.6885436148548427,0.1882269422797705,-0.8905114022893412,-2.269672209411499
1.3089838559653308,0.9987504135910443,-0.27420424855354086,-1.9635031755107886,0.1185077424484026,-0.8891170972070039,-2.269672209411499
1.3089838559653308,-0.2443703555265336,3.6469165057620936,-2.273171635342238,0.09454176750637062,-0.8877227921246668,-2.269672209411499
1.3089838559653308,-0.16231835213487972,-0.27420424855354086,-2.026955381816007,0.1751545923113895,-0.8863284895833895,-2.3522067411965635
1.3089838559653308,-0.47450939865590347,-0.27420424855354086,-1.8854081523659048,0.3581674918687302,-0.8849341845010522,-2.3522067411965635
1.3089838559653308,-0.4193138050542435,-0.27420424855354086,-2.5296920933111977,0.39956326676860415,-0.8823062354016683,-2.3522067411965635
1.3089838559653308,-0.49326252055706943,-0.27420424855354086,-2.0475637907014623,0.45621011663159106,-0.8796782888433442,-2.3522067411965635
1.3089838559653308,-0.11749941312778288,-0.27420424855354086,-1.7791121486409236,0.5978272412890568,-0.8770503397439603,-2.3522067411965635
1.3089838559653308,-0.08119068682574374,3.6469165057620936,-1.99278880919012,0.6457591911731217,-0.874422393185637,-2.3522067411965635
1.3089838559653308,-0.12476984744252204,-0.27420424855354086,-1.9038472550528909,0.7503379909201736,-0.8720939461338367,-2.3522067411965635
1.3089838559653308,-0.2256200510180359,-0.27420424855354086,-1.6695621856182392,0.8549167906672255,-0.8699901237119294,-2.3522067411965635
1.3089838559653308,-0.21049189060602314,-0.27420424855354086,-1.9998390543351443,1.0204998902667242,-0.8678862987489622,-2.3522067411965635
1.3089838559653308,-0.16293385373445032,-0.27420424855354086,-1.6315993271450318,1.127257415008506,-0.8657824763270547,-2.3522067411965635
1.3089838559653308,-0.2761314691034673,-0.27420424855354086,-1.276375437145733,1.107648890055934,-0.8638081387041872,-2.3522067411965635
1.3089838559653308,-0.35986961919902694,-0.27420424855354086,-0.45529304102521667,1.155580839939999,-0.8620064457859973,-2.3522067411965635
1.3089838559653308,-0.31060153264880785,-0.27420424855354086,-1.324100173512051,1.225300039771367,-0.8602047528678075,-2.3522067411965635
1.3089838559653308,0.15618586121998015,-0.27420424855354086,-1.3083727035731507,1.3037341395816557,-0.8584030574085577,-2.3522067411965635
1.3089838559653308,-0.3359660881579568,-0.27420424855354086,-1.0854764916804611,1.4518874392233134,-0.856601364490368,-2.3522067411965635
1.3089838559653308,-0.2656770580602924,-0.27420424855354086,-0.29096809649119026,1.4976406641126485,-0.8552020865534331,-2.3522067411965635
1.3089838559653308,-0.30445123623445053,-0.27420424855354086,-0.7134404786430278,1.4475299892338516,-0.8538028111575583,-2.3522067411965635
1.3089838559653308,-0.09280819652119923,-0.27420424855354086,-0.8783077497266717,1.3778107894024847,-0.8524035332206236,-2.3522067411965635
1.3089838559653308,-0.13871597704132993,-0.27420424855354086,-0.46668189856717895,1.2819468896343538,-0.8510042552836887,-2.3522067411965635
1.3089838559653308,-0.26690544126370386,-0.27420424855354086,-0.16677531662883974,1.177368089887302,-0.850538888079748,-2.3522067411965635
1.3089838559653308,-0.09685860224845322,-0.27420424855354086,0.24864682037797342,1.07061056514552,-0.850447082119733,-2.3522067411965635
1.3089838559653308,-0.013575434151071876,-0.27420424855354086,0.22153049289711094,0.9573168654195473,-0.8503552736186579,-2.3522067411965635
1.3089838559653308,0.06165542830315538,-0.27420424855354086,-0.2649364221095621,0.8440231656935745,-0.8502634676586436,-2.3522067411965635
1.3089838559653308,-0.12037433803115638,-0.27420424855354086,0.147774082149165,0.7067634910255687,-0.8499556461803229,-2.3522067411965635
1.3089838559653308,-0.020595748599493775,-0.27420424855354086,0.46937372607219374,0.5891123413101359,-0.8491077782830575,-2.3522067411965635
1.3089838559653308,-0.10096741952434142,-0.27420424855354086,0.2036337167597418,0.47581864158416304,-0.8482599103857928,-2.3522067411965635
1.3089838559653308,0.24741434581982205,-0.27420424855354086,0.45635788888138,0.3908483667896832,-0.847412045029588,-2.3522067411965635
1.3089838559653308,-0.1169675719398044,-0.27420424855354086,0.36958564094262036,0.4409590416684791,-0.8465641771323226,-2.3522067411965635
1.3089838559653308,-0.13732876108309178,-0.27420424855354086,0.5306566261789435,0.5477165664102609,-0.8473215782082407,-2.3522067411965635
1.3089838559653308,-0.16264138325222632,-0.27420424855354086,0.3912787029273099,0.7459805409307136,-0.8480789767430988,-2.3522067411965635
1.3089838559653308,0.0418437384012586,-0.27420424855354086,0.5143868296904262,0.7394443659465226,-0.8488363778190161,-2.3522067411965635
1.3089838559653308,-0.06661749893387192,-0.27420424855354086,0.5111328703927225,0.9006700155565603,-0.8495937763538742,-2.3522067411965635
1.3089838559653308,-0.13574043353482523,-0.27420424855354086,0.4742546650187492,1.0488233151982171,-0.8485281700995623,-2.3522067411965635
1.3089838559653308,-0.1789326961520484,-0.27420424855354086,0.17597506272926178,1.122899965019046,-0.8460953108886375,-2.3522067411965635
1.3089838559653308,-0.10365950102709025,-0.27420424855354086,0.2952869036450569,1.144687214966348,-0.8436624516777127,-2.3522067411965635
1.3089838559653308,0.07755758211121712,3.6469165057620936,0.2383426159352458,1.225300039771367,-0.841229589925728,-2.3522067411965635
1.3089838559653308,-0.2571891870996433,-0.27420424855354086,-0.06969886424735207,1.3712746144182937,-0.8388317312764924,-2.3522067411965635
1.3089838559653308,-0.2606730995036153,-0.27420424855354086,-0.35496262934602574,1.5194279140599505,-0.8366438785384472,-2.3522067411965635
1.3089838559653308,-0.2250931268083451,-0.27420424855354086,-0.5252531659258423,1.4366363642602005,-0.8344560258004028,-2.3522067411965635
1.3089838559653308,0.043216975067212185,-0.27420424855354086,-0.18738372551429539,1.4562448892127735,-0.8322681730623577,-2.3522067411965635
1.3089838559653308,-0.11216804483075851,-0.27420424855354086,-0.7221177034369036,1.4606023392022336,-0.8300803203243132,-2.3522067411965635
1.3089838559653308,-0.22765020675030295,-0.27420424855354086,-0.7774350114978633,1.3974193143550566,-0.8320645604583549,-2.3522067411965635
1.3089838559653308,-0.22209793333386657,-0.27420424855354086,-0.5973825970249363,1.2165851397924459,-0.8347441489809002,-2.3522067411965635
1.3859829063162326,0.07447958959360579,-0.27420424855354086,-1.6484114501831664,-1.6963701781618905,0.45239264135630997,-0.2171600683662001
1.3859829063162326,0.054960908529220046,3.6469165057620936,-2.040513545556438,-1.7137999781197326,0.4544909242672192,-0.2171600683662001
1.3859829063162326,0.012571531041778614,-0.27420424855354086,-1.981399951648158,-1.7617319280037984,0.4562652779198941,-0.2171600683662001
1.3859829063162326,-0.09526643443247305,-0.27420424855354086,-2.105592731510508,-1.6832978281935096,0.4579856391277624,-0.2171600683662001
1.3859829063162326,0.033249308984145506,-0.27420424855354086,-1.5280149561681369,-1.6092211783726806,0.4597060028766907,-0.2171600683662001
1.3859829063162326,-0.03774141339453038,-0.27420424855354086,-1.4786632401529674,-1.469782778709945,0.46142636662561975,-0.2171600683662001
1.3859829063162326,-0.0689660559280179,-0.27420424855354086,-1.2996954787792747,-1.452352978752103,0.4613515197006496,-0.2171600683662001
1.3859829063162326,-0.053535411625443716,-0.27420424855354086,-1.5383191606108648,-1.397884853883847,0.46097746803212664,-0.2171600683662001
1.3859829063162326,0.22215620520572668,-0.27420424855354086,-1.0496829394057225,-1.380455053926005,0.4606034189046636,-0.3342209979099563
1.3859829063162326,0.06662862882777157,-0.27420424855354086,-1.26715588580224,-1.325986929057749,0.46022936723613994,-0.3342209979099563
1.3859829063162326,-0.0029437786022565413,-0.27420424855354086,-0.7524879902154697,-1.2933060541367951,0.45953777453444966,-0.3342209979099563
1.3859829063162326,0.04003841778199842,-0.27420424855354086,-0.8338369726580572,-1.2693400791947633,0.45842278785939633,-0.3342209979099563
1.3859829063162326,0.03397181766958588,-0.27420424855354086,-1.1098811864132372,-1.2911273291420653,0.457307803725403,-0.3342209979099563
1.3859829063162326,0.2345596059490728,-0.27420424855354086,-1.0393787349629948,-1.2802337041684142,0.45619281959140884,-0.3342209979099563
1.3859829063162326,0.12814614650926875,-0.27420424855354086,-1.1082542067643857,-1.2431953792580002,0.4551551345053727,-0.3342209979099563
1.3859829063162326,0.21212115498591036,-0.27420424855354086,-0.5464039013609147,-1.2693400791947633,0.4545812462481414,-0.3342209979099563
1.3859829063162326,0.3618196536040553,-0.27420424855354086,-0.20039956270510947,-1.354310353989242,0.45400736053196994,-0.3342209979099563
1.3859829063162326,0.46664435481136346,-0.27420424855354086,-0.029024373026058335,-1.434923178794261,0.45343347481579854,-0.3342209979099563
1.3859829063162326,0.3089624061912652,-0.27420424855354086,0.14614710250031318,-1.469782778709945,0.4528595865585665,-0.3342209979099563
1.3859829063162326,0.28341506111702053,-0.27420424855354086,-0.3126611584758802,-1.491570028657248,0.4533284756717925,-0.3342209979099563
1.3859829063162326,0.23181632685853493,-0.27420424855354086,0.28932131159926716,-1.402242303873308,0.45421447217571786,-0.3342209979099563
1.3859829063162326,0.4095996723056142,-0.27420424855354086,0.47317001191951485,-1.3739188789418142,0.4551004686796432,-0.35263507671459243
1.3859829063162326,0.23517220043009407,-0.27420424855354086,0.014361750943321495,-1.4109572038522291,0.4559864677246285,-0.35263507671459243
1.3859829063162326,0.2418276894457255,-0.27420424855354086,0.45527323578214574,-1.437101903788992,0.45825863283648066,-0.35263507671459243
1.3859829063162326,0.2641254502272321,-0.27420424855354086,0.548011075766695,-1.454531703746834,0.4623790227589025,-0.35263507671459243
1.3859829063162326,0.29808267652622306,-0.27420424855354086,0.5100482172934875,-1.456710428741564,0.46649941268132433,-0.35263507671459243
1.3859829063162326,0.5259793981047388,-0.27420424855354086,0.463408134026404,-1.456710428741564,0.4706198026037462,-0.35263507671459243
1.3859829063162326,0.4323841959924049,-0.27420424855354086,0.5192677686369808,-1.384812503915466,0.47474019252616806,-0.35263507671459243
1.3859829063162326,0.5541634997034103,-0.27420424855354086,0.2996255160419948,-1.3652039789628931,0.4755957293427867,-0.35263507671459243
1.3859829063162326,0.2298820342576974,-0.27420424855354086,0.538249197873585,-1.367382703957624,0.4764512661594054,-0.35263507671459243
1.3859829063162326,0.32000965407643034,-0.27420424855354086,0.1879062468208412,-1.2758762541789532,0.4773068029760241,-0.35263507671459243
1.3859829063162326,0.22905770464231887,3.6469165057620936,0.14289314320260957,-1.2606251792158423,0.47816234233370275,-0.35263507671459243
1.3859829063162326,0.11869243027347741,-0.27420424855354086,0.09408375373705716,-1.2170506793212372,0.4800173009535122,-0.35263507671459243
1.3859829063162326,0.11828125245048098,-0.27420424855354086,-0.030109026125293006,-1.2323017542843484,0.48262182910204093,-0.35263507671459243
1.3859829063162326,0.11518493790793716,-0.27420424855354086,0.10872657057672307,-1.3063784041051771,0.4852263572505689,-0.23886237552880685
1.3859829063162326,0.20998192847250707,-0.27420424855354086,-0.19334931756008508,-1.3368805540314002,0.48783088539909764,-0.23886237552880685
1.3859829063162326,0.1595041037569815,-0.27420424855354086,-0.583282106734888,-1.2998422291209861,0.4900158641981797,-0.23886237552880685
1.3859829063162326,0.199145662024298,-0.27420424855354086,-0.681985538765227,-1.2998422291209861,0.4911519645415265,-0.23886237552880685
1.3859829063162326,0.17913833381112335,-0.27420424855354086,-1.0035851826882565,-1.3303443790472091,0.49228806234381334,-0.23886237552880685
1.3859829063162326,0.21327711145805053,-0.27420424855354086,-0.7551996229635558,-1.3717401539470842,0.4934241626871601,-0.23886237552880685
1.3859829063162326,0.23382028263350355,-0.27420424855354086,-1.1755026989169244,-1.354310353989242,0.4945602630305069,-0.23886237552880685
1.3859829063162326,0.2281299569763169,-0.27420424855354086,-1.5903825093741206,-1.3085571290999072,0.49430793068138534,-0.23886237552880685
1.3859829063162326,1.4744696241352775,3.6469165057620936,-1.9179477453429397,-1.3434167290155912,0.49382419669511,-0.23886237552880685
1.3859829063162326,0.3141958656067696,-0.27420424855354086,-1.5003563021376571,-1.408778478857498,0.493340460167774,-0.23886237552880685
1.3859829063162326,0.6996445768391131,-0.27420424855354086,-1.4515469126721048,-1.3739188789418142,0.4928567236404387,-0.23886237552880685
1.3859829063162326,1.0459802870248682,-0.27420424855354086,-1.5811629580306275,-1.2649826292053024,0.4942855795168283,-0.23886237552880685
1.3859829063162326,2.117508383756246,-0.27420424855354086,-1.67335847146556,-1.2584464542211113,0.49714887906074723,-0.23886237552880685
1.3859829063162326,-0.07759325323692985,3.6469165057620936,-1.9239133373887294,-1.1538676544740594,0.500012178604667,-0.23886237552880685
1.3859829063162326,0.1948259530373352,-0.27420424855354086,-2.001466033983996,-1.0383952297533565,0.5028754781485859,-0.41445376984444143
1.3859829063162326,0.013602337854879033,-0.27420424855354086,-2.073053138533473,-0.9752122049061797,0.5056735003998363,-0.41445376984444143
1.3859829063162326,0.07715812248830002,-0.27420424855354086,-1.5166260986261746,-0.8401312552329049,0.5080798461897756,-0.41445376984444143
1.3859829063162326,-0.033358806564875214,-0.27420424855354086,-1.5421154464581857,-0.763875880417346,0.5104861945207743,-0.41445376984444143
1.3859829063162326,0.2411675223025144,-0.27420424855354086,-2.500406459631866,-0.7573397054331551,0.5128925403107129,-0.41445376984444143
1.3859829063162326,0.18837794614929432,3.6469165057620936,-2.3783829859679844,-0.7006928555701691,0.5152988886417121,-0.41445376984444143
1.3859829063162326,0.28419851162094323,-0.27420424855354086,-1.1538096369322346,-0.6701907056439452,0.5168373734735925,-0.41445376984444143
1.3859829063162326,0.09813447227280953,-0.27420424855354086,-1.8745616213735594,-0.5612544559074334,0.5180287139222498,-0.41445376984444143
1.3859829063162326,0.3306012559918964,-0.27420424855354086,-1.3924333187638245,-0.27584148159777083,0.5192200569119672,-0.41445376984444143
1.3859829063162326,0.20468336395763448,-0.27420424855354086,-1.576282019084072,0.02918001766446274,0.5204113973606245,-0.41445376984444143
1.3859829063162326,0.1264687032158356,-0.27420424855354086,-1.1104235129628548,0.10325666748529161,0.5220710678892878,-0.41445376984444143
1.3859829063162326,0.17146425864740455,-0.27420424855354086,-1.0605294703980677,0.12068646744313358,0.5239180704499542,-0.41445376984444143
1.3859829063162326,0.24063810371332714,-0.27420424855354086,-1.2205158025351566,0.22308654219545443,0.5257650730106199,-0.6163509910238409
1.3859829063162326,0.2893173372506798,-0.27420424855354086,-0.9650799976654317,0.3777760168213022,0.5276120781123462,-0.6163509910238409
1.3859829063162326,0.2655039986653502,-0.27420424855354086,-1.123981676703286,0.5498952914049919,0.5296636868315111,-0.6163509910238409
1.3859829063162326,0.46559213940301836,-0.27420424855354086,-0.9656223242150489,0.6043634162732479,0.5322268134879824,-0.6163509910238409
1.3859829063162326,0.2401276890657694,-0.27420424855354086,-1.13103192184831,0.6631889911309637,0.5347899401444538,-0.6163509910238409
1.3859829063162326,0.3587737650067223,-0.27420424855354086,-1.0556485314515123,0.8200571907515415,0.5373530668009252,-0.6163509910238409
1.3859829063162326,0.4037602222339421,-0.27420424855354086,-0.5626736978494323,0.8897763905829094,0.5399161934573965,-0.6163509910238409
1.3859829063162326,0.3580297938905093,-0.27420424855354086,-1.0605294703980677,1.0226786152614542,0.5400495482909541,-0.6163509910238409
1.3859829063162326,0.41861629788393023,-0.27420424855354086,-0.5480308810097664,0.9507806904353563,0.5401829056655709,-0.6163509910238409
1.3859829063162326,0.45321571025954854,-0.27420424855354086,-0.3175420974224353,0.8810614906039884,0.5403162604991278,-0.6163509910238409
1.3859829063162326,0.4785276684571627,-0.27420424855354086,0.023581302286814834,0.8200571907515415,0.5404496178737453,-0.6163509910238409
1.3859829063162326,0.43808234574642874,-0.27420424855354086,0.08866048824088459,0.7372656409517926,0.5418831493007015,-0.6163509910238409
1.3859829063162326,0.357742042989634,-0.27420424855354086,-0.06102163945347626,0.6588315411415038,0.5442918099963832,-0.6163509910238409
1.3859829063162326,0.5173927389489342,-0.27420424855354086,0.3440962931106097,0.519393141478768,0.5467004732331249,-0.6380532981864476
1.3859829063162326,0.5272891447371849,-0.27420424855354086,0.4243606224539621,0.3952058167791442,0.5491091339288058,-0.6380532981864476
1.3859829063162326,0.36023771453852715,-0.27420424855354086,0.407548499415828,0.3777760168213022,0.5522779273400026,-0.6380532981864476
1.3859829063162326,0.4446845375886521,-0.27420424855354086,0.7291481433388567,0.40609944175279516,0.5573470449168078,-0.6380532981864476
1.3859829063162326,0.36482701390801897,-0.27420424855354086,0.5767543828964095,0.41045689174225614,0.5624161624936121,-0.6380532981864476
1.3859829063162326,0.6410097184319455,-0.27420424855354086,0.6250214458123446,0.42570796670536715,0.5674852800704173,-0.6380532981864476
1.3859829063162326,0.5592805487606995,-0.27420424855354086,0.3788051922861137,0.39956326676860415,0.5725544001882816,-0.6380532981864476
1.3859829063162326,0.6602582169229874,-0.27420424855354086,0.5360798916751157,0.30587809199520427,0.5761007468488064,-0.6380532981864476
1.3859829063162326,0.5091252706427624,-0.27420424855354086,0.5935665059345443,0.27537594206898036,0.5793933000506584,-0.6380532981864476
1.3859829063162326,0.4285669878302814,-0.27420424855354086,0.5263180137820056,0.33202279193196726,0.5826858507114497,-0.6380532981864476
1.3859829063162326,0.42338009614709854,3.6469165057620936,-0.1277278050563978,0.4518526666421301,0.5859784039133009,-0.6380532981864476
1.3859829063162326,0.27274904055572124,-0.27420424855354086,-0.3169997708728181,0.517214416484038,0.5886004069320726,-0.6380532981864476
1.3859829063162326,0.22975311611164922,-0.27420424855354086,-0.303983933682004,0.48453354156308404,0.5903283430400714,-0.6380532981864476
1.3859829063162326,0.2074289938662588,-0.27420424855354086,0.05991718111117066,0.3908483667896832,0.5920562766070103,-0.6380532981864476
1.3859829063162326,0.41785980103470716,-0.27420424855354086,-0.10440776342285608,0.3036993670004743,0.5937842127150084,-0.7314389835528146
1.3859829063162326,0.36267380810233113,-0.27420424855354086,-0.7177790910399657,0.28844829203736233,0.5958203336729209,-0.7314389835528146
1.3859829063162326,0.30491558949925773,-0.27420424855354086,-0.815940196520688,0.4126356167369861,0.5997055688124346,-0.7314389835528146
1.3859829063162326,0.41172299939287604,-0.27420424855354086,-1.2823410291915227,0.41699306672644615,0.6035908064930083,-0.7314389835528146
1.3859829063162326,0.4856963177323158,-0.27420424855354086,-1.3897216860157382,0.3668823918476512,0.6074760416325214,-0.7314389835528146
1.3859829063162326,0.46203447232473394,-0.27420424855354086,-1.5074065472826816,0.3189504419635853,0.6113612767720352,-0.7314389835528146
1.3859829063162326,0.332145115393461,-0.27420424855354086,-1.3029494380769782,0.2623035921005994,0.6134138739635752,-0.7314389835528146
1.3859829063162326,1.546307358832089,3.6469165057620936,-1.3175922549166441,0.14247371739043557,0.6147334134348653,-0.7314389835528146
1.3859829063162326,0.4439762414827875,-0.27420424855354086,-1.417380340046218,0.042252367632844706,0.6160529529061562,-0.7314389835528146
1.3859829063162326,0.9037769142730593,-0.27420424855354086,-2.365367148777171,-0.060147707119477124,0.6173724949185063,-0.7314389835528146
1.3859829063162326,1.1437162488267831,-0.27420424855354086,-1.9336752152818395,-0.2017648317769429,0.6201653994747347,-0.7314389835528146
1.3859829063162326,2.1869668931527317,-0.27420424855354086,-1.9022202754040392,-0.4043862562868556,0.6249227925049191,-0.7314389835528146
1.3859829063162326,0.3929723359808536,3.6469165057620936,-1.4396157285805253,-0.5220374060022884,0.6296801855351043,-0.7314389835528146
1.3859829063162326,0.2927977862356392,-0.27420424855354086,-1.272036824748795,-0.5743268058758143,0.6344375785652894,-0.8432387477238177
1.3859829063162326,0.16103653208128635,-0.27420424855354086,-1.799178230976762,-0.6135438557809593,0.6391949715954746,-0.8432387477238177
1.3859829063162326,0.1278881307654095,-0.27420424855354086,-1.5784513252825412,-0.6614758056650242,0.6403794486408272,-0.8432387477238177
1.3859829063162326,0.06167683689840008,-0.27420424855354086,-1.4922214038933985,-0.6985141305754391,0.6415639231451192,-0.8432387477238177
1.3859829063162326,0.2939354924635519,-0.27420424855354086,-1.573570386335986,-0.7137652055385502,0.6427484001904719,-0.8432387477238177
1.3859829063162326,0.34780504521274747,3.6469165057620936,-2.096915506716632,-0.5568970059179724,0.6439328772358245,-0.8432387477238177
1.3859829063162326,0.5121952416665981,-0.27420424855354086,-2.068714526136535,-0.5351097559706703,0.6445367728716664,-0.8432387477238177
1.3859829063162326,0.32280938869139303,-0.27420424855354086,-1.7774851689920719,-0.5002501560549865,0.6447052349914357,-0.8432387477238177
1.3859829063162326,0.3495433944343109,-0.27420424855354086,-1.8046014964729342,-0.36516920638171163,0.644873697111205,-0.8432387477238177
1.3859829063162326,0.3567241746485966,-0.27420424855354086,-1.3756211957256899,-0.15819033188233797,0.6450421592309743,-0.8432387477238177
1.3859829063162326,0.28081042645804866,-0.27420424855354086,-0.6998823149025966,0.27755466706371135,0.6471400813113511,-0.8432387477238177
1.3859829063162326,0.3056515032313427,-0.27420424855354086,-0.9016277913602134,0.6653677161256948,0.6518106158255179,-0.8432387477238177
1.3859829063162326,0.34884340694504135,-0.27420424855354086,-0.4937982260480414,0.8527380656724954,0.6564811477986241,-0.8432387477238177
1.3859829063162326,0.7450928531766555,-0.27420424855354086,-0.6608348033301547,1.079325465124441,0.6611516823127909,-0.8708598659307719
1.3859829063162326,0.4988319534466193,-0.27420424855354086,-0.7497763574673832,1.1817255398767619,0.6658222142858977,-0.8708598659307719
1.3859829063162326,0.31545127424558606,-0.27420424855354086,-0.9271171391922242,1.2579809146923209,0.6643435078926491,-0.8708598659307719
1.3859829063162326,0.36594060181907595,-0.27420424855354086,-0.16297903078151937,1.238372389739749,0.6628648014994011,-0.8708598659307719
1.3859829063162326,0.5648091883800389,-0.27420424855354086,-0.4232957745977991,1.1860829898662228,0.6613860925650925,-0.8708598659307719
1.3859829063162326,0.5531706110476876,-0.27420424855354086,-0.566469983696753,1.114185065040125,0.6599073861718445,-0.8708598659307719
1.3859829063162326,0.514102778009674,-0.27420424855354086,-0.29422205578889354,1.0422871402140272,0.6600891431180081,-0.8708598659307719
1.3859829063162326,0.6809678475531655,-0.27420424855354086,-0.31320348502549733,0.9703892153879283,0.6609350848917245,-0.8708598659307719
1.3859829063162326,0.5919434253884521,-0.27420424855354086,-0.18304511311735747,0.8832402155987185,0.6617810241243807,-0.8708598659307719
1.3859829063162326,0.7022927644407997,-0.27420424855354086,0.2410542486833319,0.8331295407199235,0.662626965898097,-0.8708598659307719
1.3859829063162326,0.6093380974488795,-0.27420424855354086,0.23075004424060427,0.7939124908147785,0.6635698440321515,-0.8708598659307719
1.3859829063162326,0.612608749378514,-0.27420424855354086,0.3370460479655849,0.8200571907515415,0.66475505798493,-0.8708598659307719
1.3859829063162326,0.5573247578387369,-0.27420424855354086,0.8609334948958488,0.7285507409728716,0.6659402719377085,-0.8708598659307719
1.3859829063162326,0.7380342616673311,-0.27420424855354086,0.7486718991250777,0.6261506662205498,0.6671254858904878,-0.9464891181640971
1.3859829063162326,0.5160401930711758,-0.27420424855354086,0.35656980375180586,0.5542527413944519,0.6683107023843262,-0.9464891181640971
1.3859829063162326,0.542207597819754,-0.27420424855354086,0.7264365105907706,0.49324844154200503,0.6695856970722279,-0.9464891181640971
1.3859829063162326,0.5378075123884494,-0.27420424855354086,0.6857620193694769,0.4605675666210511,0.6708606943011896,-0.9464891181640971
1.3859829063162326,0.7080774099442602,-0.27420424855354086,0.6776271211252178,0.3690611168423812,0.6721356889890906,-0.9464891181640971
1.3859829063162326,0.8246108541229852,-0.27420424855354086,0.6000744245299515,0.3276653419425063,0.6734106862180522,-0.9464891181640971
1.3859829063162326,0.9251829971927894,-0.27420424855354086,0.2768478009580702,0.40609944175279516,0.6739326352070312,-0.9464891181640971
1.3859829063162326,0.7526810427269293,-0.27420424855354086,0.4558155623317625,0.4344228666842881,0.6738897980160233,-0.9464891181640971
1.3859829063162326,0.5661493161958452,-0.27420424855354086,0.5908548731864581,0.4300654166948281,0.6738469608250148,-0.9464891181640971
1.3859829063162326,0.6229032689014649,3.6469165057620936,0.3657893550952992,0.517214416484038,0.6738041261750669,-0.9464891181640971
1.3859829063162326,0.4694727837631206,-0.27420424855354086,-0.06915653769773493,0.6544740911520428,0.6746088799057738,-0.9464891181640971
1.3859829063162326,0.4155746443481881,-0.27420424855354086,-0.04637882261381034,0.8854189405934494,0.6804991740846515,-0.9464891181640971
1.3859829063162326,0.47177651370703966,-0.27420424855354086,-0.24866662562104475,0.9377083404669753,0.6863894682635293,-0.9464891181640971
1.3859829063162326,0.6372901499736989,-0.27420424855354086,-0.5708085960936911,0.9159210905196724,0.6922797624424071,-1.1023511423319075
1.3859829063162326,0.6541299392398663,-0.27420424855354086,-1.1543519634818518,0.8745253156197974,0.6981700566212848,-1.1023511423319075
1.3859829063162326,0.5045609689037616,-0.27420424855354086,-0.6022635359714914,0.8527380656724954,0.7005652471574256,-1.1023511423319075
1.3859829063162326,0.4872355293332362,-0.27420424855354086,-1.0231089384744776,0.7132996660097597,0.7023779225373273,-1.1023511423319075
1.4629819566671345,-0.9002111679808348,-0.27420424855354086,-0.34303144525444595,-0.8640972301749369,-1.1469412514636286,1.2454439052591588
1.4629819566671345,-0.8422016810201653,3.6469165057620936,-0.5805704739868015,-1.1560463794687905,-1.1455641595223451,1.2454439052591588
1.4629819566671345,-0.9622819892810835,-0.27420424855354086,-0.13260874400295325,-0.9664973049272587,-1.1448011401625668,1.2454439052591588
1.4629819566671345,-0.9932989522900415,-0.27420424855354086,-0.42817671354435416,-1.1625825544529804,-1.1441404645389994,1.2454439052591588
1.4629819566671345,-0.8794155620113305,-0.27420424855354086,-0.2573438504149205,-1.0492888547270085,-1.143479788915432,1.2454439052591588
1.4629819566671345,-0.8194944651525807,-0.27420424855354086,-0.4520390817275134,-0.7072290305543601,-1.1428191132918641,1.2454439052591588
1.4629819566671345,-0.9423283350900177,-0.27420424855354086,0.043105058073035794,-0.6636545306597552,-1.1427591569790254,1.2454439052591588
1.4629819566671345,-1.0175050210572019,-0.27420424855354086,-0.03336298542299663,-0.8248801802697929,-1.1427993235158784,1.2454439052591588
1.4629819566671345,-0.9674635871372783,-0.27420424855354086,0.16241689898883052,-0.5939353308283873,-1.1428394875116712,1.0869512984049712
1.4629819566671345,-0.8299230530871582,-0.27420424855354086,0.25081612657644275,-0.772590780396267,-1.142879654048524,1.0869512984049712
1.4629819566671345,-0.889185382526443,-0.27420424855354086,0.4921514411561183,-0.5438246559495914,-1.1438910772785233,1.0869512984049712
1.4629819566671345,-0.9917660932815072,-0.27420424855354086,0.3120990266831917,-0.6723694306386762,-1.1461975136678182,1.0869512984049712
1.4629819566671345,-1.0182332542538597,-0.27420424855354086,0.49323609425535336,-0.5525395559285123,-1.1485039475160528,1.0869512984049712
1.4629819566671345,-0.8293955366866516,-0.27420424855354086,0.5637385457055957,-0.5046076060444474,-1.1508103839053478,1.0869512984049712
1.4629819566671345,-0.8625953150420795,-0.27420424855354086,0.7166746326976597,-0.4653905561393025,-1.1528750358859579,1.0869512984049712
1.4629819566671345,-0.9701629902719298,-0.27420424855354086,0.9574676207277185,-0.5198586810075584,-1.1534889890376387,1.0869512984049712
1.4629819566671345,-1.0066026984152838,-0.27420424855354086,0.8679837400408728,-0.6549396306808342,-1.1541029421893192,1.0869512984049712
1.4629819566671345,-0.8774887884393344,-0.27420424855354086,1.201514568055481,-0.9098504550642728,-1.154716895341,1.0869512984049712
1.4629819566671345,-0.7856588712580878,-0.27420424855354086,1.5730082545432975,-0.6571183556755642,-1.155330848492681,1.0869512984049712
1.4629819566671345,-0.9252722705599059,-0.27420424855354086,1.2378504468798368,-0.9229228050326538,-1.1552775675447002,1.0869512984049712
1.4629819566671345,-1.0061890082676146,-0.27420424855354086,1.6082594802684183,-0.5982927808178473,-1.1549573939732793,1.0869512984049712
1.4629819566671345,-0.9652000005525893,-0.27420424855354086,1.747637403520052,-0.8292376302592529,-1.154637220401858,0.8732164551368773
1.4629819566671345,-0.8523236217832958,-0.27420424855354086,1.6467646652912435,-0.5634331809021633,-1.1543170468304371,0.8732164551368773
1.4629819566671345,-0.8724800205754272,-0.27420424855354086,1.6885238096117716,-0.844488705222365,-1.154367702863344,0.8732164551368773
1.4629819566671345,-0.9940072842862588,-0.27420424855354086,1.5063020889403755,-0.5372884809654004,-1.1549128034508087,0.8732164551368773
1.4629819566671345,-1.03262044039409,-0.27420424855354086,1.3213687355208936,-0.7442673554647741,-1.1554579014972133,0.8732164551368773
1.4629819566671345,-0.8353210518235308,-0.27420424855354086,1.3810246559787909,-0.5133225060233675,-1.156002999543618,0.8732164551368773
1.4629819566671345,-0.8289760681922359,-0.27420424855354086,1.5025058030930551,-0.6745481556334062,-1.1565480975900229,0.8732164551368773
1.4629819566671345,-0.976367588789564,-0.27420424855354086,1.5843971120852596,-0.6919779555912482,-1.1562267754594404,0.8732164551368773
1.4629819566671345,-1.0390897840966704,-0.27420424855354086,1.3191994293224243,-0.7333737304911231,-1.1559054558699184,0.8732164551368773
1.4629819566671345,-0.9338152152664102,-0.27420424855354086,1.2546625699179716,-0.5917566058336563,-1.1555841337393364,0.8732164551368773
1.4629819566671345,-0.8181890971431353,3.6469165057620936,1.267678407108786,-0.8662759551696678,-1.1552628141498142,0.8732164551368773
1.4629819566671345,-0.9118978383854873,-0.27420424855354086,1.3479427364521386,-0.7203013805227411,-1.1544779797891578,0.8732164551368773
1.4629819566671345,-0.991948793120722,-0.27420424855354086,1.3604162470933356,-0.9142079050537328,-1.1533455157028007,0.8732164551368773
1.4629819566671345,-1.0112201717114593,-0.27420424855354086,1.3745167373833842,-0.779126955380458,-1.1522130490753835,0.7443179035044268
1.4629819566671345,-0.7990444473869465,-0.27420424855354086,0.8880498223767113,-0.9468887799746868,-1.1510805824479662,0.7443179035044268
1.4629819566671345,-0.8716759331188378,-0.27420424855354086,0.8034468806364202,-0.6070076807967683,-1.1498733070114806,0.7443179035044268
1.4629819566671345,-0.9377461958458425,-0.27420424855354086,0.4042945401181244,-0.7508035304489651,-1.148479001929143,0.7443179035044268
1.4629819566671345,-1.0193964964675502,-0.27420424855354086,0.4390034392936284,-0.4980714310602564,-1.1470846968468054,0.7443179035044268
1.4629819566671345,-0.8607203133035118,-0.27420424855354086,0.5626538926063614,-0.7616971554226161,-1.145690394305528,0.7443179035044268
1.4629819566671345,-0.8190835385620513,-0.27420424855354086,0.031173873981456362,-0.4980714310602564,-1.144296089223191,0.7443179035044268
1.4629819566671345,-0.9344286711158906,-0.27420424855354086,-0.09952682447630104,-0.6789056056228662,-1.1427450591776425,0.7443179035044268
1.4629819566671345,-0.9380526994558797,3.6469165057620936,-0.2893411168423385,-0.42835223122888855,-1.141167907034363,0.7443179035044268
1.4629819566671345,-0.9776144734696702,-0.27420424855354086,-0.5149489614831142,-0.6919779555912482,-1.1395907574321429,0.7443179035044268
1.4629819566671345,-0.8252160692519392,-0.27420424855354086,-0.008415964140603088,-0.5830417058547354,-1.1380136052888628,0.7443179035044268
1.4629819566671345,-0.910849714477323,-0.27420424855354086,-0.08217237488854903,-0.5089650560339074,-1.1358261616614929,0.7443179035044268
1.4629819566671345,-0.8792309958737877,-0.27420424855354086,-0.19551862375855406,-0.26712658161884983,-1.1331810019621151,0.7443179035044268
1.4629819566671345,-1.1055585553522522,3.6469165057620936,-0.5962979439257017,-0.4588543811551115,-1.1305358397216771,0.7443179035044268
1.4629819566671345,-0.8112681630806844,-0.27420424855354086,-0.9347097108868657,-0.15601160688760798,-1.1278906774812394,0.5739876745615453
1.4629819566671345,-0.7736705065506281,-0.27420424855354086,-0.5794858208875672,-0.10154348201935205,-1.125116823252511,0.5739876745615453
1.4629819566671345,-0.9181014140280764,-0.27420424855354086,-0.2123307467966889,-0.049254082145826134,-1.1215708145529781,0.5739876745615453
1.4629819566671345,-0.9797122825163307,-0.27420424855354086,-0.41407622325430576,-0.27802020659250176,-1.1180248058534457,0.5739876745615453
1.4629819566671345,-0.8221457931601074,-0.27420424855354086,-0.8560723611923643,-0.023109382209063174,-1.114478799694973,0.5739876745615453
1.4629819566671345,-0.7482516489382021,3.6469165057620936,-0.4965098587961279,0.04878854261703472,-1.1109327909954403,0.5739876745615453
1.4629819566671345,-0.8767010310931159,-0.27420424855354086,0.05991718111117066,0.1555460673588175,-1.1074738745894543,0.5739876745615453
1.4629819566671345,-0.9297846927944211,-0.27420424855354086,-0.38370593647573964,0.08582686752744964,-1.1040497961173112,0.5739876745615453
1.4629819566671345,-0.8508708520962832,-0.27420424855354086,-0.2009418892547266,0.6871549660729968,-1.1006257176451681,0.5739876745615453
1.4629819566671345,-0.7855225596994317,-0.27420424855354086,0.19278718576739665,0.5912910663048658,-1.097201639173025,0.5739876745615453
1.4629819566671345,-0.873553052388201,-0.27420424855354086,0.5127598500415743,1.16211701492419,-1.0943380296197744,0.5739876745615453
1.4629819566671345,-0.9373763278185312,-0.27420424855354086,0.10113399888208154,0.7786614158516676,-1.0916986050930215,0.5739876745615453
1.4629819566671345,-0.9629328608230069,-0.27420424855354086,0.37826286573649615,0.9006700155565603,-1.0890591805662684,0.4095762566630113
1.4629819566671345,-0.7625656725949358,-0.27420424855354086,0.6705768759801939,1.0008913653141522,-1.0864197560395152,0.4095762566630113
1.4629819566671345,-0.8028406238025261,-0.27420424855354086,0.020869669538728354,1.5913258388860492,-1.0842108938166406,0.4095762566630113
1.4629819566671345,-0.9159783740636344,-0.27420424855354086,0.8278515753691966,1.2165851397924459,-1.0830784271892238,0.4095762566630113
1.4629819566671345,-0.9852243587380083,-0.27420424855354086,0.6895583052167973,1.726406788559323,-1.081945960561806,0.4095762566630113
1.4629819566671345,-0.7764731841744931,-0.27420424855354086,0.6993201831099082,1.817913238337993,-1.080813496475449,0.4095762566630113
1.4629819566671345,-0.7931848089920136,-0.27420424855354086,0.7253518574915363,1.8375217632905658,-1.0796810298480322,0.4095762566630113
1.4629819566671345,-0.9339912753904195,-0.27420424855354086,0.6483414874458868,1.3756320644077547,-1.0800195651196685,0.4095762566630113
1.4629819566671345,-0.9721510825111094,-0.27420424855354086,0.9737374172162366,1.2514447397081299,-1.0803581003913043,0.4095762566630113
1.4629819566671345,-0.8971151046707581,-0.27420424855354086,1.1499935458418429,1.16429573991892,-1.0806966331218808,0.4095762566630113
1.4629819566671345,-0.7686407607757061,-0.27420424855354086,1.2964217142384997,1.3560235394551816,-1.0810351683935164,0.4095762566630113
1.4629819566671345,-0.8943042619917079,-0.27420424855354086,1.4802704145587473,1.2558021896975908,-1.0808448353695468,0.4095762566630113
1.4629819566671345,-0.9748691127386896,-0.27420424855354086,1.6283255626042568,0.9769253903721192,-1.080257850488608,0.4095762566630113
1.4629819566671345,-0.9666804237561747,-0.27420424855354086,1.8815920612755126,1.0531807651876781,-1.0796708656076692,0.2537142324952009
1.4629819566671345,-0.8107539978912941,-0.27420424855354086,1.5133523340853996,0.9464232404458963,-1.0790838807267304,0.2537142324952009
1.4629819566671345,-0.8135004173876728,-0.27420424855354086,1.3745167373833842,0.9159210905196724,-1.078541651537168,0.2537142324952009
1.4629819566671345,-0.9577572566556735,-0.27420424855354086,1.5144369871846346,0.7372656409517926,-1.0781113103055173,0.2537142324952009
1.4629819566671345,-1.0152885764504735,-0.27420424855354086,1.4146489020550606,0.7307294659676017,-1.0776809690738665,0.2537142324952009
1.4629819566671345,-0.8477765833038299,-0.27420424855354086,1.5800584996883216,0.9682104903931983,-1.077250627842215,0.2537142324952009
1.4629819566671345,-0.7929649626379992,-0.27420424855354086,1.352823675398694,0.9486019654406262,-1.0768202891516243,0.2537142324952009
1.4629819566671345,-0.9302563817516709,-0.27420424855354086,1.449900127780182,0.8374869907093835,-1.0758292757162733,0.2537142324952009
1.4629819566671345,-0.9713871743041028,-0.27420424855354086,1.6771349520698096,0.6631889911309637,-1.0747448147960879,0.2537142324952009
1.4629819566671345,-0.9114435024136534,-0.27420424855354086,1.678219605169044,0.9573168654195473,-1.0736603564169631,0.2537142324952009
1.4629819566671345,-0.7835550864677422,3.6469165057620936,1.5399263350166454,0.8984912905618304,-1.0725758980378393,0.2537142324952009
1.4629819566671345,-0.8401790263715632,-0.27420424855354086,0.9124545171094869,0.9268147154933234,-1.071000768578391,0.2537142324952009
1.4629819566671345,-0.9269451019430477,-0.27420424855354086,1.184702445017347,0.9377083404669753,-1.068771412705886,0.2537142324952009
1.4629819566671345,-0.9596818768065218,-0.27420424855354086,1.1716866078265324,1.129436140003236,-1.0665420542923203,0.2537142324952009
1.4629819566671345,-0.7104818084422029,-0.27420424855354086,0.7779575328044095,1.0204998902667242,-1.064312698419815,0.0018359402746467807
1.4629819566671345,-0.7743309608166592,-0.27420424855354086,0.5208947482858326,0.7394443659465226,-1.0623600157110398,0.0018359402746467807
1.4629819566671345,-0.9111713638160998,-0.27420424855354086,0.9352322321934115,1.0531807651876781,-1.0620673846899404,0.0018359402746467807
1.4629819566671345,-0.9500706019234166,-0.27420424855354086,0.6575610387893801,1.0553594901824082,-1.061774753668842,0.0018359402746467807
1.4629819566671345,-0.8027990089388448,-0.27420424855354086,0.4286992348509,1.0226786152614542,-1.0614821226477433,0.0018359402746467807
1.4629819566671345,-0.721223683263433,-0.27420424855354086,-0.29205274959042454,0.6936911410571877,-1.0611894890855849,0.0018359402746467807
1.4629819566671345,-0.8566225861465349,-0.27420424855354086,-0.09193425278165951,0.6762613410993458,-1.0609322423262482,0.0018359402746467807
1.4629819566671345,-0.8386334442330804,3.6469165057620936,0.0008035872028902505,0.8745253156197974,-1.0606891467305566,0.0018359402746467807
1.4629819566671345,-0.9567396395471033,-0.27420424855354086,-0.18304511311735747,0.7459805409307136,-1.060446051134865,0.0018359402746467807
1.4629819566671345,-0.7642774091201477,-0.27420424855354086,-0.980807467604332,0.6217932162310899,-1.0602029580802335,0.0018359402746467807
1.4629819566671345,-0.8014158485904351,-0.27420424855354086,-0.5496578606586182,0.28409084204790136,-1.0591222147309611,0.0018359402746467807
1.4629819566671345,-0.842262389551357,-0.27420424855354086,-0.6673427219255615,0.39738454177387417,-1.0569246068632285,0.0018359402746467807
1.4629819566671345,-1.0598725054296403,3.6469165057620936,-0.6369724351469954,0.15118861736935654,-1.0547269989954953,0.0018359402746467807
1.4629819566671345,-0.7333419172112814,-0.27420424855354086,-0.04420951641534139,0.1838694922903105,-1.0525293936688227,-0.21452948567982386
1.4629819566671345,-0.6831387972535105,-0.27420424855354086,-0.5241685128266076,0.25794614211113837,-1.0503317858010903,-0.21452948567982386
1.4629819566671345,-0.8354005130638845,-0.27420424855354086,-0.33381189391095295,0.6566528161467737,-1.04943667705568,-0.21452948567982386
1.4629819566671345,-0.9081166282468847,-0.27420424855354086,-0.38370593647573964,0.6893336910677267,-1.0485415683102697,-0.21452948567982386
1.4629819566671345,-0.8193426669068369,-0.27420424855354086,-0.20690748130051634,0.40174199176333514,-1.04764645956486,-0.21452948567982386
1.4629819566671345,-0.6641685028295885,3.6469165057620936,-0.26764805485764853,0.7917337658200485,-1.0467513508194497,-0.21452948567982386
1.4629819566671345,-0.7866406518497233,-0.27420424855354086,-0.35496262934602574,0.9202785405091334,-1.0449797872507547,-0.21452948567982386
1.4629819566671345,-0.8626696080716788,-0.27420424855354086,-0.25192058491874797,1.2884830646185448,-1.042550884470391,-0.21452948567982386
1.4629819566671345,-0.8239238371114955,-0.27420424855354086,-0.16514833697998832,1.140329764976888,-1.040121981690028,-0.21452948567982386
1.4629819566671345,-0.6912716408475919,-0.27420424855354086,-0.1635213573311365,1.3168064895500378,-1.0376930789096641,-0.21452948567982386
1.4629819566671345,-0.7649345973641045,-0.27420424855354086,0.07835628379815696,1.9922112379164127,-1.0355378991222652,-0.21452948567982386
1.4629819566671345,-0.8681927205767387,-0.27420424855354086,-0.2237196043386512,2.024892112837368,-1.0337476790903846,-0.21452948567982386
1.4629819566671345,-0.898373348647419,-0.27420424855354086,0.3934480091257792,2.0379644628057476,-1.031957461599564,-0.21452948567982386
1.4629819566671345,-0.7047377728725547,-0.27420424855354086,0.28877898504964966,2.011819762868986,-1.030167244108744,-0.3217257301496682
1.4629819566671345,-0.7284050556685345,-0.27420424855354086,0.5214370748354501,1.9508154630165377,-1.0283770266179233,-0.3217257301496682
1.4629819566671345,-0.8837999095230802,-0.27420424855354086,0.38422845778228587,1.6392577887701132,-1.028139861856483,-0.3217257301496682
1.4629819566671345,-0.9302846274590596,-0.27420424855354086,1.0545440731092066,1.5891471138913182,-1.0279026945539835,-0.3217257301496682
1.4629819566671345,-0.7819688226147421,-0.27420424855354086,0.8869651692774763,1.5237853640494103,-1.0276655297925432,-0.3217257301496682
1.4629819566671345,-0.7203651860325093,-0.27420424855354086,0.8332748408653687,1.802662163374882,-1.0274283650311027,-0.3217257301496682
1.4629819566671345,-0.8154159572793478,-0.27420424855354086,1.3300459603147694,2.0684666127319717,-1.0286229351671357,-0.3217257301496682
1.4629819566671345,-0.913884369394335,-0.27420424855354086,1.3756013904826185,1.6741173886857972,-1.0303902018032174,-0.3217257301496682
1.4629819566671345,-0.9386680933843928,-0.27420424855354086,1.0518324403611206,2.0009261378953345,-1.0321574684392985,-0.3217257301496682
1.4629819566671345,-0.7220380533060033,-0.27420424855354086,1.4211568206504677,1.6218279888122713,-1.0339247350753802,-0.3217257301496682
1.4629819566671345,-0.7872909312008309,-0.27420424855354086,1.5138946606350172,1.711155713596212,-1.0354530327973575,-0.3217257301496682
1.4629819566671345,-0.9062276831063848,-0.27420424855354086,1.586566418283729,1.4279214642812805,-1.0363839069635437,-0.3217257301496682
1.4629819566671345,-0.9647783427466734,-0.27420424855354086,1.6646614414286127,1.1250786900137761,-1.0373147811297296,-0.3217257301496682
1.4629819566671345,-0.7650515460776065,-0.27420424855354086,1.4211568206504677,0.6697251661151548,-1.0382456578369759,-0.4611466125276249
1.4629819566671345,-0.7481884819178666,-0.27420424855354086,1.5800584996883216,0.7939124908147785,-1.0391765320031618,-0.4611466125276249
1.4629819566671345,-0.92365765332846,-0.27420424855354086,1.2899137956430933,0.501963341520926,-1.0387117644894024,-0.4611466125276249
1.4629819566671345,-0.948720209466806,-0.27420424855354086,1.2644244478110824,0.8941338405723703,-1.0382469969756436,-0.4611466125276249
1.4629819566671345,-0.8469127384103889,-0.27420424855354086,1.3067259186812281,0.515035691489308,-1.037782226920824,-0.4611466125276249
1.4629819566671345,-0.8405680419019136,-0.27420424855354086,1.6332065015508122,0.9856402903510403,-1.037317459407065,-0.4611466125276249
1.4629819566671345,-0.8416851829578648,-0.27420424855354086,1.5274528243754484,1.4017767643445167,-1.036433007867675,-0.4611466125276249
1.4629819566671345,-0.9142927118794869,-0.27420424855354086,1.1841601184677293,1.5172491890652196,-1.0352337901327369,-0.4611466125276249
1.4629819566671345,-0.9695216117282328,-0.27420424855354086,1.42658008614664,1.149044664955809,-1.0340345749388589,-0.4611466125276249
1.4629819566671345,-0.7673785688602742,3.6469165057620936,1.2150727317959122,1.6675812137016062,-1.0328353572039202,-0.4611466125276249
1.4629819566671345,-0.822412279027148,-0.27420424855354086,0.9656025189719776,1.3233426645342288,-1.0316888740890435,-0.4611466125276249
1.4629819566671345,-0.9293152110938477,-0.27420424855354086,1.1532475051395465,1.669759938696337,-1.0308587961534723,-0.4611466125276249
1.4629819566671345,-0.967336086660152,-0.27420424855354086,1.1852447715669636,1.3233426645342288,-1.030028715676842,-0.4611466125276249
1.4629819566671345,-0.8108827365855802,-0.27420424855354086,1.0963032174297347,1.6850110136594483,-1.0291986352002118,-0.6104321799794941
1.4629819566671345,-0.7763968274496271,-0.27420424855354086,0.8332748408653687,2.417062611888811,-1.0283685572646413,-0.6104321799794941
1.4629819566671345,-0.903758983157368,-0.27420424855354086,0.6532224263924414,2.375666836988936,-1.0273106021422622,-0.6104321799794941
1.4629819566671345,-0.951584492880674,-0.27420424855354086,0.5333682589270295,2.053215537768861,-1.0262146657947078,-0.6104321799794941
1.5399810070180362,-0.7142179044077588,-0.27420424855354086,-0.7242870096353726,-1.7137999781197326,0.8000751397928676,1.0849783613901898
1.5399810070180362,-0.6498131873223457,3.6469165057620936,-0.6874088042613996,-1.7660893779932585,0.8035518842764493,1.0849783613901898
1.5399810070180362,-0.6927406329739177,-0.27420424855354086,-0.645107333391254,-1.8401660278140874,0.8047432043966264,1.0849783613901898
1.5399810070180362,-0.7650502899152701,-0.27420424855354086,-0.645107333391254,-1.7377659530617655,0.8055536196092149,1.0849783613901898
1.5399810070180362,-0.6934539537291273,-0.27420424855354086,-0.4216687949489473,-1.5983275533990298,0.806364037362864,1.0849783613901898
1.5399810070180362,-0.7171651124809938,-0.27420424855354086,-0.37936732407880175,-1.5068211036203598,0.8071744551165132,1.0849783613901898
1.5399810070180362,-0.6764088357565171,-0.27420424855354086,-0.25300523801798264,-1.391348678899656,0.803401001210387,1.0849783613901898
1.5399810070180362,-0.7571631337289765,-0.27420424855354086,-0.3327272408117183,-1.3652039789628931,0.7988635699648287,1.0849783613901898
1.5399810070180362,-0.7087024186025973,-0.27420424855354086,0.08269489619509486,-1.393527403894387,0.7943261387192703,1.132328849744967
1.5399810070180362,-0.6316179450598703,-0.27420424855354086,0.2009220840116557,-1.2824124291631442,0.7897887049326512,1.132328849744967
1.5399810070180362,-0.6635175415617841,-0.27420424855354086,0.47696629776683525,-1.1996208793633953,0.7866299563319928,1.132328849744967
1.5399810070180362,-0.7287031250457429,-0.27420424855354086,0.11089587677519203,-1.2279443042948883,0.7853094537989285,1.132328849744967
1.5399810070180362,-0.7434491070395494,-0.27420424855354086,0.33867302761443674,-1.2606251792158423,0.7839889487248034,1.132328849744967
1.5399810070180362,-0.6344169259774315,-0.27420424855354086,0.35223119135486797,-1.1407953045056785,0.7826684436506783,1.132328849744967
1.5399810070180362,-0.6355779968247979,-0.27420424855354086,0.6223098130642586,-1.0993995296058034,0.7824461542550087,1.132328849744967
1.5399810070180362,-0.669296103650502,-0.27420424855354086,0.7633147159647432,-1.1604038294582504,0.7888131487658319,1.132328849744967
1.5399810070180362,-0.744210610592941,-0.27420424855354086,0.9721104375673849,-1.3063784041051771,0.7951801432766542,1.132328849744967
1.5399810070180362,-0.6514398457670431,-0.27420424855354086,1.198260608757778,-1.42402955382061,0.8015471403285366,1.132328849744967
1.5399810070180362,-0.6478303171294493,-0.27420424855354086,1.488947639352624,-1.5046423786256289,0.8079141348393589,1.132328849744967
1.5399810070180362,-0.6191434814186468,-0.27420424855354086,1.3143184903758696,-1.5721828534622668,0.8078595452454319,1.132328849744967
1.5399810070180362,-0.7533978589068678,-0.27420424855354086,1.5084713951388449,-1.5373232535465828,0.8052363250588768,1.132328849744967
1.5399810070180362,-0.6777452130304907,-0.27420424855354086,1.0577980324069103,-1.5024636536308988,0.8026131048723217,1.2789838345104598
1.5399810070180362,-0.5855168052658433,-0.27420424855354086,1.1310121166052387,-1.5612892284886157,0.7999898821447067,1.2789838345104598
1.5399810070180362,-0.6248238654482012,-0.27420424855354086,1.2747286522538102,-1.6026850033884898,0.7998103765777833,1.2789838345104598
1.5399810070180362,-0.7106176175359241,-0.27420424855354086,1.4065140038108015,-1.6353658783094436,0.8028891580173887,1.2789838345104598
1.5399810070180362,-0.758931989750134,-0.27420424855354086,1.037189623521455,-1.5656466784780758,0.8059679394569949,1.2789838345104598
1.5399810070180362,-0.6217880799850867,-0.27420424855354086,1.3013026531850551,-1.5939701034095697,0.8090467208966002,1.2789838345104598
1.5399810070180362,-0.5949710778020975,-0.27420424855354086,1.3907865338719017,-1.452352978752103,0.8121255023362064,1.2789838345104598
1.5399810070180362,-0.5960672050566814,-0.27420424855354086,1.3338422461620907,-1.51335727860455,0.8113820364338258,1.2789838345104598
1.5399810070180362,-0.699403425676276,-0.27420424855354086,1.0659329306511685,-1.6113999033674107,0.8106385730725051,1.2789838345104598
1.5399810070180362,-0.6383140619544906,-0.27420424855354086,1.071898522696959,-1.7029063531460815,0.8098951071701237,1.2789838345104598
1.5399810070180362,-0.5794662122506291,3.6469165057620936,1.1201655856128936,-1.7290510530828445,0.8091516412677431,1.2789838345104598
1.5399810070180362,-0.574220837238107,-0.27420424855354086,0.9867532544070504,-1.6920127281724306,0.8098748498390812,1.2789838345104598
1.5399810070180362,-0.7084132320876239,-0.27420424855354086,0.9086582312621665,-1.6005062783937598,0.8116980604541187,1.2789838345104598
1.5399810070180362,-0.6961300819702063,-0.27420424855354086,0.9363168852926466,-1.6462595032830947,0.8135212710691563,1.5380962291185496
1.5399810070180362,-0.5952355358642238,-0.27420424855354086,0.6586456918886144,-1.5808977534411877,0.815344481684193,1.5380962291185496
1.5399810070180362,-0.6194253821920703,-0.27420424855354086,0.4400880923928627,-1.391348678899656,0.8169891726636224,1.5380962291185496
1.5399810070180362,-0.653359082365022,-0.27420424855354086,0.47696629776683525,-1.380455053926005,0.8181875696361514,1.5380962291185496
1.5399810070180362,-0.7805306423560062,-0.27420424855354086,0.28281339300385994,-1.4000635788785771,0.8193859666086803,1.5380962291185496
1.5399810070180362,-0.7879170922350832,-0.27420424855354086,0.1005916723324644,-1.458889153736294,0.8205843635812095,1.5380962291185496
1.5399810070180362,-0.8068294596301292,-0.27420424855354086,-0.03715927127031739,-1.3739188789418142,0.8217827605537384,1.5380962291185496
1.5399810070180362,-0.8175138022163607,-0.27420424855354086,-0.3094071991781766,-1.2802337041684142,0.8192564436937402,1.5380962291185496
1.5399810070180362,-0.7384599353080872,3.6469165057620936,-0.3202537301705217,-1.358667803978703,0.8161093407714771,1.5380962291185496
1.5399810070180362,-0.8748014982986394,-0.27420424855354086,-0.8734268107801163,-1.417493378836419,0.8129622378492141,1.5380962291185496
1.5399810070180362,-0.8009832980625464,-0.27420424855354086,-0.4417348772847854,-1.1233655045478366,0.8098151349269517,1.5380962291185496
1.5399810070180362,-0.7703280021353617,-0.27420424855354086,-0.225346583987503,-1.0667186546848495,0.8085972937626086,1.5380962291185496
1.5399810070180362,-0.6969755510031861,-0.27420424855354086,-0.190637684811999,-1.0296803297744357,0.8088263982814411,1.5380962291185496
1.5399810070180362,-0.9157224579053941,3.6469165057620936,-0.6537845581851303,-0.9054930050748118,0.8090555028002736,1.5380962291185496
1.5399810070180362,-0.7774435516340453,-0.27420424855354086,-1.0952383695735717,-0.8335950802487139,0.8092846098601667,1.6617336153782465
1.5399810070180362,-0.7718025572663195,-0.27420424855354086,-0.933625057787631,-0.8183440052856019,0.8107422635705633,1.6617336153782465
1.5399810070180362,-0.7968096628101093,-0.27420424855354086,-0.4129915701550715,-0.7464460804595041,0.8195712175124685,1.6617336153782465
1.5399810070180362,-0.8658026204996165,-0.27420424855354086,-0.8506490956961921,-0.759518430427886,0.8284001714543736,1.6617336153782465
1.5399810070180362,-0.7061560519308497,-0.27420424855354086,-1.4889674445956949,-0.805271655317221,0.8372291279373394,1.6617336153782465
1.5399810070180362,-0.7346364642794591,3.6469165057620936,-1.0854764916804611,-0.7333737304911231,0.8460580818792445,1.6617336153782465
1.5399810070180362,-0.7508287736420108,-0.27420424855354086,-0.08217237488854903,-0.6832630556123271,0.8535402434803867,1.6617336153782465
1.5399810070180362,-0.812358763220989,-0.27420424855354086,-0.12447384575869458,-0.6396885557177222,0.860483690178072,1.6617336153782465
1.5399810070180362,-0.7692809369925953,-0.27420424855354086,-0.021974127881034335,-0.15383288189287797,0.8674271368757581,1.6617336153782465
1.5399810070180362,-0.7465237617543816,-0.27420424855354086,-0.023058780980268617,0.21872909220599443,0.8743705835734434,1.6617336153782465
1.5399810070180362,-0.7354977071223463,-0.27420424855354086,0.45093462338520784,0.2819121170531713,0.8804145610666032,1.6617336153782465
1.5399810070180362,-0.8237555831391472,-0.27420424855354086,0.2638319637672565,0.2492312421322174,0.8860987473204686,1.6617336153782465
1.5399810070180362,-0.7778223204687674,-0.27420424855354086,0.3863977639807552,0.36034621686346024,0.8917829361153946,1.7820827732799733
1.5399810070180362,-0.7081354407595573,-0.27420424855354086,0.5252333606827705,0.573861266347024,0.8974671223692599,1.7820827732799733
1.5399810070180362,-0.7344443611678988,-0.27420424855354086,0.23563098318715972,0.8374869907093835,0.9026645634806422,1.7820827732799733
1.5399810070180362,-0.7299174392309885,-0.27420424855354086,0.7497565522243119,0.9769253903721192,0.9066451341126368,1.7820827732799733
1.5399810070180362,-0.7780400492919866,-0.27420424855354086,0.5789236890948788,0.9834615653563102,0.9106257047446307,1.7820827732799733
1.5399810070180362,-0.7104144960861578,-0.27420424855354086,0.3310804559197952,1.1926191648504139,0.9146062753766254,1.7820827732799733
1.5399810070180362,-0.6466962537723114,-0.27420424855354086,0.8332748408653687,1.177368089887302,0.9185868460086193,1.7820827732799733
1.5399810070180362,-0.7118834164317787,-0.27420424855354086,0.7345714088350289,1.194797889845144,0.9132993903845864,1.7820827732799733
1.5399810070180362,-0.8377159791530592,-0.27420424855354086,1.096845543979352,0.9311721654827844,0.9080119373016128,1.7820827732799733
1.5399810070180362,-0.7430327071702693,-0.27420424855354086,1.2378504468798368,0.7416230909412527,0.9027244816775799,1.7820827732799733
1.5399810070180362,-0.7213736690463777,-0.27420424855354086,1.363670206391039,0.6305081162100108,0.8974370285946063,1.7820827732799733
1.5399810070180362,-0.6805662844599931,-0.27420424855354086,1.5090137216884618,0.6065421412679778,0.8964257756156331,1.7820827732799733
1.5399810070180362,-0.7897746333171776,-0.27420424855354086,1.498709517245734,0.512856966494577,0.898621675890985,1.7820827732799733
1.5399810070180362,-0.8223331049096138,-0.27420424855354086,1.6646614414286127,0.36034621686346024,0.9008175736252769,1.8215415135756219
1.5399810070180362,-0.7068270938508575,-0.27420424855354086,1.429291718894726,0.2644823170953294,0.9030134739006287,1.8215415135756219
1.5399810070180362,-0.7414979818634068,-0.27420424855354086,1.3018449797346727,0.471461191594703,0.9050157098222321,1.8215415135756219
1.5399810070180362,-0.8033603699417243,-0.27420424855354086,1.5138946606350172,0.6370442911942008,0.9065337899415848,1.8215415135756219
1.5399810070180362,-0.9171989511153849,-0.27420424855354086,1.234596487582134,0.7045847660308386,0.9080518675198777,1.8215415135756219
1.5399810070180362,-0.7879235704437029,-0.27420424855354086,1.4536964136275023,0.7089422160202997,0.9095699450981697,1.8215415135756219
1.5399810070180362,-0.8064609913265638,-0.27420424855354086,1.4086833100092708,0.6087208662627078,0.9110880252175224,1.8215415135756219
1.5399810070180362,-0.6848469626886522,-0.27420424855354086,1.1613824033838047,0.42570796670536715,0.9126703916161086,1.8215415135756219
1.5399810070180362,-0.8675705613167861,-0.27420424855354086,1.451527107429034,0.3581674918687302,0.9142634711240366,1.8215415135756219
1.5399810070180362,-0.8089762948982545,-0.27420424855354086,1.4737624959633409,0.37995474181603217,0.9158565531730245,1.8215415135756219
1.5399810070180362,-0.710451301642609,3.6469165057620936,1.0100732960405925,0.40827816674752515,0.9174496326809531,1.8215415135756219
1.5399810070180362,-0.764737433712847,-0.27420424855354086,0.8951000675217353,0.3647036668529202,0.9217522801383764,1.8215415135756219
1.5399810070180362,-0.8235419817064614,-0.27420424855354086,0.9932611730024576,0.2361588921638364,0.9296676823207333,1.8215415135756219
1.5399810070180362,-0.8790363804375552,-0.27420424855354086,0.9927188464528401,-0.007858307245951207,0.9375830845030902,1.8215415135756219
1.5399810070180362,-0.7217560628066986,-0.27420424855354086,0.7324021026365604,-0.16036905687706798,0.9454984866854471,1.4973221974797124
1.5399810070180362,-0.8147911421333128,-0.27420424855354086,0.40266756046927255,-0.18433503181910094,0.9528167981908853,1.4973221974797124
1.5399810070180362,-0.8082565856603066,-0.27420424855354086,0.5225217279346844,-0.012215757235411217,0.9565525656348071,1.4973221974797124
1.5399810070180362,-0.8479322756528159,-0.27420424855354086,0.3337920886678813,0.02918001766446274,0.9602883330787289,1.4973221974797124
1.5399810070180362,-0.723412851202289,-0.27420424855354086,-0.0859686607358698,-0.05796898212474712,0.9640241030637106,1.4973221974797124
1.5399810070180362,-0.7699444598837619,-0.27420424855354086,-0.5100680225365591,-0.13422435694030502,0.9677598705076323,1.4973221974797124
1.5399810070180362,-0.7481588185415556,-0.27420424855354086,-0.15809809183496393,-0.11025838199827304,0.9728883904461757,1.4973221974797124
1.5399810070180362,-0.6730589558738195,3.6469165057620936,-0.2692750345065,-0.26712658161884983,0.978574012398993,1.4973221974797124
1.5399810070180362,-0.8254798274521925,-0.27420424855354086,-0.7145251317422622,-0.4065649812815856,0.9842596343518095,1.4973221974797124
1.5399810070180362,-0.7664943741369866,-0.27420424855354086,-1.4336501365347356,-0.43706713120780954,0.989945256304626,1.4973221974797124
1.5399810070180362,-0.681956425481957,-0.27420424855354086,-0.9157282816502619,-0.4348884062130795,0.9950320037563398,1.4973221974797124
1.5399810070180362,-0.661708201223048,-0.27420424855354086,-0.9780958348562455,-0.5372884809654004,0.9993202459441093,1.4973221974797124
1.5399810070180362,-0.9683636453963547,3.6469165057620936,-1.0214819588256256,-0.5002501560549865,1.0036084906729388,1.4973221974797124
1.5399810070180362,-0.6712145686059029,-0.27420424855354086,-0.7091018662460895,-0.43924585620253953,1.007896735401768,1.1717875900406156
1.5399810070180362,-0.6846077175991313,-0.27420424855354086,-0.9211515471464344,-0.2126584567505939,1.0121849775895382,1.1717875900406156
1.5399810070180362,-0.7641120084308202,-0.27420424855354086,-0.43088834629244066,-0.1974073817874829,1.0144264390723152,1.1717875900406156
1.5399810070180362,-0.8207115787853186,-0.27420424855354086,-0.46451259236871,-0.149475431903417,1.016667900555092,1.1717875900406156
1.5399810070180362,-0.7462546558916113,-0.27420424855354086,-0.47427447026182046,0.0030353177276997833,1.018909362037869,1.1717875900406156
1.5399810070180362,-0.6869962026103925,3.6469165057620936,-0.766046153955901,0.10979284246948162,1.0211508209795859,1.1717875900406156
1.5399810070180362,-0.6898074939188485,-0.27420424855354086,-0.6120254138646019,0.3298440669372363,1.0250240292816903,1.1717875900406156
1.5399810070180362,-0.7752069366492328,-0.27420424855354086,-0.3869598957734433,0.4278866917000981,1.0301210451572305,1.1717875900406156
1.5399810070180362,-0.6312740437025663,-0.27420424855354086,-0.22968519638444093,0.5912910663048658,1.0352180610327706,1.1717875900406156
1.5399810070180362,-0.7327940509809279,-0.27420424855354086,-0.33326956736133545,0.6762613410993458,1.0403150769083107,1.1717875900406156
1.5399810070180362,-0.687878441309471,-0.27420424855354086,-0.15104784668993954,0.8178784657568116,1.044039333350022,1.1717875900406156
1.5399810070180362,-0.7789790665286621,-0.27420424855354086,-0.2378200946286996,0.9333508904775143,1.045933241338901,1.1717875900406156
1.5399810070180362,-0.7568751674859867,-0.27420424855354086,0.49974401285075987,1.0597169401718691,1.04782715186884,1.1717875900406156
1.5399810070180362,-0.6936904352615085,-0.27420424855354086,0.21881886014902485,1.15993828992946,1.0497210623987796,1.1204912276562722
1.5399810070180362,-0.6807346461033987,-0.27420424855354086,0.516013809339278,1.15993828992946,1.0516149703876587,1.1204912276562722
1.5399810070180362,-0.7301609373272764,-0.27420424855354086,0.3587391099502752,1.129436140003236,1.0528795721397892,1.1204912276562722
1.5399810070180362,-0.810925697337479,-0.27420424855354086,0.9547559879796325,0.9921764653352312,1.0541441713508597,1.1204912276562722
1.5399810070180362,-0.7304853502231928,-0.27420424855354086,0.9113698640102527,0.8505593406777654,1.0554087731029909,1.1204912276562722
1.5399810070180362,-0.7265466711631572,-0.27420424855354086,0.3755512329884101,0.7176571159992207,1.0566733748551214,1.1204912276562722
1.5399810070180362,-0.7115036426671875,-0.27420424855354086,0.6179712006673207,0.5912910663048658,1.0570039515265535,1.1204912276562722
1.5399810070180362,-0.8032670550253196,-0.27420424855354086,1.179279179521174,0.4409590416684791,1.0569609161328588,1.1204912276562722
1.5399810070180362,-0.7894991030813162,-0.27420424855354086,1.096845543979352,0.3102355419846643,1.0569178832802233,1.1204912276562722
1.5399810070180362,-0.7213901786085107,-0.27420424855354086,1.3593315939941013,0.20347801724288248,1.0568748478865286,1.1204912276562722
1.5399810070180362,-0.7361364656703133,-0.27420424855354086,1.4688815570167855,0.07493324255379767,1.057088655223615,1.1204912276562722
1.5399810070180362,-0.7747981096443224,-0.27420424855354086,1.4558657198259717,-0.027466832198523184,1.0579445706581871,1.1204912276562722
1.5399810070180362,-0.8109444679918173,-0.27420424855354086,1.5827701324364076,-0.15819033188233797,1.0588004835516993,1.1204912276562722
1.5399810070180362,-0.7167494124735867,-0.27420424855354086,1.1939219963608403,-0.28673510657142276,1.0596563964452115,0.9297739828939733
1.5399810070180362,-0.7490230043933449,-0.27420424855354086,0.9845839482085811,-0.22355208172424587,1.0605123118797837,0.9297739828939733
1.5399810070180362,-0.8047965941762512,-0.27420424855354086,1.2562895495668236,-0.10372220701408205,1.0607278903357535,0.9297739828939733
1.5399810070180362,-0.8480561870946957,-0.27420424855354086,1.1575861175364843,0.10543539248002161,1.0609434713327834,0.9297739828939733
1.5399810070180362,-0.7728095149402082,-0.27420424855354086,1.3229957151697453,0.1272226424273236,1.061159052329814,0.9297739828939733
1.5399810070180362,-0.7204457778189657,-0.27420424855354086,1.3934981666199877,0.2949844670215533,1.0613746333268437,0.9297739828939733
1.5399810070180362,-0.7264536972051009,-0.27420424855354086,1.35553530814678,0.46274629161578207,1.063288859632208,0.9297739828939733
1.5399810070180362,-0.8017807458039301,-0.27420424855354086,1.1380623617502634,0.5695038163575639,1.0664770692835575,0.9297739828939733
1.5399810070180362,-0.8109208521398963,-0.27420424855354086,1.1093190546205491,0.6087208662627078,1.0696652789349068,0.9297739828939733
1.5399810070180362,-0.6840971055546348,3.6469165057620936,1.3191994293224243,0.8091635657778905,1.0728534911273162,0.9297739828939733
1.5399810070180362,-0.7533964232927695,-0.27420424855354086,0.6705768759801939,0.7808401408463975,1.076261499935446,0.9297739828939733
1.5399810070180362,-0.7950416502122349,-0.27420424855354086,0.824597616071493,0.7895550408253186,1.0809882935200192,0.9297739828939733
1.5399810070180362,-0.8384648493023839,-0.27420424855354086,0.9157084764071906,0.6697251661151548,1.085715089645653,0.9297739828939733
1.5399810070180362,-0.7221396050582984,-0.27420424855354086,0.7280634902396225,0.5629676413733729,1.090441885771287,0.6364640133629886
1.5399810070180362,-0.7638534722768503,-0.27420424855354086,0.5680771581025336,0.528108041457689,1.0951686793558602,0.6364640133629886
1.5399810070180362,-0.7556892964050682,-0.27420424855354086,0.5740427501483233,0.512856966494577,1.0962858691300126,0.6364640133629886
1.5399810070180362,-0.8208584241624224,-0.27420424855354086,0.46123882782793546,0.3211291669583153,1.0968014603866445,0.6364640133629886
1.6169800573689381,-1.3709006865856745,-0.27420424855354086,-1.580078304931393,-1.5089998286150899,-1.1469412514636286,0.1629591298152102
1.6169800573689381,-1.3605531749573117,3.6469165057620936,-1.4916790773437814,-1.498106203641439,-1.1455641595223451,0.1629591298152102
1.6169800573689381,-1.394471047484827,-0.27420424855354086,-1.3539281337409996,-1.5351445285518528,-1.1448011401625668,0.1629591298152102
1.6169800573689381,-1.3852781464403872,-0.27420424855354086,-1.6641389201220667,-1.5068211036203598,-1.1441404645389994,0.1629591298152102
1.6169800573689381,-1.3645726432007423,-0.27420424855354086,-1.0854764916804611,-1.476318953694136,-1.143479788915432,0.1629591298152102
1.6169800573689381,-1.3868721087739904,-0.27420424855354086,-1.249801436214488,-1.363025253968163,-1.1428191132918641,0.1629591298152102
1.6169800573689381,-1.391477971541144,-0.27420424855354086,-0.9856884065508871,-1.2562677292263813,-1.1427591569790254,0.1629591298152102
1.6169800573689381,-1.3795349363488456,-0.27420424855354086,-1.0404633880622296,-1.1756549044213624,-1.1427993235158784,0.1629591298152102
1.6169800573689381,-1.3617368926170825,-0.27420424855354086,-1.0041275092378736,-1.1255442295425664,-1.1428394875116712,0.06628521609087262
1.6169800573689381,-1.413483961702299,-0.27420424855354086,-1.1765873520161592,-1.0492888547270085,-1.142879654048524,0.06628521609087262
1.6169800573689381,-1.372770950797717,-0.27420424855354086,-0.5572504323532598,-0.9664973049272587,-1.1438910772785233,0.06628521609087262
1.6169800573689381,-1.3759323524944533,-0.27420424855354086,-0.2714443407049693,-0.9207440800379237,-1.1461975136678182,0.06628521609087262
1.6169800573689381,-1.3854242560652654,-0.27420424855354086,-0.6689697015744134,-0.9098504550642728,-1.1485039475160528,0.06628521609087262
1.6169800573689381,-1.36320416200649,-0.27420424855354086,-0.8810193824747579,-0.8945993801011608,-1.1508103839053478,0.06628521609087262
1.6169800573689381,-1.3611654823155133,-0.27420424855354086,-0.5702662695440739,-0.8640972301749369,-1.1528750358859579,0.06628521609087262
1.6169800573689381,-1.3960698729611891,-0.27420424855354086,-0.16026739803343287,-0.8902419301116998,-1.1534889890376387,0.06628521609087262
1.6169800573689381,-1.3515197885843953,-0.27420424855354086,-0.4097376108573679,-0.9817483798903707,-1.1541029421893192,0.06628521609087262
1.6169800573689381,-1.3686380331501498,-0.27420424855354086,-0.04420951641534139,-1.0623612046953896,-1.154716895341,0.06628521609087262
1.6169800573689381,-1.342677859296695,-0.27420424855354086,0.2481044938283559,-1.1277229545372964,-1.155330848492681,0.06628521609087262
1.6169800573689381,-1.3486658774823892,-0.27420424855354086,-0.12230453956022562,-1.1756549044213624,-1.1552775675447002,0.06628521609087262
1.6169800573689381,-1.3580585980641688,-0.27420424855354086,0.6054976900261237,-1.1734761794266324,-1.1549573939732793,0.06628521609087262
1.6169800573689381,-1.3358407650975985,-0.27420424855354086,0.9845839482085811,-1.1865485293950133,-1.154637220401858,-0.044199256736942354
1.6169800573689381,-1.3720100035447886,-0.27420424855354086,0.5783813625452612,-1.2126932293317763,-1.1543170468304371,-0.044199256736942354
1.6169800573689381,-1.3421722539563672,-0.27420424855354086,0.928724313598005,-1.2366592042738094,-1.154367702863344,-0.044199256736942354
1.6169800573689381,-1.350103645002072,-0.27420424855354086,1.1716866078265324,-1.2235868543054274,-1.1549128034508087,-0.044199256736942354
1.6169800573689381,-1.381793390613132,-0.27420424855354086,0.9910918668039883,-1.2235868543054274,-1.1554579014972133,-0.044199256736942354
1.6169800573689381,-1.3427024621333086,-0.27420424855354086,1.1158269732159556,-1.2126932293317763,-1.156002999543618,-0.044199256736942354
1.6169800573689381,-1.35306831373178,-0.27420424855354086,0.7736189204074716,-1.1364378545162175,-1.1565480975900229,-0.044199256736942354
1.6169800573689381,-1.3643515047940393,-0.27420424855354086,0.8500869639035037,-1.1081144295847245,-1.1562267754594404,-0.044199256736942354
1.6169800573689381,-1.3492513926924765,-0.27420424855354086,0.7942273292929268,-1.0993995296058034,-1.1559054558699184,-0.044199256736942354
1.6169800573689381,-1.344361260388637,-0.27420424855354086,0.2735938416603666,-1.0688973796795807,-1.1555841337393364,-0.044199256736942354
1.6169800573689381,-1.3666581239113316,3.6469165057620936,0.2752208213092184,-1.0645399296901197,-1.1552628141498142,-0.044199256736942354
1.6169800573689381,-1.3739994955077146,-0.27420424855354086,0.33487674176711635,-1.0536463047164686,-1.1544779797891578,-0.044199256736942354
1.6169800573689381,-1.3705008142237038,-0.27420424855354086,0.40971780561429655,-1.0601824797006596,-1.1533455157028007,-0.044199256736942354
1.6169800573689381,-1.3366944889116448,-0.27420424855354086,0.43791878619439334,-1.1015782546005335,-1.1522130490753835,-0.17178251702620473
1.6169800573689381,-1.3737118163875446,-0.27420424855354086,0.12825032636294403,-1.1277229545372964,-1.1510805824479662,-0.17178251702620473
1.6169800573689381,-1.3931213369449134,-0.27420424855354086,-0.35496262934602574,-1.1190080545583756,-1.1498733070114806,-0.17178251702620473
1.6169800573689381,-1.3906056565245215,-0.27420424855354086,-0.2047381751020474,-1.1102931545794545,-1.148479001929143,-0.17178251702620473
1.6169800573689381,-1.361198555275308,-0.27420424855354086,-0.8430565240015506,-1.1277229545372964,-1.1470846968468054,-0.17178251702620473
1.6169800573689381,-1.3898761133299986,-0.27420424855354086,-0.5805704739868015,-1.1495102044845995,-1.145690394305528,-0.17178251702620473
1.6169800573689381,-1.369431263775119,-0.27420424855354086,-0.9824344472531837,-1.1495102044845995,-1.144296089223191,-0.17178251702620473
1.6169800573689381,-1.3651015772701713,-0.27420424855354086,-1.0122624074821325,-1.1255442295425664,-1.1427450591776425,-0.17178251702620473
1.6169800573689381,-1.3232462841177375,3.6469165057620936,-1.7595883928547027,-1.1516889294793293,-1.141167907034363,-0.17178251702620473
1.6169800573689381,-1.4011864554438964,-0.27420424855354086,-1.8908314178620773,-1.1909059793844743,-1.1395907574321429,-0.17178251702620473
1.6169800573689381,-1.3759929354094116,-0.27420424855354086,-1.2953568663823367,-1.1800123544108223,-1.1380136052888628,-0.17178251702620473
1.6169800573689381,-1.3752875643672726,-0.27420424855354086,-1.380502134672245,-1.1255442295425664,-1.1358261616614929,-0.17178251702620473
1.6169800573689381,-1.2201481242060326,-0.27420424855354086,-1.3973142577103799,-1.1168293295636456,-1.1331810019621151,-0.17178251702620473
1.6169800573689381,-1.4411629424804013,3.6469165057620936,-1.8371410894499693,-1.0688973796795807,-1.1305358397216771,-0.17178251702620473
1.6169800573689381,-1.3579273470452102,-0.27420424855354086,-2.3713327408229605,-1.0187867048007846,-1.1278906774812394,-0.4256337462615414
1.6169800573689381,-1.349782067444,-0.27420424855354086,-2.1728412236630468,-0.9926420048640217,-1.125116823252511,-0.4256337462615414
1.6169800573689381,-1.379753311198409,-0.27420424855354086,-1.4027375232065524,-0.9251015300273838,-1.1215708145529781,-0.4256337462615414
1.6169800573689381,-1.3800160285784409,-0.27420424855354086,-1.5741127128856032,-0.8684546801643979,-1.1180248058534457,-0.4256337462615414
1.6169800573689381,-1.3478193676291879,-0.27420424855354086,-2.023701422518303,-0.837952530238174,-1.114478799694973,-0.4256337462615414
1.6169800573689381,-1.323532994198391,3.6469165057620936,-1.6180411634046006,-0.7072290305543601,-1.1109327909954403,-0.4256337462615414
1.6169800573689381,-1.3714483554190893,-0.27420424855354086,-1.074629960688116,-0.6462247307019132,-1.1074738745894543,-0.4256337462615414
1.6169800573689381,-1.3738850052833567,-0.27420424855354086,-1.491136750794164,-0.5198586810075584,-1.1040497961173112,-0.4256337462615414
1.6169800573689381,-1.347762912104763,-0.27420424855354086,-1.4336501365347356,-0.2801989315872318,-1.1006257176451681,-0.4256337462615414
1.6169800573689381,-1.3647900131204367,-0.27420424855354086,-1.0513099190545743,-0.027466832198523184,-1.097201639173025,-0.4256337462615414
1.6169800573689381,-1.3698083098729232,-0.27420424855354086,-0.8663765656350924,0.10543539248002161,-1.0943380296197744,-0.4256337462615414
1.6169800573689381,-1.363828743865234,-0.27420424855354086,-0.9916539985966768,0.16643969233246853,-1.0916986050930215,-0.4256337462615414
1.6169800573689381,-1.370141049330611,-0.27420424855354086,-0.9856884065508871,0.27973339205844133,-1.0890591805662684,-0.634765069828477
1.6169800573689381,-1.3504294396765582,-0.27420424855354086,-0.9715879162608386,0.41045689174225614,-1.0864197560395152,-0.634765069828477
1.6169800573689381,-1.355509826738806,-0.27420424855354086,-1.0274475508714154,0.5607889163786429,-1.0842108938166406,-0.634765069828477
1.6169800573689381,-1.3722172344399122,-0.27420424855354086,-0.7112711724445588,0.6457591911731217,-1.0830784271892238,-0.634765069828477
1.6169800573689381,-1.3706189114284846,-0.27420424855354086,-0.911931995802941,0.7067634910255687,-1.081945960561806,-0.634765069828477
1.6169800573689381,-1.3381261191810563,-0.27420424855354086,-0.7004246414522137,0.8396657157041144,-1.080813496475449,-0.634765069828477
1.6169800573689381,-1.3242354042864517,-0.27420424855354086,-0.44824279588019267,0.8963125655671004,-1.0796810298480322,-0.634765069828477
1.6169800573689381,-1.3305809621633862,-0.27420424855354086,-0.46342793926947573,0.9660317653984682,-1.0800195651196685,-0.634765069828477
1.6169800573689381,-1.3218178660348714,-0.27420424855354086,-0.3278463018651633,0.9137423655249424,-1.0803581003913043,-0.634765069828477
1.6169800573689381,-1.320907058615232,-0.27420424855354086,-0.4287190400939717,0.8570955156619554,-1.0806966331218808,-0.634765069828477
1.6169800573689381,-1.321229389870706,-0.27420424855354086,0.039308772225715036,0.8135210157673515,-1.0810351683935164,-0.634765069828477
1.6169800573689381,-1.3365088998990566,-0.27420424855354086,0.14560477595069604,0.7525167159149045,-1.0808448353695468,-0.634765069828477
1.6169800573689381,-1.3427722688688497,-0.27420424855354086,0.3099297204847224,0.6740826161046157,-1.080257850488608,-0.634765069828477
1.6169800573689381,-1.3095602519032317,-0.27420424855354086,0.7389100212319676,0.5542527413944519,-1.0796708656076692,-0.8623104722000482
1.6169800573689381,-1.3453322918197097,-0.27420424855354086,0.9021503126667593,0.4453164916579401,-1.0790838807267304,-0.8623104722000482
1.6169800573689381,-1.3563466820871946,-0.27420424855354086,0.80941247268221,0.4235292417106371,-1.078541651537168,-0.8623104722000482
1.6169800573689381,-1.3313892487912136,-0.27420424855354086,0.9672294986208294,0.4453164916579401,-1.0781113103055173,-0.8623104722000482
1.6169800573689381,-1.3734380447789538,-0.27420424855354086,0.9195047622545117,0.4692824665999721,-1.0776809690738665,-0.8623104722000482
1.6169800573689381,-1.3404127294268504,-0.27420424855354086,0.8077854930333581,0.515035691489308,-1.077250627842215,-0.8623104722000482
1.6169800573689381,-1.354196042441708,-0.27420424855354086,0.8289362284684308,0.53900166643134,-1.0768202891516243,-0.8623104722000482
1.6169800573689381,-1.3532807846183634,-0.27420424855354086,0.8685260665904904,0.477997366578893,-1.0758292757162733,-0.8623104722000482
1.6169800573689381,-1.2935859764318949,-0.27420424855354086,1.131554443154856,0.4605675666210511,-1.0747448147960879,-0.8623104722000482
1.6169800573689381,-1.319842048296234,-0.27420424855354086,0.8858805161782419,0.48235481656835405,-1.0736603564169631,-0.8623104722000482
1.6169800573689381,-1.3444848488173446,3.6469165057620936,0.5165561358888947,0.5673250913628339,-1.0725758980378393,-0.8623104722000482
1.6169800573689381,-1.32983614762389,-0.27420424855354086,0.372839600240324,0.6152570412468988,-1.071000768578391,-0.8623104722000482
1.6169800573689381,-1.3236722487659491,-0.27420424855354086,0.1591629396911273,0.6305081162100108,-1.068771412705886,-0.8623104722000482
1.6169800573689381,-1.3374027850175094,-0.27420424855354086,0.41297176491200016,0.5760399913417549,-1.0665420542923203,-0.8623104722000482
1.6169800573689381,-1.31439776895036,-0.27420424855354086,-0.0024503720948133717,0.5084995165051169,-1.064312698419815,-1.1792956859084214
1.6169800573689381,-1.3494726567154132,-0.27420424855354086,-0.48403634815493096,0.45403139163686107,-1.0623600157110398,-1.1792956859084214
1.6169800573689381,-1.326255133871328,-0.27420424855354086,-0.3256769956666943,0.480176091573624,-1.0620673846899404,-1.1792956859084214
1.6169800573689381,-1.3255978738466663,-0.27420424855354086,-0.7188637441392004,0.45403139163686107,-1.061774753668842,-1.1792956859084214
1.6169800573689381,-1.3241797204046049,-0.27420424855354086,-0.9303710984899277,0.3908483667896832,-1.0614821226477433,-1.1792956859084214
1.6169800573689381,-1.3150147241092052,-0.27420424855354086,-1.4569701781682773,0.33638024192142724,-1.0611894890855849,-1.1792956859084214
1.6169800573689381,-1.3180699262530025,-0.27420424855354086,-1.0854764916804611,0.28409084204790136,-1.0609322423262482,-1.1792956859084214
1.6169800573689381,-1.3205858937962136,3.6469165057620936,-1.180925964413097,0.1882269422797705,-1.0606891467305566,-1.1792956859084214
1.6169800573689381,-1.3651252290124445,-0.27420424855354086,-1.449377606473636,0.06621834257487669,-1.060446051134865,-1.1792956859084214
1.6169800573689381,-1.3292500043326345,-0.27420424855354086,-1.9439794197245674,-0.03836045717217418,-1.0602029580802335,-1.1792956859084214
1.6169800573689381,-1.3169696716078856,-0.27420424855354086,-1.7796544751905408,-0.16690523186125897,-1.0591222147309611,-1.1792956859084214
1.6169800573689381,-1.2001650040355942,-0.27420424855354086,-1.9472333790222707,-0.3760628313553626,-1.0569246068632285,-1.1792956859084214
1.6169800573689381,-1.4017181171801125,3.6469165057620936,-1.580078304931393,-0.5220374060022884,-1.0547269989954953,-1.1792956859084214
1.6169800573689381,-1.2915166463799141,-0.27420424855354086,-1.4569701781682773,-0.6070076807967683,-1.0525293936688227,-1.379219970073039
1.6169800573689381,-1.3147844516078004,-0.27420424855354086,-1.9011356223048048,-0.6592970806702942,-1.0503317858010903,-1.379219970073039
1.6169800573689381,-1.306553878583961,-0.27420424855354086,-1.5160837720765574,-0.6789056056228662,-1.04943667705568,-1.379219970073039
1.6169800573689381,-1.3220818575224158,-0.27420424855354086,-1.4287691975881802,-0.6549396306808342,-1.0485415683102697,-1.379219970073039
1.6169800573689381,-1.2903356384417544,-0.27420424855354086,-1.5876708766260343,-0.6135438557809593,-1.04764645956486,-1.379219970073039
1.6169800573689381,-1.291426848718051,3.6469165057620936,-1.4607664640155982,-0.5285735809864794,-1.0467513508194497,-1.379219970073039
1.6169800573689381,-1.2998373221336128,-0.27420424855354086,-1.306745723924299,-0.5220374060022884,-1.0449797872507547,-1.379219970073039
1.6169800573689381,-1.3088985773652169,-0.27420424855354086,-1.3712825833287516,-0.4653905561393025,-1.042550884470391,-1.379219970073039
1.6169800573689381,-1.307022552751604,-0.27420424855354086,-1.5350652013131612,-0.2540542316504688,-1.040121981690028,-1.379219970073039
1.6169800573689381,-1.3307980808506132,-0.27420424855354086,-1.2161771901382181,0.04660981762230471,-1.0376930789096641,-1.379219970073039
1.6169800573689381,-1.279604602506968,-0.27420424855354086,-0.44281953038402005,0.37123984183711123,-1.0355378991222652,-1.379219970073039
1.6169800573689381,-1.3424466177557732,-0.27420424855354086,-0.6960860290552758,0.6806187910888057,-1.0337476790903846,-1.379219970073039
1.6169800573689381,-1.3189739145056736,-0.27420424855354086,-0.4048566719108124,0.8178784657568116,-1.031957461599564,-1.379219970073039
1.6169800573689381,-1.3010398463380743,-0.27420424855354086,-0.6407687209943161,0.9464232404458963,-1.030167244108744,-1.4798397578269415
1.6169800573689381,-1.3165281126015285,-0.27420424855354086,-0.4862056543533999,1.0335722402351062,-1.0283770266179233,-1.4798397578269415
1.6169800573689381,-1.2952745995701203,-0.27420424855354086,-0.5653853305975184,1.0597169401718691,-1.028139861856483,-1.4798397578269415
1.6169800573689381,-1.282525341445261,-0.27420424855354086,0.22424212564519702,1.0531807651876781,-1.0279026945539835,-1.4798397578269415
1.6169800573689381,-1.2902149930219486,-0.27420424855354086,-0.33923515940712556,1.0292147902456452,-1.0276655297925432,-1.4798397578269415
1.6169800573689381,-1.2627089857975438,-0.27420424855354086,-0.22751589018597196,0.9812828403615802,-1.0274283650311027,-1.4798397578269415
1.6169800573689381,-1.2758783225528108,-0.27420424855354086,0.24430820798103553,0.9791041153668493,-1.0286229351671357,-1.4798397578269415
1.6169800573689381,-1.2593223541939236,-0.27420424855354086,0.09354142718744002,0.9638530404037383,-1.0303902018032174,-1.4798397578269415
1.6169800573689381,-1.2949567187183524,-0.27420424855354086,0.024123628836431977,0.9355296154722443,-1.0321574684392985,-1.4798397578269415
1.6169800573689381,-1.2647595810855388,-0.27420424855354086,0.41947968350740744,0.9093849155354814,-1.0339247350753802,-1.4798397578269415
1.6169800573689381,-1.2680571148891684,-0.27420424855354086,0.2876943319504153,0.8658104156408765,-1.0354530327973575,-1.4798397578269415
1.6169800573689381,-1.2719329499420406,-0.27420424855354086,0.6629843042855523,0.8244146407410025,-1.0363839069635437,-1.4798397578269415
1.6169800573689381,-1.2680835660789338,-0.27420424855354086,1.157043790986867,0.7024060410361087,-1.0373147811297296,-1.4798397578269415
1.6169800573689381,-1.232057727535011,-0.27420424855354086,1.0068193367428888,0.5912910663048658,-1.0382456578369759,-1.620575931548087
1.6169800573689381,-1.2715049754340912,-0.27420424855354086,1.2481546513225652,0.515035691489308,-1.0391765320031618,-1.620575931548087
1.6169800573689381,-1.269100914009861,-0.27420424855354086,0.8148357381783821,0.4300654166948281,-1.0387117644894024,-1.620575931548087
1.6169800573689381,-1.3013374491407006,-0.27420424855354086,1.0713561961473415,0.38866964179495317,-1.0382469969756436,-1.620575931548087
1.6169800573689381,-1.2609067517485955,-0.27420424855354086,1.1565014644372493,0.33420151692669725,-1.037782226920824,-1.620575931548087
1.6169800573689381,-1.2766815845312933,-0.27420424855354086,1.140231667948732,0.3276653419425063,-1.037317459407065,-1.620575931548087
1.6169800573689381,-1.287817104738342,-0.27420424855354086,1.0160388880863822,0.40609944175279516,-1.036433007867675,-1.620575931548087
1.6169800573689381,-1.2688019832641935,-0.27420424855354086,0.9059465985140804,0.486712266557814,-1.0352337901327369,-1.620575931548087
1.6169800573689381,-1.2661013239672059,-0.27420424855354086,1.0041077039948028,0.5782187163364849,-1.0340345749388589,-1.620575931548087
1.6169800573689381,-1.2674532417637958,3.6469165057620936,0.5415031571712886,0.7198358409939507,-1.0328353572039202,-1.620575931548087
1.6169800573689381,-1.251321712713141,-0.27420424855354086,0.4276145817516657,0.8505593406777654,-1.0316888740890435,-1.620575931548087
1.6169800573689381,-1.2723338451790567,-0.27420424855354086,0.39561731532424776,1.0074275402983432,-1.0308587961534723,-1.620575931548087
1.6169800573689381,-1.237716990092141,-0.27420424855354086,0.22424212564519702,1.0074275402983432,-1.030028715676842,-1.620575931548087
1.6169800573689381,-1.2698702596052658,-0.27420424855354086,0.06100183421040495,0.9943551903299612,-1.0291986352002118,-1.745528609150973
1.6169800573689381,-1.2691422417507223,-0.27420424855354086,-0.30181462748353505,0.9551381404248173,-1.0283685572646413,-1.745528609150973
1.6169800573689381,-1.2943181755125002,-0.27420424855354086,-0.46668189856717895,0.9202785405091334,-1.0273106021422622,-1.745528609150973
1.6169800573689381,-1.2273821298130214,-0.27420424855354086,-0.7427261123223593,0.8636316906461464,-1.0262146657947078,-1.745528609150973
1.6939791077198398,-0.2769653276074252,-0.27420424855354086,-1.8089401088698722,-1.2519102792369212,0.2615461301279016,0.7370838011168919
1.6939791077198398,-0.6963456573722776,3.6469165057620936,-1.7861623937859477,-1.2758762541789532,0.26436993905695205,0.7370838011168919
1.6939791077198398,-0.36566020455582,-0.27420424855354086,-1.5941787952214415,-1.3368805540314002,0.26570309606926845,0.7370838011168919
1.6939791077198398,-0.543985709667211,-0.27420424855354086,-1.397856584259997,-1.3172720290788282,0.2667878110954622,0.7370838011168919
1.6939791077198398,-0.4792761758183265,-0.27420424855354086,-1.276375437145733,-1.2671613542000322,0.26787252612165596,0.7370838011168919
1.6939791077198398,-0.5012837810453424,-0.27420424855354086,-0.8061783186275776,-1.1778336294160925,0.26895724114784975,0.7370838011168919
1.6939791077198398,-0.4866906381175012,-0.27420424855354086,-0.6440226802920198,-1.1211867795531065,0.2668009382118904,0.7370838011168919
1.6939791077198398,-0.4709995734174528,-0.27420424855354086,-0.3419467921552116,-1.0993995296058034,0.2641044668861027,0.7370838011168919
1.6939791077198398,-0.30110796017660624,-0.27420424855354086,-0.7009669680018309,-1.1081144295847245,0.2614079955603142,0.675922753658636
1.6939791077198398,-0.3790856010307369,-0.27420424855354086,0.2594933513703186,-1.0667186546848495,0.2587115242345264,0.675922753658636
1.6939791077198398,-0.4716122576243551,-0.27420424855354086,-0.34628540455214957,-1.0013569048429427,0.2570049279491687,0.675922753658636
1.6939791077198398,-0.5298315416403493,-0.27420424855354086,-0.3902138550711469,-0.9948207298587517,0.25661816589807224,0.675922753658636
1.6939791077198398,-0.5522872917533993,-0.27420424855354086,-0.40756830465889893,-0.9534249549588777,0.25623140384697574,0.675922753658636
1.6939791077198398,-0.4178327178791375,-0.27420424855354086,0.5469264226674608,-0.855382330196016,0.2558446417958793,0.675922753658636
1.6939791077198398,-0.5147520306011006,-0.27420424855354086,-0.34737005765138423,-0.820522730280332,0.25621217564526955,0.675922753658636
1.6939791077198398,-0.5332247052881177,-0.27420424855354086,0.1060149378286366,-0.8728121301538578,0.26110547981546267,0.675922753658636
1.6939791077198398,-0.43773809954614007,-0.27420424855354086,0.46666209332410763,-1.0013569048429427,0.2659987865267165,0.675922753658636
1.6939791077198398,-0.3723275912232934,-0.27420424855354086,0.8278515753691966,-1.1146506045689155,0.27089209323796953,0.675922753658636
1.6939791077198398,-0.4492224021984278,-0.27420424855354086,0.49052446150726653,-1.1974421543686644,0.2757853999492226,0.675922753658636
1.6939791077198398,-0.4125573026416036,-0.27420424855354086,0.6483414874458868,-1.2606251792158423,0.27606143022474944,0.675922753658636
1.6939791077198398,-0.4535285625773358,-0.27420424855354086,1.0117002756894435,-1.1996208793633953,0.27449054941777273,0.675922753658636
1.6939791077198398,-0.43944395005354814,-0.27420424855354086,0.8647297807431692,-1.1843698044002833,0.2729196686107968,0.5733300288899515
1.6939791077198398,-0.4629267205475137,-0.27420424855354086,1.1814484857196432,-1.2323017542843484,0.2713487903448808,0.5733300288899515
1.6939791077198398,-0.5766148134732952,-0.27420424855354086,0.9314359463460912,-1.2540890042316513,0.2714372395645161,0.5733300288899515
1.6939791077198398,-0.5929590646430009,-0.27420424855354086,1.127758157307535,-1.2802337041684142,0.2737381288196328,0.5733300288899515
1.6939791077198398,-0.5889067567270662,-0.27420424855354086,1.0366472969718374,-1.2584464542211113,0.27603901553368954,0.5733300288899515
1.6939791077198398,-0.5356848633332485,-0.27420424855354086,0.8951000675217353,-1.2519102792369212,0.27833990478880694,0.5733300288899515
1.6939791077198398,-0.5792110856801433,-0.27420424855354086,0.9639755393231259,-1.2061570543475855,0.2806407940439236,0.5733300288899515
1.6939791077198398,-0.6037850664504052,-0.27420424855354086,0.8321901877661345,-1.2628039042105723,0.28048543108892177,0.5733300288899515
1.6939791077198398,-0.58014043046683,-0.27420424855354086,0.580008342194113,-1.3150933040840982,0.2803300655928593,0.5733300288899515
1.6939791077198398,-0.4573947610705717,-0.27420424855354086,0.9601792534758055,-1.402242303873308,0.28017470263785743,0.5733300288899515
1.6939791077198398,-0.5806502708687483,3.6469165057620936,0.5534343412628681,-1.437101903788992,0.2800193371417949,0.5733300288899515
1.6939791077198398,-0.5886765021708376,-0.27420424855354086,0.31914927182821573,-1.42185082882588,0.28063760247245007,0.5733300288899515
1.6939791077198398,-0.6582302107272323,-0.27420424855354086,0.42978388795013506,-1.4065997538627681,0.28183608584102204,0.5733300288899515
1.6939791077198398,-0.6370922646307562,-0.27420424855354086,0.5377068713239674,-1.41967210383115,0.283034571750654,0.5608347611296629
1.6939791077198398,-0.5370042285801545,-0.27420424855354086,-0.2264312370867373,-1.2954847791315263,0.28423305511922603,0.5608347611296629
1.6939791077198398,-0.5917707530181147,-0.27420424855354086,-0.11145800856788048,-1.0688973796795807,0.2854176236427423,0.5608347611296629
1.6939791077198398,-0.5637115498460157,-0.27420424855354086,-0.40756830465889893,-0.9621398549377987,0.2865674075946773,0.5608347611296629
1.6939791077198398,-0.560193595442732,-0.27420424855354086,0.0344278332791596,-0.9534249549588777,0.28771718900555165,0.5608347611296629
1.6939791077198398,-0.504286655055248,-0.27420424855354086,-0.8143132168718362,-0.9621398549377987,0.28886697295748665,0.5608347611296629
1.6939791077198398,-0.5013528520286582,-0.27420424855354086,-0.7877392159405909,-0.9316377050115747,0.2900167543683617,0.5608347611296629
1.6939791077198398,-0.5761143942888984,-0.27420424855354086,-0.5773165146890978,-0.781305680375188,0.28766184217571783,0.5608347611296629
1.6939791077198398,0.2466940264458819,3.6469165057620936,-0.7871968893909738,-0.6963354055807082,0.2847228114179169,0.5608347611296629
1.6939791077198398,-0.2975028819427176,-0.27420424855354086,-1.0702913482911782,-0.6810843306175971,0.2817837832011759,0.5608347611296629
1.6939791077198398,-0.07656287710805898,-0.27420424855354086,-1.6337686333435006,-0.5438246559495914,0.27884475244337575,0.5608347611296629
1.6939791077198398,0.1404275200542394,-0.27420424855354086,-1.6353956129923524,-0.4762841811129535,0.2779751559412753,0.5608347611296629
1.6939791077198398,1.1446022201225177,-0.27420424855354086,-1.6310570005954144,-0.47410545611822347,0.2786576338604207,0.5608347611296629
1.6939791077198398,-0.6565655802896286,3.6469165057620936,-1.6809510431602013,-0.3913139063184746,0.2793401092385061,0.5608347611296629
1.6939791077198398,-0.6545949307617459,-0.27420424855354086,-1.4287691975881802,-0.36081175639225066,0.2800225846165908,0.44574676860068857
1.6939791077198398,-0.7016748184126255,-0.27420424855354086,-1.9461487259230366,-0.3346670564554877,0.28155414251866434,0.44574676860068857
1.6939791077198398,-0.7191419710398526,-0.27420424855354086,-1.6332263067938835,-0.2823776565819618,0.2881801752361873,0.44574676860068857
1.6939791077198398,-0.7677334706106083,-0.27420424855354086,-1.985738564045096,-0.2649478566241198,0.2948062104947701,0.44574676860068857
1.6939791077198398,-0.512490705108617,-0.27420424855354086,-1.7319297388242227,-0.27802020659250176,0.301432245753353,0.44574676860068857
1.6939791077198398,-0.4999045506905275,3.6469165057620936,-1.6467844705343146,-0.2605904066346598,0.30805828101193583,0.44574676860068857
1.6939791077198398,-0.43566546758173275,-0.27420424855354086,-1.0827648589323746,-0.24751805666627785,0.3140430467228637,0.44574676860068857
1.6939791077198398,-0.5586556579493239,-0.27420424855354086,-1.3495895213440616,-0.18433503181910094,0.3197713051229412,0.44574676860068857
1.6939791077198398,-0.5081156173078031,-0.27420424855354086,-1.1939418016039112,0.16208224234300753,0.3254995635230188,0.44574676860068857
1.6939791077198398,-0.5940113338868744,-0.27420424855354086,-0.8490221160473403,0.486712266557814,0.33122782192309635,0.44574676860068857
1.6939791077198398,-0.5589284425732218,-0.27420424855354086,-0.7595382353604941,0.5934697912995959,0.33621592288103136,0.44574676860068857
1.6939791077198398,-0.5837421708979392,-0.27420424855354086,-1.0252782446729465,0.5803974413312148,0.3409079623867447,0.44574676860068857
1.6939791077198398,-0.5968627685545608,-0.27420424855354086,-1.2687828654510913,0.6087208662627078,0.34559999935139885,0.4273326897960536
1.6939791077198398,-0.5291072563824621,-0.27420424855354086,-0.6483612926889577,0.7873763158305885,0.3502920388571122,0.4273326897960536
1.6939791077198398,-0.5020328127012531,-0.27420424855354086,-0.37828267097956747,1.0074275402983432,0.3546198834663947,0.4273326897960536
1.6939791077198398,-0.4152491867474141,-0.27420424855354086,-0.41353389670468865,1.16211701492419,0.3580372332114179,0.4273326897960536
1.6939791077198398,-0.4638246792209711,-0.27420424855354086,0.29908318949237805,1.3146277645553077,0.36145458549750104,0.4273326897960536
1.6939791077198398,-0.4214937491725164,-0.27420424855354086,-0.1331510705525704,1.4976406641126485,0.36487193524252426,0.4273326897960536
1.6939791077198398,-0.45067536928237883,-0.27420424855354086,-0.01546620928562709,1.5412151640072524,0.3682892875286074,0.4273326897960536
1.6939791077198398,-0.5704153293308868,-0.27420424855354086,0.0875758351416503,1.5325002640283323,0.3656006502910791,0.4273326897960536
1.6939791077198398,-0.40803018330775487,-0.27420424855354086,0.48998213495764975,1.3647384394341027,0.3629120130535501,0.4273326897960536
1.6939791077198398,-0.30077150606743835,-0.27420424855354086,0.8522562701019722,1.2274787647660979,0.36022337581602176,0.4273326897960536
1.6939791077198398,-0.4138768652854482,-0.27420424855354086,0.7166746326976597,1.138151039982157,0.3575347385784928,0.4273326897960536
1.6939791077198398,-0.4196937941609495,-0.27420424855354086,0.46937372607219374,1.0531807651876781,0.35812530635415973,0.4273326897960536
1.6939791077198398,-0.5063544418220728,-0.27420424855354086,0.7692803080105329,0.9703892153879283,0.36117527979551756,0.4273326897960536
1.6939791077198398,-0.4549711752946012,-0.27420424855354086,0.7253518574915363,0.8483806156830355,0.36422525323687616,0.49572783964184325
1.6939791077198398,-0.49584515442998145,-0.27420424855354086,0.9124545171094869,0.7677677908780156,0.367275224137174,0.49572783964184325
1.6939791077198398,-0.5322431938741257,-0.27420424855354086,0.9656025189719776,0.8745253156197974,0.37001867458191773,0.49572783964184325
1.6939791077198398,-0.5444637691620232,-0.27420424855354086,1.1749405671242361,0.9856402903510403,0.3719958149940666,0.49572783964184325
1.6939791077198398,-0.6107609306973014,-0.27420424855354086,1.1196232590632766,1.0248573402561851,0.37397295540621467,0.49572783964184325
1.6939791077198398,-0.5007283778409717,-0.27420424855354086,0.9520443552315464,1.0531807651876781,0.37595009327730283,0.49572783964184325
1.6939791077198398,-0.5757679806069219,-0.27420424855354086,0.8858805161782419,0.9878190153457702,0.3779272336894509,0.49572783964184325
1.6939791077198398,-0.5969758949455254,-0.27420424855354086,0.6678652432321077,0.8462018906883044,0.37940347779547134,0.49572783964184325
1.6939791077198398,-0.3787333192761325,-0.27420424855354086,0.6445452015985657,0.7525167159149045,0.3807962353722135,0.49572783964184325
1.6939791077198398,-0.5716378982971992,-0.27420424855354086,0.5404185040720536,0.7503379909201736,0.3821889954900156,0.49572783964184325
1.6939791077198398,-0.5363807054868082,3.6469165057620936,0.5865162607895202,0.8265933657357325,0.38358175560781843,0.49572783964184325
1.6939791077198398,-0.5987617271033978,-0.27420424855354086,0.46123882782793546,0.8353082657146534,0.3868511445058835,0.49572783964184325
1.6939791077198398,-0.5938467945660061,-0.27420424855354086,0.16729783793538597,0.7677677908780156,0.392622707652026,0.49572783964184325
1.6939791077198398,-0.6209800445897264,-0.27420424855354086,0.5420454837209054,0.6239719412258198,0.3983942682571078,0.49572783964184325
1.6939791077198398,-0.5232493407244476,-0.27420424855354086,-0.26276711591109314,0.488890991552545,0.4041658314032503,0.4286479811392412
1.6939791077198398,-0.5815712711484872,-0.27420424855354086,0.17109412378270672,0.39738454177387417,0.40945001414188714,0.4286479811392412
1.6939791077198398,-0.490518505714306,-0.27420424855354086,-0.05776768015577264,0.4605675666210511,0.41180993730502985,0.4286479811392412
1.6939791077198398,-0.47255866827363807,-0.27420424855354086,-0.481867041956462,0.4583888416263211,0.41416986046817256,0.4286479811392412
1.6939791077198398,-0.3797199271201745,-0.27420424855354086,-0.9081357099556203,0.41917179172117713,0.41652978363131526,0.4286479811392412
1.6939791077198398,-0.42423186005229974,-0.27420424855354086,-0.7058479069483863,0.3734185668318412,0.41888970679445797,0.4286479811392412
1.6939791077198398,-0.4870777514591711,-0.27420424855354086,-0.5057294101396209,0.3734185668318412,0.42232346416448663,0.4286479811392412
1.6939791077198398,0.2254698717227889,3.6469165057620936,-0.6483612926889577,0.2906270170320923,0.42618675470905754,0.4286479811392412
1.6939791077198398,-0.30386460842343666,-0.27420424855354086,-0.5680969633456049,0.20347801724288248,0.4300500452536277,0.4286479811392412
1.6939791077198398,-0.15769127816942033,-0.27420424855354086,-0.7644191743070492,0.12286519243786359,0.43391333579819863,0.4286479811392412
1.6939791077198398,0.0607919064228867,-0.27420424855354086,-1.1245240032529031,0.1185077424484026,0.4375588854446623,0.4286479811392412
1.6939791077198398,0.8558570847034795,-0.27420424855354086,-0.9976195906424664,0.06621834257487669,0.4409141088115293,0.4286479811392412
1.6939791077198398,-0.3151632143920789,3.6469165057620936,-1.2405818848709946,0.06621834257487669,0.44426933217839637,0.4286479811392412
1.6939791077198398,-0.5938923214781058,-0.27420424855354086,-1.344166255847889,0.13811626740097555,0.44762455554526337,0.3635410596514216
1.6939791077198398,-0.6611248573792845,-0.27420424855354086,-1.0567331845507468,0.33638024192142724,0.45097978145319034,0.3635410596514216
1.6939791077198398,-0.6184571860988423,-0.27420424855354086,-1.5627238553436409,0.37995474181603217,0.45340337087690447,0.3635410596514216
1.6939791077198398,-0.7553978487978893,-0.27420424855354086,-1.232989313176353,0.45403139163686107,0.4558269628416785,0.3635410596514216
1.6939791077198398,-0.5162796137278229,-0.27420424855354086,-0.9601990587188763,0.5629676413733729,0.45825055480645255,0.3635410596514216
1.6939791077198398,-0.4331464852489147,3.6469165057620936,-1.2834256822907573,0.6130783162521688,0.4606741442301666,0.3635410596514216
1.6939791077198398,-0.3340951599743937,-0.27420424855354086,-1.2915605805350159,0.7329081909623316,0.4641014905055859,0.3635410596514216
1.6939791077198398,-0.523942509046749,-0.27420424855354086,-0.9656223242150489,0.8287720907304625,0.4682816537845203,0.3635410596514216
1.6939791077198398,-0.47058211478277506,-0.27420424855354086,-1.0366671022149088,0.9965339153246913,0.472461814522394,0.3635410596514216
1.6939791077198398,-0.4810390202054462,-0.27420424855354086,-0.8213634620168603,1.066253115156059,0.47664197526026847,0.3635410596514216
1.6939791077198398,-0.46063291428605085,-0.27420424855354086,-0.5480308810097664,1.0967552650822832,0.47984114704484876,0.3635410596514216
1.6939791077198398,-0.45436082396060906,-0.27420424855354086,-0.0659025784000313,1.179546814882032,0.48173232847625064,0.3635410596514216
1.6939791077198398,-0.4805272417244946,-0.27420424855354086,-0.5762318615898636,1.2950192396027347,0.48362351244871243,0.3635410596514216
1.6939791077198398,-0.26119166126118226,-0.27420424855354086,-0.5930439846279985,1.3887044143761356,0.48551469388011503,0.4575843906893835
1.6939791077198398,-0.47206332757411473,-0.27420424855354086,-0.4791554092083759,1.4932832141231864,0.48740587785257683,0.4575843906893835
1.6939791077198398,-0.48159017040305,-0.27420424855354086,0.13367359185911662,1.4562448892127735,0.4887832620157704,0.4575843906893835
1.6939791077198398,-0.598395071262632,-0.27420424855354086,-0.4048566719108124,1.4061342143339766,0.4901606461789647,0.4575843906893835
1.6939791077198398,-0.4714709931970591,-0.27420424855354086,-0.2958490354377453,1.2906617896132748,0.4915380303421583,0.4575843906893835
1.6939791077198398,-0.492670186180014,-0.27420424855354086,0.031173873981456362,1.155580839939999,0.49291541704641184,0.4575843906893835
1.6939791077198398,-0.4381977652353148,-0.27420424855354086,0.3055911080877845,1.066253115156059,0.4934244218752891,0.4575843906893835
1.6939791077198398,-0.4078724093183258,-0.27420424855354086,0.3549428241029541,0.9573168654195473,0.49358607649507596,0.4575843906893835
1.6939791077198398,-0.3730525583978773,-0.27420424855354086,0.7492142256746952,0.8353082657146534,0.49374772857380217,0.4575843906893835
1.6939791077198398,-0.4484431688109193,-0.27420424855354086,0.19712579816433454,0.7198358409939507,0.49390938319358907,0.4575843906893835
1.6939791077198398,-0.4011303886629048,-0.27420424855354086,0.6109209555222966,0.5695038163575639,0.49427631735279814,0.4575843906893835
1.6939791077198398,-0.39920849617884363,-0.27420424855354086,0.7351137353846464,0.44749521665267006,0.4951564516310943,0.4575843906893835
1.6939791077198398,-0.4875013652892964,-0.27420424855354086,0.7893463903463714,0.3211291669583153,0.4960365884504504,0.4575843906893835
1.6939791077198398,-0.36189699342897796,-0.27420424855354086,1.2107341193989742,0.2535886921216784,0.4969167227287458,0.5345289342658969
1.6939791077198398,-0.5297633858610213,-0.27420424855354086,1.0469515014145652,0.3581674918687302,0.49779685700704196,0.5345289342658969
1.6939791077198398,-0.5516626560591266,-0.27420424855354086,0.9883802340559023,0.45403139163686107,0.49775934079586365,0.5345289342658969
1.6939791077198398,-0.5982161578556022,-0.27420424855354086,0.8967270471705872,0.6283293912152799,0.49772182458468534,0.5345289342658969
1.6939791077198398,-0.5729889547253304,-0.27420424855354086,0.8631028010943174,0.6435804661783918,0.497684308373507,0.5345289342658969
1.6939791077198398,-0.5598749608935623,-0.27420424855354086,0.9753643968650885,0.7917337658200485,0.49764678962126874,0.5345289342658969
1.6939791077198398,-0.578789876503633,-0.27420424855354086,0.8159203912776164,0.9769253903721192,0.49932079935202384,0.5345289342658969
1.6939791077198398,-0.5864429019756319,-0.27420424855354086,0.6483414874458868,1.0357509652298362,0.5022784560802891,0.5345289342658969
1.6939791077198398,-0.5576128817036768,-0.27420424855354086,0.7822961452013474,1.107648890055934,0.5052361102674944,0.5345289342658969
1.6939791077198398,-0.4998028733219987,3.6469165057620936,0.8153780647279997,1.203512789824065,0.5081937669957589,0.5345289342658969
1.6939791077198398,-0.6151443988954154,-0.27420424855354086,0.39073637637769315,1.2841256146290838,0.5112982919151432,0.5345289342658969
1.6939791077198398,-0.5777324211038286,-0.27420424855354086,0.2524431062252938,1.4802108641548064,0.5152840412276022,0.5345289342658969
1.6939791077198398,-0.5955201284140823,-0.27420424855354086,0.22858073804213494,1.3908831393708656,0.5192697930811216,0.5345289342658969
1.6939791077198398,-0.5591253011564835,-0.27420424855354086,0.22912306459175247,1.3647384394341027,0.5232555423935805,0.5233489578487969
1.6939791077198398,-0.5573141124645956,-0.27420424855354086,-0.33598120010942195,1.3974193143550566,0.5272412942470994,0.5233489578487969
1.6939791077198398,-0.5866344308415526,-0.27420424855354086,-0.22751589018597196,1.3298788395184187,0.5273324878116329,0.5233489578487969
1.6939791077198398,-0.510984925371016,-0.27420424855354086,-0.09844217137706637,1.140329764976888,0.5267745904455515,0.5233489578487969
